개방자치단체코드,관리번호,인허가일자,인허가취소일자,영업상태명,폐업일자,휴업시작일자,휴업종료일자,재개업일자,소재지면적,소재지우편번호,도로명우편번호,사업장명,업태구분명,데이터갱신구분,데이터갱신시점,도로명주소,상세영업상태명,상세영업상태코드,영업상태코드,전화번호,점포구분명,좌표정보(X),좌표정보(Y),지번주소,최종수정시점
3000000,2008300012907500001,2008-03-05,,폐업,2014-11-26,,,,18776.28,110-841,,크레타 망고 아울렛,전문점,I,2026-05-06 22:48:28,,폐업처리,3,03,0221713182,,201273.887781838    ,452163.292543039    ,서울특별시 종로구 창신동 328번지 18호,2014-11-27 09:20:40
3000000,2022300020207500001,2022-06-28,,영업/정상,,,,,297,,03025,GS THE FRESH 무악현대점,구분없음,I,2026-05-06 22:48:30,"서울특별시 종로구 통일로 246-10, 무악현대아파트 지하 1층 (무악동)",정상영업,1,01,0220062678,준대규모점포,196467.975088253    ,452566.134030104    ,서울특별시 종로구 무악동 82 무악현대아파트,2025-04-25 11:24:51
3000000,1971300007607500003,1971-09-06,,휴업,,,,,6194,,,종로세운상가,그 밖의 대규모점포,I,2026-05-06 22:48:23,,휴업처리,2,02,0222785356,,,,서울특별시 종로구 종로3가 175번지 4호   ,2007-07-21 10:27:56
3000000,1987000007607500005,1987-12-07,,휴업,,,,,,,,숭인제일아케이트,그 밖의 대규모점포,I,2026-05-06 22:48:23,,휴업처리,2,02,0313395465,,,,서울특별시 종로구 창신동 766호   ,2007-07-21 10:27:56
3000000,1987300007607500002,1987-10-30,,휴업,,,,,,,,광장시장주식회사,그 밖의 대규모점포,I,2026-05-06 22:48:23,,휴업처리,2,02,0222670291,,,,   호   ,2007-07-21 10:27:56
3000000,1991300007607500001,1991-07-31,,영업/정상,,,,,55081.94,110-784,,동대문종합시장,그 밖의 대규모점포,I,2026-05-06 22:48:24,서울특별시 종로구 종로 266 (종로6가),정상영업,1,01,0222620209,대규모점포,200717.7490316      ,452011.865092338    ,서울특별시 종로구 종로6가 289번지 3 호,2026-01-06 13:54:03
3000000,2003300007607500003,2003-10-20,,영업/정상,,,,,4612.66,110-126,,동대문종합시장 신관,복합쇼핑몰,I,2026-05-06 22:48:25,서울특별시 종로구 종로 272 (종로6가),정상영업,1,01,0222770114,대규모점포,200647.01325068     ,452054.764927519    ,서울특별시 종로구 종로6가 289번지 57호,2026-01-05 13:50:49
3000000,2003300012907500001,2003-03-04,,영업/정상,,,,,16128.75,110-833,,광장주식회사,시장,I,2026-05-06 22:48:25,,정상영업,1,01,22670291,,199837.41426735     ,451974.128468485    ,서울특별시 종로구 예지동 6번지 1호,2007-08-01 17:39:46
3000000,2004300007607500002,2004-04-30,,영업/정상,,,,,4674.66,110-714,,종로1번지아케이트,전문점,I,2026-05-06 22:48:26,서울특별시 종로구 종로 1 (종로1가),정상영업,1,01,023973445,대규모점포,197993.904628438    ,452032.958591394    ,서울특별시 종로구 종로1가 1번지,2025-04-21 17:34:19
3000000,2004300007607500003,2004-04-30,,영업/정상,,,,,,,,영풍문고,대형마트,I,2026-05-06 22:48:27,,정상영업,1,01,023995591,,198351.818737482    ,451921.60302604     ,서울특별시 종로구 서린동 33호   ,2007-07-21 10:27:56
3000000,2004300007607500017,2004-06-30,,영업/정상,,,,,,,,동대문신발도매상가,그 밖의 대규모점포,I,2026-05-06 22:48:27,,정상영업,1,01,0236760177,,,,서울특별시 종로구 창신동 436번지 79  호   ,2007-07-21 10:27:56
3000000,2004300007607500018,2004-12-10,,영업/정상,,,,,11750,,03198,동대문종합시장D동상가,그 밖의 대규모점포,I,2026-05-06 22:48:27,"서울특별시 종로구 종로 266, 동대문종합시장D동상가  동 (종로6가)",정상영업,1,01,0222798751,대규모점포,200579.409754868    ,452035.347658612    ,서울특별시 종로구 종로6가 270번지 3호 동대문종합시장D동상가,2025-09-03 09:58:23
3000000,2004300012907500001,1992-07-04,,영업/정상,,,,,6906.53,110-752,,(주)영풍문고,전문점,I,2026-05-06 22:48:27,서울특별시 종로구 청계천로 41 (서린동),정상영업,1,01,025192800,대규모점포,198351.818737482    ,451921.60302604     ,서울특별시 종로구 서린동 33번지 영풍빌딩,2022-04-25 14:14:33
3000000,2005300007607500001,2005-01-27,,영업/정상,,,,,,,,종로세운상가,대형마트,I,2026-05-06 22:48:28,,정상영업,1,01,0222785356,,,,   호   ,2007-07-21 10:27:56
3000000,2005300007607500002,2005-02-18,,휴업,,,,,6638,,,종로세운상가,그 밖의 대규모점포,I,2026-05-06 22:48:28,,휴업처리,2,02,22785356,,,,서울특별시 종로구 종로3가 175번지 4호   ,2007-07-21 10:27:56
3000000,2007300010107500001,2007-07-04,,영업/정상,,,,,9370.53,,03130,효성주얼리시티,그 밖의 대규모점포,I,2026-05-06 22:48:28,"서울특별시 종로구 종로 183 (인의동, 효성주얼리시티)",정상영업,1,01,027435390,대규모점포,199812.609633255    ,452132.648343993    ,서울특별시 종로구 인의동 48번지 2호,2021-05-02 13:31:32
3000000,2007300012907500001,2007-09-07,,영업/정상,,,,,3393.77,,03095,브라운스톤 창신상가,그 밖의 대규모점포,I,2026-05-06 22:48:28,"서울특별시 종로구 지봉로 81 (창신동, 브라운스톤 창신)",정상영업,1,01,,준대규모점포,201258.062657124    ,452787.132831042    ,서울특별시 종로구 창신동 23번지 76호 브라운스톤 창신,2019-01-31 14:46:28
3000000,2010300012907500001,2010-02-18,,영업/정상,,,,,8390.2,110-410,,세운스퀘어,그 밖의 대규모점포,I,2026-05-06 22:48:29,서울특별시 종로구 창경궁로 109 (인의동),정상영업,1,01,34130276,대규모점포,199670.979884558    ,452221.775006084    ,서울특별시 종로구 인의동 112번지 2호,2024-10-14 10:32:03
3000000,2011300012907500001,2011-08-16,,영업/정상,,,,,273.3,110-876,,홈플러스(주)익스프레스 숭인점,구분없음,I,2026-05-06 22:48:29,서울특별시 종로구 종로 347 (숭인동),정상영업,1,01,027438546,준대규모점포,201359.53353905     ,452395.659064842    ,서울특별시 종로구 숭인동 76번지 롯데캐슬천지인 1층,2024-04-01 18:07:37
3000000,2011300012907500003,2011-12-20,,영업/정상,,,,,432.9,110-061,,홈플러스(주)익스프레스 광화문점,복합쇼핑몰,I,2026-05-06 22:48:29,"서울특별시  새문안로 91, 1층 (고려빌딩)",정상영업,1,01,027379994,준대규모점포,197700.034013631    ,452022.503467072    ,서울특별시 종로구 신문로1가 24번지  고려빌딩 1층,2024-04-01 18:06:58
3000000,2012300012907500001,1955-07-05,,영업/정상,,,,,16128.75,110-440,,광장시장,복합쇼핑몰,I,2026-05-06 22:48:29,서울특별시 종로구 창경궁로 88 (예지동),정상영업,1,01,22670291,대규모점포,199837.41426735     ,451974.128468485    ,서울특별시 종로구 예지동 6번지 1호,2020-10-04 14:50:40
3000000,2014300016907500001,1987-10-30,,영업/정상,,,,,3660,,,동문시장,시장,I,2026-05-06 22:48:29,서울특별시 종로구 종로44길 14 (창신동),정상영업,1,01,027644766,대규모점포,200936.42910264     ,452017.94363587     ,,2021-02-03 07:59:28
3000000,2019300020207500001,2019-09-17,,영업/정상,,,,,25198.02,,03140,낙원상가,그 밖의 대규모점포,I,2026-05-06 22:48:29,"서울특별시 종로구 삼일대로 428, 낙원상가 506호 (낙원동)",정상영업,1,01,024304200,대규모점포,198838.912965902    ,452214.210961577    ,서울특별시 종로구 낙원동 288번지 낙원상가,2019-09-25 15:06:02
3000000,2019300020207500002,2019-09-17,,영업/정상,,,,,25198.02,,03140,낙원상가,그 밖의 대규모점포,I,2026-05-06 22:48:29,"서울특별시 종로구 삼일대로 428, 낙원상가 (낙원동)",정상영업,1,01,027436133,대규모점포,198838.912965902    ,452214.210961577    ,서울특별시 종로구 낙원동 288번지 낙원상가,2019-09-25 15:05:06
3000000,2020300020207500001,1971-03-25,,영업/정상,,,,1971-03-25,1313,,03117,신설종합시장,시장,I,2026-05-06 22:48:29,"서울특별시 종로구 난계로27길 51, 신설종합시장 숭인동 (숭인동)",정상영업,1,01,,대규모점포,201727.670840565    ,452264.420237876    ,서울특별시 종로구 숭인동 206-9 신설종합시장 숭인동,2020-07-22 14:14:39
3000000,2021300020207500001,1987-10-30,,영업/정상,,,,,1313,,03117,신설종합시장(주),그 밖의 대규모점포,I,2026-05-06 22:48:29,"서울특별시 종로구 난계로27길 51, 신설종합시장 (숭인동)",정상영업,1,01,22347151,대규모점포,201727.670840565    ,452264.420237876    ,서울특별시 종로구 숭인동 206-9 신설종합시장,2021-02-03 08:15:07
3000000,2011300012907500002,2011-10-07,,폐업,2014-09-01,,,,7486,110-150,,중학아케이드,그 밖의 대규모점포,I,2026-05-06 22:48:29,,폐업처리,3,03,,대규모점포,,,서울특별시 종로구 중학동 62번지 외 66필지,2014-09-15 15:23:18
3010000,1970301013007500001,1970-01-29,,영업/정상,,,,,15144,,04563,통일상가,그 밖의 대규모점포,I,2026-03-26 22:48:21,"서울특별시 중구 청계천로 260-9 (을지로6가, 통일의류종합상가)",정상영업,1,01,0222691967,대규모점포,200530.360089273    ,451852.149537542    ,,2024-04-03 17:07:49
3010000,1971301007107500021,1971-12-30,,영업/정상,,,,,10269.89,,,진양상가,그 밖의 대규모점포,I,2026-03-26 22:48:21,서울특별시 중구 퇴계로 217 (충무로4가),정상영업,1,01,0222699891,대규모점포,199571.599470393    ,451124.851387624    ,서울특별시 중구 충무로4가 120번지 3   호,2016-04-10 15:47:35
3010000,1977301013007500022,1977-06-23,,영업/정상,,,,,9578,,,상제리제상가,그 밖의 대규모점포,I,2026-03-26 22:48:21,서울특별시 중구 삼일대로 363 (장교동),정상영업,1,01,027784611,대규모점포,198744.433228989    ,451677.065126229    ,,2020-04-30 16:07:24
3010000,1980301007107500001,1980-10-16,,영업/정상,,,,,4203.03,,,(주)에리어식스,그 밖의 대규모점포,I,2026-03-26 22:48:21,서울특별시 중구 마장로 19 (신당동),정상영업,1,01,0222384914,대규모점포,200989.686611204    ,451762.261508835    ,서울특별시 중구 신당동 776호,2015-01-30 15:14:43
3010000,1994301010007500001,2009-09-08,,영업/정상,,,,,4097.54,100-430,,우일타운,전문점,I,2026-03-26 22:48:21,서울특별시 중구 다산로 274 (흥인동),정상영업,1,01,22368027,대규모점포,201390.623455546    ,451682.924382048    ,서울특별시 중구 흥인동 3번지 4호,2016-04-20 17:57:02
3010000,2002301007107500000,2000-05-30,2019-06-14,취소/말소/만료/정지/중지,,,,,12619,,04536,밀리오레명동,그 밖의 대규모점포,I,2026-03-26 22:48:21,"서울특별시 중구 퇴계로 115 (충무로1가, 밀레오레 명동)",직권취소,4,04,0221241510,대규모점포,198562.632745775    ,450975.116406048    ,서울특별시 중구 충무로1가 24번지 1호,2019-06-14 11:19:21
3010000,2002301007107500004,1979-04-20,,영업/정상,,,,,6775.3,,,남평화상가(주),그 밖의 대규모점포,I,2026-03-26 22:48:21,서울특별시 중구 장충단로 282-10 (신당동),정상영업,1,01,22370620,대규모점포,200894.478544376    ,451877.080833985    ,서울특별시 중구 신당동 772호,2022-05-06 17:03:30
3010000,2002301007107500005,1980-12-20,,영업/정상,,,,,6020.32,,,숭례문상가,그 밖의 대규모점포,I,2026-03-26 22:48:21,,정상영업,1,01,34553721,대규모점포,197831.002724157    ,450794.31483169     ,서울특별시 중구 남창동 51번지 1호,2016-04-10 17:13:12
3010000,2002301007107500006,1978-12-22,,영업/정상,,,,,7676.86,,04533,호텔롯데아케이드,그 밖의 대규모점포,I,2026-03-26 22:48:21,"서울특별시 중구 을지로 30 (소공동, 롯데호텔)",정상영업,1,01,027596550,대규모점포,198259.65357739     ,451392.198218657    ,서울특별시 중구 소공동 1번지,2023-12-06 13:50:49
3010000,2002301007107500007,2002-06-12,,영업/정상,,,,,9067.72,,,에이피엠패션몰,그 밖의 대규모점포,I,2026-03-26 22:48:21,서울특별시 중구 마장로 40 (신당동),정상영업,1,01,0222502002,대규모점포,201031.479363871    ,451759.262402974    ,서울특별시 중구 신당동 193번지 3호,2021-05-11 10:16:57
3010000,2002301007107500008,1962-11-02,,영업/정상,,,,,14330,,04576,서울중앙시장,그 밖의 대규모점포,I,2026-03-26 22:48:21,서울특별시 중구 퇴계로85길 22 (황학동),정상영업,1,01,,대규모점포,201680.067548359    ,451610.962163829    ,,2020-01-14 16:58:16
3010000,1985301013007500003,1985-11-09,,폐업,2015-08-27,,,,0,,,(주)심풍유통,그 밖의 대규모점포,I,2026-03-26 22:48:21,서울특별시 중구 마른내로 140 (쌍림동),폐업처리,3,03,0222739909,대규모점포,200247.445072989    ,451352.512042888    ,,2015-08-27 14:10:35
3010000,1996301013007500001,1996-08-31,,폐업,2015-08-27,,,,75439.97,,,케레스타,그 밖의 대규모점포,I,2026-03-26 22:48:21,서울특별시 중구 남대문로 84 (남대문로2가),폐업처리,3,03,0220484800,대규모점포,198401.701305913    ,451374.312212737    ,,2015-08-27 09:23:01
3010000,1997301013007500004,1997-08-22,,폐업,2015-08-27,,,,0,,,대한통운마트,그 밖의 대규모점포,I,2026-03-26 22:48:21,서울특별시 중구 세종대로9길 58-12 (서소문동),폐업처리,3,03,0237820114,대규모점포,,,,2015-08-27 14:08:44
3010000,2002301013007500001,2002-02-01,,폐업,2015-08-27,,,,18414.89,,,아바타,그 밖의 대규모점포,I,2026-03-26 22:48:21,서울특별시 중구 명동길 14 (명동2가),폐업처리,3,03,0237835055,대규모점포,198418.741655644    ,451237.168596152    ,,2015-08-27 14:06:32
3010000,2002301013007500002,2002-02-01,,폐업,2015-08-27,,,,6274.38,,,서소문화훼종합물류센터,그 밖의 대규모점포,I,2026-03-26 22:48:21,서울특별시 중구 칠패로 5 (의주로2가),폐업처리,3,03,023641277,대규모점포,197222.297956737    ,450920.003506418    ,,2015-08-27 14:07:38
3010000,2002301013007500006,2002-03-28,,폐업,2015-08-27,,,,1210.07,,,호텔신라아케이트,그 밖의 대규모점포,I,2026-03-26 22:48:21,서울특별시 중구 동호로 249 (장충동2가),폐업처리,3,03,0222303222,대규모점포,200463.625303538    ,450497.460903907    ,,2015-08-27 14:07:02
3010000,2006301013007500005,2006-08-07,,폐업,2015-08-27,,,,10395.41,,,메사,그 밖의 대규모점포,I,2026-03-26 22:48:22,서울특별시 중구 남대문시장10길 2 (회현동1가),폐업처리,3,03,0221285067,대규모점포,198129.435542814    ,450900.239718295    ,,2015-08-27 14:05:53
3010000,200730101300751,1971-05-18,,폐업,2015-08-27,,,,754,,,합동시장,그 밖의 대규모점포,I,2026-03-26 22:48:21,서울특별시 중구 서소문로6길 34 (중림동),폐업처리,3,03,023925786,대규모점포,197037.368787577    ,450812.939747734    ,,2015-08-27 09:13:32
3010000,2010301010007500002,2000-08-21,,폐업,2025-02-14,,,,12585.13,100-881,,신세계백화점메사점,쇼핑센터,I,2026-03-26 22:48:22,"서울특별시 중구 남대문시장10길 2 (회현동1가,메사빌딩)",폐업처리,3,03,027271471,대규모점포,198129.435542814    ,450900.239718295    ,서울특별시 중구 회현동1가 204번지 메사빌딩,2025-02-18 17:22:14
3010000,2011301010007500002,2011-10-07,,폐업,2024-08-04,,,,648.4,,04597,롯데쇼핑(주)롯데슈퍼신당점,구분없음,I,2026-03-26 22:48:22,"서울특별시 중구 다산로 56, 제지2층 제비203호 (신당동, 남산정은스카이아파트)",폐업처리,3,03,0222905853,준대규모점포,200618.474033157    ,449687.143213423    ,,2024-08-14 17:31:38
3010000,2011301010007500003,2011-10-06,,폐업,2023-04-20,2015-05-30,2015-08-14,,107.8,100-011,,롯데쇼핑(주)롯데슈퍼명동점,그 밖의 대규모점포,I,2026-03-26 22:48:22,서울특별시 중구 명동8나길 47 (충무로1가),폐업처리,3,03,027785603,준대규모점포,198364.631775078    ,450975.950410804    ,서울특별시 중구 충무로1가 25번지 8호,2023-04-24 13:05:24
3010000,2014301013007500019,2008-07-04,,폐업,2015-08-27,,,,15861,,,신세계 이마트 청계천점,그 밖의 대규모점포,I,2026-03-26 22:48:23,서울특별시 중구 청계천로 400 (황학동),폐업처리,3,03,0222901052,대규모점포,201823.908977364    ,452076.818664092    ,,2015-08-27 09:19:02
3010000,2002301007107500009,2002-07-22,,영업/정상,,,,,13941.72,100-951,,헬로우에이피엠,그 밖의 대규모점포,I,2026-03-26 22:48:21,서울특별시 중구 장충단로 253 (을지로6가),정상영업,1,01,63881100,대규모점포,200649.776732085    ,451689.785216541    ,서울특별시 중구 을지로6가 18번지 35호,2014-11-27 09:28:34
3010000,2004301007107500001,2004-06-01,,영업/정상,,,,,11090.62,,,롯데쇼핑(주)롯데마트 제타플렉스 서울역점,대형마트,I,2026-03-26 22:48:21,서울특별시 중구 청파로 426 (봉래동2가),정상영업,1,01,023902521,대규모점포,197242.994816102    ,450658.947895548    ,서울특별시 중구 봉래동2가 122호,2026-01-14 09:39:36
3010000,2005301007107500001,1983-06-03,,영업/정상,,,,,12192.28,100-451,,청평화시장,그 밖의 대규모점포,I,2026-03-26 22:48:21,서울특별시 중구 청계천로 334 (신당동),정상영업,1,01,0222328082,대규모점포,201250.876993355    ,451908.773811626    ,서울특별시 중구 신당1동 217번지 91호,2024-04-01 09:12:19
3010000,2005301007107500002,1973-10-30,,휴업,,2026-03-31,2027-03-31,2027-04-01,13877.55,,,롯데쇼핑본점영플라자,백화점,U,2026-04-24 03:03:03,서울특별시 중구 남대문로 67 (남대문로2가),휴업처리,2,02,027712500,대규모점포,198315.532747026    ,451248.141599825    ,서울특별시 중구 남대문로2가 123호,2026-04-23 08:37:27
3010000,2006301007107500001,2006-04-14,,영업/정상,,,,,18815.13,,,디오트,그 밖의 대규모점포,I,2026-03-26 22:48:21,서울특별시 중구 다산로 293 (신당동),정상영업,1,01,0222320040,대규모점포,201236.031514508    ,451872.409388295    ,서울특별시 중구 신당동 193번지 2 호,2022-08-05 13:57:43
3010000,2006301007107500002,2006-04-21,2016-12-19,취소/말소/만료/정지/중지,,,,,13006.43,100-889,,패션몰 유어스,그 밖의 대규모점포,I,2026-03-26 22:48:22,서울특별시 중구 마장로 22 (신당동),직권취소,4,04,0222502002,대규모점포,200999.356221857    ,451654.418167327    ,서울특별시 중구 신당동 22번지,2017-03-23 13:37:14
3010000,2006301007107500003,2006-06-07,,휴업,,,,,9782.03,,,라모도 쇼핑몰,그 밖의 대규모점포,I,2026-03-26 22:48:22,서울특별시 중구 을지로 276 (을지로7가),휴업처리,2,02,0222005000,,200673.011457453    ,451443.279894262    ,서울특별시 중구 을지로7가 105호   ,2007-07-07 11:22:15
3010000,2008301010007500002,2008-06-26,,영업/정상,,,,,20144.48,100-899,,주식회사 이마트 청계천점,대형마트,I,2026-03-26 22:48:22,서울특별시 중구 청계천로 400-0 (황학동),정상영업,1,01,0222901234,대규모점포,201823.908977364    ,452076.818664092    ,서울특별시 중구 황학동 2545번지,2024-11-19 09:48:29
3010000,2008301010007500003,2008-07-18,,영업/정상,,,,,27653.82,100-440,,베네치아메가몰,그 밖의 대규모점포,I,2026-03-26 22:48:22,서울특별시 중구 청계천로 400 (황학동),정상영업,1,01,0220488231,대규모점포,201823.908977364    ,452076.818664092    ,서울특별시 중구 황학동 2545번지,2017-08-03 13:28:26
3010000,2008301010007500004,2008-08-27,,영업/정상,,,,,5835.93,,04536,엠플라자(M plaza),쇼핑센터,I,2026-03-26 22:48:22,"서울특별시 중구 명동8길 27 (명동2가, 엠 플라자)",정상영업,1,01,023188322,대규모점포,198619.38819773     ,451135.740279961    ,서울특별시 중구 명동2가 31번지 1호,2016-07-04 14:41:05
3010000,2008301010007500005,2008-09-16,,영업/정상,,,,,40302.01,100-729,,굿모닝시티 쇼핑몰,쇼핑센터,I,2026-03-26 22:48:22,"서울특별시 중구 장충단로 247 (을지로6가,굿모닝시티쇼핑몰)",정상영업,1,01,0221188700,대규모점포,200573.641273539    ,451621.036467544    ,서울특별시 중구 을지로6가 18번지 21호 굿모닝시티쇼핑몰,2025-10-31 17:54:29
3010000,2009301010007500001,1962-02-23,,영업/정상,,,,1962-02-23,24483.79,100-726,,평화시장,그 밖의 대규모점포,I,2026-03-26 22:48:22,서울특별시 중구  청계천로  274 (을지로6가),정상영업,1,01,0222653531,대규모점포,200644.673810142    ,451908.700024524    ,서울특별시 중구 을지로6가 17번지 48호,2024-11-19 09:50:32
3010000,2009301010007500003,2002-01-15,,영업/정상,,,,,21481.63,100-810,,눈스퀘어,그 밖의 대규모점포,I,2026-03-26 22:48:22,서울특별시 중구 명동길 14 (명동2가),정상영업,1,01,37835204,대규모점포,198418.741655644    ,451237.168596152    ,서울특별시 중구 명동2가 83번지 5호,2026-03-09 14:59:59
3010000,2009301010007500005,1972-09-18,,영업/정상,,,,,10041.58,100-194,,대림상가,그 밖의 대규모점포,I,2026-03-26 22:48:22,서울특별시 중구 을지로 157 (을지로4가),정상영업,1,01,22785191,대규모점포,199534.329650967    ,451608.222852119    ,서울특별시 중구 을지로4가 9번지 6호,2018-04-25 13:02:52
3010000,2010301010007500001,1973-04-10,,영업/정상,,,,,78348.39,100-747,,신세계백화점,백화점,I,2026-03-26 22:48:22,"서울특별시 중구 소공로 63 (충무로1가,신세계백화점건물)",정상영업,1,01,023101041,대규모점포,198263.90839194     ,450960.762964932    ,서울특별시 중구 충무로1가 52번지 5호 신세계백화점건물,2025-01-31 16:39:05
3010000,2010301010007500003,2006-10-23,,영업/정상,,,,,8119,100-451,,올레오,쇼핑센터,I,2026-03-26 22:48:22,서울특별시 중구 마장로1길 22 (신당동),정상영업,1,01,0222308200,대규모점포,201040.352596045    ,451852.142613352    ,서울특별시 중구 신당1동 213번지 8호,2023-03-10 13:30:31
3010000,2010301010007500004,2010-10-08,,영업/정상,,,,,17758.45,100-451,,맥스타일,전문점,I,2026-03-26 22:48:22,서울특별시 중구 마장로 3 (신당동),정상영업,1,01,22380981,대규모점포,200863.594130764    ,451837.481623546    ,서울특별시 중구 신당1동 773번지,2023-01-02 08:56:55
3010000,2011301010007500001,1970-01-29,,영업/정상,,,,,15144,100-726,,통일상가,그 밖의 대규모점포,I,2026-03-26 22:48:22,서울특별시 중구 장충단로13길 20 (을지로6가),정상영업,1,01,0222691969,대규모점포,200613.510297669    ,451817.515366883    ,서울특별시 중구 을지로6가 17번지,2015-01-29 11:06:21
3010000,2012301010007500001,1981-10-27,,영업/정상,,,,1981-10-27,9629.48,,,제일평화시장,그 밖의 대규모점포,I,2026-03-26 22:48:22,서울특별시 중구 마장로 13 (신당동),정상영업,1,01,0222526744,대규모점포,200938.52813687     ,451798.00308625     ,,2023-05-08 10:26:01
3010000,2012301010007500002,1979-12-27,,영업/정상,,,,1997-12-27,59979.25,,,롯데백화점 본점,복합쇼핑몰,U,2026-04-17 03:03:03,서울특별시 중구 남대문로 81 (소공동),정상영업,1,01,027723871,대규모점포,198259.65357739     ,451392.198218657    ,,2026-04-16 14:32:29
3010000,2012301010007500003,2012-08-31,,영업/정상,,2024-09-06,2024-09-26,2024-09-27,17356.62,100-196,,던던 동대문점,쇼핑센터,I,2026-04-11 22:48:20,서울특별시 중구 을지로 264 (을지로6가),정상영업,1,01,0262624202,대규모점포,200548.038848161    ,451497.626572161    ,서울특별시 중구 을지로6가 21번지 31호,2026-01-21 15:31:34
3010000,2012301010007500004,2012-12-27,,영업/정상,,,,2013-01-18,11576.19,100-162,,롯데아울렛 서울역점,쇼핑센터,I,2026-03-26 22:48:22,서울특별시 중구 한강대로 405 (봉래동2가),정상영업,1,01,027262500,대규모점포,197229.761422932    ,450418.159244379    ,서울특별시 중구 봉래동2가 122번지 11호,2012-12-27 14:38:37
3010000,2012301010007500005,1999-09-01,,영업/정상,,,,2013-01-18,11576.19,100-162,,롯데아울렛 서울역점,쇼핑센터,I,2026-03-26 22:48:22,서울특별시 중구 한강대로 405 (봉래동2가),정상영업,1,01,023904015,대규모점포,197229.761422932    ,450418.159244379    ,서울특별시 중구 봉래동2가 120번지 11호,2022-02-10 09:34:02
3010000,2013301013007500001,1979-05-25,,영업/정상,,,,,13458.03,100-451,,(주)광희패션몰,그 밖의 대규모점포,I,2026-03-26 22:48:22,서울특별시 중구 마장로1길 21 (신당동),정상영업,1,01,0222384352,대규모점포,200982.709076616    ,451817.384038629    ,서울특별시 중구 신당1동 777번지,2022-04-28 16:57:23
3010000,2014301013007500001,2014-01-10,,영업/정상,,,,,492.56,,,(주)지에스리테일 남산타운점,구분없음,I,2026-03-26 22:48:22,서울특별시 중구 다산로 32 (신당동),정상영업,1,01,0220062156,준대규모점포,200750.455125653    ,449638.824308081    ,,2025-04-14 18:54:10
3010000,2014301013007500003,1998-08-11,,영업/정상,,,,,17736.37,100-762,,밀리오레,그 밖의 대규모점포,U,2026-04-15 03:03:03,서울특별시 중구 장충단로 263 (을지로6가),정상영업,1,01,0233931500,대규모점포,200664.582936542    ,451781.8683954      ,서울특별시 중구 을지로6가 18번지 185호,2026-04-14 20:38:49
3010000,2014301013007500004,1976-11-02,,영업/정상,,,,,9316.94,,,굳앤굳 디자이너월드,그 밖의 대규모점포,I,2026-03-26 22:48:22,서울특별시 중구 남대문로 30 (남창동),정상영업,1,01,0263655959,대규모점포,198095.7951961      ,450940.108370401    ,,2019-04-08 15:14:31
3010000,2014301013007500005,1968-07-30,,영업/정상,,,,,19023.64,,,동화상가,그 밖의 대규모점포,I,2026-03-26 22:48:22,서울특별시 중구 장충단로13길 34 (을지로6가),정상영업,1,01,22659611,대규모점포,200541.637728834    ,451814.45954577     ,,2016-03-28 15:58:37
3010000,2014301013007500006,1996-07-05,,영업/정상,,,,,21527.19,,,누죤,그 밖의 대규모점포,I,2026-03-26 22:48:22,서울특별시 중구 을지로45길 62 (신당동),정상영업,1,01,0263663056,대규모점포,201058.678787938    ,451656.811051215    ,,2025-02-25 09:09:08
3010000,2014301013007500007,1999-01-05,,영업/정상,,,,,15695.63,,,두타몰,그 밖의 대규모점포,I,2026-03-26 22:48:22,서울특별시 중구 장충단로 275 (을지로6가),정상영업,1,01,0233961657,대규모점포,200703.625559248    ,451836.458256618    ,,2025-04-21 13:58:36
3010000,2014301013007500008,1985-11-28,,영업/정상,,,,,13793.3,,,삼익패션타운,그 밖의 대규모점포,I,2026-03-26 22:48:23,서울특별시 중구 남대문시장8길 7 (남창동),정상영업,1,01,027567536,대규모점포,198073.063552064    ,450876.729406983    ,,2025-04-28 17:31:36
3010000,2014301013007500009,1959-02-24,,영업/정상,,,,,20707,,,중부시장,그 밖의 대규모점포,I,2026-03-26 22:48:23,서울특별시 중구 을지로36길 35 (오장동),정상영업,1,01,0222675617,대규모점포,200092.165872111    ,451408.699344817    ,,2021-08-24 18:32:28
3010000,2014301013007500010,1976-11-29,,영업/정상,,,,,18500,,,방산종합시장,그 밖의 대규모점포,I,2026-03-26 22:48:23,서울특별시 중구 동호로37길 20 (방산동),정상영업,1,01,0222686691,대규모점포,200002.952736046    ,451823.532462914    ,,2025-04-16 14:58:38
3010000,2014301013007500013,1990-06-04,,영업/정상,,,,,4448,,,아트프라자,그 밖의 대규모점포,I,2026-03-26 22:48:23,서울특별시 중구 마장로1길 28 (신당동),정상영업,1,01,0222322000,대규모점포,201070.979414952    ,451874.637536958    ,,2020-11-03 17:17:27
3010000,2014301013007500015,2000-07-07,,영업/정상,,,,,6954.85,,,남산타운5상가,그 밖의 대규모점포,I,2026-03-26 22:48:23,서울특별시 중구 다산로 32 (신당동),정상영업,1,01,0222563500,대규모점포,200750.455125653    ,449638.824308081    ,,2015-01-30 14:59:15
3010000,2014301013007500016,2000-07-07,,영업/정상,,,,,5268.33,,,남산타운2상가,그 밖의 대규모점포,I,2026-03-26 22:48:23,서울특별시 중구 다산로 32 (신당동),정상영업,1,01,0222563500,대규모점포,200750.455125653    ,449638.824308081    ,,2016-04-10 18:30:01
3010000,2014301013007500017,1996-08-31,,영업/정상,,,,,33008.72,,,현대시티타워,쇼핑센터,I,2026-03-26 22:48:23,서울특별시 중구 장충단로 13-20 (을지로6가),정상영업,1,01,0220735111,대규모점포,,,,2017-05-08 13:51:41
3010000,2014301013007500018,2006-03-17,,영업/정상,,,,,4944.51,,,하이해리엇,그 밖의 대규모점포,I,2026-03-26 22:48:23,서울특별시 중구 퇴계로 123 (충무로2가),정상영업,1,01,0220790950,대규모점포,198636.2503948      ,451005.721641592    ,,2020-04-30 15:47:31
3010000,2014301013007500021,2006-06-07,2014-11-10,취소/말소/만료/정지/중지,,,,,9782,,,라모도쇼핑몰,그 밖의 대규모점포,I,2026-03-26 22:48:23,서울특별시 중구 을지로 276 (을지로6가),직권취소,4,04,0222005000,대규모점포,200673.011457453    ,451443.279894262    ,,2014-12-16 16:31:01
3010000,2014301013007500022,1994-08-31,,영업/정상,,,,,7281.04,,,디자이너크럽,그 밖의 대규모점포,I,2026-03-26 22:48:23,서울특별시 중구 을지로45길 72 (신당동),정상영업,1,01,0222372503,대규모점포,201091.341041784    ,451683.057889184    ,,2020-04-30 15:46:04
3010000,2014301013007500023,1995-04-01,,영업/정상,,,,,3613.39,,,선싸인,그 밖의 대규모점포,I,2026-03-26 22:48:23,서울특별시 중구 명동8가길 27 (충무로2가),정상영업,1,01,027573421,대규모점포,198737.553769773    ,451081.894647871    ,,2020-04-30 15:43:19
3010000,2014301013007500024,1997-02-24,,영업/정상,,,,,5590.74,,,혜양엘리시움,그 밖의 대규모점포,I,2026-03-26 22:48:23,서울특별시 중구 마장로1길 18 (신당동),정상영업,1,01,0222501115,대규모점포,201032.188139401    ,451831.342593242    ,,2020-04-30 15:40:11
3010000,2014301013007500025,2002-07-22,,영업/정상,,,,,6752.63,,,남정종합상가,그 밖의 대규모점포,I,2026-03-26 22:48:23,서울특별시 중구 소월로 9 (남창동),정상영업,1,01,027573541,대규모점포,197843.820719318    ,450717.353642797    ,,2020-04-30 15:37:57
3010000,2016301013007500001,2016-03-07,,영업/정상,,,,,9272.66,,04565,에이피엠플레이스,쇼핑센터,I,2026-03-26 22:48:23,"서울특별시 중구 을지로 276 (을지로7가, apMPLACE)",정상영업,1,01,027771163,대규모점포,200673.011457453    ,451443.279894262    ,,2024-04-30 16:18:26
3010000,2016301013007500002,2016-10-07,,영업/정상,,,,,251.57,,04586,홈플러스익스프레스 신당점,구분없음,I,2026-03-26 22:48:23,서울특별시 중구 다산로 222 (신당동),정상영업,1,01,0222368543,준대규모점포,201308.536482314    ,451174.365486466    ,,2024-03-22 09:36:23
3010000,2017301013007500001,2017-03-23,,영업/정상,,,,,13006.43,,04566,DDP FASHION MALL,그 밖의 대규모점포,I,2026-03-26 22:48:23,"서울특별시 중구 마장로 22 (신당동, DDP FASHION MALL)",정상영업,1,01,0222907125,대규모점포,200999.356221857    ,451654.418167327    ,,2022-08-18 15:00:40
3010000,2017301013007500002,2017-10-31,,영업/정상,,,,,276.24,,04500,지에스수퍼마켓 중구만리점,구분없음,I,2026-03-26 22:48:23,"서울특별시 중구 만리재로 175, 401동 9,10,11호 (만리동2가)",정상영업,1,01,0220063215,준대규모점포,196697.116895888    ,450217.095147509    ,,2025-04-14 18:53:36
3010000,2019301016607500001,2019-10-17,,영업/정상,,,,,3778.41,,04545,청계상가,그 밖의 대규모점포,I,2026-03-26 22:48:23,"서울특별시 중구 청계천로 160, 세운청계상가 (산림동)",정상영업,1,01,0222648511,대규모점포,199521.200809167    ,451751.424132583    ,서울특별시 중구 산림동 207번지 1호 세운청계상가,2019-10-17 16:09:13
3010000,2021301016607500001,2021-07-16,,영업/정상,,,,,8767.97,,,센터포인트 명동,쇼핑센터,I,2026-03-26 22:48:23,,정상영업,1,01,0234522379,대규모점포,198401.701305913    ,451374.312212737    ,서울특별시 중구 남대문로2가 9-1,2022-05-10 10:26:39
3010000,2025301024107500001,2025-06-05,,영업/정상,,,,,5432.37,,04535,Chapter M,그 밖의 대규모점포,I,2026-03-26 22:48:23,서울특별시 중구 명동8나길 38 (충무로1가),영업개시전,5,01,0221847386,대규모점포,198403.083197305    ,451049.012425837    ,서울특별시 중구 충무로1가 21-17,2025-06-05 15:34:55
3010000,1964301010007500001,1964-10-13,,영업/정상,,,,,53845.06,100-060,,서울남대문시장,그 밖의 대규모점포,I,2026-03-26 22:48:21,서울특별시 중구 남대문시장4길 21 (남창동),정상영업,1,01,027532805,대규모점포,197982.996630014    ,450791.073856769    ,서울특별시 중구 남창동 49번지,2024-11-19 09:51:10
3010000,1968301010007500001,1996-07-04,,영업/정상,,,,,6140,,,팀204,그 밖의 대규모점포,I,2026-03-26 22:48:21,서울특별시 중구 마장로 30 (신당동),정상영업,1,01,0222323608,대규모점포,201121.306096947    ,451706.52701165     ,,2019-05-14 08:46:48
3020000,1970302007407500005,1970-11-30,,폐업,2012-08-02,,,,4858.45,,,한강상가,시장,I,2026-05-06 22:48:23,서울특별시 용산구 이촌로 224 (이촌동),폐업처리,3,03,027980401,대규모점포,197450.277644237    ,446437.197878548    ,서울특별시 용산구 이촌동 300번지 27  호,2012-08-02 14:23:00
3020000,2025302020307500001,2025-02-20,,폐업,2025-12-30,,,,7470.17,,04428,신동아쇼핑센터,쇼핑센터,I,2026-05-06 22:48:30,"서울특별시 용산구 이촌로 352, 신동아쇼핑 (용산동6가)",폐업처리,3,03,027097215,대규모점포,198622.89264988     ,446114.155238838    ,서울특별시 용산구 용산동6가 69-167 신동아쇼핑,2025-12-30 16:13:51
3020000,2001302007407500002,2001-08-04,,폐업,2014-04-02,,,,3386,,,삼성테마트,그 밖의 대규모점포,I,2026-05-06 22:48:25,서울특별시 용산구 원효로 51 (산천동),폐업처리,3,03,027189555,대규모점포,195547.140326252    ,447976.775939762    ,서울특별시 용산구 산천동 202호,2014-04-03 09:51:54
3020000,2006302007407500003,1975-07-01,,폐업,2024-06-03,,,,2688.42,,,보광시장,시장,I,2026-05-06 22:48:27,서울특별시 용산구 보광로 30 (보광동),폐업처리,3,03,027940343,대규모점포,199955.429742269    ,447219.161582186    ,서울특별시 용산구 보광동 260번지 8호,2024-10-31 16:15:39
3020000,2012302009507500001,2012-03-13,,폐업,2024-12-29,,,,3271,140-012,,(주)농협유통하나로클럽용산점,대형마트,I,2026-05-06 22:48:29,서울특별시 용산구 청파로 122 (한강로2가),폐업처리,3,03,0220772800,대규모점포,196813.258497258    ,447881.970772064    ,서울특별시 용산구 한강로2가 15번지 19호,2024-12-31 17:47:16
3020000,2014302009507500001,2014-07-31,,영업/정상,,,,,121.7,140-160,,롯데프레시 갈월점,구분없음,I,2026-05-06 22:48:29,서울특별시 한강대로77길 12,정상영업,1,01,027135602,준대규모점포,197443.881826007    ,448884.957554763    ,서울특별시 용산구 남영동 93번지 30호,2022-09-21 09:08:42
3020000,2014302009507500002,2014-07-31,,영업/정상,,,,,643.3,,04315,롯데쇼핑(주)롯데슈퍼원효로점,복합쇼핑몰,I,2026-05-06 22:48:29,"서울특별시 용산구 백범로 341 (원효로1가, 리첸시아 용산)",정상영업,1,01,,준대규모점포,197045.849468346    ,448447.558967085    ,서울특별시 용산구 원효로1가 133-3 리첸시아 용산,2026-04-22 18:13:30
3020000,2020302015007500001,2020-08-13,,영업/정상,,,,,8500.52,,04372,(주)서부티엔디,전문점,I,2026-05-06 22:48:29,"서울특별시 용산구 청파로 100, 12동 2층 (한강로3가)",정상영업,1,01,0226890035,대규모점포,196605.511573689    ,447841.270074498    ,서울특별시 용산구 한강로3가 2-8,2020-08-13 09:12:59
3020000,2021302015007500001,2021-04-15,,영업/정상,,,,,199.8,,04387,GS THE FRESH 용산해링턴점,복합쇼핑몰,I,2026-05-06 22:48:30,"서울특별시 용산구 서빙고로 17, 용산해링턴스퀘어 C동 1층 111~115호 (한강로3가)",정상영업,1,01,0220062676,준대규모점포,197056.728931087    ,447077.126289262    ,서울특별시 용산구 한강로3가 63-70,2025-04-18 09:45:35
3020000,2022302015007500002,2022-06-29,,영업/정상,,,,,9879.92,,04370,나진전자월드상가,전문점,I,2026-05-06 22:48:30,"서울특별시 용산구 청파로 109, 나진상가 14동 (한강로3가)",정상영업,1,01,0236700801,대규모점포,196697.031086973    ,447931.108267379    ,서울특별시 용산구 한강로3가 1-1 나진상가,2022-06-29 10:52:49
3020000,2022302015007500003,2022-08-08,,영업/정상,,,,,321.65,,04427,GS THE FRESH 용산이촌점,구분없음,I,2026-05-06 22:48:30,"서울특별시 용산구 이촌로 200, LG프라자 지하1층 (이촌동)",정상영업,1,01,0220062364,준대규모점포,197221.439324261    ,446524.508385914    ,서울특별시 용산구 이촌동 302-52 LG프라자,2025-04-18 09:45:23
3020000,2022302020307500001,2024-10-28,,영업/정상,,,,,13126.83,,04370,"나진상가 17,18동",전문점,I,2026-05-06 22:48:30,"서울특별시 용산구 청파로 125, 나진상가 (한강로2가)",정상영업,1,01,027163872,대규모점포,196873.001604976    ,447960.206197372    ,서울특별시 용산구 한강로2가 15-2 나진상가,2024-10-31 16:35:01
3020000,2025302020307500002,2025-05-29,,영업/정상,,,,,337.45,,04344,이마트에브리데이 이태원점,구분없음,I,2026-05-06 22:48:30,"서울특별시 용산구 회나무로13길 20-4, 일각빌딩 1층 (이태원동)",정상영업,1,01,023805042,준대규모점포,199034.580692003    ,448669.474748983    ,서울특별시 용산구 이태원동 254-5 일각빌딩,2025-09-16 15:50:54
3020000,2004302007407500001,2004-09-21,,영업/정상,,,,,106290.33,,,아이파크몰(I PARK MALL),복합쇼핑몰,I,2026-05-06 22:48:25,서울특별시 용산구 한강대로23길 55 (한강로3가),정상영업,1,01,0220120101,대규모점포,196762.077394917    ,447480.039577359    ,서울특별시 용산구 한강로3가 40번지 999호,2026-04-15 17:56:36
3020000,2012302009507500002,2012-03-20,,폐업,2022-10-11,,,,858.3,140-026,,롯데쇼핑(주)롯데슈퍼 신동아점,구분없음,I,2026-05-06 22:48:29,서울특별시 용산구 이촌로 352 (용산동6가),폐업처리,3,03,0222905853,준대규모점포,198622.89264988     ,446114.155238838    ,서울특별시 용산구 용산동6가 69번지 167호,2022-10-17 14:06:31
3020000,2014302009507500003,2014-08-05,,폐업,2018-06-12,,,,106,,,롯데마켓999 용산파크자이가맹점,구분없음,I,2026-05-06 22:48:29,서울특별시 용산구 한강대로 205 (한강로1가),폐업처리,3,03,027968331,준대규모점포,197514.145785647    ,448264.322314594    ,,2018-06-12 11:32:44
3020000,2022302015007500001,2022-05-02,,폐업,2025-05-30,,,,3062.57,,04371,나진상가 15동,전문점,I,2026-05-06 22:48:30,"서울특별시 용산구 청파로 112, 나진상가 (한강로3가)",폐업처리,3,03,027163872,대규모점포,196727.535753619    ,447868.128308607    ,서울특별시 용산구 한강로3가 3-23 나진상가,2025-06-02 18:07:52
3020000,1985302007407500008,1985-07-01,,영업/정상,,,,,,,,국제센터아케이드,그 밖의 대규모점포,I,2026-05-06 22:48:23,,정상영업,1,01,,,197646.514005514    ,447909.070650149    ,서울특별시 용산구 한강로1가 191호   ,2007-07-21 10:15:07
3020000,1993302007407500001,1993-04-13,,영업/정상,,,,,,,,(주)전자타운,그 밖의 대규모점포,I,2026-05-06 22:48:24,서울특별시 용산구 청파로 113-12 (한강로2가),정상영업,1,01,027037091,,196775.639878418    ,447984.6345458      ,서울특별시 용산구 한강로2가 413호   ,2007-07-21 10:15:07
3020000,2004302007407500002,2004-12-22,,영업/정상,,,,,6876.34,,,LS Avenue,그 밖의 대규모점포,I,2026-05-06 22:48:26,서울특별시 용산구 한강대로 92 (한강로2가),정상영업,1,01,027997114,대규모점포,197099.381481836    ,447328.548832245    ,서울특별시 용산구 한강로2가 191호,2012-10-15 09:45:52
3020000,2005302007407500001,1993-04-13,,영업/정상,,,,,10634.18,,,전자타운,전문점,I,2026-05-06 22:48:27,서울특별시 용산구 청파로 113-12 (한강로2가),정상영업,1,01,027037091,대규모점포,196775.639878418    ,447984.6345458      ,서울특별시 용산구 한강로2가 413호,2025-08-12 13:17:30
3020000,2006302007407500001,1960-02-17,,영업/정상,,,,,574,,,이태원시장,시장,I,2026-05-06 22:48:27,서울특별시 용산구 이태원로14길 6 (이태원동),정상영업,1,01,027945682,대규모점포,199051.158829761    ,447953.601666521    ,서울특별시 용산구 이태원동 56번지 9호,2012-03-30 14:02:23
3020000,2006302007407500002,1987-11-26,,영업/정상,,,,,37901.41,,04371,선인상가,전문점,I,2026-05-06 22:48:27,"서울특별시 용산구 새창로 181 (한강로2가, 선인상가)",정상영업,1,01,027187113,대규모점포,196839.641743356    ,447863.232025192    ,서울특별시 용산구 한강로2가 15번지 14호,2022-10-07 14:43:20
3020000,2006302007407500004,2006-08-25,,영업/정상,,,,,17898.53,,,아이파크(I PARK)백화점,백화점,I,2026-05-06 22:48:28,서울특별시 용산구 한강대로23길 55 (한강로3가),정상영업,1,01,0220120101,대규모점포,196762.077394917    ,447480.039577359    ,서울특별시 용산구 한강로3가 40번지 999호,2026-04-16 15:25:27
3020000,2008302009507500001,1968-11-09,,영업/정상,,,,,1209.2,140-140,,만리시장,시장,I,2026-05-06 22:48:28,서울특별시 용산구 효창원로 270 (서계동),정상영업,1,01,027140151,대규모점포,196716.165873094    ,449892.557718372    ,서울특별시 용산구 서계동 260번지 1호,2012-03-13 13:09:01
3020000,2008302009507500002,1987-02-13,,영업/정상,,,,,4845.26,140-200,,해밀톤 쇼핑몰,쇼핑센터,I,2026-05-06 22:48:28,서울특별시 용산구 이태원로 179 (이태원동),정상영업,1,01,0237866352,대규모점포,199363.595799729    ,448050.926289223    ,서울특별시 용산구 이태원동 119번지 25호,2018-09-28 14:56:53
3020000,2008302009507500003,1987-10-31,,영업/정상,,,,,62555.57,140-013,,(주)에스와이에스홀딩스,전문점,I,2026-05-06 22:48:28,서울특별시 용산구 청파로 74 (한강로3가),정상영업,1,01,027074628,대규모점포,196370.746398773    ,447841.698787531    ,서울특별시 용산구 한강로3가 16번지 9호,2014-10-24 10:25:20
3020000,2008302009507500004,1987-11-10,,영업/정상,,,,,11669.19,,04370,나진산업 주식회사,전문점,I,2026-05-06 22:48:28,"서울특별시 용산구 청파로 109, 나진상가 (한강로3가)",정상영업,1,01,027043013,대규모점포,196697.031086973    ,447931.108267379    ,서울특별시 용산구 한강로3가 1번지 1호 나진상가,2022-04-13 10:19:40
3020000,2008302009507500005,1988-06-23,,영업/정상,,,,,8382.6,140-113,,원효전자상가,전문점,I,2026-05-06 22:48:29,서울특별시 용산구 청파로 77 (원효로3가),정상영업,1,01,027023411,대규모점포,196385.232032928    ,447938.19246116     ,서울특별시 용산구 원효로3가 51번지 30호,2013-03-21 09:39:21
3020000,2008302009507500006,1985-11-12,,영업/정상,,,,,3327.67,140-026,,신동아 쇼핑센터,쇼핑센터,I,2026-05-06 22:48:29,서울특별시 용산구 이촌로 352 (용산동6가),정상영업,1,01,027957501,,198622.89264988     ,446114.155238838    ,서울특별시 용산구 용산동6가 69번지 167호,2008-04-29 21:27:56
3020000,2012302009507500003,2012-03-23,,영업/정상,,,,,181.89,,04402,롯데슈퍼 한남점(가맹점),구분없음,I,2026-05-06 22:48:29,"서울특별시 용산구 대사관로34길 26, 허준빌딩 1층 (한남동)",정상영업,1,01,027939633,준대규모점포,200431.145594386    ,447763.414163072    ,서울특별시 용산구 한남동 631번지 5호 허준빌딩,2019-03-19 14:40:19
3020000,2010302009507500001,1985-11-12,,폐업,2025-12-30,,,,7470.17,,04428,신동아쇼핑센터,복합쇼핑몰,I,2026-05-06 22:48:29,"서울특별시 용산구 이촌로 352, 신동아쇼핑 (용산동6가)",폐업처리,3,03,027097501,대규모점포,198622.89264988     ,446114.155238838    ,서울특별시 용산구 용산동6가 69-167 신동아쇼핑,2026-01-16 15:06:57
3020000,2001302007407500001,2001-05-24,,폐업,2013-12-20,,,,14561.78,,,터미널전자상가,전문점,I,2026-05-06 22:48:24,서울특별시 용산구 청파로20길 83 (한강로3가),폐업처리,3,03,027045858,대규모점포,196610.663839509    ,447742.348636253    ,서울특별시 용산구 한강로3가 40번지 969호,2013-12-20 16:12:19
3030000,2021303010307500001,2013-02-19,,폐업,2023-08-18,,,,143.55,,04768,홈플러스익스프레스 뚝섬2점,구분없음,I,2026-05-07 22:31:41,"서울특별시 성동구 왕십리로 109, 성수만세주유소 (성수동1가)",폐업처리,3,03,0222538541,준대규모점포,203841.225547969    ,449475.540141228    ,서울특별시 성동구 성수동1가 656-1208 성수만세주유소,2023-08-18 16:32:14
3030000,1962303007407500002,1962-01-25,,영업/정상,,,,,2861,,04776,뚝도시장,시장,I,2026-05-07 22:31:40,서울특별시 성동구 성수이로 32-15 (성수동2가),영업개시전,5,01,024644426,대규모점포,204775.366000022    ,448395.587760252    ,서울특별시 성동구 성수동2가 335번지,2024-12-11 07:47:28
3030000,1962303010307500001,1962-01-21,,영업/정상,,,,,1156,133-805,,금남시장,시장,I,2026-05-07 22:31:40,서울특별시 성동구 독서당로 303-11 (금호동3가),영업개시전,5,01,0222525302,대규모점포,201939.255278432    ,449589.21383235     ,서울특별시 성동구 금호동3가 332번지,2024-12-11 07:46:52
3030000,1980303010307500005,1980-09-05,,영업/정상,,,,,0,,04808,자동차매매센타,전문점,I,2026-05-07 22:31:40,"서울특별시 성동구 자동차시장1길 70 (용답동, 장안평중고자동차시장)",정상영업,1,01,0222104100,대규모점포,205784.868811814    ,450883.524006222    ,서울특별시 성동구 용답동 234번지 한국자동차매매센터,2019-04-30 17:44:20
3030000,1982303010307500001,1982-10-16,,영업/정상,,,,,0,,04736,한남하이츠상가,구분없음,I,2026-05-07 22:31:40,"서울특별시 성동구 독서당로 160, 한남하이츠아파트 (옥수동)",정상영업,1,01,22972484,대규모점포,201181.598996876    ,448609.588125745    ,서울특별시 성동구 옥수동 220번지 1호 한남하이츠아파트,2023-12-07 15:08:50
3030000,1998303010307500001,1998-08-03,,영업/정상,,,,,4049.55,,04713,대림리빙프라자,그 밖의 대규모점포,I,2026-05-07 22:31:40,"서울특별시 성동구 행당로 87, 행당동 대림아파트 (행당동)",정상영업,1,01,0222976205,대규모점포,202326.503044305    ,450625.58422744     ,서울특별시 성동구 행당동 347번지 행당동 대림아파트,2018-10-02 16:57:38
3030000,2000303010307500001,2000-03-31,,영업/정상,,,,,5873.69,,04717,한진종합상가,그 밖의 대규모점포,I,2026-05-07 22:31:40,"서울특별시 성동구 행당로 84, 행당 한진타운 종합상가 (행당동)",정상영업,1,01,0222817003,대규모점포,202511.142930696    ,450401.303715561    ,서울특별시 성동구 행당동 346번지 행당 한진타운 종합상가,2024-01-22 16:10:33
3030000,2001303010307500002,2001-09-13,2017-03-08,취소/말소/만료/정지/중지,,,,,8495.01,133-120,,성동마트,그 밖의 대규모점포,I,2026-05-07 22:31:40,,직권취소,4,04,,대규모점포,205260.827743854    ,448399.948660115    ,서울특별시 성동구 성수동2가 231번지 1호,2017-03-08 15:17:20
3030000,2006303010307500001,2006-03-20,,영업/정상,,,,,25910,133-050,,마장축산물시장,시장,I,2026-05-07 22:31:40,"서울특별시 성동구 마장로31길 40 (마장동,일대)",정상영업,1,01,22814446,,203323.787758273    ,451940.205444395    ,서울특별시 성동구 마장동 510번지 3호 일대,2017-07-31 10:28:52
3030000,2007303010307500001,2007-03-23,,영업/정상,,,,,7717.09,133-040,,성동삼성쉐르빌상가,그 밖의 대규모점포,I,2026-05-07 22:31:40,서울특별시 성동구 무학로6길 50 (도선동),정상영업,1,01,33959336,대규모점포,203017.021457357    ,451346.281102634    ,서울특별시 성동구 왕십리도선동 69번지,2014-10-12 17:05:12
3030000,2008303010307500001,2008-06-27,,영업/정상,,,,,11573,133-071,,(주)이마트 왕십리점,대형마트,I,2026-05-07 22:31:40,서울특별시 성동구 왕십리광장로 17 (행당동),정상영업,1,01,0222001234,대규모점포,203292.151783332    ,451267.730992123    ,서울특별시 성동구 행당동 168번지 1호,2024-04-26 10:27:13
3030000,2008303010307500003,2008-08-28,,영업/정상,,,,,7960,,04750,ENTER-6,그 밖의 대규모점포,I,2026-05-07 22:31:40,"서울특별시 성동구 왕십리광장로 17, 왕십리민자역사 (행당동)",정상영업,1,01,0222006000,대규모점포,203321.562330114    ,451001.868687869    ,서울특별시 성동구 행당동 168번지 151호 왕십리민자역사,2021-12-01 14:07:47
3030000,2012303010307500001,2012-02-14,,영업/정상,,,,,264.3,133-858,,홈플러스(주) 익스프레스 왕십리점,구분없음,I,2026-05-07 22:31:41,서울특별시 성동구 왕십리로 333 (하왕십리동),정상영업,1,01,34598000,준대규모점포,202806.018487131    ,451160.356013436    ,서울특별시 성동구 왕십리2동 966번지 11호,2024-03-28 14:11:28
3030000,2012303010307500002,2012-02-24,,영업/정상,,,,,578.96,133-807,,홈플러스(주) 익프스레스 금호2점,구분없음,I,2026-05-07 22:31:41,서울특별시 성동구 동호로 100 (금호동3가),정상영업,1,01,22538542,준대규모점포,201383.023709556    ,449744.280482389    ,서울특별시 성동구 금호동3가 1331번지,2024-03-28 14:08:02
3030000,2012303010307500003,2012-03-21,,영업/정상,,,,,293.34,133-091,,홈플러스(주) 익스프레스 금호점,구분없음,I,2026-05-07 22:31:41,서울특별시 성동구 행당로 6 (금호동1가),정상영업,1,01,0222928545,준대규모점포,201772.807083568    ,450250.366445197    ,서울특별시 성동구 금호동1가 481번지 5호,2024-03-29 13:33:32
3030000,2014303010307500001,2014-12-09,,영업/정상,,,,,13996.64,,,파크에비뉴 엔터식스 한양대점,복합쇼핑몰,I,2026-05-07 22:31:41,서울특별시 성동구 왕십리로 241 (행당동),정상영업,1,01,22079991,대규모점포,203481.628249668    ,450468.773302861    ,,2019-09-20 17:52:31
3030000,2023303010307500001,2023-06-16,,취소/말소/만료/정지/중지,,,,,467.23,,04701,GS THE FRESH 성동센트라스점,구분없음,I,2026-05-07 22:31:41,"서울특별시 성동구 왕십리로 410, L동 지하1층 B102, B103호 (하왕십리동, 센트라스)",직권취소,4,04,,준대규모점포,202372.912023599    ,451536.680876573    ,서울특별시 성동구 하왕십리동 1070 센트라스상가 L동 B102호,2023-06-20 09:18:09
3030000,2023303010307500002,2023-06-16,,영업/정상,,,,,467.23,,04701,GS THE FRESH 성동센트라스점,구분없음,I,2026-05-07 22:31:41,"서울특별시 성동구 왕십리로 410, 상가(L)동 지하1층 B102,B103호 (하왕십리동, 센트라스)",정상영업,1,01,,준대규모점포,202372.912023599    ,451536.680876573    ,서울특별시 성동구 하왕십리동 1070 센트라스,2023-11-03 09:43:47
3030000,2023303010307500003,2023-07-21,,영업/정상,,,,,327.3,,04700,GS THE FRESH 성동텐즈힐점,구분없음,I,2026-05-07 22:31:41,"서울특별시 성동구 마장로 137, 221동 1층 1230호,1231호,1232(일부)호 (상왕십리동, 텐즈힐)",정상영업,1,01,0222975180,준대규모점포,202113.869605464    ,451897.581865192    ,서울특별시 성동구 상왕십리동 811 텐즈힐,2025-04-18 09:36:02
3030000,2023303010307500004,2023-09-14,,영업/정상,,,,,158.8,,04768,GS THE FRESG 서울숲점,구분없음,I,2026-05-07 22:31:41,"서울특별시 성동구 왕십리로 109, 성수만세주유소 1층 (성수동1가)",정상영업,1,01,024994519,준대규모점포,203841.225547969    ,449475.540141228    ,서울특별시 성동구 성수동1가 656-1208 성수만세주유소,2025-04-24 09:29:58
3030000,2025303010307500002,2025-08-04,,영업/정상,,,,,302,,04733,GS THE FRESH 성동옥수점,구분없음,I,2026-05-07 22:31:41,"서울특별시 성동구 독서당로 223, 래미안 옥수 리버젠 상가 상가동 423~428호 (옥수동)",정상영업,1,01,0220062364,준대규모점포,201153.981577199    ,449188.97052419     ,서울특별시 성동구 옥수동 561 래미안 옥수 리버젠 상가,2025-09-09 10:11:11
3030000,1969303010307500001,1969-01-09,,폐업,2015-11-30,,,,0,133-091,,금북시장,그 밖의 대규모점포,I,2026-05-07 22:31:40,서울특별시 성동구 행당로 35 (금호동1가),폐업처리,3,03,22916754,대규모점포,202004.452300224    ,450411.463616996    ,서울특별시 성동구 금호동1가 128번지 1호,2015-12-03 11:03:00
3030000,1979303010307500006,1979-08-10,,폐업,2008-05-22,,,,0,133-809,,금호종합시장,그 밖의 대규모점포,I,2026-05-07 22:31:40,서울특별시 성동구 독서당로 302 (금호동4가),폐업처리,3,03,22973811,대규모점포,201924.287403479    ,449505.43323776     ,서울특별시 성동구 금호동4가 548번지 1호,2012-05-10 10:10:00
3030000,2005303007407500001,2005-03-31,,폐업,2023-05-19,,,,17318,133-120,,(주)이마트 성수점,대형마트,I,2026-05-07 22:31:40,서울특별시 뚝섬로 379,폐업처리,3,03,0234081234,대규모점포,204614.272744322    ,448607.441251647    ,서울특별시 성동구 성수동2가 333번지 16호,2023-05-19 12:53:54
3030000,2005303007407500005,1968-12-07,,폐업,2025-05-12,,,,3225,133-120,,(주)인트램,그 밖의 대규모점포,I,2026-05-07 22:31:40,서울특별시 성동구 아차산로7길 28 (성수동2가),폐업처리,3,03,024642095,대규모점포,204830.977323063    ,449477.448459906    ,서울특별시 성동구 성수동2가 289번지 4호,2025-09-09 10:17:17
3030000,2005303007407500006,2005-11-11,,폐업,2014-04-10,,,,5607.62,,,토우마트마축일시장,그 밖의 대규모점포,I,2026-05-07 22:31:40,서울특별시 성동구 마장로35길 68 (마장동),폐업처리,3,03,0222936767,대규모점포,203576.594691866    ,452041.559037331    ,서울특별시 성동구 마장동 439번지 1호,2022-04-01 10:03:56
3030000,2011303010307500001,2011-10-04,,폐업,2012-05-04,,,,99,133-819,,홈플러스(주)익스프레스 성수점,구분없음,I,2026-05-07 22:31:41,서울특별시 성동구 뚝섬로 345 (성수동1가),폐업처리,3,03,,준대규모점포,204271.515183693    ,448744.245842924    ,서울특별시 성동구 성수1가1동 72번지 91호,2018-11-27 16:46:08
3030000,2012303010307500004,2012-03-22,,폐업,2023-03-27,,,,409.9,133-111,,홈플러스(주)익스프레스 뚝섬점,구분없음,I,2026-05-07 22:31:41,서울특별시 성동구 아차산로 41 (성수동1가),폐업처리,3,03,024998545,준대규모점포,204257.584861091    ,449412.544118545    ,서울특별시 성동구 성수1가1동 14번지 17호,2023-03-28 17:26:48
3030000,2012303010307500005,2012-04-02,,폐업,2022-04-05,,,,378.11,133-100,,GS수퍼 성동옥수점,구분없음,I,2026-05-07 22:31:41,서울특별시 성동구 한림말길 56 (옥수동),폐업처리,3,03,22820161,준대규모점포,201462.251313062    ,448744.038108098    ,서울특별시 성동구 옥수동 191번지 3호,2022-04-06 08:30:04
3030000,2018303010307500001,2018-02-28,,폐업,2024-09-30,,,,0,,04765,노브랜드 엔터식스한양대점,구분없음,I,2026-05-07 22:31:41,"서울특별시 성동구 왕십리로 241 (행당동, 서울숲 더샵)",폐업처리,3,03,023809842,준대규모점포,203481.628249668    ,450468.773302861    ,서울특별시 성동구 행당동 155번지 1호 서울숲 더샵,2024-11-06 09:48:52
3030000,2026303010307500001,2026-03-11,,영업/정상,,,,,5234.64,,04784,무신사 캠퍼스 S1,전문점,I,2026-05-07 22:31:41,"서울특별시 성동구 성수이로 62, 무신사 성수 S1 (성수동2가)",정상영업,1,01,15447199,대규모점포,204871.625958952    ,448673.754753153    ,서울특별시 성동구 성수동2가 324-2 무신사 성수 S1,2026-04-24 17:53:36
3040000,2001304007307500004,1974-02-09,,폐업,2021-01-27,,,,2529.91,,,구의시장,그 밖의 대규모점포,I,2025-12-15 16:15:28,서울특별시 광진구 광나루로 531-5 (구의동),폐업처리,3,03,024578045,대규모점포,,,서울특별시 광진구 구의동 66번지 28호,2021-01-29 18:09:26
3040000,2025304019007500003,2025-12-16,,영업/정상,,,,,958.68,,05050,이랜드킴스클럽 광진구의점,대형마트,U,2026-05-08 03:03:03,"서울특별시 광진구 아차산로 402, 판매시설 지하1층 (자양동)",정상영업,1,01,0234253704,준대규모점포,,,서울특별시 광진구 자양동 870 판매시설,2026-05-07 14:47:27
3040000,2001304007307500007,1979-07-09,,폐업,2011-12-29,,,,4422,,,워커힐상가,그 밖의 대규모점포,I,2025-12-15 16:15:28,서울특별시 광진구 아차산로 635 (광장동),폐업처리,3,03,024540365,대규모점포,209345.941766315    ,449811.718207794    ,서울특별시 광진구 광장동 145번지 8호,2012-01-04 16:12:30
3040000,2011304015507500001,2011-09-22,,폐업,2020-04-30,,,,133.4,143-885,,롯데쇼핑(주)롯데슈퍼 중곡점,구분없음,I,2025-12-15 16:15:28,서울특별시 광진구 긴고랑로 60 (중곡동),폐업처리,3,03,0204535605,준대규모점포,207235.581247334    ,451072.124043842    ,서울특별시 광진구 중곡2동 41번지 1호,2022-09-28 15:14:37
3040000,2011304015507500005,2011-10-05,,폐업,2020-07-19,,,,194.7,143-824,,홈플러스(주)익스프레스 구의점,구분없음,I,2025-12-15 16:15:28,서울특별시 광진구 자양로 168 (구의동),폐업처리,3,03,0222018547,준대규모점포,207400.608063491    ,448930.683211743    ,서울특별시 광진구 구의1동 236번지 53호,2022-09-28 15:13:19
3040000,2012304015507500003,2012-03-21,,폐업,2018-03-19,,,,658.8,143-822,,롯데쇼핑(주)롯데슈퍼 구의점,구분없음,I,2025-12-15 16:15:28,서울특별시 광진구 아차산로 450 (구의동),폐업처리,3,03,0204525601,준대규모점포,208087.647208835    ,448484.131343078    ,서울특별시 광진구 구의3동 218번지 14호 나동,2022-09-28 15:12:13
3040000,2001304007307500001,1970-12-23,,영업/정상,,,,,1524.1,,,노룬산시장,그 밖의 대규모점포,I,2025-12-15 16:15:28,서울특별시 광진구 뚝섬로 491 (자양동),정상영업,1,01,024637521,대규모점포,205663.081069121    ,448250.363358949    ,서울특별시 광진구 자양동 44번지 2호,2013-12-23 16:36:35
3040000,2001304007307500002,1971-05-01,,영업/정상,,,,,6426.48,,,조양시장,그 밖의 대규모점포,I,2025-12-15 16:15:28,서울특별시 광진구 아차산로30길 39 (자양동),정상영업,1,01,024635611,대규모점포,205886.288968009    ,448517.338628068    ,서울특별시 광진구 자양동 6번지 20호,2017-12-08 10:38:45
3040000,2001304007307500003,1971-05-08,,영업/정상,,,,,2107.8,,,중곡제일시장,그 밖의 대규모점포,I,2025-12-15 16:15:28,서울특별시 광진구 긴고랑로11길 11 (중곡동),정상영업,1,01,024670254,대규모점포,207114.498872176    ,451296.049443757    ,서울특별시 광진구 중곡동 229번지 5호,2012-01-04 17:05:26
3040000,2001304007307500006,1977-01-31,,영업/정상,,,,,1137.92,,,신성종합시장,그 밖의 대규모점포,I,2025-12-15 16:15:28,서울특별시 광진구 영화사로 12 (중곡동),정상영업,1,01,024441707,대규모점포,207747.893953282    ,450639.201015458    ,서울특별시 광진구 중곡동 79번지 13호,2012-01-04 16:20:51
3040000,2001304007307500008,1979-07-16,,영업/정상,,,,,2418.11,,,자양종합시장,그 밖의 대규모점포,I,2025-12-15 16:15:28,서울특별시 광진구 자양번영로6길 20 (자양동),정상영업,1,01,024577480,대규모점포,206686.364451141    ,447752.463189936    ,서울특별시 광진구 자양동 602호,2014-07-23 19:01:51
3040000,2001304007307500009,1980-04-07,,영업/정상,,,,,2456.45,,,한아름시장,그 밖의 대규모점포,I,2025-12-15 16:15:28,서울특별시 광진구 능동로13길 39 (화양동),정상영업,1,01,024657965,대규모점포,206107.775163579    ,449029.342177779    ,서울특별시 광진구 화양동 10번지 1호,2023-11-17 10:04:22
3040000,2001304007307500010,1980-06-18,,영업/정상,,,,,2135.53,,,광성시장,그 밖의 대규모점포,I,2025-12-15 16:15:28,서울특별시 광진구 능동로47길 30 (중곡동),정상영업,1,01,024675200,대규모점포,207098.994772766    ,451260.44574067     ,서울특별시 광진구 중곡동 229번지 15호,2012-01-04 14:42:00
3040000,2001304007307500011,1989-08-23,,영업/정상,,,,,3995.19,,,동서울터미널상가,복합쇼핑몰,I,2025-12-15 16:15:28,서울특별시 광진구 강변역로 50 (구의동),정상영업,1,01,027273758,대규모점포,208201.993320839    ,447967.299542306    ,서울특별시 광진구 구의동 546번지 1호,2025-07-02 17:06:29
3040000,2001304007307500012,1990-11-17,,영업/정상,,,,,3625.18,,,현대종합상가,그 밖의 대규모점포,I,2025-12-15 16:15:28,서울특별시 광진구 광나루로 635 (광장동),정상영업,1,01,024543916,대규모점포,208644.819209521    ,448711.725750126    ,서울특별시 광진구 광장동 484호,2012-01-04 16:03:45
3040000,2001304007307500013,1992-11-05,,영업/정상,,,,,1707.82,,,구의현대종합상가,그 밖의 대규모점포,I,2025-12-15 16:15:28,서울특별시 광진구 광나루로56길 34 (구의동),정상영업,1,01,024547529,대규모점포,208403.746065593    ,448490.239179557    ,서울특별시 광진구 구의동 611호,2021-08-19 10:13:30
3040000,2001304007307500014,1997-01-30,,영업/정상,,,,,5880.92,,,프라임프라자상가,그 밖의 대규모점포,I,2025-12-15 16:15:28,서울특별시 광진구 광나루로56길 63 (구의동),정상영업,1,01,0234372572,대규모점포,208558.286631653    ,448353.905156369    ,서울특별시 광진구 구의동 631번지 1호,2012-01-04 15:34:45
3040000,2001304007307500015,1998-03-23,,영업/정상,,,,,49840,,,테크노-마트21,그 밖의 대규모점포,I,2025-12-15 16:15:28,서울특별시 광진구 광나루로56길 85 (구의동),정상영업,1,01,0234240323,대규모점포,208394.416382167    ,448165.279999905    ,서울특별시 광진구 구의동 546번지 4호,2018-09-06 15:42:55
3040000,2001304007307500016,1998-03-23,,영업/정상,,,,2004-04-30,4122,,,롯데쇼핑(주)롯데마트 강변점,대형마트,U,2026-04-30 03:03:03,서울특별시 광진구 광나루로56길 85 (구의동),정상영업,1,01,0234242500,대규모점포,208394.416382167    ,448165.279999905    ,서울특별시 광진구 구의동 546번지 4호,2026-04-29 16:45:47
3040000,2006304007307500001,2006-02-28,,영업/정상,,,,,3004.13,,,프라젠 스파,그 밖의 대규모점포,I,2025-12-15 16:15:28,서울특별시 광진구 자양로5길 33 (자양동),정상영업,1,01,0234360005,대규모점포,207368.624495222    ,447632.296040333    ,서울특별시 광진구 자양동 663번지 21  호,2013-12-26 14:29:25
3040000,2006304007307500002,2006-12-14,,영업/정상,,,,,11320.4,,,(주)이마트 자양점,대형마트,I,2025-12-15 16:15:28,서울특별시 광진구 아차산로 272 (자양동),정상영업,1,01,0267421234,대규모점포,206349.675048285    ,448396.939704285    ,서울특별시 광진구 자양동 227번지 7호,2025-04-01 10:12:15
3040000,2008304010307500001,2008-08-22,,영업/정상,,,,,26203.17,143-003,,롯데백화점 건대스타시티점,백화점,U,2026-04-16 03:03:03,서울특별시 광진구 능동로 92 (자양동),정상영업,1,01,0222182995,대규모점포,206217.434726027    ,448506.218743834    ,서울특별시 광진구 자양동 227번지 342호 롯데백화점 스타시티점,2026-04-15 17:23:13
3040000,2008304010307500002,2008-09-03,,영업/정상,,,,,3741.82,143-150,,파크에비뉴,그 밖의 대규모점포,I,2025-12-15 16:15:28,서울특별시 광진구 광나루로 369 (군자동),정상영업,1,01,024666767,대규모점포,206212.244268239    ,449577.174890763    ,서울특별시 광진구 군자동 503번지,2012-01-04 11:10:42
3040000,2011304015507500002,2011-09-22,,영업/정상,,,,,662.55,143-903,,(주)이마트에브리데이 중곡동점,구분없음,I,2025-12-15 16:15:28,서울특별시 광진구 긴고랑로11길 11 (중곡동),정상영업,1,01,024631903,준대규모점포,207114.498872176    ,451296.049443757    ,서울특별시 광진구 중곡1동 229번지 5호,2024-07-25 13:06:17
3040000,2011304015507500003,2011-10-04,,영업/정상,,,,,1162,143-914,,(주)지에스리테일GS수퍼 광진화양점,구분없음,I,2025-12-15 16:15:28,서울특별시 광진구 능동로13길 39 (화양동),정상영업,1,01,024691333,준대규모점포,206107.775163579    ,449029.342177779    ,서울특별시 광진구 화양동 10번지 1호,2025-04-14 13:39:19
3040000,2011304015507500004,2011-10-05,,영업/정상,,,,,235.8,143-888,,홈플러스익스프레스 중곡2점,구분없음,I,2025-12-15 16:15:28,서울특별시 광진구 용마산로 10 (중곡동),정상영업,1,01,0234378546,준대규모점포,207778.71422042     ,450256.437261231    ,서울특별시 광진구 중곡4동 93번지 2호,2022-09-28 15:13:40
3040000,2012304015507500001,2012-03-06,,영업/정상,,,,,274.4,143-898,,홈플러스(주)익스프레스 중곡점,구분없음,I,2025-12-15 16:15:28,서울특별시 광진구 능동로 314 (중곡동),정상영업,1,01,024478545,준대규모점포,207001.872308692    ,450597.61492646     ,서울특별시 광진구 중곡2동 157번지 1호,2024-04-11 17:28:16
3040000,2012304015507500002,2012-03-21,,영업/정상,,,,,132.23,143-817,,롯데 FRESH 아차산점,구분없음,I,2025-12-15 16:15:28,서울특별시 광진구 자양로 293 (구의동),정상영업,1,01,0234375602,준대규모점포,208075.543534642    ,449971.642025946    ,서울특별시 광진구 구의2동 49번지 4호,2023-03-30 15:10:12
3040000,2012304015507500004,2012-03-29,,영업/정상,,,,,232.07,143-822,,홈플러스익스프레스 구의2점,구분없음,I,2025-12-15 16:15:28,서울특별시 광진구 아차산로 473 (구의동),정상영업,1,01,024588545,준대규모점포,208261.748825555    ,448701.658478751    ,서울특별시 광진구 구의3동 212번지 2호,2022-09-28 15:12:01
3040000,2015304016807500001,2015-04-03,,영업/정상,,,,,4037.2,,05071,커먼그라운드,그 밖의 대규모점포,I,2025-12-15 16:15:28,서울특별시 광진구 아차산로 200 (자양동),정상영업,1,01,36777281,대규모점포,205758.816662193    ,448768.161400623    ,서울특별시 광진구 자양동 17번지 1호,2016-11-28 11:17:58
3040000,2021304019007500001,2021-06-08,,영업/정상,,,,,3208.98,,04977,구의 자이르네 판매시설,그 밖의 대규모점포,I,2025-12-15 16:15:28,서울특별시 광진구 광나루로39길 11 (구의동),정상영업,1,01,024578045,대규모점포,207775.86513205     ,449252.386906411    ,서울특별시 광진구 구의동 66-25,2025-03-18 17:07:41
3040000,2022304019007500001,2022-07-13,,영업/정상,,,,,203.28,,05038,GS THE FRESH 광진구의점,구분없음,I,2025-12-15 16:15:28,"서울특별시 광진구 자양로 168, 102호 (구의동, 광진 더프레236)",정상영업,1,01,0220062364,준대규모점포,207400.608063491    ,448930.683211743    ,서울특별시 광진구 구의동 236-53 광진 더프레236,2025-04-14 13:33:12
3040000,2024304019007500001,2024-01-05,,영업/정상,,,,,34138.84,,05050,넥스트커넥트피에프브이 (주)이스트폴 판매시설,쇼핑센터,I,2025-12-15 16:15:28,"서울특별시 광진구 아차산로 402, 판매시설 (자양동)",정상영업,1,01,024448604,대규모점포,207770.197118183    ,448131.0613924      ,서울특별시 광진구 자양동 680-63 판매시설,2025-09-03 16:30:07
3040000,2024304019007500002,2024-07-04,,영업/정상,,,,,162.28,,04986,GS THE FRESH 광진능동점,대형마트,I,2025-12-15 16:15:28,"서울특별시 광진구 천호대로112길 25, 1층 (능동)",정상영업,1,01,024462923,준대규모점포,207108.67238502     ,450297.066731294    ,서울특별시 광진구 능동 234-1,2025-04-14 13:37:17
3040000,2025304019007500001,2025-06-12,,영업/정상,,,,,297.32,,05043,GS THE FRESH 구의역점,대형마트,I,2025-12-15 16:15:28,"서울특별시 광진구 자양로18길 33, 1층 (구의동)",정상영업,1,01,0220062364,준대규모점포,207475.742181881    ,448425.52828576     ,서울특별시 광진구 구의동 257-126,2025-06-12 16:17:54
3040000,2025304019007500002,2025-09-03,,영업/정상,,,,,246.9,,04930,GS THE FRESH 광진중곡점,대형마트,I,2025-12-19 02:40:00,"서울특별시 광진구 천호대로 577, 1층 (중곡동)",정상영업,1,01,0220062364,준대규모점포,207209.236877061    ,450465.185988176    ,서울특별시 광진구 중곡동 140-27,2025-12-17 09:15:10
3040000,2001304007307500005,1974-07-01,,폐업,2006-01-23,,,,3185.08,,,화양시장,그 밖의 대규모점포,I,2025-12-15 16:15:28,,폐업처리,3,03,024666767,대규모점포,,,서울특별시 광진구 군자동 361번지 6호,2012-01-04 16:32:52
3050000,1979305010007500001,1979-09-13,,폐업,2017-12-27,,,,12979.73,130-020,,롯데백화점 청량리플라자,백화점,I,2025-12-15 16:15:28,"서울특별시 동대문구 왕산로 205-0 (전농동, 롯데백화점(청량리점))",폐업처리,3,03,0237072500,대규모점포,203996.013917877    ,453058.665828669    ,서울특별시 동대문구 전농동 620번지 69호,2017-12-29 08:42:21
3050000,2025305021007500003,2025-12-24,,영업/정상,,,,,195,,02418,GS THE FRESH 이문파크자이점,구분없음,I,2026-01-03 22:18:10,서울특별시 동대문구 이문로 120 (이문동),정상영업,1,01,0220062364,준대규모점포,205541.211931615    ,455132.605075423    ,서울특별시 동대문구 이문동 149-8 근린생활시설 2동 101호,2026-01-02 09:40:22
3050000,2000305008207500009,1972-09-01,,폐업,2001-05-02,,,,0,,,답십리중앙시장,그 밖의 대규모점포,I,2025-12-15 16:15:28,,폐업처리,3,03,0222449636,,205006.074911385    ,451814.33240199     ,서울특별시 동대문구 답십리동 265번지 5호,2007-08-13 15:34:30
3050000,2000305008207500011,1971-03-13,,폐업,2007-11-28,,,,0,,,장안시장,그 밖의 대규모점포,I,2025-12-15 16:15:28,,폐업처리,3,03,0222451333,,,,서울특별시 동대문구 장안동 217번지 2호,2007-12-04 15:55:29
3050000,2000305008207500013,1974-07-10,,폐업,2008-01-14,,,,0,,,휘경시장,시장,I,2025-12-15 16:15:28,,폐업처리,3,03,029678740,대규모점포,204881.313219146    ,454280.040555974    ,서울특별시 동대문구 회기동 346번지 18 호,2021-12-04 14:38:38
3050000,2000305008207500015,1962-03-12,,폐업,2006-03-02,,,,0,,,이문종합상가,그 밖의 대규모점포,I,2025-12-15 16:15:28,,폐업처리,3,03,029640076,,205396.363734301    ,455131.683241064    ,서울특별시 동대문구 이문동 292번지 10호,2007-08-13 11:34:34
3050000,2000305008207500017,1961-10-23,,폐업,2001-02-05,,,,0,,,답십리시장,그 밖의 대규모점포,I,2025-12-15 16:15:28,,폐업처리,3,03,0222427162,,205033.874040234    ,452322.301296488    ,서울특별시 동대문구 답십리동 68번지 1 호,2007-08-13 15:47:08
3050000,2000305008207500018,1999-01-26,,폐업,2003-04-01,,,,0,,,미도파마트,대형마트,I,2025-12-15 16:15:28,,폐업처리,3,03,029602222,,203075.098504907    ,452918.836458244    ,서울특별시 동대문구 제기동 892번지 71 호,2007-08-13 15:49:38
3050000,2002305008207500001,2002-10-22,,폐업,2007-01-02,,,,0,,,쉐르빌쇼핑타운,그 밖의 대규모점포,I,2025-12-15 16:15:28,,폐업처리,3,03,0222166500,,206101.9138443      ,452155.691148899    ,서울특별시 동대문구 장안동 371번지 0001호,2007-08-13 15:55:50
3050000,2002305008207500018,2002-11-12,,폐업,2003-04-01,,,,0,,,(주)미도파마트,대형마트,I,2025-12-15 16:15:28,,폐업처리,3,03,029602222,,203075.098504907    ,452918.836458244    ,서울특별시 동대문구 제기동 892번지 71호,2007-08-13 15:52:20
3050000,2004305008207500005,2004-09-08,,폐업,2008-01-14,,,,0,,,휘경시장,그 밖의 대규모점포,I,2025-12-15 16:15:28,,폐업처리,3,03,024371608,,204890.735006949    ,454315.0261032      ,서울특별시 동대문구 회기동 346번지 17호,2008-01-15 18:07:33
3050000,2004305008207500008,2004-11-22,,폐업,2005-03-02,,,,0,,,주-이문종합상가,그 밖의 대규모점포,I,2025-12-15 16:15:28,,폐업처리,3,03,029670094,,205396.363734301    ,455131.683241064    ,서울특별시 동대문구 이문동 292번지 10호,2007-08-10 17:04:10
3050000,2004305008207500009,2004-11-22,,폐업,2005-03-02,,,,0,,,주-이문종합상가,그 밖의 대규모점포,I,2025-12-15 16:15:28,,폐업처리,3,03,029670094,,205396.363734301    ,455131.683241064    ,서울특별시 동대문구 이문동 292번지 10호,2007-08-13 11:31:39
3050000,2007305010007500001,2007-02-05,,폐업,2021-11-01,,,,0,,02561,동부청과(주),그 밖의 대규모점포,I,2025-12-15 16:15:28,"서울특별시 동대문구 왕산로34길 26 (용두동, 청량리동부청과시장)",폐업처리,3,03,029679009,대규모점포,203728.022004023    ,452778.965235022    ,서울특별시 동대문구 용두동 39번지 1호,2021-11-19 12:48:40
3050000,2011305014007500005,2011-09-26,,폐업,2014-08-28,,,,410.9,130-081,,홈플러스(주) 익스프레스 이문점,그 밖의 대규모점포,I,2025-12-15 16:15:28,서울특별시 동대문구 이문로 144 (이문동),폐업처리,3,03,,준대규모점포,205403.77766039     ,455220.257356121    ,서울특별시 동대문구 이문1동 258번지 24호,2014-08-29 09:23:48
3050000,2012305014007500001,2012-05-07,,폐업,2014-12-31,,,,475.2,130-102,,롯데쇼핑(주) 롯데슈퍼 장안2동점,구분없음,I,2025-12-15 16:15:28,서울특별시 동대문구 답십리로 288 (장안동),폐업처리,3,03,0222435601,준대규모점포,206325.349431713    ,452184.2101607      ,서울특별시 동대문구 장안2동 368번지 1호 바우하우스,2015-01-13 13:34:32
3050000,2012305014007500002,2012-05-21,,폐업,2025-05-24,,,,130.8,130-080,,롯데쇼핑(주) 롯데마켓 999 이문점,복합쇼핑몰,I,2025-12-15 16:15:28,서울특별시 동대문구 이문로 88 (이문동),폐업처리,3,03,029675601,준대규모점포,205170.935816792    ,454707.524142172    ,서울특별시 동대문구 이문동 324번지 10호,2025-05-23 09:06:18
3050000,2013305014007500001,2013-08-14,,폐업,2014-12-31,,,,0,130-101,,롯데쇼핑(주) 롯데슈퍼 장안 2동점,구분없음,I,2025-12-15 16:15:28,서울특별시 동대문구  답십리로  288 (장안동),폐업처리,3,03,,준대규모점포,206325.349431713    ,452184.2101607      ,서울특별시 동대문구 장안동 368번지 1호 바우하우스,2015-01-13 13:38:28
3050000,2026305021007500001,2026-03-11,,영업/정상,,,,,193,,02453,GS THE FRESH 경희대학교점,구분없음,I,2026-03-12 22:18:11,서울특별시 동대문구 회기로21길 44 (회기동),영업개시전,5,01,0220062364,준대규모점포,204599.373004139    ,454552.779662883    ,서울특별시 동대문구 회기동 33-1,2026-03-11 10:06:02
3050000,2026305021007500002,2026-03-11,,영업/정상,,,,,885.6,,02418,하나로마트 외대역점,구분없음,U,2026-04-01 03:03:03,서울특별시 동대문구 이문로 120 (이문동),정상영업,1,01,0234981262,준대규모점포,205541.211931615    ,455132.605075423    ,서울특별시 동대문구 이문동 149-8,2026-03-31 13:20:17
3050000,2003305008207500001,2003-10-23,,폐업,2025-12-29,,,,12010,130-817,,홈플러스(주) 동대문점,대형마트,I,2025-12-31 02:40:00,서울특별시 동대문구 천호대로 133 (용두동),폐업처리,3,03,0221738121,대규모점포,203356.957362754    ,452469.300221465    ,서울특별시 동대문구 용두동 33번지 1호,2025-12-29 14:32:06
3050000,2014305014007500003,2014-09-25,,폐업,2026-01-31,,,,141,,,홈플러스 익스프레스 서울회기점,구분없음,I,2026-02-03 22:18:10,서울특별시 동대문구 경희대로 20 (회기동),폐업처리,3,03,029598545,준대규모점포,204599.373004139    ,454552.779662883    ,,2026-02-02 21:19:01
3050000,2000305008207500001,1977-12-26,,영업/정상,,,,,1250.85,,02579,용두시장,시장,I,2025-12-15 16:15:28,서울특별시 동대문구 무학로37길 12(용두동),정상영업,1,01,029263751,대규모점포,202538.011840845    ,452901.185283908    ,서울특별시 동대문구 용두동 231-5,2021-12-04 15:48:17
3050000,2000305008207500003,1960-06-29,,영업/정상,,,,,15540.7,,02571,경동시장,시장,I,2025-12-15 16:15:28,"서울특별시 동대문구 고산자로36길 3, 경동시장 (제기동)",정상영업,1,01,029678721,대규모점포,203403.019535366    ,452985.725419514    ,서울특별시 동대문구 제기동 1019 경동시장,2022-04-21 09:11:11
3050000,2000305008207500004,1972-10-12,,영업/정상,,,,,1813,,,동서시장,시장,I,2025-12-15 16:15:28,,정상영업,1,01,029678169,대규모점포,203597.856176904    ,453055.908738418    ,서울특별시 동대문구 제기동 650호,2021-12-04 15:45:28
3050000,2000305008207500005,1948-09-21,,영업/정상,,,,,19780.15,130-870,,청량리현대코아,그 밖의 대규모점포,I,2026-01-01 02:40:00,서울특별시 동대문구 홍릉로 13 (청량리동),정상영업,1,01,029599981,대규모점포,203851.375424856    ,453238.594217594    ,서울특별시 동대문구 청량리동 738번지,2025-12-30 10:51:34
3050000,2000305008207500007,1978-12-28,,영업/정상,,,,,10431.44,130-859,,전농프라자,그 밖의 대규모점포,I,2025-12-15 16:15:28,서울특별시 동대문구 서울시립대로 36 (전농동),정상영업,1,01,0222157200,대규모점포,204082.111844228    ,452472.990548179    ,서울특별시 동대문구 전농동 647번지 1호,2014-10-29 18:12:19
3050000,2000305008207500008,1974-04-02,,영업/정상,,,,,4244,130-854,,전농로타리시장,시장,I,2025-12-15 16:15:28,서울특별시 동대문구 전농로 147 (전농동),정상영업,1,01,0222171231,대규모점포,204970.90163598     ,452852.821037366    ,서울특별시 동대문구 전농동 295번지 52호,2021-12-04 14:55:15
3050000,2000305008207500010,1971-03-11,,영업/정상,,,,,1655.9,,02604,동부시장,시장,I,2025-12-15 16:15:28,서울특별시 동대문구 천호대로 281(답십리동),정상영업,1,01,0222444451,대규모점포,204551.741974471    ,451706.003571094    ,서울특별시 동대문구 답십리동 495-1,2021-12-04 14:28:11
3050000,2000305008207500012,1975-09-05,,영업/정상,,,,,809,,02525,전곡시장,시장,I,2025-12-15 16:15:28,서울특별시 동대문구 한천로 190(장안동),정상영업,1,01,0222453026,대규모점포,205987.345607556    ,452845.284277717    ,서울특별시 동대문구 장안동 108-5,2021-12-04 15:29:22
3050000,2000305008207500014,1974-07-11,,영업/정상,,,,,2178,,02428,이경시장,시장,I,2025-12-15 16:15:28,서울특별시 동대문구 휘경로 53(휘경동),정상영업,1,01,029666966,대규모점포,205761.988407757    ,454700.999035247    ,서울특별시 동대문구 휘경동 151-3,2021-12-04 15:35:20
3050000,2000305008207500016,1972-07-12,,영업/정상,,,,,1774,130-826,,이문제일시장,시장,I,2025-12-15 16:15:28,서울특별시 동대문구 이문로 136 (이문동),정상영업,1,01,029647051,대규모점포,205396.363734301    ,455131.683241064    ,서울특별시 동대문구 이문동 292번지 10호,2021-12-04 14:40:18
3050000,2004305008207500001,2004-02-09,,휴업,,,,,,,,기타대규모점포,그 밖의 대규모점포,I,2025-12-15 16:15:28,,휴업처리,2,02,,,,,   호   ,2007-07-21 10:33:30
3050000,2004305008207500002,2004-07-22,,영업/정상,,,,,7753.13,130-864,,한솔동의보감,전문점,I,2025-12-15 16:15:28,서울특별시 동대문구 왕산로 109 (제기동),정상영업,1,01,0263700050,대규모점포,203075.098504907    ,452918.836458244    ,서울특별시 동대문구 제기동 892번지 71호,2015-04-22 14:23:25
3050000,2005305008207500001,2005-04-29,,취소/말소/만료/정지/중지,,,,,1461,,,바우하우스,대형마트,I,2025-12-15 16:15:28,,직권취소,4,04,0222151000,대규모점포,206325.349431713    ,452184.2101607      ,서울특별시 동대문구 장안동 368번지 1호,2014-10-29 16:24:49
3050000,2005305008207500002,2005-04-29,,영업/정상,,,,,11167.69,130-840,,(주)형지쇼핑 아트몰링 장안점,그 밖의 대규모점포,I,2025-12-15 16:15:28,서울특별시 동대문구 답십리로 288 (장안동),정상영업,1,01,0222151000,대규모점포,206325.349431713    ,452184.2101607      ,서울특별시 동대문구 장안동 368번지 1호,2017-11-22 16:23:50
3050000,2006305008207500001,2006-04-24,,취소/말소/만료/정지/중지,,,,,0,,,건강백화점 동의보감,전문점,I,2025-12-15 16:15:28,,직권취소,4,04,0232994700,대규모점포,203258.377206168    ,452834.064124525    ,서울특별시 동대문구 용두동 787호,2014-10-29 14:57:10
3050000,2007305010007500002,2007-05-09,,영업/정상,,,,,13762.35,130-864,,불로장생타워,전문점,I,2025-12-15 16:15:28,서울특별시 동대문구 왕산로 117 (제기동),정상영업,1,01,029070135,대규모점포,203155.504921512    ,452914.607542858    ,서울특별시 동대문구 제기동 1140번지 5호,2022-02-18 16:30:15
3050000,2007305010007500003,2006-04-24,,영업/정상,,,,,6986.87,130-723,,건강백화점 동의보감,전문점,I,2025-12-15 16:15:28,,정상영업,1,01,32994700,대규모점포,203258.377206168    ,452834.064124525    ,서울특별시 동대문구 용두동 787번지 동의보감타워,2014-10-29 14:53:02
3050000,2009305010007500001,2009-03-20,,영업/정상,,,,,8286.24,130-081,,대규모점포 개설등록,그 밖의 대규모점포,I,2025-12-15 16:15:28,,정상영업,1,01,,,205396.363734301    ,455131.683241064    ,서울특별시 동대문구 이문1동 292번지 10호 (주)이문종합상가 이문동웰츠타워,2009-03-20 17:54:01
3050000,2010305010007500001,2010-07-23,,영업/정상,,,,,40346.6,130-851,,롯데백화점 청량리역사점,복합쇼핑몰,U,2026-04-28 03:03:03,서울특별시 동대문구 왕산로 214 (전농동),정상영업,1,01,0237072903,대규모점포,204081.282117393    ,453187.395154017    ,서울특별시 동대문구 전농1동 591번지 53호,2026-04-27 09:13:11
3050000,2010305010007500002,2010-08-11,,영업/정상,,,,,10910.6,130-851,,롯데쇼핑(주)롯데마트 청량리점,백화점,U,2026-05-11 03:03:03,서울특별시 동대문구 왕산로 214 (전농동),정상영업,1,01,0237064710,대규모점포,204081.282117393    ,453187.395154017    ,서울특별시 동대문구 전농1동 591번지 53호,2026-05-10 15:26:02
3050000,2011305010007500001,2011-03-15,,영업/정상,,,,,5746.45,130-100,,장안위더스빌,그 밖의 대규모점포,I,2025-12-15 16:15:28,서울특별시 동대문구 한천로 42 (장안동),정상영업,1,01,028403210,대규모점포,205423.969491537    ,451556.210578255    ,서울특별시 동대문구 장안동 580번지,2014-10-29 16:21:25
3050000,2011305014007500001,2021-08-26,,영업/정상,,,,,2260.6,130-080,,이마트에브리데이 이문점,복합쇼핑몰,I,2025-12-15 16:15:28,서울특별시 동대문구 이문로 136 (이문동),정상영업,1,01,029591234,준대규모점포,205396.363734301    ,455131.683241064    ,서울특별시 동대문구 이문동 292번지 10호,2024-07-23 15:04:40
3050000,2011305014007500002,2011-09-07,,영업/정상,,,,,1701.2,130-020,,롯데쇼핑(주) 롯데슈퍼 전농점,구분없음,U,2026-04-21 03:03:03,"서울특별시 동대문구 사가정로 148 (전농동, SK아파트)",정상영업,1,01,0222487800,준대규모점포,205271.704936121    ,452706.897879436    ,서울특별시 동대문구 전농동 10번지 외7필지 전농sk아파트 주상가동,2026-04-20 14:41:36
3050000,2011305014007500003,2011-09-07,,영업/정상,,,,,769.5,130-835,,롯데쇼핑(주) 롯데슈퍼 장안점,복합쇼핑몰,U,2026-04-21 03:03:03,서울특별시 동대문구 한천로46길 42 (장안동),정상영업,1,01,0222425611,준대규모점포,206176.178625746    ,453248.09724644     ,서울특별시 동대문구 장안동 94번지 27호 외1필지 예신프라자,2026-04-20 14:03:04
3050000,2011305014007500004,2011-09-26,,영업/정상,,,,,967.51,130-031,,이마트에브리데이 답십리점,구분없음,I,2025-12-15 16:15:28,서울특별시 동대문구 고미술로 49 (답십리동),정상영업,1,01,0222467292,준대규모점포,204638.486386691    ,451699.765836365    ,서울특별시 동대문구 답십리1동 530번지 11호  외1필지 지층1호~13호,2024-07-23 15:23:57
3050000,2011305014007500006,2011-12-28,,영업/정상,,,,,1478.96,130-100,,노브랜드 동대문 장안점,대형마트,I,2025-12-15 16:15:28,서울특별시 동대문구 한천로 42 (장안동),정상영업,1,01,0269082123,준대규모점포,205423.969491537    ,451556.210578255    ,서울특별시 동대문구 장안동 580번지,2024-04-30 16:41:33
3050000,2013305014007500002,2013-11-27,,영업/정상,,,,,3824.55,130-050,,베라체캠퍼스 에비뉴,그 밖의 대규모점포,I,2025-12-15 16:15:28,서울특별시 동대문구  이문로  37 (회기동),정상영업,1,01,029572116,대규모점포,204881.313219146    ,454280.040555974    ,서울특별시 동대문구 회기동 346번지 18호,2022-04-06 11:28:46
3050000,2014305014007500001,2008-08-06,,영업/정상,,,,,2448,130-813,,서울풍물시장,그 밖의 대규모점포,I,2025-12-15 16:15:28,서울특별시 동대문구 천호대로4길 21 (신설동),정상영업,1,01,22382600,대규모점포,202186.468072494    ,452282.607415166    ,서울특별시 동대문구 신설동 109번지 5호,2024-01-19 17:46:11
3050000,2014305014007500002,2009-03-20,,영업/정상,,,,,8286.24,130-826,,이문동웰츠타워,그 밖의 대규모점포,I,2025-12-15 16:15:28,서울특별시 동대문구 이문로 136 (이문동),정상영업,1,01,,대규모점포,205396.363734301    ,455131.683241064    ,서울특별시 동대문구 이문동 292번지 10호,2014-09-26 13:26:40
3050000,2018305014007500001,2018-01-25,,영업/정상,,,,,441.1,,02571,노브랜드 경동시장점,구분없음,I,2025-12-15 16:15:28,"서울특별시 동대문구 고산자로36길 3, 2층 (제기동)",정상영업,1,01,023809461,준대규모점포,203403.019535366    ,452985.725419514    ,서울특별시 동대문구 제기동 1019번지 신관 2층,2024-04-30 16:41:21
3050000,2022305014007500001,2022-07-11,,영업/정상,,,,,22487.6,,02561,청량리역 한양수자인 그라시엘 판매시설,그 밖의 대규모점포,I,2025-12-15 16:15:28,"서울특별시 동대문구 고산자로32길 78 (용두동, 청량리역한양수자인그라시엘)",정상영업,1,01,027218286,대규모점포,203728.022004023    ,452778.965235022    ,서울특별시 동대문구 용두동 39-1 청량리역한양수자인그라시엘,2023-06-29 10:04:00
3050000,2023305021007500002,2023-03-14,,영업/정상,,,,,307.23,,02523,GS THE FRESH 동대문장안점,구분없음,I,2025-12-15 16:15:28,"서울특별시 동대문구 장한로28가길 45, 희헌빌딩 (장안동)",정상영업,1,01,0220062364,준대규모점포,206341.538776724    ,452530.018811546    ,서울특별시 동대문구 장안동 310-8 희헌빌딩,2025-04-14 18:21:53
3050000,2025305021007500001,2025-01-20,,영업/정상,,,,,216,,02404,GS THE FRESH 이문라그란데점,복합쇼핑몰,I,2025-12-15 16:15:28,"서울특별시 동대문구 이문로35길 12, F동 101~4호 (이문동, 래미안라그란데아파트)",정상영업,1,01,0220062364,준대규모점포,205249.265435832    ,455308.651763587    ,서울특별시 동대문구 이문동 257-42 래미안라그란데아파트 F동 101~4호,2025-04-17 17:27:34
3050000,2025305021007500002,2025-06-23,,영업/정상,,,,,154.46,,02431,이마트에브리데이 휘경자이점,구분없음,I,2026-01-01 02:40:00,"서울특별시 동대문구 외대역동로 63-27, 상가동 201~203호 (휘경동, 휘경자이디센시아)",정상영업,1,01,024787114,준대규모점포,205461.893514965    ,454519.052992935    ,서울특별시 동대문구 휘경동 172 휘경자이디센시아,2025-12-30 10:06:37
3050000,2000305008207500002,1963-01-31,,폐업,2015-07-24,,,,1576.4,130-860,,제기시장,그 밖의 대규모점포,I,2025-12-15 16:15:28,서울특별시 동대문구 제기로 18 (제기동),폐업처리,3,03,0209282608,대규모점포,202996.738772654    ,453770.441750111    ,서울특별시 동대문구 제기동 135번지 90호,2015-07-24 11:13:07
3060000,2010306009507500001,2000-05-03,,폐업,2024-05-14,,,,9961.6,131-230,,주식회사 이마트 상봉점,대형마트,I,2025-12-15 16:15:28,서울특별시 중랑구 상봉로 118 (망우동),폐업처리,3,03,024901052,대규모점포,208183.558935157    ,454911.24852306     ,서울특별시 중랑구 망우동 506번지 1호,2024-05-14 10:35:54
3060000,2011306009507500004,2012-01-06,,영업/정상,,,,,1440.66,131-828,,(주)이마트에브리데이 면목동점,그 밖의 대규모점포,I,2025-12-15 16:15:28,서울특별시 중랑구 면목로39길 11 (면목동),정상영업,1,01,023805042,준대규모점포,207553.170404939    ,453031.11581883     ,서울특별시 중랑구 면목7동 650번지 카멜리아 쇼핑센타 1층,2024-08-06 11:26:39
3060000,2012306009507500002,1995-08-23,,폐업,2012-11-08,,,,11554.5,,,한남프라자,시장,I,2025-12-15 16:15:28,서울특별시 중랑구 면목로 470 (상봉동),폐업처리,3,03,024390011,대규모점포,207590.031147049    ,454599.632823069    ,,2013-06-19 10:20:42
3060000,2011306009507500006,2001-03-28,,영업/정상,,,,,4136,131-867,,동성타워프라자,복합쇼핑몰,I,2025-12-15 16:15:28,서울특별시 중랑구 봉화산로 221 (신내동),정상영업,1,01,34232975,대규모점포,208520.092335397    ,456195.877460936    ,서울특별시 중랑구 신내1동 786번지 동성타워프라자,2012-11-05 14:23:19
3060000,2012306009507500001,1975-09-09,,영업/정상,,,,1975-09-09,0,131-883,,태능엔터피아 번영회,시장,I,2025-12-15 16:15:28,서울특별시 중랑구 동일로129길 35 (중화동),정상영업,1,01,024328637,대규모점포,206771.217305763    ,455221.989517331    ,서울특별시 중랑구 중화2동 314번지 1호,2012-01-31 13:45:02
3060000,2013306009507500001,2013-11-28,,영업/정상,,,,,21844.34,,,이노시티,복합쇼핑몰,I,2025-12-15 16:15:28,"서울특별시 중랑구 망우로 353-0 (상봉동, 프레미어스 엠코)",정상영업,1,01,0222079991,대규모점포,207923.745922676    ,455090.718335439    ,,2024-06-18 15:25:21
3060000,2014306009507500001,1971-12-10,,영업/정상,,,,,1558.54,,,동원,시장,I,2025-12-15 16:15:28,서울특별시 중랑구 면목로74길 45 (면목동),정상영업,1,01,024390026,대규모점포,207869.605609192    ,454173.313439431    ,,2014-03-18 17:25:09
3060000,2021306017507500001,2021-11-25,,영업/정상,,,,,1150.47,,02024,롯데프레시앤델리 봉화산역점,그 밖의 대규모점포,I,2026-02-07 22:48:10,"서울특별시 중랑구 신내로 211, 금강리빙스텔 비01호 (신내동)",정상영업,1,01,0222905704,준대규모점포,208112.860200669    ,457113.638411288    ,서울특별시 중랑구 신내동 646 금강리빙스텔,2026-02-06 13:11:52
3060000,2023306020207500001,2023-04-04,,영업/정상,,,,,151.47,,02063,GS THE FRESH 중랑망우점,그 밖의 대규모점포,I,2025-12-15 16:15:28,"서울특별시 중랑구 양원역로 18, 103~106호 (망우동, 중랑숲금호어울림)",정상영업,1,01,,준대규모점포,209579.542671166    ,455549.589368255    ,서울특별시 중랑구 망우동 580 중랑숲금호어울림,2025-04-16 20:03:21
3060000,2024306020207500001,2024-02-08,,영업/정상,,,,,258.45,,02071,GS THE FRESH 신내점,그 밖의 대규모점포,I,2025-12-15 16:15:28,"서울특별시 중랑구 봉화산로56길 153, 대명프라자 (신내동)",정상영업,1,01,024343043,준대규모점포,208481.612667873    ,455496.980508789    ,서울특별시 중랑구 신내동 502-5 대명프라자,2024-02-13 14:17:38
3060000,2025306021507500001,2025-11-25,,영업/정상,,,,,183.97,,02016,이마트에브리데이 중화리버센SK점,대형마트,I,2025-12-25 02:40:00,"서울특별시 중랑구 중랑천로 200, 102,105,404호 (중화동, 리버센 SK VIEW 롯데캐슬)",정상영업,1,01,,준대규모점포,206612.198807103    ,455630.425418005    ,서울특별시 중랑구 중화동 331-1 리버센 SK VIEW 롯데캐슬,2025-12-23 10:29:28
3060000,2026306021507500001,2026-04-27,,영업/정상,,,,,5663.4,,02033,세이지움 태릉입구역,그 밖의 대규모점포,U,2026-05-07 03:03:03,서울특별시 중랑구 숙선옹주로 4 (묵동),정상영업,1,01,,대규모점포,206774.874230196    ,457011.632629502    ,서울특별시 중랑구 묵동 165,2026-05-06 16:51:59
3060000,2005306007507500001,2001-04-18,,영업/정상,,,,,9776.28,,,코스트코홀세일 상봉점,대형마트,I,2025-12-15 16:15:28,서울특별시 중랑구 망우로 336 (상봉동),정상영업,1,01,024391144,대규모점포,207897.260402153    ,454953.363448013    ,서울특별시 중랑구 상봉동 81호,2015-12-03 17:54:05
3060000,2006306009507500001,2006-08-28,,영업/정상,,,,,11101,131-132,,홈플러스 신내점,대형마트,I,2025-12-15 16:15:28,서울특별시 중랑구 신내로 201 (신내동),정상영업,1,01,0220248124,대규모점포,208208.786684767    ,457054.793655589    ,서울특별시 중랑구 신내2동 645번지,2024-03-04 14:56:59
3060000,2006306009507500002,2006-10-26,,영업/정상,,,,,8128.82,,,홈플러스(주)면목점,대형마트,I,2025-12-15 16:15:28,서울특별시 중랑구 사가정로 332 (면목동),정상영업,1,01,024372080,대규모점포,207090.86716546     ,453072.936040777    ,서울특별시 중랑구 면목동 168번지 2호,2024-05-22 09:57:55
3060000,2010306009507500002,2010-07-21,,영업/정상,,,,,5100.83,131-141,,주식회사 이마트 묵동점,대형마트,I,2025-12-15 16:15:28,서울특별시 중랑구 동일로 932 (묵동),정상영업,1,01,023809426,대규모점포,206777.731391054    ,456837.219624564    ,서울특별시 중랑구 묵1동 170번지 1호 외 35필지,2024-04-18 13:11:10
3060000,2010306009507500003,2010-12-29,,영업/정상,,,,,22618.65,131-221,,홈플러스(주) 서울 상봉점,대형마트,I,2025-12-15 16:15:28,"서울특별시 망우로 353-0 (상봉동, 프레미어스 엠코)",정상영업,1,01,0269228100,대규모점포,207923.745922676    ,455090.718335439    ,서울특별시 중랑구 상봉1동 500번지,2024-02-29 18:12:48
3060000,2010306009507500004,2010-07-21,,취소/말소/만료/정지/중지,,,,,5100.83,131-141,,신세계 이마트 묵동점,대형마트,I,2025-12-15 16:15:28,,직권취소,4,04,023809426,대규모점포,206777.731391054    ,456837.219624564    ,서울특별시 중랑구 묵1동 170번지 1호 외 35필지,2013-05-31 09:30:58
3060000,2011306009507500001,2011-07-04,,영업/정상,,,,,466.1,131-122,,홈플러스(주) 익스프레스 태릉점,그 밖의 대규모점포,I,2025-12-15 16:15:28,서울특별시 중랑구 동일로129길 35 (중화동),정상영업,1,01,024918546,준대규모점포,206771.217305763    ,455221.989517331    ,서울특별시 중랑구 중화2동 314번지 1호,2024-04-15 15:31:33
3060000,2011306009507500002,2011-08-09,,영업/정상,,,,,361.1,131-812,,홈플러스(주)익스프레스 면목점,그 밖의 대규모점포,I,2025-12-15 16:15:28,서울특별시 중랑구 면목로 357 (면목동),정상영업,1,01,024938545,준대규모점포,207708.364765906    ,453525.741161528    ,서울특별시 중랑구 면목3.8동 499번지 4호,2024-04-15 15:27:32
3060000,2011306009507500003,2011-08-09,,영업/정상,,,,,364.6,131-233,,홈플러스(주)익스프레스 망우점,그 밖의 대규모점포,I,2025-12-15 16:15:28,서울특별시 중랑구 용마산로 494 (망우동),정상영업,1,01,024348546,준대규모점포,208781.999418607    ,454740.62692431     ,서울특별시 중랑구 망우3동 410번지 1호,2024-04-15 15:27:19
3060000,2011306009507500005,2011-10-07,,폐업,2021-03-31,,,,427.5,131-222,,롯데쇼핑(주)롯데슈퍼 상봉점,그 밖의 대규모점포,I,2025-12-15 16:15:28,서울특별시 중랑구 망우로32길 23 (상봉동),폐업처리,3,03,024345602,준대규모점포,206740.95977172     ,454517.575326381    ,서울특별시 중랑구 상봉2동 129번지 9호,2021-06-08 20:27:06
3070000,1968307009907500001,1968-08-14,,폐업,2008-04-22,,,,3583.4,,,장석시장,시장,I,2025-12-15 16:15:28,,폐업처리,3,03,029151254,,205020.608686581    ,456783.766604012    ,서울특별시 성북구 장위동 60번지 1호,2008-10-07 11:10:31
3070000,2000307009907500012,1974-05-10,,폐업,2007-02-13,,,,1497,,,삼선시장,시장,I,2025-12-15 16:15:28,,폐업처리,3,03,027646480,,200571.15381745     ,454098.610861527    ,서울특별시 성북구 삼선동1가 29호,2008-10-07 10:47:44
3070000,2000307009907500003,1999-12-07,,폐업,2008-01-07,,,,1845,,,돈암시장,시장,I,2025-12-15 16:15:28,,폐업처리,3,03,,,,,서울특별시 성북구 삼선동5가 55번지 1  호,2008-10-07 11:00:47
3070000,2000307009907500006,1969-02-19,,폐업,2008-02-22,,,,2597,,,월곡시장,시장,I,2025-12-15 16:15:28,,폐업처리,3,03,029132982,,,,서울특별시 성북구 하월곡동 16번지 1 호,2008-10-07 11:05:21
3070000,2000307009907500008,1970-02-27,,폐업,2007-03-30,,,,1426.32,,,정릉시장,시장,I,2025-12-15 16:15:28,,폐업처리,3,03,029144851,,200741.814526594    ,456247.253686235    ,서울특별시 성북구 정릉동 405번지 1  호,2008-10-07 10:55:58
3070000,2000307009907500010,1972-07-04,,폐업,2018-07-12,,,,0,,,장위시장,그 밖의 대규모점포,I,2025-12-15 16:15:28,,폐업처리,3,03,029158881,,204411.779055457    ,456753.488817165    ,서울특별시 성북구 장위동 238번지 496 호,2018-08-30 13:50:46
3070000,2003307009907532101,2003-12-24,,폐업,2008-07-29,,,,2986,,,코코마트,시장,I,2025-12-15 16:15:28,,폐업처리,3,03,029434044,,204367.347787613    ,456732.945005445    ,서울특별시 성북구 장위동 68번지 1014호,2008-10-07 10:26:51
3070000,2008307013407500001,2008-06-20,,폐업,2025-08-08,,,,3583,136-143,,삼익아파트상가,그 밖의 대규모점포,I,2025-12-15 16:15:28,,폐업처리,3,03,,준대규모점포,205020.608686581    ,456783.766604012    ,서울특별시 성북구 장위동 60번지 1호,2025-08-11 14:53:11
3070000,2011307005007500001,2011-09-21,,폐업,2022-02-23,,,,739,,02846,롯데쇼핑(주)롯데슈퍼동소문점,그 밖의 대규모점포,I,2025-12-15 16:15:28,"서울특별시 성북구 동소문로 98, 메디컬센터빌딩 (동소문동5가)",폐업처리,3,03,22905853,준대규모점포,201358.893989884    ,454439.085102224    ,서울특별시 성북구 동소문동5가 75 메디컬센터빌딩,2025-08-14 14:51:09
3070000,2012307018907500002,2012-04-12,,폐업,2020-06-30,,,,198,136-111,,GS수퍼마켓 길음점,그 밖의 대규모점포,I,2025-12-15 16:15:28,서울특별시 성북구 길음로 103 (길음동),폐업처리,3,03,029412227,준대규모점포,201517.385329678    ,456504.561867278    ,서울특별시 성북구 길음1동 1280번지 6호,2025-08-14 14:56:07
3070000,2012307018907500003,2012-04-20,,폐업,2024-04-08,,,,80.49,136-131,,롯데슈퍼하월곡점,그 밖의 대규모점포,I,2025-12-15 16:15:28,,폐업처리,3,03,,준대규모점포,203353.798850162    ,455765.417145198    ,서울특별시 성북구 월곡1동 62번지 1호,2025-08-14 14:49:06
3070000,2012307018907500008,2017-04-27,,폐업,2022-02-23,,,,739,136-035,,롯데마이슈퍼 동소문점,구분없음,I,2025-12-15 16:15:28,서울특별시 성북구 동소문로 98 (동소문동5가),폐업처리,3,03,029235601,준대규모점포,201358.893989884    ,454439.085102224    ,서울특별시 성북구 동소문동5가 75번지,2022-02-23 16:55:24
3070000,2012307018907500009,2017-04-27,,폐업,2024-04-08,,,,80.49,136-111,,롯데마켓999 하월곡점,구분없음,I,2025-12-15 16:15:28,서울특별시 성북구 오패산로4길 17 (하월곡동),폐업처리,3,03,029185651,준대규모점포,201621.331749529    ,456272.261670237    ,서울특별시 성북구 길음1동 1285번지 7호,2024-04-17 13:37:54
3070000,2012307018907500010,2012-05-21,,폐업,2022-02-23,,,,292.56,136-110,,롯데마이슈퍼 길음점,구분없음,I,2025-12-15 16:15:28,"서울특별시 성북구 길음로13길 22 (길음동, 길음뉴타운7단지두산위브아파트)",폐업처리,3,03,029415610,준대규모점포,201592.991324089    ,456382.966061703    ,서울특별시 성북구 길음동 1274번지 67호,2022-02-23 16:54:36
3070000,2023307029907500003,2023-06-08,,폐업,2024-04-08,,,,80.49,,02751,롯데마켓 999 하월곡점,구분없음,I,2025-12-15 16:15:28,서울특별시 성북구 오패산로4길 17 (하월곡동),폐업처리,3,03,029185651,준대규모점포,203353.798850162    ,455765.417145198    ,서울특별시 성북구 하월곡동 62-1,2025-01-22 17:55:54
3070000,1998000000007500002,1998-05-22,,휴업,,,,,,,,코코마트,그 밖의 대규모점포,I,2025-12-15 16:15:28,,휴업처리,2,02,029434044,,204367.347787613    ,456732.945005445    ,서울특별시 성북구 장위동 68번지 1014호   ,2007-07-07 10:47:37
3070000,2000307009907500001,1961-12-04,,영업/정상,,,,,,,,보문시장,그 밖의 대규모점포,I,2025-12-15 16:15:28,,정상영업,1,01,,,,,서울특별시 성북구 보문동4가 1번지 1   호   ,2007-07-07 10:47:37
3070000,2000307009907500004,1999-02-25,,영업/정상,,,,,,,,미아시장,그 밖의 대규모점포,I,2025-12-15 16:15:28,,정상영업,1,01,029135724,,,,서울특별시 성북구 하월곡동 88번지 345호   ,2007-07-07 10:47:37
3070000,2000307009907500007,1999-01-21,,영업/정상,,,,,,,,석관시장,그 밖의 대규모점포,I,2025-12-15 16:15:28,,정상영업,1,01,029675571,,,,서울특별시 성북구 석관동 270호   ,2007-07-07 10:47:37
3070000,2000307009907500009,1971-05-22,,영업/정상,,,,,,,,새석관시장,그 밖의 대규모점포,I,2025-12-15 16:15:28,,정상영업,1,01,029620580,,204582.680269555    ,456210.836257791    ,서울특별시 성북구 석관동 338번지 18호   ,2007-07-07 10:47:37
3070000,2000307009907500011,1972-09-30,,영업/정상,,,,,,,,번동시장,그 밖의 대규모점포,I,2025-12-15 16:15:28,,정상영업,1,01,029157301,,204162.777672643    ,457664.961911112    ,서울특별시 성북구 장위동 301호   ,2007-07-07 10:47:37
3070000,2000307009907500013,1988-08-11,,영업/정상,,,,,,,,길음시장,그 밖의 대규모점포,I,2025-12-15 16:15:28,,정상영업,1,01,029127001,,,,서울특별시 성북구 길음동 540번지 2   호   ,2016-06-17 11:44:50
3070000,2000307009907500014,1994-04-29,,휴업,,,,,,,,코코마트,그 밖의 대규모점포,I,2025-12-15 16:15:28,,휴업처리,2,02,029434044,,204367.347787613    ,456732.945005445    ,서울특별시 성북구 장위동 68번지 1014호   ,2007-07-07 10:47:37
3070000,2000307009907500015,1995-11-16,,영업/정상,,,,,,,,동소문스카이프라자,그 밖의 대규모점포,I,2025-12-15 16:15:28,,정상영업,1,01,029266405,,,,서울특별시 성북구 돈암동 609번지 1  호   ,2007-07-07 10:47:37
3070000,2000307009907500016,1988-05-14,,휴업,,,,,10006,,,신세계백화점 미아점,백화점,I,2025-12-15 16:15:28,,휴업처리,2,02,029620580,,202555.30089577     ,456503.066230481    ,서울특별시 성북구 길음동 25번지 2호   ,2007-07-07 10:47:37
3070000,2001307013407500001,2001-08-11,,영업/정상,,,,,36583,,,현대백화점 미아점,백화점,I,2025-12-15 16:15:28,"서울특별시 성북구 동소문로 315 (길음동, 현대백화점미아점)",정상영업,1,01,0221173014,대규모점포,202466.801084521    ,456227.571720914    ,서울특별시 성북구 길음동 20번지 1호,2024-04-08 17:44:03
3070000,2003307009907500001,2003-02-10,,영업/정상,,,,2003-02-10,2973.4,136-802,,길음시장,시장,I,2025-12-15 16:15:28,서울특별시 성북구 동소문로 227 (길음동),정상영업,1,01,029436563,대규모점포,201852.588541848    ,455598.947533777    ,서울특별시 성북구 길음동 535번지 8호,2017-04-20 18:08:30
3070000,2003307009907500002,2003-02-10,,휴업,,,,,6058.38,,,길음시장,그 밖의 대규모점포,I,2025-12-15 16:15:28,,휴업처리,2,02,029436563,,201876.521665604    ,455664.635302013    ,서울특별시 성북구 길음동 540번지 2호   ,2007-07-07 10:47:37
3070000,2004307009907500001,2008-05-29,,영업/정상,,,,,10006,,,신세계이마트미아점,대형마트,I,2025-12-15 16:15:28,,정상영업,1,01,0203805234,,202555.30089577     ,456503.066230481    ,서울특별시 성북구 길음동 25번지 2호,2008-06-01 10:57:11
3070000,2004307018907500001,2004-09-22,,영업/정상,,,,,18964,136-111,,이마트 미아점,대형마트,I,2025-12-15 16:15:28,서울특별시 성북구  도봉로  17 (길음동),정상영업,1,01,029441234,대규모점포,202555.30089577     ,456503.066230481    ,서울특별시 성북구 길음동 25번지 2호,2014-02-24 13:48:56
3070000,2008307013407500002,2008-10-27,,영업/정상,,,,,4382.65,,02797,종암우림카이저팰리스주상복합,그 밖의 대규모점포,I,2025-12-15 16:15:28,"서울특별시 성북구 종암로 132 (종암동, 종암우림카이저팰리스)",정상영업,1,01,0209413506,대규모점포,202887.735294472    ,455516.204264925    ,서울특별시 성북구 종암동 132번지,2016-03-10 13:18:37
3070000,2010307013407500001,2010-04-28,,영업/정상,,,,,10006,,02729,이마트 미아점,대형마트,I,2025-12-15 16:15:28,"서울특별시 성북구 도봉로 17, 신세계 이마트 미아점 (길음동)",정상영업,1,01,,대규모점포,202555.30089577     ,456503.066230481    ,서울특별시 성북구 길음동 25번지 2호 신세계 이마트 미아점,2020-04-22 10:13:56
3070000,2010307013407500002,2010-05-19,,영업/정상,,,,,17817,,02751,홈플러스 월곡점,대형마트,I,2025-12-15 16:15:28,"서울특별시 성북구 화랑로 76, 코업스타클래스 (하월곡동)",정상영업,1,01,0236698000,대규모점포,203502.004139568    ,455500.568972657    ,서울특별시 성북구 하월곡동 46-73 코업스타클래스,2025-05-08 19:21:06
3070000,2010307013407500003,2010-06-30,,영업/정상,,,,,19201,136-735,,이마트 하월곡점,대형마트,I,2025-12-15 16:15:28,"서울특별시 성북구 종암로 167,  동 (하월곡동)",정상영업,1,01,029441051,대규모점포,202667.468802014    ,455858.920803881    ,서울특별시 성북구 길음2동 230번지 동일하이빌뉴시티아파트,2014-02-24 13:42:32
3070000,2011307018907500001,2011-09-02,,영업/정상,,,,,1202,,,GS더프레시 동소문점,구분없음,I,2025-12-15 16:15:28,"서울특별시 성북구 성북로4길 52 (돈암동, 한진아파트)",정상영업,1,01,,준대규모점포,200841.726990037    ,454721.505180141    ,,2025-05-13 15:57:29
3070000,2011307018907500002,2011-09-08,,영업/정상,,,,,331,136-062,,GS더프레시 성북돈암점,구분없음,I,2025-12-15 16:15:28,"서울특별시 성북구 북악산로 844 (돈암동, 돈암이수브라운스톤아파트)",정상영업,1,01,0232913333,준대규모점포,201501.474496909    ,455061.698603977    ,서울특별시 성북구 돈암2동 636번지,2025-05-13 15:57:03
3070000,2012307018907500001,2012-04-12,,영업/정상,,,,,202,136-720,,GS더프레시 길음뉴타운점,구분없음,I,2025-12-15 16:15:28,"서울특별시 성북구 길음로 33 (길음동, 길음뉴타운8단지아파트)",정상영업,1,01,0260531252,준대규모점포,201514.970976778    ,456137.102062808    ,서울특별시 성북구 길음1동 1284번지 삼성래미안3차아파트,2025-05-13 15:48:10
3070000,2012307018907500006,2012-04-25,,영업/정상,,,,,17056,136-051,,유타쇼핑몰,복합쇼핑몰,U,2026-04-15 03:03:03,서울특별시 성북구 동소문로 106 (동선동1가),정상영업,1,01,029259523,대규모점포,201447.418693099    ,454477.103343093    ,서울특별시 성북구 동선동1가 1번지 2호,2026-04-14 13:59:36
3070000,2012307018907500007,2012-05-14,,영업/정상,,,,,149.49,,02866,홈플러스익스프레스 삼선점,그 밖의 대규모점포,I,2025-12-15 16:15:28,서울특별시 성북구 삼선교로 6 (삼선동1가),정상영업,1,01,0236758549,준대규모점포,200509.660547343    ,453950.640893998    ,서울특별시 성북구 삼선동1가 21,2025-01-22 18:12:37
3070000,2012307018907500011,2012-05-21,,영업/정상,,,,,685.6,136-140,,롯데슈퍼 장위점,구분없음,U,2026-05-09 03:03:03,서울특별시 성북구 월계로40길 7 (장위동),정상영업,1,01,029155603,준대규모점포,204208.631200867    ,457844.348010616    ,서울특별시 성북구 장위동 316번지 3호,2026-05-08 14:44:13
3070000,2012307018907500012,2012-05-21,,영업/정상,,,,,257,136-854,,롯데슈퍼 정릉점,구분없음,U,2026-05-09 03:03:03,서울특별시 성북구 정릉로 307 (정릉동),정상영업,1,01,029145601,준대규모점포,201548.495615664    ,455659.81785175     ,서울특별시 성북구 정릉3동 1034번지,2026-05-08 14:41:33
3070000,2012307018907500013,2012-05-21,,영업/정상,,,,,215,136-087,,홈플러스익스프레스 보문점,그 밖의 대규모점포,I,2025-12-15 16:15:28,서울특별시 성북구 보문로 61 (보문동7가),정상영업,1,01,029218545,준대규모점포,201826.002331378    ,453162.376311852    ,서울특별시 성북구 보문동7가 25번지 1호,2025-01-22 18:10:30
3070000,2012307018907500014,2012-05-21,,영업/정상,,,,,189,136-732,,홈플러스익스프레스 길음점,그 밖의 대규모점포,I,2025-12-15 16:15:28,서울특별시 성북구 길음로13길 22 (길음동),정상영업,1,01,029428545,준대규모점포,201592.991324089    ,456382.966061703    ,서울특별시 성북구 길음동 1285번지 두산아파트상가,2025-01-22 18:10:14
3070000,2012307019707500002,2012-10-16,,영업/정상,,,,,14370,136-751,,동소문스카이상가,복합쇼핑몰,I,2025-12-15 16:15:28,서울특별시 성북구 성북로4길 52 (돈암동),정상영업,1,01,029266405,대규모점포,200841.726990037    ,454721.505180141    ,서울특별시 성북구 돈암동 609번지 1호,2025-01-22 18:09:57
3070000,2014307021607500001,2008-05-29,,영업/정상,,,,,10006,136-800,,이마트 미아점,대형마트,I,2025-12-15 16:15:28,서울특별시 성북구 도봉로 17 (길음동),정상영업,1,01,029441052,대규모점포,202555.30089577     ,456503.066230481    ,서울특별시 성북구 길음동 25번지 2호,2024-04-29 13:49:19
3070000,2014307021607500002,2012-02-24,,영업/정상,,,,,10745,136-735,,이마트 하월곡점,대형마트,I,2025-12-15 16:15:28,"서울특별시 성북구 종암로 167 (하월곡동, 동일하이빌뉴시티아파트)",정상영업,1,01,0269361251,대규모점포,202667.468802014    ,455858.920803881    ,서울특별시 성북구 하월곡동 230번지 동일하이빌뉴시티아파트,2025-05-26 14:52:53
3070000,2017307021607500001,2017-04-26,,영업/정상,,,,,301.45,,02874,GS더프레시 성북보문점,구분없음,I,2025-12-15 16:15:28,"서울특별시 성북구 보문사길 111 (보문동6가, 보문파크뷰자이)",정상영업,1,01,0220063215,준대규모점포,201562.571790335    ,453092.434673285    ,,2025-05-13 15:52:44
3070000,2019307021607500001,2019-05-24,,영업/정상,,,,,0,,02831,동소문스카이상가,그 밖의 대규모점포,I,2025-12-15 16:15:28,"서울특별시 성북구 성북로4길 52 (돈암동, 한신한진아파트)",정상영업,1,01,029266405,대규모점포,200841.726990037    ,454721.505180141    ,서울특별시 성북구 돈암동 609번지 1호 스카이프라자상가,2019-05-24 17:01:59
3070000,2019307021607500002,2019-05-29,,영업/정상,,,,,4612.41,,,길음시장,그 밖의 대규모점포,I,2025-12-15 16:15:28,,정상영업,1,01,029129110,대규모점포,,,"서울특별시 성북구 길음동 535번지8호, 535번지26호, 540번지2호",2019-05-29 17:30:00
3070000,2019307021607500003,2019-06-13,,영업/정상,,,,,5022.21,,,길음시장,그 밖의 대규모점포,I,2025-12-15 16:15:28,,정상영업,1,01,029129110,대규모점포,,,"서울특별시 성북구 길음동 535-8,535-26,540-2,540-7",2019-06-13 08:58:32
3070000,2022307028607500002,2022-04-18,,영업/정상,,,,,186.6,,02730,GS더프레시 성북클라시아점,구분없음,I,2025-12-15 16:15:28,"서울특별시 성북구 숭인로8길 80, 롯데캐슬클라시아 상가 101~104호 (길음동)",정상영업,1,01,0220062678,준대규모점포,202226.378526398    ,456194.352420546    ,서울특별시 성북구 길음동 508-16,2025-05-13 15:51:54
3070000,2023307029907500001,2023-04-18,,영업/정상,,,,,828.69,,02721,이마트에브리데이 길음점,그 밖의 대규모점포,I,2025-12-15 16:15:28,"서울특별시 성북구 길음로7길 6, 길음뉴타운9단지래미안 상가 지하1층 B04~B08호 (길음동)",정상영업,1,01,023805042,준대규모점포,201912.435615622    ,455775.861032353    ,서울특별시 성북구 길음동 1286-10 길음뉴타운9단지래미안 상가,2025-01-22 18:07:54
3070000,2023307029907500002,2023-04-18,,영업/정상,,,,,828.69,,02721,이마트에브리데이 길음점,구분없음,I,2025-12-15 16:15:28,"서울특별시 성북구 길음로7길 6, 길음뉴타운9단지래미안 상가 지하1층 B04~B08호 (길음동)",영업개시전,5,01,023805042,준대규모점포,201912.435615622    ,455775.861032353    ,서울특별시 성북구 길음동 1286-10 길음뉴타운9단지래미안 상가,2023-04-20 09:38:33
3070000,2025307029907500001,2025-01-15,,영업/정상,,,,,329,,02871,GS더프레시 보문역사거리점,구분없음,I,2025-12-15 16:15:28,"서울특별시 성북구 보문로 121, 신한은행보문동지점 1층 일부 (보문동2가)",영업개시전,5,01,0220062364,준대규모점포,201572.041303407    ,453729.457829945    ,서울특별시 성북구 보문동2가 79 신한은행보문동지점,2025-05-12 10:39:29
3070000,2000307009907500002,1961-12-24,,폐업,2008-10-06,,,,3701.61,,,종암시장,시장,I,2025-12-15 16:15:28,,폐업처리,3,03,029413506,,,,서울특별시 성북구 종암동 3번지 75  호,2008-10-07 10:21:30
3080000,2009308009207500002,2009-09-22,,폐업,2014-12-22,,,,2384.99,142-815,,성북프라자,그 밖의 대규모점포,I,2026-04-30 22:35:18,서울특별시 강북구 도봉로33길 18 (미아동),폐업처리,3,03,,대규모점포,202266.448738483    ,457691.802407444    ,서울특별시 강북구 송천동,2014-12-23 13:39:50
3080000,2011308013907500004,2011-08-23,,영업/정상,,,,,490,142-100,,㈜지에스리테일 GS수퍼 강북미아점,구분없음,I,2026-04-30 22:35:18,서울특별시 강북구 삼양로27길 35-21 (미아동),정상영업,1,01,69338701,준대규모점포,201602.577531291    ,457290.100695375    ,서울특별시 강북구 미아동 1357번지 6호,2025-05-23 12:05:15
3080000,2011308013907500006,2011-09-16,,폐업,2022-01-15,,,,1662.2,142-071,,롯데쇼핑(주)롯데슈퍼수유점,대형마트,I,2026-04-30 22:35:18,서울특별시 강북구 도봉로67길 18 (수유동),폐업처리,3,03,22905853,준대규모점포,201956.180985499    ,458714.365820521    ,서울특별시 강북구 수유1동 54번지 5호,2022-01-19 11:02:32
3080000,2011308013907500007,2011-09-16,,폐업,2020-07-04,,,,226.1,142-731,,롯데쇼핑(주)롯데슈퍼삼양점,대형마트,I,2026-04-30 22:35:18,서울특별시 강북구 삼양로27길 19 (미아동),폐업처리,3,03,,준대규모점포,201731.684416461    ,457219.335594234    ,서울특별시 강북구 삼각산동 812번지 삼성래미안트리베라2차아파트 상가 204동 115-119,2021-04-29 09:26:11
3080000,2012308013907500001,2012-03-20,,폐업,2019-02-27,,,,303.4,,,롯데쇼핑(주)롯데슈퍼미아점,대형마트,I,2026-04-30 22:35:18,"서울특별시 강북구 삼양로19길 25, 110동 지하1층 5호,6호 (미아동, 삼성래미안트리베라1차)",폐업처리,3,03,,준대규모점포,201760.433753367    ,456845.373829971    ,,2019-03-07 11:01:17
3080000,2011308013907500005,2011-09-09,,영업/정상,,,,,8319.26,142-100,,롯데쇼핑(주) 롯데마트 삼양점,복합쇼핑몰,I,2026-04-30 22:35:18,서울특별시 강북구 삼양로 247 (미아동),정상영업,1,01,0209441510,대규모점포,201494.627293774    ,458136.342274236    ,서울특별시 강북구 미아동 1359번지,2026-01-08 09:32:14
3080000,2011308013907500008,2011-12-02,,영업/정상,,,,,500.56,142-807,,(주)이마트에브리데이 미아동점,구분없음,I,2026-04-30 22:35:18,"서울특별시 강북구 도봉로 157, 112호 (미아동, 두원프라자)",정상영업,1,01,32813652,준대규모점포,202314.47965444     ,457821.853133872    ,서울특별시 강북구 미아동 1351번지,2024-11-26 17:25:29
3080000,2012308013907500002,2012-03-22,,영업/정상,,,,,788.08,,,(주)농협유통 미아점,대형마트,I,2026-04-30 22:35:18,서울특별시 강북구 도봉로33길 18 (미아동),정상영업,1,01,,준대규모점포,202266.448738483    ,457691.802407444    ,,2014-10-08 17:32:06
3080000,2012308013907500003,2012-03-22,,영업/정상,,,,,245.37,,,홈플러스(주)익스프레스미아점,구분없음,I,2026-04-30 22:35:18,서울특별시 강북구 도봉로 172 (미아동),정상영업,1,01,029808547,준대규모점포,202344.117949112    ,457986.172253906    ,,2024-03-25 18:03:11
3080000,2013308013907500002,1962-08-21,,영업/정상,,,,,1061,,,우이시장,그 밖의 대규모점포,I,2026-04-30 22:35:18,서울특별시 강북구 노해로23길 68 (수유동),정상영업,1,01,029930240,대규모점포,201692.868936629    ,460402.065518179    ,,2024-03-20 21:34:46
3080000,2014308013907500001,2014-12-24,,영업/정상,,,,,12353.04,142-100,,연이스퀘어,쇼핑센터,I,2026-04-30 22:35:18,서울특별시 강북구 도봉로 52 (미아동),정상영업,1,01,029811151,대규모점포,202624.617262819    ,456818.85207077     ,서울특별시 강북구 미아동 71번지 1호,2019-03-11 15:16:58
3080000,2024308019007500001,2024-02-07,,영업/정상,,,,,227.01,,01237,GS THE FRESH 북서울숲점,구분없음,I,2026-04-30 22:35:18,"서울특별시 강북구 오패산로30길 10, 대지쇼핑프라자 1층 101~104호, 106호~122호 (미아동)",정상영업,1,01,0220062364,준대규모점포,203008.20501727     ,456808.972105684    ,"서울특별시 강북구 미아동 7-5 대지쇼핑프라자 1층 101~104호, 106호~122호",2025-05-02 09:47:25
3080000,2025308019007500001,2025-04-07,,영업/정상,,,,,294.5,,01100,GS THE FRESH 수유중앙점,구분없음,I,2026-04-30 22:35:18,서울특별시 강북구 삼양로79길 24-17 (수유동),정상영업,1,01,0220062364,준대규모점포,201357.487353084    ,458750.390221395    ,서울특별시 강북구 수유동 472-304,2025-05-02 09:46:10
3080000,2025308019007500002,2025-08-29,,영업/정상,,,,,925.62,,01117,(주)이마트에브리데이 수유시장점,구분없음,I,2026-04-30 22:35:18,"서울특별시 강북구 도봉로67길 18, 수유시장 1층 (수유동)",정상영업,1,01,023805042,준대규모점포,201956.180985499    ,458714.365820521    ,서울특별시 강북구 수유동 54-5 수유시장,2025-09-27 14:34:54
3080000,1966308016907500009,1966-12-19,,영업/정상,,,,,5301.07,,01117,수유시장,그 밖의 대규모점포,I,2026-04-30 22:35:16,"서울특별시 강북구 도봉로67길 18, 수유시장 (수유동)",정상영업,1,01,029894730,대규모점포,201956.180985499    ,458714.365820521    ,서울특별시 강북구 수유동 54번지 5호 수유시장,2019-03-11 19:23:47
3080000,1971308013907500001,1971-07-19,,영업/정상,,,,,2651,142-061,,북부시장,시장,I,2026-04-30 22:35:16,서울특별시 강북구 한천로123길 26 (번동),정상영업,1,01,029011683,대규모점포,202608.934103734    ,459320.030764534    ,서울특별시 강북구 번1동 413번지 3호,2014-09-18 11:39:24
3080000,1971308016907500002,1971-11-18,,영업/정상,,,,,3634.6,,01076,수유중앙시장,그 밖의 대규모점포,I,2026-04-30 22:35:16,"서울특별시 강북구 노해로17길 21, 수유중앙시장 (수유동)",정상영업,1,01,029021353,대규모점포,201812.904685238    ,459775.992830125    ,서울특별시 강북구 수유동 32번지 2호 수유중앙시장,2019-03-11 18:50:37
3080000,1975308016907500002,1975-02-11,,영업/정상,,,,,5023.11,,01189,동북프라자,그 밖의 대규모점포,I,2026-04-30 22:35:16,"서울특별시 강북구 솔샘로 233, 동북프라자 (미아동)",정상영업,1,01,029800740,대규모점포,201589.777957863    ,457545.100871485    ,서울특별시 강북구 미아동 701번지 3호 동북프라자,2020-10-28 14:41:07
3080000,197530801690752,1975-02-11,,영업/정상,,,,,3243,,01189,동북시장,그 밖의 대규모점포,I,2026-04-30 22:35:16,"서울특별시 강북구 솔샘로 233, 동북프라자 (미아동)",정상영업,1,01,029800740,대규모점포,201589.777957863    ,457545.100871485    ,서울특별시 강북구 미아동 701번지 3호 동북프라자,2018-07-13 15:13:59
3080000,1998308007507500012,1998-10-12,,휴업,,,,,,,,수유프라자,그 밖의 대규모점포,I,2026-04-30 22:35:16,,휴업처리,2,02,029880450,,202000.513660624    ,458815.97773382     ,서울특별시 강북구 수유동 63호   ,2007-06-30 10:46:45
3080000,1998308009207500001,1998-06-25,,영업/정상,,,,,4239.91,,01114,수유프라자,그 밖의 대규모점포,I,2026-04-30 22:35:16,"서울특별시 강북구 도봉로 261 (수유동, 삼호아파트,수유프라자)",정상영업,1,01,029822278,대규모점포,202000.513660624    ,458815.97773382     ,서울특별시 강북구 수유동 63번지,2026-04-21 13:28:34
3080000,2003000000007500013,2003-12-09,,영업/정상,,,,,0,142-874,,수유프라자,그 밖의 대규모점포,I,2026-04-30 22:35:16,서울특별시 강북구 도봉로 261 (수유동),정상영업,1,01,,대규모점포,202000.513660624    ,458815.97773382     ,서울특별시 강북구 수유동 63번지,2015-05-19 11:00:37
3080000,2003308007507500005,2003-04-25,,영업/정상,,,,,9258,,,숭인시장,그 밖의 대규모점포,I,2026-04-30 22:35:16,서울특별시 강북구 도봉로 45 (미아동),정상영업,1,01,029881430,대규모점포,202558.581755334    ,456709.916330722    ,서울특별시 강북구 미아동 58호,2019-03-11 19:22:07
3080000,2003308007507500012,2003-08-05,,휴업,,,,,,,,강북종합시장,그 밖의 대규모점포,I,2026-04-30 22:35:16,,휴업처리,2,02,029943989,,,,   호   ,2007-06-30 10:46:45
3080000,2006308009207500001,2006-12-14,,영업/정상,,,,,45651.37,,,롯데백화점 미아점,복합쇼핑몰,I,2026-04-30 22:35:16,서울특별시 강북구 도봉로 62 (미아동),정상영업,1,01,029442500,대규모점포,202625.646264572    ,456875.973976242    ,서울특별시 강북구 미아동 70번지 6   호,2026-04-21 13:22:47
3080000,2007308009207500001,2007-05-17,,휴업,,,,,3553.11,,,트레지오,쇼핑센터,I,2026-04-30 22:35:16,,휴업처리,2,02,029867000,,,,서울특별시 강북구 미아동 35번지 4   호 도봉로32  ,2007-06-30 10:46:45
3080000,2008308009207500001,2008-07-10,,영업/정상,,,,,1698.5,142-870,,수유북부시장,그 밖의 대규모점포,I,2026-04-30 22:35:17,서울특별시 강북구 삼양로91길 11-12 (수유동),정상영업,1,01,029035546,대규모점포,201354.553491054    ,459317.583083716    ,서울특별시 강북구 수유동 405번지 5호,2021-12-20 09:39:17
3080000,2009308009207500001,2009-09-10,,영업/정상,,,,,4834.6,142-804,,트레지오,복합쇼핑몰,I,2026-04-30 22:35:17,서울특별시 강북구 도봉로 34 (미아동),정상영업,1,01,,대규모점포,202642.446045912    ,456636.308192293    ,서울특별시 강북구 송중동,2022-01-18 13:00:14
3080000,2011308013907500001,2011-01-03,,영업/정상,,,,,2837,142-073,,강북종합시장,그 밖의 대규모점포,I,2026-04-30 22:35:18,서울특별시 강북구 한천로148길 12-43 (수유동),정상영업,1,01,029943989,대규모점포,,,서울특별시 강북구 수유3동 179번지 5호,2011-12-19 13:41:27
3080000,2011308013907500002,2011-01-24,,영업/정상,,,,,2736.8,142-061,,강북 북부시장,그 밖의 대규모점포,I,2026-04-30 22:35:18,서울특별시 강북구 한천로123길 26 (번동),정상영업,1,01,029021683,대규모점포,202608.934103734    ,459320.030764534    ,서울특별시 강북구 번1동 413번지 3호,2024-03-20 21:36:36
3080000,2011308013907500003,2011-08-23,,폐업,2016-11-30,,,,870,142-866,,(주)지에스리테일번동점,대형마트,I,2026-04-30 22:35:18,서울특별시 강북구 덕릉로 176 (번동),폐업처리,3,03,,준대규모점포,202888.313576922    ,459197.373185929    ,서울특별시 강북구 번2동 433번지 1호,2017-04-11 14:13:41
3090000,2002309008707500001,2002-06-20,,폐업,2020-11-30,,,,10840.62,132-854,,롯데쇼핑(주)VIC마켓도봉점,대형마트,I,2025-12-15 16:15:28,서울특별시 도봉구 마들로 645 (방학동),폐업처리,3,03,0222892523,대규모점포,203920.444016775    ,462830.484935873    ,서울특별시 도봉구 방학동 717번지 6호,2020-12-18 08:16:49
3090000,2026309018507500002,2026-04-10,,영업/정상,,,,,255.6,,01325,(주)이마트에브리데이 도봉아테라점,구분없음,I,2026-04-11 22:18:12,"서울특별시 도봉구 마들로 708 (도봉동, 도봉 아테라)",영업개시전,5,01,023805042,준대규모점포,204067.822626124    ,463429.737549948    ,서울특별시 도봉구 도봉동 95 도봉 아테라,2026-04-10 13:06:44
3090000,2003309008707500845,2003-02-03,,영업/정상,,,,,4036.49,132-731,,도봉한신쇼핑상가,복합쇼핑몰,I,2025-12-15 16:15:28,서울특별시 도봉구 도봉로180나길 41 (도봉동),정상영업,1,01,029546442,대규모점포,204169.847670316    ,464814.717432497    ,서울특별시 도봉구 도봉동 30번지 1호 도봉한신쇼핑상가,2025-05-16 11:25:29
3090000,2003309008707500846,2003-06-25,,영업/정상,,,,,15851.56,132-854,,홈플러스(주)방학점,대형마트,I,2025-12-15 16:15:28,서울특별시 도봉구 도봉로 678 (방학동),정상영업,1,01,0209122080,대규모점포,203790.013568785    ,462495.417040876    ,서울특별시 도봉구 방학동 707번지 7호,2024-02-23 17:58:32
3090000,2007309010507500001,2006-09-04,,영업/정상,,,,,5648.26,132-918,,삼익쇼핑,그 밖의 대규모점포,I,2025-12-15 16:15:28,서울특별시 도봉구 덕릉로57길 30 (창동),정상영업,1,01,029070033,대규모점포,203220.921406024    ,459746.924430501    ,서울특별시 도봉구 창동 581번지 28호,2014-09-29 17:07:06
3090000,2010309010507500001,2010-04-02,,영업/정상,,,,,4297.5,132-904,,(주) 이마트 창동점,복합쇼핑몰,I,2025-12-15 16:15:28,서울특별시 도봉구 노해로65길 4 (창동),정상영업,1,01,029011050,대규모점포,204107.090272108    ,461072.642448925    ,서울특별시 도봉구 창동 135번지 26호,2024-04-15 10:29:06
3090000,2010309013407500001,2010-11-30,,영업/정상,,,,,3629.76,132-010,,도봉한양프라자,그 밖의 대규모점포,I,2025-12-15 16:15:28,서울특별시 도봉구 마들로 724 (도봉동),정상영업,1,01,,대규모점포,204136.58447783     ,463573.102150294    ,서울특별시 도봉구 도봉동 657번지,2014-09-26 16:13:22
3090000,2011309013407500001,2011-09-26,,영업/정상,,,,,1095.47,132-042,,(주)에브리데이리테일 창동점,구분없음,I,2025-12-15 16:15:28,서울특별시 도봉구 도봉로104길 53 (창동),정상영업,1,01,,준대규모점포,203027.627111443    ,460124.418353378    ,서울특별시 도봉구 창2동 628번지 20호,2014-09-25 13:41:44
3090000,2012309013407500001,2012-01-05,,영업/정상,,,,2012-01-05,784.04,132-042,,(주)에브리데이리테일 창동점,구분없음,I,2025-12-15 16:15:28,서울특별시 도봉구 도봉로104길 53 (창동),정상영업,1,01,,준대규모점포,203027.627111443    ,460124.418353378    ,서울특별시 도봉구 창2동 628번지 20호,2014-10-17 15:07:34
3090000,2012309013407500002,2012-03-15,,영업/정상,,,,,705.1,132-032,,롯데슈퍼 쌍문점,복합쇼핑몰,U,2026-04-25 03:03:03,서울특별시 도봉구 도당로 10 (쌍문동),정상영업,1,01,,준대규모점포,203048.669322526    ,461867.647869631    ,서울특별시 도봉구 쌍문2동 19번지,2026-04-24 11:17:40
3090000,2012309013407500003,2012-03-18,,영업/정상,,,,,197.7,132-041,,롯데프레쉬 창동점,구분없음,I,2025-12-15 16:15:28,서울특별시 도봉구 도봉로110길 65 (창동),정상영업,1,01,,준대규모점포,203207.625254256    ,460455.837628654    ,서울특별시 도봉구 창1동 651번지 36호,2023-05-04 09:18:41
3090000,2012309013407500004,2012-03-15,,영업/정상,,,,,844.9,132-828,,롯데슈퍼 방학점,구분없음,U,2026-04-25 03:03:03,서울특별시 도봉구 방학로 223 (방학동),정상영업,1,01,34914297,준대규모점포,202326.175760253    ,462116.40856417     ,서울특별시 도봉구 방학3동 271번지 2호,2026-04-24 11:26:15
3090000,2012309013407500005,2012-03-26,,영업/정상,,,,,784.04,,01460,(주)이마트에브리데이 창동점,구분없음,I,2025-12-15 16:15:28,서울특별시 도봉구 도봉로104길 53 (창동),정상영업,1,01,,준대규모점포,203027.627111443    ,460124.418353378    ,서울특별시 도봉구 창동 628번지 20호,2024-07-26 09:37:58
3090000,2012309013407500007,1995-11-29,,영업/정상,,,,2012-05-15,3364.41,132-784,,대우상가,그 밖의 대규모점포,I,2025-12-15 16:15:28,서울특별시 도봉구 덕릉로63가길 61 (창동),정상영업,1,01,,대규모점포,203242.968498731    ,460001.081136921    ,서울특별시 도봉구 창동 804번지,2022-03-24 11:05:54
3090000,2012309013407500008,1989-08-04,,영업/정상,,,,1986-08-04,2775.53,132-828,,신동아프라자,그 밖의 대규모점포,I,2025-12-15 16:15:28,서울특별시 도봉구 방학로 223 (방학동),정상영업,1,01,,대규모점포,202326.175760253    ,462116.40856417     ,서울특별시 도봉구 방학동 271번지 2호,2014-10-13 14:08:30
3090000,2019309015207500001,2019-03-28,,영업/정상,,,,,3338.57,,01391,금강아미움쇼핑센터,그 밖의 대규모점포,I,2025-12-15 16:15:28,"서울특별시 도봉구 방학로5길 33, 금강아미움파크타운 (쌍문동, 금강아미움파크타운)",정상영업,1,01,60527704,대규모점포,203296.164641727    ,462113.860476609    ,서울특별시 도봉구 쌍문동 711번지 금강아미움파크타운,2020-02-11 12:47:59
3090000,2021309017007500001,2021-03-02,,영업/정상,,,,,316.8,,01362,GS THE FRESH 방학신동아점,구분없음,I,2025-12-15 16:15:28,"서울특별시 도봉구 시루봉로 103-1, 1층 (방학동)",정상영업,1,01,,준대규모점포,202346.049195533    ,461967.40118936     ,서울특별시 도봉구 방학동 484-7,2025-04-14 14:17:39
3090000,2024309018507500001,2024-07-08,,영업/정상,,,,,292.8,,01402,GS THE FRESH 창동점,구분없음,I,2025-12-15 16:15:28,서울특별시 도봉구 해등로12길 3 (창동),정상영업,1,01,0220062364,준대규모점포,203589.033642356    ,461254.349369279    ,서울특별시 도봉구 창동 297-16,2025-04-14 14:23:40
3090000,2025309018507500001,2025-10-16,,영업/정상,,,,,1001.2,,01332,롯데슈퍼 도봉캐슬점,구분없음,U,2026-04-25 03:03:03,"서울특별시 도봉구 도봉로150마길 34, 지하1층 B107~B126호 (방학동, 도봉 롯데캐슬 골든파크)",정상영업,1,01,0222905996,준대규모점포,203920.444016775    ,462830.484935873    ,서울특별시 도봉구 방학동 717-6 도봉 롯데캐슬 골든파크 B107~호,2026-04-24 11:24:13
3090000,2026309018507500001,2026-04-09,,영업/정상,,,,,40493.36,,01414,창동민자역사 상업시설(arena X square),그 밖의 대규모점포,I,2026-04-10 22:18:13,"서울특별시 도봉구 마들로11가길 6-8, 경원선 창동민자역사 (창동)",영업개시전,5,01,0234445600,대규모점포,204138.204768094    ,461223.191625815    ,서울특별시 도봉구 창동 135-1 경원선 창동민자역사,2026-04-09 10:45:07
3090000,2012309013407500006,2012-03-26,,폐업,2019-11-11,,,,184.26,132-030,,롯데슈퍼 쌍문4동 가맹점,구분없음,I,2025-12-15 16:15:28,서울특별시 도봉구 시루봉로 2 (쌍문동),폐업처리,3,03,,준대규모점포,202472.188994485    ,460959.462860458    ,서울특별시 도봉구 쌍문동 311번지,2020-03-20 13:21:14
3100000,2011310018407500005,2011-12-29,,영업/정상,,,,,739.8,139-800,,(주)이마트에브리데이 공릉동점,구분없음,I,2025-12-15 16:15:28,서울특별시 노원구 노원로1길 67 (공릉동),정상영업,1,01,,준대규모점포,207311.175792021    ,457610.711998051    ,서울특별시 노원구 공릉2동 89번지 1호  대덕프라자 지층 101~102호,2024-07-30 09:04:22
3100000,1972310009607500001,1972-12-07,,휴업,,,,,3137,,,상계중앙시장,그 밖의 대규모점포,I,2025-12-15 16:15:28,,휴업처리,2,02,,,,,서울특별시 노원구 상계동 389번지 234호   ,2007-06-30 10:05:38
3100000,2022310018407500001,2022-03-18,,영업/정상,,,,,500.84,,01715,(주)이마트에브리데이 상계역점,구분없음,I,2025-12-15 16:15:28,"서울특별시 노원구 덕릉로 690, 1층 (중계동)",정상영업,1,01,023805042,준대규모점포,206616.300077726    ,461867.94710054     ,서울특별시 노원구 중계동 160-1 기업은행,2024-08-06 11:16:24
3100000,2024310018407500001,2024-01-02,,영업/정상,,,,,158.34,,01640,GS THE FRESH 노원캐슬점,구분없음,I,2025-12-15 16:15:28,"서울특별시 노원구 덕릉로 753, 노원롯데캐슬시그니처아파트 근린생활시설 2동 16,17호 (상계동)",정상영업,1,01,,준대규모점포,206799.020098051    ,462509.638445514    ,서울특별시 노원구 상계동 95-3,2025-04-23 08:57:38
3100000,2024310018407500002,2024-10-18,,영업/정상,,,,,294.21,,01656,GS THE FRESH 노원비석로점,구분없음,I,2025-12-15 16:15:28,"서울특별시 노원구 한글비석로 452, 1층 (상계동)",정상영업,1,01,0220062364,준대규모점포,205914.462686563    ,462406.850661648    ,서울특별시 노원구 상계동 453-2 1층,2025-05-21 09:41:44
3100000,2025310018407500001,2025-05-28,,영업/정상,,,,,262.8,,01841,GS THE FRESH 공릉역점,구분없음,I,2025-12-15 16:15:28,"서울특별시 노원구 동일로192길 23, 1층 (공릉동)",정상영업,1,01,0220062364,준대규모점포,206477.084381626    ,458222.187373294    ,서울특별시 노원구 공릉동 388-2 1층,2025-06-19 09:54:05
3100000,2004310018407500001,2004-01-02,,폐업,2016-03-31,,,,1046.96,139-800,,(주)지에스리테일  공릉점,구분없음,I,2025-12-15 16:15:28,서울특별시 노원구 노원로 3 (공릉동),폐업처리,3,03,,준대규모점포,207577.515810212    ,457741.465197875    ,서울특별시 노원구 공릉동 90번지 4호,2016-04-12 13:43:36
3100000,2011310018407500003,2011-06-21,,폐업,2011-07-19,,,,515.6,139-202,,(주)지에스리테일 GS수퍼상계중앙점,대형마트,I,2025-12-15 16:15:28,,폐업처리,3,03,69333041,준대규모점포,206033.023278317    ,461935.33920381     ,서울특별시 노원구 상계2동 1318번지 노원아이파크 지하1층,2011-12-28 11:16:03
3100000,1996310018407500001,1996-09-18,,영업/정상,,,,,0,,01734,유경데파트,그 밖의 대규모점포,I,2025-12-15 16:15:28,"서울특별시 노원구 한글비석로 232 (중계동, 유경데파트)",정상영업,1,01,,대규모점포,206719.586259379    ,460669.836412326    ,서울특별시 노원구 중계동 364번지 17호 유경데파트,2021-12-31 09:18:45
3100000,1997310018407500001,1997-11-20,,영업/정상,,,,,5869.69,,,공릉종합상가,그 밖의 대규모점포,I,2025-12-15 16:15:28,"서울특별시 노원구 동일로180길 14 (공릉동, 공릉종합상가)",정상영업,1,01,029722027,대규모점포,206578.976039388    ,457736.364674901    ,,2022-01-14 14:38:53
3100000,1998310009607500001,1998-12-31,,영업/정상,,,,,7863.67,139-748,,상계역전종합상가,쇼핑센터,U,2026-04-28 03:03:03,서울특별시 노원구 한글비석로 396 (상계동),정상영업,1,01,029314825,대규모점포,206280.789903642    ,462002.498987713    ,서울특별시 노원구 상계동 173번지,2026-04-27 13:37:32
3100000,1999310009607500002,2001-12-07,,영업/정상,,,,,12840,139-926,,홈플러스(주) 중계점,대형마트,I,2025-12-15 16:15:28,서울특별시 노원구 동일로204가길 12 (중계동),정상영업,1,01,029862080,대규모점포,205985.953324881    ,459730.43776924     ,서울특별시 노원구 중계동 509번지 2호,2025-08-24 08:48:54
3100000,1999310009607500012,1999-12-29,,휴업,,,,,23654,,,롯데백화점 상계점,백화점,I,2025-12-15 16:15:28,,휴업처리,2,02,029502500,,205320.28476675     ,461419.881795004    ,서울특별시 노원구 상계동 713호   ,2007-06-30 10:05:38
3100000,2002310009607500001,2002-11-14,,휴업,,,,,10209,,,세이브존,대형마트,I,2025-12-15 16:15:28,,휴업처리,2,02,029859000,,205994.811815848    ,459502.645279682    ,서울특별시 노원구 하계동 284호   ,2007-06-30 10:05:38
3100000,2004310009607500001,2004-02-26,,영업/정상,,,,,1615.8,,01604,오피앙,그 밖의 대규모점포,I,2025-12-15 16:15:28,"서울특별시 노원구 동일로 1701 (상계동, 희성오피앙)",정상영업,1,01,029338517,대규모점포,204772.500639238    ,464208.305428933    ,서울특별시 노원구 상계동 1258 희성오피앙,2024-06-19 14:03:15
3100000,2004310009607500002,2004-09-06,,영업/정상,,,,,38200.14,,,이마트타운 월계점,쇼핑센터,I,2025-12-15 16:15:28,"서울특별시 노원구 마들로3길 15 (월계동, 월계이마트)",정상영업,1,01,023809396,대규모점포,205391.070378059    ,458333.989216339    ,서울특별시 노원구 월계동 333번지 1호,2024-04-16 17:49:11
3100000,2004310009607500003,2004-12-13,,영업/정상,,,,,10479,,,롯데마트 중계점,대형마트,I,2025-12-15 16:15:28,"서울특별시 노원구 노원로 330 (중계동, 롯데마트)",정상영업,1,01,0220922500,대규모점포,206132.432496938    ,460549.311157153    ,서울특별시 노원구 중계동 517호,2025-06-24 16:45:07
3100000,2004310018407500002,2004-06-01,,영업/정상,,,,,1089.67,139-860,,홈플러스(주)익스프레스 중계점,구분없음,I,2025-12-15 16:15:28,서울특별시 노원구 중계로 225 (중계동),정상영업,1,01,,준대규모점포,206490.247358174    ,460830.615360327    ,서울특별시 노원구 중계동 360번지 2호,2024-08-06 10:03:05
3100000,2005310009607500001,2005-03-29,,휴업,,,,,16179.91,,,신세계 이마트 월계덤,그 밖의 대규모점포,I,2025-12-15 16:15:28,,휴업처리,2,02,0220921234,,205391.070378059    ,458333.989216339    ,서울특별시 노원구 월계동 333번지 1호   ,2010-04-12 17:17:02
3100000,2005310009607500002,2005-03-29,,휴업,,2010-04-13,2015-04-30,,16179.91,,,신세계 이마트 월계점,대형마트,I,2025-12-15 16:15:28,,휴업처리,2,02,0220921234,,205391.070378059    ,458333.989216339    ,서울특별시 노원구 월계동 333번지 1호,2010-04-13 10:49:49
3100000,2005310009607500003,2005-05-27,,휴업,,,,,10209,,,세이브존,대형마트,I,2025-12-15 16:15:28,,휴업처리,2,02,029859000,,205994.811815848    ,459502.645279682    ,서울특별시 노원구 하계동 284호   ,2007-06-30 10:05:38
3100000,2005310009607500004,2005-08-26,,영업/정상,,,,,48227.17,,,롯데백화점 노원점,복합쇼핑몰,U,2026-04-15 03:03:03,서울특별시 노원구 동일로 1414 (상계동),정상영업,1,01,029502500,대규모점포,205320.28476675     ,461419.881795004    ,서울특별시 노원구 상계동 713호,2026-04-14 15:30:43
3100000,2005310009607500005,2005-12-02,,영업/정상,,,,,9769.24,139-816,,와우패션클럽,복합쇼핑몰,U,2026-05-07 03:03:03,서울특별시 노원구 노해로 507 (상계동),정상영업,1,01,,대규모점포,205557.013355638    ,461441.687971047    ,서울특별시 노원구 상계동 292번지 1호,2026-05-06 16:05:53
3100000,2007310010907500001,2007-04-19,,영업/정상,,,,,10292,,,건영옴니백화점,백화점,I,2025-12-15 16:15:28,,정상영업,1,01,029719000,대규모점포,205645.891969072    ,459609.012509743    ,서울특별시 노원구 중계동 506번지 1   호,2015-03-25 10:23:13
3100000,2007310010907500002,2007-08-06,,영업/정상,,,,,10209,,01784,세이브존,그 밖의 대규모점포,I,2025-12-15 16:15:28,"서울특별시 노원구 한글비석로 57 (하계동, 세이브존)",정상영업,1,01,,대규모점포,206044.776421388    ,459360.877718439    ,서울특별시 노원구 하계동 284번지 2호,2024-05-21 14:32:22
3100000,2009310010907500001,2009-09-21,,영업/정상,,,,,12287,139-726,,이천일아울렛 중계점,복합쇼핑몰,U,2026-05-07 03:03:03,서울특별시 노원구 동일로204가길 46 (중계동),정상영업,1,01,029482100,대규모점포,205931.05327036     ,459884.197207567    ,서울특별시 노원구 중계2.3동 509번지 2001아울렛,2026-05-06 16:08:36
3100000,2010310010907500001,2010-07-09,,영업/정상,,,,,4572.81,139-816,,노원아이파크 상가,그 밖의 대규모점포,I,2025-12-15 16:15:28,서울특별시 노원구 상계로23다길 13-8 (상계동),정상영업,1,01,029369006,대규모점포,206033.023278317    ,461935.33920381     ,서울특별시 노원구 상계동 1318번지,2014-10-28 14:37:30
3100000,2011310018407500001,2011-06-21,,영업/정상,,,,,1505.36,139-826,,(주)지에스리테일 GS수퍼상계점,구분없음,I,2025-12-15 16:15:28,서울특별시 노원구 한글비석로 471 (상계동),정상영업,1,01,20910011,준대규모점포,205715.538939251    ,462416.211580109    ,서울특별시 노원구 상계동 684번지,2025-05-21 09:44:13
3100000,2011310018407500002,2011-06-21,,영업/정상,,,,,397.7,,01819,롯데쇼핑(주) 롯데슈퍼공릉점,구분없음,U,2026-05-07 03:03:03,"서울특별시 노원구 공릉로 144 (공릉동, 공릉빌딩)",정상영업,1,01,029715601,준대규모점포,206952.444113646    ,457814.529614419    ,서울특별시 노원구 공릉동 238번지 53호,2026-05-06 16:07:32
3100000,2011310018407500004,2011-12-29,,영업/정상,,,,,565.54,139-840,,(주)지에스리테일 GS슈퍼 노원월계점,구분없음,I,2025-12-15 16:15:28,서울특별시 노원구 마들로 31 (월계동),정상영업,1,01,,준대규모점포,205984.15211292     ,457275.799282625    ,서울특별시 노원구 월계3동 18번지 그랑빌아파트주상가 지층동 101호,2025-04-23 08:59:29
3100000,2012310018407500001,2012-03-26,,영업/정상,,,,,324.4,139-240,,홈플러스(주)익스프레스 공릉점,구분없음,I,2025-12-15 16:15:28,서울특별시 노원구 동일로 1101 (공릉동),정상영업,1,01,0234598000,준대규모점포,206222.082661025    ,458423.440177534    ,서울특별시 노원구 공릉동 323번지 35호,2024-03-26 13:08:30
3110000,2010311013107500001,2001-10-31,,영업/정상,,,,,16105.48,122-010,,(주)이마트 은평점,대형마트,I,2026-05-06 22:48:30,서울특별시 은평구 은평로 111 (응암동),정상영업,1,01,023801054,대규모점포,192882.837727443    ,455340.54056388     ,서울특별시 은평구 응암동 90번지 1호,2024-04-16 13:18:26
3110000,2012311013107500006,2012-03-21,,폐업,2021-01-21,,,,330,122-895,,홈플러스(주) 익스프레스 역촌점,그 밖의 대규모점포,I,2026-05-06 22:48:30,서울특별시 은평구 서오릉로 95 (역촌동),폐업처리,3,03,023838546,준대규모점포,192920.728012559    ,456218.215950436    ,서울특별시 은평구 역촌동 14번지 7호,2021-01-25 13:31:27
3110000,2011311013107500002,2011-07-25,,영업/정상,,,,,510,122-819,,홈플러스(주)익스프레스구산점,그 밖의 대규모점포,I,2026-05-06 22:48:30,서울특별시 은평구 서오릉로 145 (구산동),정상영업,1,01,023588546,준대규모점포,192563.874496397    ,456570.084566278    ,서울특별시 은평구 구산동 1번지 24호,2024-03-27 14:52:31
3110000,2011311013107500003,2011-08-11,,영업/정상,,,,,272,122-923,,홈플러스(주)익스프레스응암점,그 밖의 대규모점포,I,2026-05-06 22:48:30,서울특별시 은평구 응암로 247 (응암동),정상영업,1,01,023868547,준대규모점포,192674.132684249    ,454664.166810326    ,서울특별시 은평구 응암3동 124번지 17호,2024-03-27 14:50:40
3110000,2012311013107500001,2011-09-16,,영업/정상,,,,,1508.4,122-859,,롯데쇼핑(주)롯데슈퍼범서점,그 밖의 대규모점포,I,2026-05-06 22:48:30,서울특별시 은평구 통일로 842 (불광동),정상영업,1,01,0222905853,준대규모점포,193035.279146132    ,457365.911737494    ,서울특별시 은평구 불광1동 308번지 1호,2026-04-23 16:25:00
3110000,2012311013107500002,2011-12-19,,영업/정상,,,,,200.9,122-856,,홈플러스(주)익스프레스 불광점,그 밖의 대규모점포,I,2026-05-06 22:48:30,서울특별시 은평구 불광로 121 (불광동),정상영업,1,01,023568545,준대규모점포,194003.88391829     ,457260.736492005    ,서울특별시 은평구 불광1동 239번지 9호,2024-03-27 14:01:00
3110000,2012311013107500005,2012-02-06,,영업/정상,,,,,189.1,122-881,,홈플러스(주)익스프레스 신사점,그 밖의 대규모점포,I,2026-05-06 22:48:30,서울특별시 은평구 갈현로 10 (신사동),정상영업,1,01,023528546,준대규모점포,192012.208564616    ,455177.704494531    ,서울특별시 은평구 신사1동 20번지 7호,2024-03-27 14:55:29
3110000,2012311013107500007,2012-03-23,,영업/정상,,,,,246.18,122-816,,홈플러스 익스프레스 갈현점,그 밖의 대규모점포,I,2026-05-06 22:48:30,서울특별시 은평구 서오릉로 222 (갈현동),정상영업,1,01,023598547,준대규모점포,191953.940215578    ,456960.687756827    ,서울특별시 은평구 갈현2동 527번지 13호,2021-04-30 14:23:03
3110000,2012311013107500008,2012-03-20,,폐업,2026-04-14,,,,191.9,122-896,,롯데쇼핑(주) 롯데슈퍼 역촌점,복합쇼핑몰,I,2026-05-06 22:48:30,서울특별시 은평구 진흥로 103 (역촌동),폐업처리,3,03,0222905853,준대규모점포,193083.765685506    ,455978.010581693    ,서울특별시 은평구 역촌동 17번지 1호,2026-04-14 17:28:58
3110000,2016311013107500001,2016-04-27,,영업/정상,,,,,57505,,03306,롯데몰 은평,복합쇼핑몰,I,2026-05-06 22:48:30,"서울특별시 은평구 통일로 1050 (진관동, 롯데몰은평점)",정상영업,1,01,0269755901,대규모점포,192694.92374224     ,459461.236119623    ,서울특별시 은평구 진관동 79번지 15호,2026-02-19 11:35:17
3110000,2024311021707500001,2024-05-01,,영업/정상,,,,,186.21,,03440,GS THE FRESH 은평가좌점,구분없음,I,2026-05-06 22:48:30,"서울특별시 은평구 가좌로 331, 1층 (신사동)",정상영업,1,01,,준대규모점포,191844.913712646    ,454908.495429711    ,서울특별시 은평구 신사동 228-5,2025-04-22 15:15:21
3110000,2005311009907500002,2005-09-01,,영업/정상,,,,,9350.53,,,팜스퀘어,쇼핑센터,I,2026-05-06 22:48:30,서울특별시 은평구 불광로 20 (대조동),정상영업,1,01,023507032,대규모점포,193661.732383169    ,456379.193899276    ,서울특별시 은평구 대조동 240호,2014-10-14 20:16:34
3110000,2001311008807500001,1960-02-16,,영업/정상,,,,,,,,수일시장,그 밖의 대규모점포,I,2026-05-06 22:48:25,,정상영업,1,01,023025798,,,,서울특별시 은평구 수색동 205번지 21  호   ,2007-07-14 10:16:27
3110000,2001311008807500002,1963-05-27,,영업/정상,,,,,,,,대조시장,그 밖의 대규모점포,I,2026-05-06 22:48:25,,,BBBB,01,023855071,,,,서울특별시 은평구 대조동 14번지 37  호   ,2007-07-14 10:16:27
3110000,2001311008807500004,1968-10-14,,휴업,,,,,0,,,진관시장,그 밖의 대규모점포,I,2026-05-06 22:48:27,,휴업처리,2,02,023599323,,,,서울특별시 은평구 진관외동 424번지 1호   ,2007-07-14 10:16:27
3110000,2001311008807500005,1970-01-23,,영업/정상,,,,,,,,불광시장(주),그 밖의 대규모점포,I,2026-05-06 22:48:27,,,BBBB,01,023557450,,,,서울특별시 은평구 대조동 14번지 24호   ,2007-07-14 10:16:27
3110000,2001311008807500007,1970-09-12,,영업/정상,,,,,649,,,응암시장,그 밖의 대규모점포,I,2026-05-06 22:48:27,서울특별시 은평구 응암로 252 (응암동),정상영업,1,01,023550727,대규모점포,192738.381117433    ,454678.898500315    ,서울특별시 은평구 응암동 427번지 126호,2021-12-16 18:26:52
3110000,2001311008807500009,1970-12-24,,영업/정상,,,,,3887.79,,,대호프라자상가,복합쇼핑몰,I,2026-05-06 22:48:28,서울특별시 은평구 불광로 90-0 (불광동),정상영업,1,01,0231571566,대규모점포,194002.701726955    ,456937.542510222    ,서울특별시 은평구 불광동 631번지 1호,2025-02-17 17:39:19
3110000,2001311008807500011,1972-11-13,,영업/정상,,,,,,,,양지시장,그 밖의 대규모점포,I,2026-05-06 22:48:28,,정상영업,1,01,023026729,,,,서울특별시 은평구 응암동 300번지 11 호   ,2007-07-14 10:16:27
3110000,2001311008807500012,1975-03-04,,영업/정상,,,,,2367.26,,,연서시장,그 밖의 대규모점포,I,2026-05-06 22:48:29,서울특별시 은평구 통일로 850 (불광동),정상영업,1,01,023592840,대규모점포,193042.519283201    ,457459.367971725    ,서울특별시 은평구 불광동 310번지 131 호,2025-12-03 16:38:33
3110000,2001311008807500013,2003-07-22,,휴업,,,,,0,,,증산시장,그 밖의 대규모점포,I,2026-05-06 22:48:29,서울특별시 은평구 증산로3길 12 (증산동),휴업처리,2,02,023735990,,191545.050373675    ,453244.229758597    ,서울특별시 은평구 증산동 184번지 9호   ,2007-07-14 10:16:27
3110000,2001311008807500014,1979-06-05,,휴업,,,,,,,,대림시장,그 밖의 대규모점포,I,2026-05-06 22:48:29,,휴업처리,2,02,023021668,,,,서울특별시 은평구 응암동 300번지 10 호   ,2011-05-04 10:31:38
3110000,2001311008807500016,1991-04-18,,영업/정상,,,,,6172.36,,,범서쇼핑,쇼핑센터,I,2026-05-06 22:48:29,서울특별시 은평구 통일로 842 (불광동),정상영업,1,01,023850224,대규모점포,193035.279146132    ,457365.911737494    ,서울특별시 은평구 불광동 308번지 1   호,2014-10-08 11:26:16
3110000,2001311008807500018,1984-08-06,,영업/정상,,,,,,,,현대화유통기업(주),대형마트,I,2026-05-06 22:48:29,,정상영업,1,01,023555654,,,,서울특별시 은평구 구산동 182번지 6  호   ,2007-07-14 10:16:27
3110000,2001311008807500019,1995-09-20,,영업/정상,,,,,,,,(주)미소종합유통,대형마트,I,2026-05-06 22:48:29,,정상영업,1,01,023854902,,,,서울특별시 은평구 진관내동 500번지 2  호   ,2007-07-14 10:16:27
3110000,2001311008807500020,2001-11-01,,휴업,,,,,10966.73,,,신세계이마트 은평점,대형마트,I,2026-05-06 22:48:29,서울특별시 은평구 은평로 111 (응암동),휴업처리,2,02,0234845153,,192882.837727443    ,455340.54056388     ,서울특별시 은평구 응암동 90번지 1호   ,2007-07-14 10:16:27
3110000,2002311008807500001,2002-04-09,,영업/정상,,,,,5042.9,,,메트로,쇼핑센터,I,2026-05-06 22:48:29,서울특별시 은평구 통일로 856 (불광동),정상영업,1,01,023891100,대규모점포,192998.202204135    ,457479.99522553     ,서울특별시 은평구 불광동 311번지 13호,2014-10-14 09:06:06
3110000,2004311009907500001,2001-11-01,,휴업,,,,,0,,,신세계이마트 은평점,대형마트,I,2026-05-06 22:48:29,서울특별시 은평구 은평로 111 (응암동),휴업처리,2,02,0234845153,,192882.837727443    ,455340.54056388     ,서울특별시 은평구 응암동 90번지 1호   ,2007-07-14 10:16:27
3110000,2005311009907500001,2005-07-15,,휴업,,,,,2776.5,,,"불광시장(법인, 대표자, 관리자변경)",그 밖의 대규모점포,I,2026-05-06 22:48:29,,휴업처리,2,02,023528325,,,,서울특별시 은평구 대조동 14번지 24호   ,2007-07-14 10:16:27
3110000,2007311011107500001,2007-04-11,,영업/정상,,,,,16972.65,,,엔씨백화점 불광점,쇼핑센터,U,2026-05-07 03:03:03,서울특별시 은평구 불광로 20 (대조동),정상영업,1,01,0234172001,대규모점포,193661.732383169    ,456379.193899276    ,서울특별시 은평구 대조동 240호,2026-05-06 16:52:53
3110000,2009311013107500001,2009-09-28,,영업/정상,,,,,6881.2,122-090,,(주)이마트 수색점,대형마트,I,2026-05-06 22:48:30,서울특별시 은평구 수색로 217 (수색동),정상영업,1,01,0269431052,대규모점포,190977.850603548    ,453037.787995874    ,서울특별시 은평구 수색동 75번지,2024-04-16 13:24:14
3110000,2001311008807500003,1965-05-31,,폐업,2018-04-17,,,,0,,,갈현시장,그 밖의 대규모점포,I,2026-05-06 22:48:26,서울특별시 은평구 갈현로 300 (갈현동),폐업처리,3,03,023868773,대규모점포,192640.605262496    ,457921.381332144    ,서울특별시 은평구 갈현동 424번지 16 호,2018-04-17 17:49:39
3110000,2001311008807500006,1966-12-07,,폐업,2017-04-04,,,,0,,,녹번시장,그 밖의 대규모점포,I,2026-05-06 22:48:27,,폐업처리,3,03,,대규모점포,193793.666788377    ,455366.047017379    ,서울특별시 은평구 응암동 74번지 7 호,2017-04-05 10:58:55
3110000,2001311008807500008,2022-04-04,,폐업,2022-04-05,,,,3417.4,,,역촌중앙시장,그 밖의 대규모점포,I,2026-05-06 22:48:28,서울특별시 은평구 연서로17길 18-6 (갈현동),폐업처리,3,03,023528040,대규모점포,192534.656897366    ,456773.714884876    ,서울특별시 은평구 갈현동 467번지 1호,2022-04-11 13:10:32
3110000,2001311008807500010,1971-09-23,,폐업,2009-10-26,,,,0,,03405,서부종합시장,시장,I,2026-05-06 22:48:28,"서울특별시 은평구 진흥로1길 28(역촌동, 아그네스 풍림아이원)",폐업처리,3,03,023596466,대규모점포,192773.974598512    ,455630.884111772    ,서울특별시 은평구 역촌동 31-6 아그네스 풍림아이원,2022-12-22 14:27:34
3110000,2011311013107500004,2011-09-20,,폐업,2012-10-04,,,,685.45,122-870,,(주)이마트 에브리데이 불광동점,그 밖의 대규모점포,I,2026-05-06 22:48:30,서울특별시 은평구 불광로 60 (불광동),폐업처리,3,03,0222753651,준대규모점포,193936.125681025    ,456673.805557751    ,서울특별시 은평구 불광1동 554번지 1호,2012-10-05 15:52:37
3110000,2012311013107500003,2011-09-16,,폐업,2017-06-30,,,,434.1,122-959,,롯데쇼핑(주)롯데슈퍼갈현점,그 밖의 대규모점포,I,2026-05-06 22:48:30,서울특별시 은평구 연서로 215 (갈현동),폐업처리,3,03,023885601,준대규모점포,192809.366974137    ,457275.285596868    ,서울특별시 은평구 갈현2동 456번지 27호,2017-07-31 09:17:13
3110000,2012311013107500004,2011-09-16,,폐업,2016-09-28,,,,255.8,122-808,,롯데쇼핑(주)롯데슈퍼연신내점,그 밖의 대규모점포,I,2026-05-06 22:48:30,서울특별시 은평구 통일로 867 (갈현동),폐업처리,3,03,,준대규모점포,192859.341264055    ,457545.793599332    ,서울특별시 은평구 갈현1동 395번지 6호,2016-09-28 16:27:37
3110000,2011311013107500001,2009-11-05,,영업/정상,,,,,3003.51,122-070,,서부종합시장,그 밖의 대규모점포,I,2026-05-06 22:48:30,서울특별시 은평구 진흥로1길 28 (역촌동),정상영업,1,01,023596466,대규모점포,192773.974598512    ,455630.884111772    ,서울특별시 은평구 역촌동 31번지 6호,2022-12-22 14:37:32
3120000,1970312009307500001,1970-08-14,,영업/정상,,,,,6606,120-857,,유진상가,시장,I,2026-05-06 22:37:15,서울특별시 통일로 484 (유진상가),정상영업,1,01,0232169393,대규모점포,194811.756333333    ,454300.739666667    ,서울특별시 서대문구 홍제3동 294번지 6호,2026-02-23 16:06:11
3120000,2021312019207500004,2021-12-20,,폐업,2022-10-11,2022-03-17,2022-12-31,,484.6,,03646,롯데슈퍼 홍제점,구분없음,I,2026-05-06 22:37:16,"서울특별시 서대문구 통일로 413, 연세24시사우나 (홍제동)",폐업처리,3,03,023915601,준대규모점포,195196.693652181    ,453764.706268517    ,서울특별시 서대문구 홍제동 158-33 연세24시사우나,2022-10-20 18:02:31
3120000,1987312009307500002,1987-10-24,,영업/정상,,,,,1850,,,서중시장,시장,I,2026-05-06 22:37:15,서울특별시 서대문구 수색로2길 47 (남가좌동),정상영업,1,01,,대규모점포,,,,2012-03-30 10:14:18
3120000,1992312010707500001,1992-11-19,,영업/정상,,,,,35471.76,120-834,,현대백화점 신촌점,백화점,I,2026-05-06 22:37:15,서울특별시 서대문구 신촌로 83 (창천동),정상영업,1,01,0231453154,대규모점포,194265.067639805    ,450433.691021245    ,서울특별시 서대문구 창천동 30번지 33호,2024-05-23 10:21:58
3120000,2006312009307500001,2006-09-19,,영업/정상,,,,,13436.59,,,신촌 밀리오레,그 밖의 대규모점포,I,2026-05-06 22:37:15,서울특별시 서대문구 신촌역로 30 (신촌동),정상영업,1,01,0221242148,,194798.458435966    ,450837.051726331    ,서울특별시 서대문구 신촌동 74번지 12  호,2008-02-11 14:26:13
3120000,2007312010707500001,2007-08-09,,영업/정상,,,,,14133.01,120-808,,예스에이피엠,그 밖의 대규모점포,I,2026-05-06 22:37:15,서울특별시 서대문구 이화여대1길 10 (대현동),정상영업,1,01,0263737009,,195063.820722531    ,450597.874088644    ,서울특별시 서대문구 대현동 145번지,2008-09-18 17:17:57
3120000,2011312014507500001,1999-04-29,,영업/정상,,,,,3305,120-110,,연희슈퍼마켓,시장,I,2026-05-06 22:37:15,서울특별시 서대문구 연희맛로 23 (연희동),정상영업,1,01,,대규모점포,193716.339877929    ,451653.563671802    ,서울특별시 서대문구 연희동 131번지 1호,2017-10-31 16:46:32
3120000,2012312018307500002,2012-03-26,,영업/정상,,,,,1273.2,,,(주)GS리테일 북가좌점,복합쇼핑몰,I,2026-05-06 22:37:15,서울특별시 서대문구 응암로 54 (북가좌동),정상영업,1,01,023764397,준대규모점포,192000.945942229    ,452848.009128439    ,,2025-04-25 13:14:46
3120000,2013312014507500001,2013-06-16,,영업/정상,,,,2007-06-28,232.7,120-130,,홈플러스(주) 익스프레스 북가좌점,구분없음,I,2026-05-06 22:37:15,서울특별시 서대문구 응암로 112 (북가좌동),정상영업,1,01,,준대규모점포,192301.135452392    ,453354.065487403    ,서울특별시 서대문구 북가좌동 279번지 11호,2024-03-20 08:28:21
3120000,2018312018307500001,2012-02-07,,영업/정상,,,,,1573,,03730,롯데슈퍼 홍제2점,복합쇼핑몰,I,2026-05-06 22:37:15,"서울특별시 서대문구 통일로 397, 지4층 (홍제동, 인왕산 한신휴플러스)",정상영업,1,01,027396780,준대규모점포,195281.395461663    ,453657.534811024    ,서울특별시 서대문구 홍제동 469번지 인왕산 한신휴플러스,2026-02-23 16:00:04
3120000,2018312018307500002,2011-07-01,,영업/정상,,,,,2040,,03628,롯데슈퍼 유진점,구분없음,I,2026-05-06 22:37:16,"서울특별시 서대문구 통일로 484, 유진상가 1층 (홍제동)",정상영업,1,01,023953674,준대규모점포,194850.361025035    ,454344.432517428    ,서울특별시 서대문구 홍제동 294번지 46호 유진상가,2026-02-23 16:05:33
3120000,2018312018307500003,2021-12-16,,영업/정상,,,,,288.3,,03690,롯데슈퍼 남가좌점,복합쇼핑몰,I,2026-05-06 22:37:16,"서울특별시 서대문구 거북골로 120(남가좌동, DMC센트레빌)",정상영업,1,01,023085601,준대규모점포,192480.02944094     ,452634.55767379     ,서울특별시 서대문구 남가좌동 381 DMC센트레빌,2025-12-22 17:01:59
3120000,2018312018307500004,2018-04-12,,영업/정상,,,,,0,,03628,롯데슈퍼 유진점(X),구분없음,I,2026-05-06 22:37:16,"서울특별시 서대문구 통일로 484, 유진상가 (홍제동)",정상영업,1,01,0222905704,준대규모점포,194850.361025035    ,454344.432517428    ,서울특별시 서대문구 홍제동 294번지 46호 유진상가,2022-08-30 10:27:10
3120000,2021312019207500001,2021-07-16,,영업/정상,,,,,216.08,,03689,GS THE FRESH 남가좌디엠씨점,구분없음,I,2026-05-06 22:37:16,"서울특별시 서대문구 거북골로 100, 지하3층 32,33,34,35호 (남가좌동, 래미안 루센티아)",정상영업,1,01,023739993,준대규모점포,192641.14591065     ,452652.059898055    ,서울특별시 서대문구 남가좌동 390 래미안 루센티아,2025-04-25 13:22:29
3120000,2021312019207500002,2021-07-29,,영업/정상,,,,,483.79,,03604,이마트에브리데이 홍은점,구분없음,I,2026-05-06 22:37:16,서울특별시 서대문구 홍은중앙로 89(홍은동),정상영업,1,01,023805042,준대규모점포,195280.710219904    ,455193.014698844    ,서울특별시 서대문구 홍은동 11-419,2024-08-20 08:49:29
3120000,2021312019207500003,2021-12-20,,영업/정상,,,,,178.5,,03675,롯데프레시 홍은점,구분없음,I,2026-05-06 22:37:16,서울특별시 서대문구 가좌로 99(홍은동),정상영업,1,01,023735601,준대규모점포,193440.549915639    ,453256.425998955    ,서울특별시 서대문구 홍은동 400-12,2023-08-25 17:54:37
3120000,2021312019207500005,2021-12-20,,영업/정상,,,,,357,,03785,롯데슈퍼 창천점,구분없음,I,2026-05-06 22:37:16,"서울특별시 서대문구 신촌로 13, 아륭빌딩 (창천동)",정상영업,1,01,023385601,준대규모점포,193624.014939084    ,450696.745009002    ,서울특별시 서대문구 창천동 506-20 아륭빌딩,2025-12-22 16:55:51
3120000,2022312019207500001,2022-04-05,,영업/정상,,,,,998.27,,03674,이마트에브리데이 명지대점,구분없음,I,2026-05-06 22:37:16,"서울특별시 서대문구 거북골로 34, 명지대학교 (남가좌동)",정상영업,1,01,023805042,준대규모점포,193139.52394401     ,453106.002592232    ,서울특별시 서대문구 남가좌동 50-3 명지대학교,2024-08-22 17:49:07
3120000,2022312019207500002,2022-08-16,,영업/정상,,,,,1133.21,,03712,이마트에브리데이 남가좌점,구분없음,I,2026-05-06 22:37:16,"서울특별시 서대문구 수색로2길 39(남가좌동, DMC금호리첸시아)",정상영업,1,01,023805124,준대규모점포,192482.416512858    ,452143.491541077    ,서울특별시 서대문구 남가좌동 286-1 DMC금호리첸시아,2024-08-22 17:54:40
3120000,2024312021907500001,2024-01-31,,영업/정상,,,,,275.04,,03764,GS THE FRESH 신촌이대역점,그 밖의 대규모점포,I,2026-05-06 22:37:16,"서울특별시 서대문구 이화여대길 50-12, 상가동 1층 101호 (대현동, 신촌럭키아파트)",정상영업,1,01,0220062364,준대규모점포,195332.123380254    ,450806.05844472     ,서울특별시 서대문구 대현동 144 신촌럭키아파트 상가동 101호,2024-04-26 14:11:56
3120000,2024312021907500002,2024-01-31,,영업/정상,,,,,275.04,,03764,GS THE FRESH 신촌이대역점,그 밖의 대규모점포,I,2026-05-06 22:37:16,"서울특별시 서대문구 이화여대길 50-12, 상가동 1층 101호 (대현동, 신촌럭키아파트)",정상영업,1,01,,준대규모점포,195332.123380254    ,450806.05844472     ,서울특별시 서대문구 대현동 144 신촌럭키아파트 상가동 101호,2025-04-25 13:20:39
3120000,2024312021907500003,2024-07-25,,영업/정상,,,,,7391.45,,03712,DMC금호리첸시아몰,그 밖의 대규모점포,I,2026-05-06 22:37:16,"서울특별시 서대문구 수색로2길 39, B1,1,2층 (남가좌동, DMC금호리첸시아)",정상영업,1,01,023044025,대규모점포,192482.416512858    ,452143.491541077    ,서울특별시 서대문구 남가좌동 396 DMC금호리첸시아,2024-07-26 11:58:21
3120000,2024312021907500004,2024-11-12,,영업/정상,,,,,237.6,,03626,GS THE FRESH 홍제해링턴점,구분없음,I,2026-05-06 22:37:16,"서울특별시 서대문구 세무서8길 30, 32동 1호 (홍제동, 홍제역해링턴플레이스)",정상영업,1,01,0220062364,준대규모점포,195387.622258064    ,454191.447092985    ,서울특별시 서대문구 홍제동 474 홍제역해링턴플레이스,2025-04-25 13:17:05
3120000,1987312009307500001,1987-10-24,,영업/정상,,,,,1100,,,모래내시장(주),시장,I,2026-05-06 22:37:15,서울특별시 서대문구 수색로2길 45 (남가좌동),정상영업,1,01,023737571,,192503.128282531    ,452051.272452155    ,서울특별시 서대문구 남가좌동 290번지 2   호,2009-04-03 17:09:28
3130000,2009313011807500002,1970-07-29,,영업/정상,,,,,0,121-897,,합정시장,시장,I,2026-02-13 22:19:13,서울특별시 마포구 양화진길 5 (합정동),정상영업,1,01,,대규모점포,192257.393762526    ,449554.484192321    ,서울특별시 마포구 합정동 375번지 1호,2026-02-12 09:53:44
3130000,2005313009907500004,2005-10-07,,폐업,2015-04-16,,,,3166.75,,,신교시장,그 밖의 대규모점포,I,2025-12-15 16:15:28,서울특별시 마포구 월드컵북로5나길 18 (서교동),폐업처리,3,03,,대규모점포,192577.990805265    ,450569.670545853    ,서울특별시 마포구 서교동 487호,2015-04-16 15:08:27
3130000,2009313011807500004,1972-09-13,,폐업,2026-04-15,,,,1092.16,121-856,,신수시장,시장,I,2026-04-24 22:21:28,서울특별시 마포구 토정로17길 17 (신수동),폐업처리,3,03,,대규모점포,194236.734674521    ,449243.162717684    ,서울특별시 마포구 신수동 288번지 1호,2026-04-21 16:54:47
3130000,2009313011807500005,1972-07-19,,영업/정상,,,,,0,121-838,,서교시장,시장,I,2025-12-15 16:15:28,서울특별시 마포구 홍익로3길 20 (서교동),정상영업,1,01,31412502,,193009.20810189     ,450142.186927747    ,서울특별시 마포구 서교동 357번지 1호,2009-07-30 16:41:40
3130000,2009313011807500008,1994-05-10,,영업/정상,,,,,6592.35,,,정도진흥기업(주),그 밖의 대규모점포,I,2025-12-15 16:15:28,서울특별시 마포구  신촌로  94 (노고산동),정상영업,1,01,,대규모점포,194273.598098938    ,450318.724130121    ,서울특별시 마포구 노고산동 57번지 1호,2024-06-13 10:20:10
3130000,2009313011807500009,1974-05-28,,영업/정상,,,,,0,121-827,,성산시장,시장,I,2025-12-15 16:15:28,,정상영업,1,01,,,,,서울특별시 마포구 망원2동 480번지 1호,2009-07-30 16:41:14
3130000,2009313011807500010,2009-11-12,,영업/정상,,,,,3060.29,121-827,,성산프라자(마포영화블렌하임),그 밖의 대규모점포,I,2025-12-15 16:15:28,서울특별시 마포구 월드컵로25길 26 (망원동),정상영업,1,01,,대규모점포,191651.529315787    ,450694.803472189    ,서울특별시 마포구 망원2동 517번지,2020-04-22 13:40:11
3130000,2010313011807500001,2010-12-23,,영업/정상,,,,,5687.96,121-802,,(주)이마트 마포점,대형마트,I,2025-12-15 16:15:28,서울특별시 마포구 백범로 212 (신공덕동),정상영업,1,01,,대규모점포,195808.904523588    ,448910.741283532    ,서울특별시 마포구 공덕동 173번지 대우월드마크마포,2024-04-25 13:14:17
3130000,2010313011807500002,2010-12-23,,영업/정상,,,,,5687.96,121-852,,(주)이마트 마포점,대형마트,I,2025-12-15 16:15:28,서울특별시 마포구  백범로  212 (신공덕동),정상영업,1,01,21971234,대규모점포,195808.904523588    ,448910.741283532    ,서울특별시 마포구 신공덕동 173번지,2020-04-29 13:50:50
3130000,2011313011807500001,2011-01-06,,영업/정상,,,,,14201,,04036,홈플러스 합정점,대형마트,I,2025-12-15 16:15:28,"서울특별시 마포구 양화로 45 (서교동, 메세나폴리스)",정상영업,1,01,34598000,대규모점포,192311.642580307    ,449855.643910445    ,서울특별시 마포구 서교동 490번지 1호,2024-03-04 18:02:32
3130000,2011313011807500002,2011-07-29,,영업/정상,,,,,22471.9,121-818,,YZ Park 홍대점,전문점,I,2025-12-15 16:15:28,서울특별시 마포구 양화로 176 (동교동),정상영업,1,01,025177885,대규모점포,193296.791432042    ,450562.931242819    ,서울특별시 마포구 동교동 166번지 15호,2020-03-30 14:19:59
3130000,2011313011807500003,2011-12-12,,영업/정상,,,,,377.72,,04180,홈플러스익스프레스 도화점,그 밖의 대규모점포,I,2025-12-15 16:15:28,"서울특별시 마포구 도화4길 73 (도화동, 현대홈타운)",정상영업,1,01,0232728544,준대규모점포,195669.217619713    ,448393.658663222    ,서울특별시 마포구 도화동 353번지,2024-04-05 10:00:36
3130000,2012313011807500001,2012-03-22,,영업/정상,,,,,1561.5,121-130,,롯데슈퍼 마포점,쇼핑센터,I,2026-02-20 22:18:43,서울특별시 마포구 토정로 193 (구수동),정상영업,1,01,,준대규모점포,193981.312705953    ,449301.692398118    ,서울특별시 마포구 구수동 61번지,2026-02-19 16:18:05
3130000,2012313011807500002,2012-04-17,,영업/정상,,,,,158.07,,03989,홈플러스익스프레스 연남점,복합쇼핑몰,I,2025-12-15 16:15:28,"서울특별시 마포구 연남로 30 (연남동, 코오롱하늘채아파트)",정상영업,1,01,023378541,준대규모점포,192899.605749281    ,451360.660991625    ,서울특별시 마포구 연남동 573번지 코오롱아파트,2024-04-05 10:00:49
3130000,2014313011807500001,2009-05-29,,휴업,,2026-04-14,2026-08-30,,1335.9,,,롯데프리미엄푸드마켓 공덕점,구분없음,U,2026-05-08 03:03:03,"서울특별시 마포구 마포대로 109 (공덕동, 롯데캐슬프레지던트)",휴업처리,2,02,,준대규모점포,195564.375757848    ,449186.933273231    ,,2026-05-07 12:36:26
3130000,2014313011807500002,2008-08-12,,영업/정상,,,,,414.5,,,롯데슈퍼 대흥점,복합쇼핑몰,U,2026-05-08 03:03:03,서울특별시 마포구 큰우물로 3 (대흥동),정상영업,1,01,,준대규모점포,194648.759340948    ,449239.314703653    ,,2026-05-07 12:33:20
3130000,2016313018007500001,2011-12-06,,영업/정상,,,,,230.7,,04163,홈플러스익스프레스 용강점,대형마트,I,2025-12-15 16:15:28,서울특별시 마포구 토정로 282 (용강동),정상영업,1,01,027018544,준대규모점포,,,,2024-04-05 10:00:19
3130000,2018313020107500001,2018-08-14,,영업/정상,,,,,9747.1,,04051,AK PLAZA 홍대,쇼핑센터,I,2025-12-15 16:15:28,서울특별시 마포구 양화로 188 (동교동),정상영업,1,01,0221795021,대규모점포,193285.549735897    ,450808.571641119    ,서울특별시 마포구 동교동 190번지 1호,2023-04-03 14:56:00
3130000,2018313020107500002,2018-08-13,,영업/정상,,,,,9747.1,,04052,홍대복합역사 상업시설,쇼핑센터,I,2025-12-15 16:15:28,서울특별시 마포구 와우산로35길 50-4 (동교동),영업개시전,5,01,0221795021,대규모점포,193285.549735897    ,450808.571641119    ,서울특별시 마포구 동교동 190번지 1호,2018-08-17 09:33:16
3130000,2019313020107500001,2019-07-24,,영업/정상,,,,,323.62,,04094,GS THE FRESH 신촌숲아이파크점,구분없음,I,2025-12-15 16:15:28,"서울특별시 마포구 광성로 17, 상가동 127호 (신수동, 신촌숲아이파크)",정상영업,1,01,0220062678,준대규모점포,194134.552742402    ,449869.274982304    ,서울특별시 마포구 신수동 93번지 102호 신촌숲아이파크,2025-04-29 19:36:53
3130000,2021313022507500001,2021-04-22,,영업/정상,,,,,250.8,,04124,GS THE FRESH 마포염리점,구분없음,I,2025-12-15 16:15:28,"서울특별시 마포구 대흥로24길 24, 마포 프레스티지 자이 아파트 단지 내 상가 A동 115~119호 (염리동)",정상영업,1,01,027071372,준대규모점포,195310.864204116    ,450080.129868689    ,서울특별시 마포구 염리동 14-149,2025-04-18 09:10:32
3130000,1977313009907500009,1977-07-15,,영업/정상,,,,,1689,,04214,마포시장,시장,I,2025-12-15 16:15:28,"서울특별시 마포구 마포대로6길 16, 마포시장 (공덕동)",정상영업,1,01,,대규모점포,195804.563731799    ,449216.311329217    ,서울특별시 마포구 공덕동 256번지 5호 마포시장,2020-06-22 09:32:40
3130000,2001313007907500002,1998-07-18,,영업/정상,,,,,12337.24,,,마포농수산물시장,그 밖의 대규모점포,I,2025-12-15 16:15:28,서울특별시 마포구 월드컵로 235 (성산동),정상영업,1,01,,대규모점포,190931.000875925    ,451427.722144609    ,서울특별시 마포구 성산동 533번지 1호,2025-09-12 20:30:04
3130000,2003313009907500001,2003-05-21,,영업/정상,,,,,17687.3,,,홈플러스(주)월드컵점,대형마트,I,2025-12-15 16:15:28,"서울특별시 마포구 월드컵로 240 (성산동,월드컵경기장내)",정상영업,1,01,023122080,대규모점포,,,서울특별시 마포구 성산동 515호 월드컵경기장내,2024-03-05 10:20:33
3130000,2005313009907500001,2005-02-24,,휴업,,,,,12337.24,,,마포농수산물시장,그 밖의 대규모점포,I,2025-12-15 16:15:28,서울특별시 마포구 월드컵로 235 (성산동),휴업처리,2,02,023005062,,190931.000875925    ,451427.722144609    ,서울특별시 마포구 성산동 533번지 1호   ,2007-06-30 10:17:05
3130000,2007313011807500001,2007-05-07,,영업/정상,,,,2007-05-07,3992,121-190,,마포종합시장(서강한화오벨리스크),그 밖의 대규모점포,I,2025-12-15 16:15:28,서울특별시 마포구 창전로 45 (창전동),정상영업,1,01,31415262,대규모점포,193905.437192262    ,449372.496499689    ,서울특별시 마포구 창전동 442번지,2020-04-22 13:38:55
3130000,2008313011807500001,2008-03-31,,영업/정상,,,,,6884.25,121-200,,스타피카소 아울렛,전문점,I,2025-12-15 16:15:28,서울특별시 마포구 양화로 176 (동교동),정상영업,1,01,023333666,,193282.130799848    ,450549.280167182    ,서울특별시 마포구 동교동 166번지 14호,2008-04-03 18:10:02
3130000,2009313011807500001,1974-04-14,,영업/정상,,,,,750,121-803,,공덕시장,시장,I,2025-12-15 16:15:28,서울특별시 마포구 만리재로 19 (공덕동),정상영업,1,01,,대규모점포,195810.079475465    ,449173.775965909    ,서울특별시 마포구 공덕동 256번지 10호,2019-05-07 10:40:20
3130000,2001313007907500001,1976-01-16,,폐업,2015-12-28,,,,1077,,,염리시장,시장,I,2025-12-15 16:15:28,서울특별시 마포구 숭문길 96 (염리동),폐업처리,3,03,,대규모점포,,,서울특별시 마포구 염리동 36번지 249호,2021-09-29 10:56:35
3130000,2005313009907500003,1971-05-20,,폐업,2019-02-15,,,,0,,,신촌상가,시장,I,2025-12-15 16:15:28,서울특별시 마포구 신촌로 86 (노고산동),폐업처리,3,03,,대규모점포,194158.369649874    ,450273.194140715    ,서울특별시 마포구 노고산동 49번지 55호,2019-02-15 11:34:21
3130000,2009313011807500006,1974-06-05,,폐업,2025-04-23,,,,0,121-865,,동진시장,시장,I,2025-12-15 16:15:28,서울특별시 마포구 성미산로 198 (연남동),폐업처리,3,03,,대규모점포,193456.606360958    ,451125.467333415    ,서울특별시 마포구 연남동 227번지 15호,2025-05-02 16:20:21
3130000,2009313011807500007,2006-05-16,,폐업,2015-11-18,,,,3185.1,121-815,,마포트라팰리스 아케이드,그 밖의 대규모점포,I,2025-12-15 16:15:28,서울특별시 마포구 마포대로 53 (도화동),폐업처리,3,03,,대규모점포,195266.07314617     ,448799.641804029    ,서울특별시 마포구 도화동 559번지,2015-11-20 09:37:21
3130000,2011313011807500004,2011-12-13,,폐업,2014-01-07,,,,264,121-896,,홈플러스익스프레스 망원점,구분없음,I,2025-12-15 16:15:28,서울특별시 마포구 월드컵로 80 (서교동),폐업처리,3,03,,준대규모점포,192018.039124439    ,450449.030804033    ,서울특별시 마포구 서교동 441번지 6호,2014-01-08 10:49:36
3130000,2014313011807500003,2009-06-18,,폐업,2022-01-19,,,,206.9,,,롯데슈퍼 신촌점,구분없음,I,2025-12-15 16:15:28,서울특별시 마포구 신촌로 88 (노고산동),폐업처리,3,03,,준대규모점포,194219.19139038     ,450346.609802096    ,,2022-01-19 14:59:49
3130000,2009313011807500003,1972-06-22,,영업/정상,,,,,0,121-839,,영진시장,시장,I,2025-12-15 16:15:28,서울특별시 마포구 동교로12길 21 (서교동),정상영업,1,01,,,192214.380853693    ,450136.910982644    ,서울특별시 마포구 서교동 485번지 14호,2009-07-30 15:54:42
3140000,2020314016707500001,2020-05-26,,영업/정상,,,,,2734.89,,07948,목동에버하임,그 밖의 대규모점포,I,2025-12-15 16:15:28,"서울특별시 양천구 목동중앙북로 68 (목동, 목동에버하임)",정상영업,1,01,0226433209,대규모점포,188502.886822432    ,449377.63880433     ,서울특별시 양천구 목동 966번지 목동에버하임,2020-06-17 13:01:15
3140000,1981314011407500001,1981-09-23,,영업/정상,,,,2007-02-26,3014,,,목동시장아울렛,그 밖의 대규모점포,I,2025-12-15 16:15:28,서울특별시 양천구 목동중앙본로7길 45 (목동),정상영업,1,01,0226432767,대규모점포,188117.351835882    ,448552.989897945    ,서울특별시 양천구 목동 739번지 1호,2014-08-18 16:38:35
3140000,1988314011407500001,1988-09-19,,영업/정상,,,,1988-09-19,2247,,,우성상가시장,시장,I,2025-12-15 16:15:28,서울특별시 양천구 지양로 78 (신월동),정상영업,1,01,0226931241,대규모점포,185221.95790954     ,446727.354964214    ,서울특별시 양천구 신월동 928번지 1 호,2011-08-16 16:01:43
3140000,2002314011407500001,2002-08-09,,영업/정상,,,,2002-08-09,38258,,,현대백화점목동점,백화점,I,2025-12-15 16:15:28,서울특별시 양천구 목동동로 257 (목동),정상영업,1,01,0221632233,대규모점포,188884.075622342    ,447186.888604306    ,서울특별시 양천구 목동 916호,2024-05-08 09:19:59
3140000,2004314010207599100,2004-06-04,,영업/정상,,,,,24319,,,행복한백화점,백화점,I,2025-12-15 16:15:28,서울특별시 양천구 목동동로 309 (목동),정상영업,1,01,0266789236,대규모점포,188977.171050288    ,447466.355031447    ,서울특별시 양천구 목동 917번지 6호,2023-05-04 10:21:49
3140000,2006314010207500001,2006-03-28,,휴업,,,,,0,,,신한이모르젠상가,그 밖의 대규모점포,I,2025-12-15 16:15:28,서울특별시 양천구 목동중앙북로 7 (목동),휴업처리,2,02,0226424071,,187955.121454906    ,449649.016215774    ,서울특별시 양천구 목동 960호   ,2007-07-21 10:47:58
3140000,2008314011407500001,2008-10-16,,영업/정상,,,,,3143.65,158-077,,신정동세양청마루2차상가,그 밖의 대규모점포,I,2025-12-15 16:15:28,서울특별시 양천구 목동남로4길 2 (신정동),정상영업,1,01,0220613585,대규모점포,187954.189632117    ,445124.131588947    ,서울특별시 양천구 신정동 201번지 1호,2024-04-09 09:10:58
3140000,2009314011407500002,1976-06-16,,영업/정상,,,,,3636.42,158-053,,신한이모르젠상가,그 밖의 대규모점포,I,2025-12-15 16:15:28,서울특별시 양천구 목동중앙북로 7 (목동),정상영업,1,01,26545959,대규모점포,187955.121454906    ,449649.016215774    ,서울특별시 양천구 목3동 960번지,2014-09-30 10:06:50
3140000,2009314011407500004,2005-05-04,,영업/정상,,,,2005-05-04,0,158-814,,목4동시장상인회,시장,I,2025-12-15 16:15:28,,정상영업,1,01,0226479191,,,,"서울특별시 양천구 목4동 727번지 ,736,726,738,725,739,724,723일대",2014-08-05 10:06:43
3140000,2009314011407500005,2005-05-04,,영업/정상,,,,2005-05-04,0,158-834,,경창시장상인회,시장,I,2025-12-15 16:15:28,,정상영업,1,01,0226065988,,,,"서울특별시 양천구 신월2동 446번지 ,447,484,463, 신월4동427,428번지일대",2009-11-16 14:51:20
3140000,2009314011407500007,2006-06-07,,영업/정상,,,,2006-06-07,0,158-827,,신영시장상인회,시장,I,2025-12-15 16:15:28,,정상영업,1,01,0226043319,,,,"서울특별시 양천구 신월1동 105번지 ,106,113,114,115,118,119일대",2009-11-16 15:03:21
3140000,2011314011407500001,2011-05-20,,영업/정상,,,,,14074.76,158-766,,(주)이마트 목동점,대형마트,I,2025-12-15 16:15:28,서울특별시 양천구 오목로 299 (목동),정상영업,1,01,0269231234,대규모점포,188551.299139509    ,447076.288051741    ,서울특별시 양천구 목1동 962번지 1호 목동트라팰리스 내,2024-04-23 09:29:35
3140000,2011314011407500002,2011-06-30,,영업/정상,,,,,213,158-073,,홈플러스(주)익스프레스 신정점,구분없음,I,2025-12-15 16:15:28,서울특별시 양천구 중앙로 255-1 (신정동),정상영업,1,01,26968546,준대규모점포,186934.14769332     ,446336.680481997    ,서울특별시 양천구 신정3동 1183번지 12호,2024-03-22 08:51:42
3140000,2011314011407500005,2011-09-15,,영업/정상,,,,,346,,08104,(주)지에스리테일 신정2점,구분없음,I,2025-12-15 16:15:28,"서울특별시 양천구 목동남로4길 2 (신정동, 세양청마루2차주상복합)",정상영업,1,01,20062637,준대규모점포,187954.189632117    ,445124.131588947    ,서울특별시 양천구 신정동 201번지 1호 세양청마루2차 지상1층,2025-04-21 13:01:27
3140000,2011314011407500007,2011-09-15,,영업/정상,,,,,244.9,158-053,,홈플러스(주)익스프레스 목동2점,구분없음,I,2025-12-15 16:15:28,서울특별시 양천구 등촌로 172 (목동),정상영업,1,01,20628546,준대규모점포,187788.82257199     ,449204.635182585    ,서울특별시 양천구 목3동 657번지 21호,2024-03-21 16:37:29
3140000,2012314011407500001,2012-04-05,,영업/정상,,,,,496,158-753,,롯데슈퍼 목동2점,구분없음,I,2026-02-24 22:18:10,"서울특별시 양천구 목동서로 100, 105호 (목동,목동3단지아파트 관리동상가)",정상영업,1,01,0226470824,준대규모점포,188700.851169641    ,448020.090999138    ,서울특별시 양천구 목5동 903번지 목동3단지아파트 관리동상가 105호,2026-02-23 13:27:41
3140000,2012314011407500002,2012-04-10,,영업/정상,,,,,161.37,158-077,,홈플러스(주)익스프레스 신정3점,구분없음,I,2025-12-15 16:15:28,"서울특별시 양천구 목동동로 53, 103~108호 (신정동,굿모닝탑)",정상영업,1,01,26448720,준대규모점포,187619.993071747    ,445879.054862903    ,서울특별시 양천구 신정7동 324번지 10호 굿모닝탑  103~108호,2024-03-19 13:51:41
3140000,2012314011407500003,2012-05-23,,영업/정상,,,,,263,158-095,,롯데쇼핑(주)롯데슈퍼 신월점,구분없음,I,2025-12-15 16:15:28,"서울특별시 양천구 월정로46길 11 (신월동,외 1필지)",정상영업,1,01,0226975602,준대규모점포,185164.559946017    ,448756.033565786    ,서울특별시 양천구 신월5동 20번지 28호 외 1필지,2022-04-22 17:15:54
3140000,2012314011407500005,2012-05-23,,영업/정상,,,,,240.66,,08081,롯데프레시 신정점,그 밖의 대규모점포,I,2026-03-11 01:45:02,"서울특별시 양천구 신정로13길 3, 대우미래사랑5차아파트 103~105호 (신정동)",정상영업,1,01,26925600,준대규모점포,186071.979697827    ,445297.986765501    ,서울특별시 양천구 신정동 1290-4 대우미래사랑5차아파트,2026-03-10 20:04:54
3140000,2012314011407500006,2012-05-31,,영업/정상,,,,,1943.87,158-822,,(주)이마트 신월점,백화점,I,2025-12-15 16:15:28,서울특별시 양천구 화곡로 59 (신월동),정상영업,1,01,0267161234,준대규모점포,184796.999053109    ,448625.389554748    ,서울특별시 양천구 신월5동 26번지,2024-04-23 09:17:24
3140000,2012314011407500007,2012-05-31,,영업/정상,,,,,468.92,158-754,,(주)이마트에브리데이 목동점,구분없음,I,2025-12-15 16:15:28,"서울특별시 양천구 목동서로 130, 관리동 105호 (목동,목동4단지아파트)",정상영업,1,01,0226464331,준대규모점포,188580.483661607    ,447750.845210817    ,서울특별시 양천구 목5동 904번지 목동4단지아파트 관리동 105호,2024-08-06 09:21:27
3140000,2010314011407500001,2010-04-05,,폐업,2011-05-19,,,,14074.76,158-051,,(주)신세계이마트 목동점,대형마트,I,2025-12-15 16:15:28,"서울특별시 양천구 오목로 299 (목동,목동트라팰리스 내)",폐업처리,3,03,69231053,대규모점포,188551.299139509    ,447076.288051741    ,서울특별시 양천구 목1동 962번지 1호  목동트라팰리스 내,2014-02-18 14:39:56
3140000,2011314011407500003,2011-09-15,,폐업,2020-09-30,,,,123,158-074,,롯데쇼핑(주)롯데슈퍼목동점,구분없음,I,2025-12-15 16:15:28,서울특별시 양천구 목동로 223 (신정동),폐업처리,3,03,0222905853,준대규모점포,187889.318611598    ,447351.606624409    ,서울특별시 양천구 신정4동 899번지 7호,2022-01-28 16:29:26
3140000,2011314011407500004,2011-09-15,,폐업,2014-11-30,,,,199.3,158-074,,롯데쇼핑(주)롯데슈퍼신정점,구분없음,I,2025-12-15 16:15:28,서울특별시 양천구 오목로 224 (신정동),폐업처리,3,03,0222905853,준대규모점포,187769.95711697     ,447053.907321165    ,서울특별시 양천구 신정4동 991번지 5호,2014-12-17 14:56:00
3140000,2011314011407500006,2011-09-15,,폐업,2022-04-13,,,,406.21,158-074,,(주)지에스리테일 GS수퍼 목동오거리점,구분없음,I,2025-12-15 16:15:28,,폐업처리,3,03,26956131,준대규모점포,187670.416423662    ,447030.560396528    ,서울특별시 양천구 신정4동 988번지 5호,2022-04-15 16:25:11
3140000,2012314011407500004,2012-05-23,,폐업,2013-10-14,,,,674,158-861,,롯데쇼핑(주)롯데슈퍼 신목동점,,I,2025-12-15 16:15:28,서울특별시 양천구 중앙로32길 55 (신정동),폐업처리,3,03,0226515602,준대규모점포,187523.574256064    ,446408.633352149    ,서울특별시 양천구 신정1동 1022번지 9호,2013-10-14 17:29:47
3140000,2015314016707500001,2015-04-22,,폐업,2018-01-31,,,,3666.81,,08007,(주)이마트SSG목동점,그 밖의 대규모점포,I,2025-12-15 16:15:28,"서울특별시 양천구 오목로 354, 지하1층 (목동, 목동센트럴푸르지오)",폐업처리,3,03,027271405,대규모점포,189031.829869484    ,446838.086678867    ,,2018-02-12 17:17:48
3140000,2022314016707500001,2001-03-01,,폐업,2021-09-28,,,,225.64,,08010,홈플러스 익스프레스 신정4점,구분없음,I,2025-12-15 16:15:28,"서울특별시 양천구 목동동로 190(신정동, 길훈로즈빌)",폐업처리,3,03,,준대규모점포,188554.940218695    ,446701.745114511    ,서울특별시 양천구 신정동 1297,2022-04-13 11:37:49
3140000,2006314011407500001,2006-11-01,,폐업,2008-10-31,,,,0,,,(주)이랜드리테일,쇼핑센터,I,2025-12-15 16:15:28,서울특별시 양천구 목동서로 170 (목동),폐업처리,3,03,0230161500,대규모점포,188729.190478822    ,447572.610039376    ,서울특별시 양천구 목동 919번지 7호,2014-02-18 14:29:22
3140000,2008314011407500002,2008-11-03,,폐업,2024-06-01,,,,19765.04,158-051,,홈플러스(주)목동점,쇼핑센터,I,2025-12-15 16:15:28,서울특별시 양천구 목동서로 170 (목동),폐업처리,3,03,0226442080,대규모점포,188729.190478822    ,447572.610039376    ,서울특별시 양천구 목동 919번지 7호,2024-05-31 13:08:02
3140000,2009314011407500001,2009-03-23,,폐업,2011-05-19,,,,14074.76,158-051,,신세계 이마트 목동점,대형마트,I,2025-12-15 16:15:28,,폐업처리,3,03,,대규모점포,,,"서울특별시 양천구 목1동 926번지 9261호 목동트라팰리스 내(지하1,2층)",2014-02-18 11:01:29
3140000,2026314027207500001,2026-03-03,,영업/정상,,,,,297,,08016,GS THE FRESH 목동신목점,구분없음,I,2026-03-07 22:18:11,"서울특별시 양천구 신목로 7, 상가동 지하1층 101~104호 (신정동, 목동삼성아파트)",정상영업,1,01,0226549072,준대규모점포,189000.48603009     ,445955.944424525    ,서울특별시 양천구 신정동 1278 목동삼성아파트,2026-03-06 10:17:38
3140000,2020314016707500002,2020-05-29,,영업/정상,,,,,2734.89,,07948,목동에버하임,그 밖의 대규모점포,I,2025-12-15 16:15:28,"서울특별시 양천구 목동중앙북로 68 (목동, 목동에버하임)",영업개시전,5,01,0226433209,대규모점포,188502.886822432    ,449377.63880433     ,서울특별시 양천구 목동 966번지 목동에버하임,2020-05-29 09:20:09
3140000,2021314016707500001,2021-08-26,,영업/정상,,,,,396.88,,08022,(주)이마트에브리데이 목동역점,구분없음,I,2025-12-15 16:15:28,서울특별시 양천구 목동로 183(신정동),정상영업,1,01,0220390818,준대규모점포,187929.395106977    ,446964.609090888    ,서울특별시 양천구 신정동 995-2,2024-08-06 09:25:35
3140000,2022314016707500002,2022-10-04,,영업/정상,,,,,254.4,,08010,홈플러스 익스프레스 오목교점,구분없음,I,2026-03-02 22:18:10,서울특별시 양천구 목동동로 196(신정동),정상영업,1,01,0234598016,준대규모점포,188565.074701959    ,446750.881633578    ,서울특별시 양천구 신정동 86-1,2026-03-01 12:00:27
3140000,2025314027207500001,2025-01-20,,영업/정상,,,,,258,,07953,GS THE FRESH 양천목2동점,구분없음,I,2026-03-02 22:18:10,서울특별시 양천구 목동중앙본로 95 (목동),정상영업,1,01,,준대규모점포,188456.486375706    ,449112.890911306    ,서울특별시 양천구 목동 547-12,2026-03-01 12:00:03
3150000,1987315016607500006,1987-10-30,,폐업,2022-10-04,,,,1568,,07765,화곡중앙시장,시장,I,2025-12-15 16:15:28,서울특별시 강서구 월정로30길 69 (화곡동),폐업처리,3,03,0226025757,대규모점포,185745.73257287     ,448140.292711073    ,서울특별시 강서구 화곡동 370번지 76호,2022-10-04 15:31:32
3150000,2024315020007500003,2024-10-25,,영업/정상,,,,,32442.38,,07797,LEWEST A관,그 밖의 대규모점포,I,2025-12-15 16:15:28,서울특별시 강서구 마곡중앙로 143 (마곡동),정상영업,1,01,0234876056,대규모점포,184522.907834771    ,451531.924488537    ,서울특별시 강서구 마곡동 767,2025-08-18 15:01:31
3150000,2004315010007500035,1999-12-16,,폐업,2012-02-01,,,,8762,,,그랜드백화점(주)마트강서점,대형마트,I,2025-12-15 16:15:28,,폐업처리,3,03,0226572126,대규모점포,185732.424363656    ,450884.528795882    ,서울특별시 강서구 등촌동 678번지 14호,2012-02-10 10:47:31
3150000,2010315012307500001,2003-01-23,,폐업,2014-10-16,,,,18461.49,157-823,,(주)이마트 공항점,대형마트,I,2025-12-15 16:15:28,"서울특별시 강서구 하늘길 70 (공항동, (주)이마트 공항점)",폐업처리,3,03,0221661052,대규모점포,182141.205465089    ,451078.47991        ,서울특별시 강서구 과해동 676번지,2014-12-01 16:08:47
3150000,2010315012307500002,2010-04-15,,폐업,2018-12-26,,,,17623.04,157-030,,아름다운아울렛,전문점,I,2025-12-15 16:15:28,,폐업처리,3,03,0221698000,대규모점포,186966.036176588    ,451047.287263879    ,서울특별시 강서구 등촌동 73번지 1호 외 3필지,2018-12-27 17:19:43
3150000,2011315012307500004,2011-08-19,,폐업,2012-07-27,,,,410,157-851,,GS수퍼마켓 강서방화점,그 밖의 대규모점포,I,2025-12-15 16:15:28,,폐업처리,3,03,026666606,준대규모점포,183106.102043946    ,451758.106858582    ,서울특별시 강서구 방화2동 589번지 21호,2012-07-30 16:31:04
3150000,2012315014507500001,2012-03-12,,폐업,2012-07-30,,,,330,,,(주)에브리데이리테일 발산동점,그 밖의 대규모점포,I,2025-12-15 16:15:28,"서울특별시 강서구 강서로 287, 1층 (내발산동, 호경빌딩)",폐업처리,3,03,0226623651,준대규모점포,185438.90708315     ,449920.639962354    ,,2012-09-20 17:49:47
3150000,2012315014507500003,2012-03-29,,폐업,2021-11-12,,,,476,157-863,,롯데쇼핑(주)롯데슈퍼 염창2점,그 밖의 대규모점포,I,2025-12-15 16:15:28,서울특별시 강서구 공항대로59다길 101 (염창동),폐업처리,3,03,0226595601,준대규모점포,188320.272052969    ,449937.289956105    ,서울특별시 강서구 염창동 267번지 22호,2022-01-19 09:16:04
3150000,2012315014507500004,2012-03-29,,폐업,2014-08-22,,,,348.4,157-040,,롯데쇼핑(주)롯데슈퍼 염창점,그 밖의 대규모점포,I,2025-12-15 16:15:28,서울특별시 강서구 양천로67길 99 (염창동),폐업처리,3,03,0236625605,준대규모점포,188564.428051183    ,450381.673344615    ,서울특별시 강서구 염창동 75번지 8호,2014-09-19 19:53:49
3150000,2014315014507500001,2003-04-03,,폐업,2016-04-01,,,2003-04-03,15317,157-220,,테크노스카이시티,그 밖의 대규모점포,I,2025-12-15 16:15:28,서울특별시 강서구 하늘길 38 (방화동),폐업처리,3,03,0263435000,대규모점포,182735.786874703    ,451591.610813727    ,서울특별시 강서구 방화동 712번지 1호,2016-04-01 14:21:24
3150000,2014315014507500002,2002-10-25,,폐업,2018-02-01,,,,3011.65,,,대지종합유통물류시장,그 밖의 대규모점포,I,2025-12-15 16:15:28,서울특별시 강서구  강서로68길  23 (등촌동),폐업처리,3,03,36634314,대규모점포,185994.964119824    ,451596.45849391     ,서울특별시 강서구 등촌동 685번지,2018-02-02 15:10:42
3150000,2017315018607500002,2017-06-17,,폐업,2025-01-01,,,,0,,07788,이마트에브리데이 마곡점,구분없음,I,2025-12-15 16:15:28,"서울특별시 강서구 마곡서로 158, 마곡센트럴타워Ⅱ 103~110, 118, 119호 (마곡동)",폐업처리,3,03,0220398337,준대규모점포,184507.89151286     ,451772.49965437     ,서울특별시 강서구 마곡동 759번지 마곡센트럴타워Ⅱ,2025-11-28 13:17:06
3150000,2017315018607500003,2017-08-14,,폐업,2025-01-01,,,,0,,07791,롯데쇼핑㈜ 마켓999 양천향교역가맹점,구분없음,I,2025-12-15 16:15:28,"서울특별시 강서구 양천로 344, 마곡센트럴대방디엠시티오피스텔 121-1,2호 (마곡동)",폐업처리,3,03,0236646600,준대규모점포,185827.239418328    ,451790.699502971    ,서울특별시 강서구 마곡동 776번지 2호 마곡센트럴대방디엠시티오피스텔,2025-11-28 13:16:13
3150000,2025315020007500001,2025-05-27,,영업/정상,,,,,193.59,,07599,GS THE FRESH 신방화역점,구분없음,I,2025-12-15 16:15:28,"서울특별시 강서구 마곡서1로 115-1, 마곡헤리움1차 111~114호 (마곡동)",정상영업,1,01,0226651018,준대규모점포,183901.209920497    ,451618.937363136    ,서울특별시 강서구 마곡동 739-4 마곡헤리움1차,2025-08-25 09:37:51
3150000,2025315020007500002,2025-09-23,,영업/정상,,,,,193.39,,07562,GS THE FRESH 강서등촌역점,구분없음,I,2025-12-15 16:15:28,서울특별시 강서구 공항대로61길 36 (염창동),정상영업,1,01,0226583337,준대규모점포,188106.945381987    ,450022.470582738    ,서울특별시 강서구 염창동 273,2025-11-07 13:53:33
3150000,2011315012307500007,2011-10-05,,영업/정상,,,,,117,157-922,,롯데쇼핑(주)롯데슈퍼화곡3동점,구분없음,I,2025-12-15 16:15:28,서울특별시 강서구 강서로 179 (화곡동),정상영업,1,01,0226915601,준대규모점포,185725.161390724    ,448911.264785071    ,서울특별시 강서구 화곡3동 1051번지 27호,2025-08-25 09:40:14
3150000,2026315020007500001,2026-02-19,,영업/정상,,,,,262.81,,07622,GS THE FRESH 송정역점,구분없음,I,2026-03-19 22:18:11,"서울특별시 강서구 송정로 53, 101동 101~104호 (공항동, 발쿠치네하우스)",정상영업,1,01,0226665613,준대규모점포,183132.629865058    ,450838.756773739    ,서울특별시 강서구 공항동 1378 발쿠치네하우스 101동 101~4호,2026-03-18 14:26:24
3150000,1995315007407500001,1995-05-01,,휴업,,,,,0,,,그랜드패션아울렛,그 밖의 대규모점포,I,2025-12-15 16:15:28,,휴업처리,2,02,0226002002,,186786.622461585    ,450297.70265223     ,서울특별시 강서구 화곡동 1095호   ,2007-07-14 13:55:24
3150000,1999315010007500001,1970-08-20,,영업/정상,,,,,2702,,,(주)공항시장,시장,I,2025-12-15 16:15:28,,정상영업,1,01,0226622751,대규모점포,,,서울특별시 강서구 방화동 620호,2013-05-01 09:03:04
3150000,2000315010007500001,2000-10-06,,휴업,,,,,0,,,(주)이랜드리테일홈에버가양점,쇼핑센터,I,2025-12-15 16:15:28,,휴업처리,2,02,0236649400,,186687.131804431    ,451342.773451086    ,서울특별시 강서구 가양동 18번지 24호   ,2007-07-14 13:55:24
3150000,2002315007407500001,2002-08-01,,휴업,,,,,0,,,방신종합시장 재건축조합,그 밖의 대규모점포,I,2025-12-15 16:15:28,,휴업처리,2,02,,,183315.556652953    ,452204.165533971    ,서울특별시 강서구 방화동 567번지 4호   ,2007-07-14 13:55:24
3150000,2003315010007500030,2003-01-23,,휴업,,,,,,,,신세계이마트(공항점),대형마트,I,2025-12-15 16:15:28,,휴업처리,2,02,0221661052,,,,서울특별시 강서구 과해동 272호   ,2007-07-14 13:55:24
3150000,2004315010007500001,2004-02-19,,휴업,,,,,,,,(주)공항시장,그 밖의 대규모점포,I,2025-12-15 16:15:28,,휴업처리,2,02,0226622751,,,,서울특별시 강서구 방화동 620호   ,2007-07-14 13:55:24
3150000,2004315010007500034,2004-05-03,,휴업,,,,,,,,그랜드백화점(주)마트화곡점,대형마트,I,2025-12-15 16:15:28,,휴업처리,2,02,0226060101,,186786.622461585    ,450297.70265223     ,서울특별시 강서구 화곡동 1095호   ,2007-07-14 13:55:24
3150000,2005315010007500001,2005-08-26,,영업/정상,,,,,22173,157-840,,홈플러스(주) 강서점,대형마트,I,2025-12-15 16:15:28,서울특별시 강서구  화곡로  398 (등촌동),정상영업,1,01,0226608121,대규모점포,187119.948165892    ,450691.593173724    ,서울특별시 강서구 등촌동 639번지 11호,2024-02-29 08:58:35
3150000,2005315010007500002,2005-09-07,,영업/정상,,,,,5163.3,157-847,,삼정프라자,그 밖의 대규모점포,I,2025-12-15 16:15:28,서울특별시 강서구 방화동로 126 (방화동),정상영업,1,01,0226631978,대규모점포,183315.556652953    ,452204.165533971    ,서울특별시 강서구 방화동 567번지 4호,2014-09-29 10:40:19
3150000,2006315010007500001,2006-02-10,,휴업,,,,,0,,,삼성테스코(주)홈플러스강서점,대형마트,I,2025-12-15 16:15:28,,휴업처리,2,02,0226608000,,187119.948165892    ,450691.593173724    ,서울특별시 강서구 등촌동 639번지 11호   ,2007-07-14 13:55:24
3150000,2006315010007500002,2006-05-19,,영업/정상,,,,,3563,,,스페이스프라자,그 밖의 대규모점포,I,2025-12-15 16:15:28,서울특별시 강서구 공항대로71길 49 (염창동),정상영업,1,01,0236636562,대규모점포,188692.033242329    ,449699.83258499     ,서울특별시 강서구 염창동 264번지 18호,2012-07-17 13:11:32
3150000,2008315012307500001,2008-10-31,,휴업,,2025-12-28,2026-12-27,,10037,157-202,,홈플러스(주) 가양점,대형마트,I,2026-01-02 02:40:00,"서울특별시 강서구 양천로 431 (가양동, 홈플러스)",휴업처리,2,02,0220632080,대규모점포,186687.131804431    ,451342.773451086    ,서울특별시 강서구 가양동 18번지 24호,2025-12-31 09:22:21
3150000,2009315012307500001,2009-03-05,,영업/정상,,,,,3378.74,157-835,,송화시장,그 밖의 대규모점포,I,2025-12-15 16:15:28,서울특별시 강서구 강서로 267 (내발산동),정상영업,1,01,26022801,대규모점포,185431.066605778    ,449714.813765198    ,서울특별시 강서구 내발산동 719번지 6호,2014-09-26 19:26:13
3150000,2011315012307500001,2011-01-18,,영업/정상,,,,,77670,157-222,,롯데몰 김포공항,쇼핑센터,U,2026-04-16 03:03:03,"서울특별시 강서구 하늘길 38 (방화동, 롯데몰 김포공항)",정상영업,1,01,0261164000,대규모점포,182524.823835629    ,451438.25089679     ,서울특별시 강서구 방화2동 886번지 외6필지,2026-04-15 13:17:35
3150000,2011315012307500002,2011-07-01,,영업/정상,,,,,236,157-924,,홈플러스(주) 익스프레스 화곡점,구분없음,I,2025-12-15 16:15:28,서울특별시 강서구 화곡로 153 (화곡동),정상영업,1,01,0220658534,준대규모점포,185681.122656637    ,448813.441620263    ,서울특별시 강서구 화곡3동 1065번지 8호,2025-08-25 09:39:38
3150000,2011315012307500003,2011-07-14,,영업/정상,,,,,1524.6,157-900,,씨에스유통 (롯데슈퍼화곡2점),구분없음,I,2026-02-24 22:18:10,서울특별시 강서구 등촌로5길 80 (화곡동),정상영업,1,01,0226432211,준대규모점포,187464.403178638    ,447877.710664426    ,서울특별시 강서구 화곡4동 830번지 1호,2026-02-23 17:38:08
3150000,2011315012307500005,2011-09-19,,영업/정상,,,,,34547.21,157-930,,(주) 이랜드리테일 강서점,백화점,I,2026-01-24 22:18:10,서울특별시 강서구 강서로56길 17 (등촌동),정상영업,1,01,26679000,대규모점포,185824.428508883    ,450866.252126246    ,서울특별시 강서구 등촌3동 689번지 외 2,2026-01-23 11:44:12
3150000,2011315012307500006,2011-10-04,,영업/정상,,,,,735.3,157-850,,롯데쇼핑(주)롯데슈퍼개화산점,구분없음,I,2026-04-24 22:18:20,서울특별시 양천로6길 15,정상영업,1,01,0226645606,준대규모점포,182944.731406147    ,452207.427296372    ,서울특별시 강서구 방화2동 533번지 9호,2026-04-22 09:17:50
3150000,2011315012307500008,2011-10-05,,영업/정상,,,,,162.4,157-881,,롯데쇼핑(주)롯데슈퍼화곡점,구분없음,U,2026-04-18 03:03:03,서울특별시 강서구 강서로 43 (화곡동),정상영업,1,01,0226055602,준대규모점포,186366.013413728    ,447719.836723478    ,서울특별시 강서구 화곡1동 343번지 52호,2026-04-17 11:32:33
3150000,2012315014507500002,2012-03-12,,영업/정상,,,,,317,,,(주)이마트에브리데이 화곡동점,구분없음,I,2025-12-15 16:15:28,"서울특별시 강서구 화곡로 274 (화곡동, 외4필지 크라운뷰 1층 104~109)",정상영업,1,01,0222813651,준대규모점포,186456.187657133    ,449645.45192818     ,,2024-07-30 16:50:24
3150000,2012315014507500005,2012-03-29,,영업/정상,,,,,461.2,157-703,,롯데쇼핑(주)롯데슈퍼 우장산점,구분없음,U,2026-04-18 03:03:03,서울특별시 강서구 강서로 267 (내발산동),정상영업,1,01,0220645601,준대규모점포,185431.066605778    ,449714.813765198    ,서울특별시 강서구 내발산동 719번지 6호,2026-04-17 11:31:23
3150000,2012315014507500006,2012-03-29,,영업/정상,,,,,847.4,157-846,,롯데쇼핑(주)롯데슈퍼 방화점,구분없음,U,2026-04-18 03:03:03,서울특별시 강서구 방화대로34길 83 (방화동),정상영업,1,01,0226635601,준대규모점포,184102.782470646    ,452097.370050563    ,서울특별시 강서구 방화1동 187번지 1호,2026-04-17 11:28:24
3150000,2012315014507500007,2012-04-10,,영업/정상,,,,,244.6,157-914,,홈플러스익스프레스 화곡2점,구분없음,I,2025-12-15 16:15:28,서울특별시 강서구 까치산로 106 (화곡동),정상영업,1,01,0226988550,준대규모점포,186614.431263557    ,449481.253638067    ,서울특별시 강서구 화곡동 970번지 2호,2025-08-25 09:40:48
3150000,2013315014507500001,2013-06-17,,영업/정상,,,,,3385.1,157-925,,강서 뉴타워,그 밖의 대규모점포,I,2025-12-15 16:15:28,"서울특별시 강서구 화곡로18길 24 (화곡동, 강서 뉴타워)",정상영업,1,01,0226053334,대규모점포,185384.322720871    ,448552.124723353    ,서울특별시 강서구 화곡1동 1071번지 19호,2019-10-23 09:16:34
3150000,2015315016607500001,2015-03-23,,영업/정상,,,,,286.2,157-861,,(주)지에스리테일 염창점,구분없음,I,2025-12-15 16:15:28,"서울특별시 강서구 양천로 687, 1층 (염창동)",정상영업,1,01,0236657255,준대규모점포,188680.48304204     ,449829.694259357    ,서울특별시 강서구 염창동 249번지 8호 1층,2025-08-25 09:38:15
3150000,2017315018607500001,2017-03-30,,영업/정상,,,,,0,,07573,노브랜드 강서가양점,구분없음,I,2025-12-15 16:15:28,서울특별시 강서구 양천로 410 (가양동),정상영업,1,01,0236657661,준대규모점포,186374.463682775    ,451431.251130887    ,서울특별시 강서구 가양동 54번지 5호,2019-01-22 11:08:38
3150000,2017315018607500004,2017-10-11,,영업/정상,,,,,0,,07529,㈜이마트에브리데이 양천향교역점,구분없음,I,2025-12-15 16:15:28,"서울특별시 강서구 허준로 16-12, 동남빌딩 (가양동)",영업개시전,5,01,0220633690,준대규모점포,186080.902016621    ,451971.178722228    ,서울특별시 강서구 가양동 1458번지 9호 동남빌딩,2025-11-28 13:14:54
3150000,2018315018607500001,2018-07-30,,영업/정상,,,,,0,,07798,노브랜드 강서마곡점,구분없음,I,2025-12-15 16:15:28,"서울특별시 강서구 마곡서로 101, 동익드미라벨복합빌딩 (마곡동)",정상영업,1,01,0226670151,준대규모점포,184345.724012817    ,451171.287709396    ,서울특별시 강서구 마곡동 768번지 2호 동익드미라벨복합빌딩,2024-04-24 17:26:27
3150000,2023315020007500001,2023-01-27,,영업/정상,,,,,876,,07575,(주)이마트에브리데이 가양역점,구분없음,I,2025-12-15 16:15:28,"서울특별시 강서구 양천로 476, 금부빌딩 (등촌동)",정상영업,1,01,023805060,준대규모점포,186966.036176588    ,451047.287263879    ,서울특별시 강서구 등촌동 73-1 금부빌딩,2025-09-25 12:40:37
3150000,2023315020007500002,2023-09-07,,영업/정상,,,,,3015,,07765,화곡 더리브스카이,그 밖의 대규모점포,I,2025-12-15 16:15:28,"서울특별시 강서구 가로공원로80길 40 (화곡동, 화곡 더리브 스카이)",정상영업,1,01,,대규모점포,,,서울특별시 강서구 화곡동 1175 화곡 더리브 스카이,2025-08-22 11:09:12
3150000,2023315020007500003,2023-12-28,,영업/정상,,,,,673.32,,07545,GS THE FRESH 강서증미역점,구분없음,I,2025-12-15 16:15:28,"서울특별시 강서구 양천로67길 15, 한희빌딩 1층 (염창동)",정상영업,1,01,0236624171,준대규모점포,188237.941732745    ,450314.08791281     ,서울특별시 강서구 염창동 242-11 한희빌딩,2023-12-29 09:08:19
3150000,2024315020007500001,2024-01-10,,영업/정상,,,,,45167.97,,07800,원그로브몰,쇼핑센터,I,2026-03-20 22:18:11,"서울특별시 강서구 공항대로 165, 원그로브 (마곡동)",정상영업,1,01,0261822110,대규모점포,184449.736274095    ,451015.135227088    ,서울특별시 강서구 마곡동 769 원그로브,2026-03-19 15:04:58
3150000,2024315020007500002,2024-10-25,,영업/정상,,,,,27422,,07797,LEWEST B관,그 밖의 대규모점포,I,2025-12-15 16:15:28,"서울특별시 강서구 마곡중앙로 111 (마곡동, 롯데캐슬 르웨스트)",정상영업,1,01,0234876056,대규모점포,184504.783680584    ,451283.535222297    ,서울특별시 강서구 마곡동 767-4 롯데캐슬 르웨스트,2025-09-18 17:02:44
3150000,2004315010007500033,1999-12-28,,폐업,2022-09-27,,,,17262.29,,,(주)이마트 가양점,대형마트,I,2025-12-15 16:15:28,서울특별시 양천로 559 (가양이마트(E-MART)),폐업처리,3,03,0221011053,대규모점포,187761.194273879    ,450640.214509068    ,서울특별시 강서구 가양동 449번지 19  호,2022-09-27 15:44:47
3160000,2011316015907500002,2011-09-19,,영업/정상,,,,,860,152-814,,(주)이마트에브리데이 개봉동점,구분없음,I,2026-05-01 22:42:20,서울특별시 구로구 개봉로17길 34 (개봉동),정상영업,1,01,0226842013,준대규모점포,187009.804317689    ,443285.606966752    ,"서울특별시 구로구 개봉동 324-1, 324-11,324-13  1층",2025-01-23 15:05:02
3160000,2007316011707500021,1976-12-28,,영업/정상,,,,,2464,152-090,,개봉제일시장,그 밖의 대규모점포,I,2026-05-01 22:42:20,서울특별시 구로구 개봉로3길 51 (개봉동),정상영업,1,01,26838792,대규모점포,186968.288544829    ,442651.907780511    ,서울특별시 구로구 개봉동 361번지 1호,2013-12-20 10:56:01
3160000,2012316015907500002,2012-04-20,,영업/정상,,,,,191,152-805,,홈플러스 익스프레스 개봉점,구분없음,I,2026-05-01 22:42:20,"서울특별시 구로구 경인로 319 (개봉동,외 1필지 대림프라자 101호)",정상영업,1,01,26838545,준대규모점포,187158.443830013    ,443952.561879682    ,서울특별시 구로구 개봉1동 156번지 18호 외 1필지 대림프라자 101호,2024-04-16 13:55:11
3160000,2012316015907500003,2012-06-20,,영업/정상,,,,,228.69,152-720,,홈플러스 익스프레스 서울구로점,구분없음,I,2026-05-01 22:42:20,"서울특별시  구일로10길 27, B동 1층 (제118호,제119호,제121호~126호)",정상영업,1,01,028688726,준대규모점포,188674.995072188    ,443749.503020388    ,"서울특별시 구로구 구로1동 650번지 4호 SK허브수 제B동 제118호,제119호,제121호~126호",2020-06-03 10:20:07
3160000,2020316015907500001,2020-06-26,,영업/정상,,,,,49220.79,,08292,이랜드리테일 NC구로점,복합쇼핑몰,I,2026-05-01 22:42:20,서울특별시 구로구 구로중앙로 152 (구로동),정상영업,1,01,023230456,대규모점포,189570.360930049    ,444336.051330144    ,서울특별시 구로구 구로동 573,2026-02-02 14:04:50
3160000,2022316015907500001,2022-03-18,,영업/정상,,,,,40883.22,,,고척아이파크쇼핑센터,쇼핑센터,I,2026-05-01 22:42:20,,정상영업,1,01,025280450,대규모점포,187477.579440706    ,444045.294921843    ,서울특별시 구로구 고척동 100-7,2023-10-12 17:09:57
3160000,2007316011707500002,2007-08-28,,폐업,2020-12-27,,,,15852.3,,,롯데쇼핑(주) 롯데마트 구로점,대형마트,I,2026-05-01 22:42:19,서울특별시 구로구 경인로 482 (구로동),폐업처리,3,03,0226392500,대규모점포,188669.484398215    ,444010.738380277    ,서울특별시 구로구 구로동 636번지 89호,2020-12-30 09:28:43
3160000,2007316011707500005,2007-11-19,,폐업,2012-05-02,,,,3352,152-050,,롯데쇼핑(주) TRU구로점,전문점,I,2026-05-01 22:42:19,"서울특별시 구로구 경인로 482 (구로동,롯데마트 지하1층)",폐업처리,3,03,0226392500,대규모점포,188669.484398215    ,444010.738380277    ,서울특별시 구로구 구로동 636번지 89호 롯데마트 지하1층,2012-05-02 15:16:00
3160000,2007316011707500008,1993-08-30,,폐업,2019-10-14,,,,24862.71,152-050,,AK PLAZA,백화점,I,2026-05-01 22:42:19,서울특별시 구로구 구로중앙로 152 (구로동),폐업처리,3,03,028180812,대규모점포,189570.360930049    ,444336.051330144    ,서울특별시 구로구 구로동 573번지,2019-10-15 09:25:30
3160000,2007316011707500009,2005-11-17,,폐업,2024-11-20,,,,13043.88,152-080,,이천일 아울렛 구로점,그 밖의 대규모점포,I,2026-05-01 22:42:19,서울특별시 구로구 중앙로1길 36 (고척동),폐업처리,3,03,0220935072,대규모점포,187785.840457798    ,443997.135869884    ,서울특별시 구로구 고척동 76번지 41호,2024-11-20 13:10:28
3160000,2007316011707500011,1986-12-10,,폐업,2024-02-08,,,,4389,152-100,,삼익쇼핑센타,쇼핑센터,I,2026-05-01 22:42:19,서울특별시 구로구 경인로 192 (오류동),폐업처리,3,03,26869982,대규모점포,186015.738369848    ,443657.614265375    ,서울특별시 구로구 오류동 47번지 1호,2024-02-23 10:03:57
3160000,2011316015907500001,2011-08-10,,폐업,2025-06-30,,,,38414.15,152-888,,주식회사 현대백화점 디큐브시티,백화점,I,2026-05-01 22:42:20,서울특별시 구로구 경인로 662 (신도림동),폐업처리,3,03,0234165282,대규모점포,190107.045415333    ,445157.626366229    ,서울특별시 구로구 신도림동 692번지,2025-07-18 09:34:08
3160000,1962316007107500001,1962-09-25,,영업/정상,,,,,,,,구로시장,그 밖의 대규모점포,I,2026-05-01 22:42:19,,정상영업,1,01,028542709,,,,서울특별시 구로구 구로동 736번지 1   호   ,2007-07-07 09:54:17
3160000,1968316007107500002,1968-10-23,,영업/정상,,,,,,,,오류시장,그 밖의 대규모점포,I,2026-05-01 22:42:19,,정상영업,1,01,0226113888,,,,서울특별시 구로구 오류동 38번지 7   호   ,2007-07-07 09:54:17
3160000,1971316007107500001,1971-10-19,,영업/정상,,,,,,,,고척시장,그 밖의 대규모점포,I,2026-05-01 22:42:19,,정상영업,1,01,026170617,,,,서울특별시 구로구 고척동 50번지 48  호   ,2007-07-07 09:54:17
3160000,1972316007107500005,1972-01-21,,영업/정상,,,,,,,,배영설비(주),그 밖의 대규모점포,I,2026-05-01 22:42:19,,정상영업,1,01,028551036,,,,서울특별시 구로구 구로동 169번지 2   호   ,2007-07-07 09:54:17
3160000,1976316007107500001,1976-08-06,,영업/정상,,,,,,,,개봉중앙시장,그 밖의 대규모점포,I,2026-05-01 22:42:19,,정상영업,1,01,026136162,,,,서울특별시 구로구 개봉동 324번지 1   호   ,2007-07-07 09:54:17
3160000,1976316007107500002,1976-12-28,,영업/정상,,,,,,,,개봉제일시장,그 밖의 대규모점포,I,2026-05-01 22:42:19,,정상영업,1,01,0226172661,,,,서울특별시 구로구 개봉동 361번지 1   호   ,2007-07-07 09:54:17
3160000,1986316007107500001,1986-12-10,,휴업,,2017-07-04,,,13,,,삼익쇼핑센터,쇼핑센터,I,2026-05-01 22:42:19,,휴업처리,2,02,026869982,대규모점포,186015.738369848    ,443657.614265375    ,서울특별시 구로구 오류동 47번지 1   호,2017-07-04 13:08:29
3160000,1986316007107500015,1986-11-01,,영업/정상,,,,,10705,,08225,고척산업용품상가,그 밖의 대규모점포,I,2026-05-01 22:42:19,"서울특별시 구로구 중앙로3길 50 (고척동, 고척산업용품종합상가)",정상영업,1,01,0226811133,대규모점포,187619.596959162    ,444186.923109714    ,서울특별시 구로구 고척동 103번지 4호,2019-04-02 20:36:54
3160000,1989316007107500020,1989-03-20,,영업/정상,,,,,,,,사모아종합상가,그 밖의 대규모점포,I,2026-05-01 22:42:19,서울특별시 구로구 구일로10길 93 (구로동),정상영업,1,01,028613891,,189052.101789082    ,443748.279289935    ,서울특별시 구로구 구로동 685번지 140호   ,2007-07-07 09:54:17
3160000,1993316007107500001,1993-08-30,,휴업,,,,,24362,,,애경백화점,백화점,I,2026-05-01 22:42:19,서울특별시 구로구 구로중앙로 152 (구로동),휴업처리,2,02,028181000,,189570.360930049    ,444336.051330144    ,서울특별시 구로구 구로동 573호   ,2007-07-07 09:54:17
3160000,1993316007107500003,1993-05-27,,영업/정상,,,,,,,,개봉프라자,그 밖의 대규모점포,I,2026-05-01 22:42:19,,정상영업,1,01,0226198068,,,,서울특별시 구로구 고척동 269번지 1   호   ,2007-07-07 09:54:17
3160000,1993316007107500015,1993-01-07,,휴업,,,,,,,,동국종합상가,그 밖의 대규모점포,I,2026-05-01 22:42:19,서울특별시 구로구 중앙로3길 49 (고척동),휴업처리,2,02,026177914,,187718.801171032    ,444056.996752313    ,서울특별시 구로구 고척동 83번지 6호   ,2007-07-07 09:54:17
3160000,1994316007107500024,1994-03-30,,영업/정상,,,,,,,,라이프공구종합상가,그 밖의 대규모점포,I,2026-05-01 22:42:19,,정상영업,1,01,026346460,,,,서울특별시 구로구 구로동 614번지 33  호   ,2007-07-07 09:54:17
3160000,1996316007107500001,1996-06-27,,영업/정상,,,,,,,,서울구로기계공구상가,그 밖의 대규모점포,I,2026-05-01 22:42:19,,정상영업,1,01,0226330081,,,,서울특별시 구로구 구로동 604번지 1   호   ,2007-07-07 09:54:17
3160000,1998316007107500001,1998-01-14,,영업/정상,,,,,,,,공구상가일번지,그 밖의 대규모점포,I,2026-05-01 22:42:19,,정상영업,1,01,0226310460,,,,서울특별시 구로구 구로동 636번지 62  호   ,2007-07-07 09:54:17
3160000,1998316007107500002,1998-05-12,,휴업,,,,,,,,중앙유통단지,그 밖의 대규모점포,I,2026-05-01 22:42:19,서울특별시 구로구 경인로53길 15 (구로동),휴업처리,2,02,0226252631,,188840.515865617    ,444306.771104527    ,서울특별시 구로구 구로동 1258호   ,2007-07-07 09:54:17
3160000,1998316007107500003,1998-11-26,,영업/정상,,,,,0,,,일이삼전자타운,그 밖의 대규모점포,I,2026-05-01 22:42:19,"서울특별시 구로구 경인로 393-7 (고척동, 123전자타운)",정상영업,1,01,0226171237,대규모점포,187826.698183821    ,443925.52468616     ,서울특별시 구로구 고척동 73번지 3   호,2014-01-13 15:35:45
3160000,1999316007107500001,1999-07-27,,영업/정상,,,,,7671,,,이마트구로점,대형마트,I,2026-05-01 22:42:19,,,BBBB,01,,,,,서울특별시 구로구 구로동 188번지 26  호   ,2007-07-07 09:54:17
3160000,2005316009307500001,2005-03-31,,휴업,,,,,8555,,,(주)신세계이마트구로점,대형마트,I,2026-05-01 22:42:19,서울특별시 구로구 디지털로32길 43 (구로동),휴업처리,2,02,,,190901.977946718    ,442466.813410528    ,서울특별시 구로구 구로동 188번지 26호   ,2007-07-07 09:54:17
3160000,2005316009307500002,2005-03-31,,휴업,,,,,8555,,,(주)신세계이마트구로점,대형마트,I,2026-05-01 22:42:19,서울특별시 구로구 디지털로32길 43 (구로동),휴업처리,2,02,,,190901.977946718    ,442466.813410528    ,서울특별시 구로구 구로동 188번지 26호   ,2007-07-07 09:54:17
3160000,2005316009307500003,2005-06-01,,휴업,,,,,10502,,,롯데마트 구로점,대형마트,I,2026-05-01 22:42:19,서울특별시 구로구 경인로 482 (구로동),휴업처리,2,02,0226392500,,188669.484398215    ,444010.738380277    ,서울특별시 구로구 구로동 636번지 89호   ,2007-07-07 09:54:17
3160000,2005316009307500004,2005-06-01,,휴업,,,,,10502,,,롯데마트 구로점,대형마트,I,2026-05-01 22:42:19,서울특별시 구로구 경인로 482 (구로동),휴업처리,2,02,0226392500,,188669.484398215    ,444010.738380277    ,서울특별시 구로구 구로동 636번지 89호   ,2007-07-07 09:54:17
3160000,2005316009307500005,2005-06-01,,휴업,,,,,6745,,,비엔큐홈(구로점),대형마트,I,2026-05-01 22:42:19,서울특별시 구로구 경인로 482 (구로동),휴업처리,2,02,027695828,,188669.484398215    ,444010.738380277    ,서울특별시 구로구 구로동 636번지 89호   ,2007-07-07 09:54:17
3160000,2005316009307500006,2005-11-15,,휴업,,,,,11562,,,일이삼전자타운,그 밖의 대규모점포,I,2026-05-01 22:42:19,서울특별시 구로구 중앙로1길 42 (고척동),휴업처리,2,02,027011137,,187756.919450472    ,443962.832747371    ,서울특별시 구로구 고척동 75번지 1호   ,2007-07-07 09:54:17
3160000,2005316009307500007,2005-11-18,,휴업,,,,,9711,,,이천일아울렛구로점,그 밖의 대규모점포,I,2026-05-01 22:42:19,서울특별시 구로구 중앙로1길 36 (고척동),휴업처리,2,02,0226042001,,187785.840457798    ,443997.135869884    ,서울특별시 구로구 고척동 76번지 41호   ,2007-07-07 09:54:17
3160000,2007316011707500001,2007-08-13,,영업/정상,,,,,11914,,08208,홈플러스(주) 신도림점,대형마트,I,2026-05-01 22:42:19,"서울특별시 구로구 경인로 661, 신도림1차푸르지오 (신도림동)",정상영업,1,01,0226182080,대규모점포,190005.132500398    ,445250.538868558    ,서울특별시 구로구 신도림동 337번지 신도림1차푸르지오,2024-03-05 16:34:52
3160000,2007316011707500003,2007-09-27,,영업/정상,,,,,7337,,,(주) 이마트 신도림점,대형마트,I,2026-05-01 22:42:19,"서울특별시 구로구 새말로 97 (구로동,외 31필지)",정상영업,1,01,,대규모점포,190232.524534335    ,444978.682746138    ,서울특별시 구로구 구로동 3번지 25호 외 31필지,2024-04-24 09:39:06
3160000,2007316011707500004,2007-11-08,,영업/정상,,,,,15624,152-050,,나인스에비뉴,그 밖의 대규모점포,I,2026-05-01 22:42:19,서울특별시 구로구 구로중앙로 134 (구로동),정상영업,1,01,,대규모점포,189682.799434964    ,444193.860003095    ,서울특별시 구로구 구로동 501번지,2014-09-25 08:50:05
3160000,2007316011707500006,2007-11-19,,영업/정상,,,,,45744,152-050,,신도림 테크노마트,그 밖의 대규모점포,I,2026-05-01 22:42:19,"서울특별시 구로구 새말로 97 (구로동,외 31필지)",정상영업,1,01,34247800,대규모점포,190232.524534335    ,444978.682746138    ,서울특별시 구로구 구로동 3번지 25호 외 31필지,2017-05-26 08:58:14
3160000,2007316011707500007,1999-07-27,,영업/정상,,,,,9927.72,152-050,,(주)이마트 구로점,대형마트,I,2026-05-01 22:42:19,서울특별시 구로구 디지털로32길 43 (구로동),정상영업,1,01,20091001,대규모점포,190901.977946718    ,442466.813410528    ,서울특별시 구로구 구로동 188번지 26호,2024-04-24 09:37:26
3160000,2007316011707500010,1989-03-20,,영업/정상,,,,,2762,152-050,,사모아종합상가,그 밖의 대규모점포,I,2026-05-01 22:42:19,서울특별시 구로구 구일로10길 93 (구로동),정상영업,1,01,,대규모점포,189052.101789082    ,443748.279289935    ,서울특별시 구로구 구로동 685번지 140호,2013-12-20 11:12:56
3160000,2007316011707500012,1998-05-12,,영업/정상,,,,,70845,152-050,,중앙유통단지,그 밖의 대규모점포,I,2026-05-01 22:42:19,서울특별시 구로구 경인로53길 15 (구로동),정상영업,1,01,26252631,대규모점포,188840.515865617    ,444306.771104527    ,서울특별시 구로구 구로동 1258번지,2015-01-15 18:02:34
3160000,2007316011707500013,1996-06-27,,영업/정상,,,,,27535,152-050,,서울구로기계공구상가,그 밖의 대규모점포,I,2026-05-01 22:42:19,서울특별시 구로구 구로중앙로 198 (구로동),정상영업,1,01,26330081,대규모점포,189277.761702183    ,444671.551731639    ,서울특별시 구로구 구로동 604번지 1호,2024-10-24 13:14:02
3160000,2007316011707500014,1994-03-30,,영업/정상,,,,,4495,152-050,,라이프공구상가,그 밖의 대규모점포,I,2026-05-01 22:42:20,서울특별시 구로구 구로중앙로 237 (구로동),정상영업,1,01,26346460,대규모점포,188907.966108621    ,444898.367647601    ,서울특별시 구로구 구로동 614번지 33호,2013-12-20 11:11:42
3160000,2007316011707500015,1986-11-01,,영업/정상,,,,,10705,152-081,,고척산업용품상가,복합쇼핑몰,I,2026-05-01 22:42:20,"서울특별시 구로구 경인로43길 42 (고척동, 고척산업용품상가)",정상영업,1,01,26811364,대규모점포,187619.596959162    ,444186.923109714    ,서울특별시 구로구 고척동 103번지 4호,2015-03-31 09:26:54
3160000,2007316011707500016,1993-01-15,,영업/정상,,,,,1582,152-080,,동국종합상가,그 밖의 대규모점포,I,2026-05-01 22:42:20,서울특별시 구로구 중앙로3길 49 (고척동),정상영업,1,01,0226177914,대규모점포,187718.801171032    ,444056.996752313    ,서울특별시 구로구 고척동 83번지 6호,2017-11-09 15:42:41
3160000,2007316011707500017,1998-01-14,,영업/정상,,,,,4881,152-050,,공구상가일번지관리단,복합쇼핑몰,I,2026-05-01 22:42:20,서울특별시 구로구 경인로54길 4 (구로동),정상영업,1,01,26310460,대규모점포,189134.15447044     ,444274.729874348    ,서울특별시 구로구 구로동 636번지 62호,2024-04-17 10:55:51
3160000,2007316011707500018,1998-11-26,,영업/정상,,,,,32678.39,152-080,,일이삼전자타운,복합쇼핑몰,I,2026-05-01 22:42:20,서울특별시 구로구 경인로 393-7 (고척동),정상영업,1,01,26171237,대규모점포,187826.698183821    ,443925.52468616     ,서울특별시 구로구 고척동 73번지 3호,2025-02-04 17:30:07
3160000,2007316011707500019,1993-05-27,,영업/정상,,,,,3085,152-080,,개봉프라자,시장,I,2026-05-01 22:42:20,서울특별시 구로구 고척로40길 19 (고척동),정상영업,1,01,0226198068,대규모점포,186769.616926353    ,444433.221606826    ,서울특별시 구로구 고척동 269번지 1호,2017-07-04 13:11:54
3160000,2007316011707500020,1971-10-19,,영업/정상,,,,,6992,152-081,,고척스카이프라자,그 밖의 대규모점포,I,2026-05-01 22:42:20,서울특별시 구로구 중앙로 64 (고척동),정상영업,1,01,024528140,대규모점포,187798.86926511     ,444629.704821749    ,서울특별시 구로구 고척동 50번지 48호,2018-08-30 09:12:25
3160000,2012316015907500001,2012-04-20,,영업/정상,,,,,246,152-897,,홈플러스 익스프레스 서울오류점,복합쇼핑몰,I,2026-05-01 22:42:20,"서울특별시 구로구 서해안로 2293 (오류동,외 2필지)",정상영업,1,01,34598000,준대규모점포,185756.174922711    ,443268.099008657    ,서울특별시 구로구 오류2동 160번지  외 2필지,2024-04-16 13:51:13
3170000,2013317014207500001,2013-03-19,,영업/정상,,,,,25015.45,153-023,,현대아울렛,쇼핑센터,I,2026-05-07 22:30:13,서울특별시 금천구 디지털로10길 9 (가산동),정상영업,1,01,0221362233,대규모점포,190119.463375612    ,441716.684586176    ,서울특별시 금천구 가산동 60번지 8호,2023-05-01 14:20:32
3170000,2012317014207500004,2012-09-13,,영업/정상,,,,,32887.19,153-801,,마리오아울렛 3관,쇼핑센터,I,2026-05-07 22:30:13,서울특별시 금천구 벚꽃로 266 (가산동),정상영업,1,01,0221097013,대규모점포,189759.713050655    ,441814.115920983    ,서울특별시 금천구 가산동 60번지 20호,2023-02-28 21:05:56
3170000,2017317017407500001,2017-12-05,,영업/정상,,,,,11464,,08608,롯데캐슬 골드파크 2차 마르쉐도르,그 밖의 대규모점포,I,2026-05-07 22:30:13,"서울특별시 금천구 벚꽃로 30 (독산동, 금천롯데캐슬골드파크2차)",정상영업,1,01,028028835,대규모점포,190567.418315661    ,439569.401459017    ,서울특별시 금천구 독산동 1150번지 금천롯데캐슬골드파크2차,2021-12-22 17:11:19
3170000,2018317019007500001,2018-04-30,,영업/정상,,,,,31618,,08608,롯데쇼핑(주) 금천 독산점,쇼핑센터,I,2026-05-07 22:30:13,"서울특별시 금천구 시흥대로 291(독산동, 금천롯데캐슬골드파크3차)",정상영업,1,01,0221458000,대규모점포,190838.324818618    ,439761.362000391    ,서울특별시 금천구 독산동 1155 금천롯데캐슬골드파크3차,2026-03-26 12:46:39
3170000,2019317019007500001,2019-04-10,,영업/정상,,,,,4288,,08608,롯데캐슬 골드파크 4차 마르쉐도르 960,그 밖의 대규모점포,I,2026-05-07 22:30:13,"서울특별시 금천구 시흥대로 315, 금천롯데캐슬골드파크4차 (독산동)",정상영업,1,01,028099957,대규모점포,190799.832998673    ,439885.941303087    ,서울특별시 금천구 독산동 1156번지 금천롯데캐슬골드파크4차,2021-12-22 17:07:46
3170000,2023317025707500001,2023-12-29,,영업/정상,,,,,18020,,08513,가산퍼블릭 상업시설,그 밖의 대규모점포,I,2026-05-07 22:30:13,서울특별시 금천구 디지털로 178 (가산동),정상영업,1,01,024220310,대규모점포,189930.50790426     ,441616.460710064    ,서울특별시 금천구 가산동 60-26,2025-01-09 10:55:08
3170000,2024317025707500001,2024-04-29,,영업/정상,,,,,0,,08632,홈플러스 주식회사,대형마트,I,2026-05-07 22:30:13,"서울특별시 금천구 시흥대로 201, 홈플러스테스테스코(주)시흥점 (시흥동)",정상영업,1,01,028908122,대규모점포,191152.432649234    ,438865.160717275    ,서울특별시 금천구 시흥동 992-47 홈플러스테스테스코(주)시흥점,2024-04-29 15:44:46
3170000,1973317006707500006,1973-09-12,,영업/정상,,,,,2063,,,시흥중앙시장,그 밖의 대규모점포,I,2026-05-07 22:30:11,서울특별시 금천구 금하로 705 (시흥동),,BBBB,01,028035052,,191823.026849977    ,438834.378061101    ,서울특별시 금천구 시흥동 831번지 6호   ,2007-07-07 11:59:15
3170000,1977317006707500009,1977-12-10,,영업/정상,,,,,,,,대명합동시장,그 밖의 대규모점포,I,2026-05-07 22:30:11,서울특별시 금천구 시흥대로52길 70 (시흥동),정상영업,1,01,028034878,,191241.048445241    ,439137.99206467     ,서울특별시 금천구 시흥동 884번지 5호   ,2007-07-07 11:59:15
3170000,1982317006707500014,1982-01-14,,영업/정상,,,,,,,,럭키남서울상가,그 밖의 대규모점포,I,2026-05-07 22:30:11,서울특별시 금천구 시흥대로47길 43 (시흥동),정상영업,1,01,028060123,,191026.637157812    ,438701.205634976    ,서울특별시 금천구 시흥동 1002번지 1호   ,2007-07-07 11:59:15
3170000,1987317006707500016,1987-03-31,,영업/정상,,,,,0,,,시흥중앙철재상가,그 밖의 대규모점포,I,2026-05-07 22:30:11,서울특별시 금천구 시흥대로 46 (시흥동),정상영업,1,01,028057180,대규모점포,191390.785127877    ,437280.574150819    ,서울특별시 금천구 시흥동 966호,2014-12-01 16:05:50
3170000,1987317006707500017,1987-06-26,,영업/정상,,,,,,,,시흥산업용재유통센타,그 밖의 대규모점포,I,2026-05-07 22:30:11,서울특별시 금천구 시흥대로 109 (시흥동),정상영업,1,01,028081522,,191384.606290141    ,437986.940834791    ,서울특별시 금천구 시흥동 984번지 6호   ,2007-07-07 11:59:15
3170000,1993317006707500023,1994-03-14,,영업/정상,,,,,,,,유창상가,그 밖의 대규모점포,I,2026-05-07 22:30:11,서울특별시 금천구 범안로 1209 (독산동),정상영업,1,01,028934527,,190771.595589599    ,440515.66903538     ,서울특별시 금천구 독산동 293번지 5호   ,2007-07-07 11:59:15
3170000,2002317006707500001,2002-06-18,,영업/정상,,2012-01-30,2012-06-24,2012-06-25,12561,,08524,롯데쇼핑(주) 롯데마트맥스 금천점,대형마트,U,2026-05-09 03:03:03,"서울특별시 금천구 두산로 71, 롯데마트 맥스 금천점 (독산동)",정상영업,1,01,028092500,대규모점포,190704.904312713    ,440940.384414334    ,서울특별시 금천구 독산동 295-10 롯데마트 맥스 금천점,2026-05-08 16:45:11
3170000,2002317006707500002,2002-06-18,,휴업,,,,,14972.02,,,(주)이랜드리테일 홈에버 시흥점,대형마트,I,2026-05-07 22:30:11,"서울특별시 금천구 시흥대로 201 (시흥동,외 1)",휴업처리,2,02,0230161500,,191152.432649234    ,438865.160717275    ,서울특별시 금천구 시흥동 992번지 47호 외 1  ,2007-07-07 11:59:15
3170000,2003317008307500001,2003-10-02,,영업/정상,,,,,29885.04,,08584,홈플러스(주) 금천점,대형마트,I,2026-05-07 22:30:11,"서울특별시 금천구 시흥대로 391, 홈플러스 금천점 (독산동)",정상영업,1,01,028908125,대규모점포,190809.507840375    ,440728.382273075    ,서울특별시 금천구 독산동 291-7 홈플러스 금천점,2024-03-04 13:53:48
3170000,2003317008307500002,2003-10-02,,영업/정상,,,,,26776,,,삼성테스코(주)홈플러스 금천점,대형마트,I,2026-05-07 22:30:11,서울특별시 금천구 시흥대로 391 (독산동),,BBBB,01,0234598000,,190809.507840375    ,440728.382273075    ,서울특별시 금천구 독산동 291번지 7호   ,2007-07-07 11:59:15
3170000,2003317008307500003,2003-10-17,,영업/정상,,,,,26776.55,,,삼성테스코(주)홈플러스 금천점,대형마트,I,2026-05-07 22:30:11,서울특별시 금천구 시흥대로 391 (독산동),,BBBB,01,0234598000,,190809.507840375    ,440728.382273075    ,서울특별시 금천구 독산동 291번지 7호   ,2007-07-07 11:59:15
3170000,2004317008307500001,2004-10-02,,영업/정상,,,,,15648.38,,,시티렉스,쇼핑센터,I,2026-05-07 22:30:12,서울특별시 금천구 시흥대로 399 (독산동),정상영업,1,01,028097530,대규모점포,190858.649482406    ,440808.541334678    ,서울특별시 금천구 독산동 291번지 5호,2014-10-01 10:27:28
3170000,2005317009407500001,2005-08-26,,휴업,,,,,3745.05,,,남문시장,그 밖의 대규모점포,I,2026-05-07 22:30:12,"서울특별시 금천구 시흥대로142길 24 (독산동,외 27)",휴업처리,2,02,028689727,,191127.423978879    ,441203.919968343    ,서울특별시 금천구 독산동 988번지 7호 외 27  ,2007-07-07 11:59:15
3170000,2007317010507500002,2007-05-01,,휴업,,,,,10298,,,현대시장,그 밖의 대규모점포,I,2026-05-07 22:30:12,"서울특별시 금천구 시흥대로62길 18 (시흥동,외 87필지)",휴업처리,2,02,028555645,,191224.607415902    ,439247.719038249    ,서울특별시 금천구 시흥동 879호 외 87필지  ,2007-07-07 11:59:15
3170000,1980317006707500013,1980-09-13,,폐업,2017-06-30,,,,2258.01,,,박미종합시장,그 밖의 대규모점포,I,2026-05-07 22:30:11,서울특별시 금천구 시흥대로18길 16 (시흥동),폐업처리,3,03,0222430190,대규모점포,191497.590452952    ,437562.242368734    ,서울특별시 금천구 시흥동 956호,2021-06-09 10:15:22
3170000,2002317006707500003,2002-10-24,,폐업,2012-11-23,,,,8642.24,,,플라자 카멜리아,그 밖의 대규모점포,I,2026-05-07 22:30:11,서울특별시 금천구 금하로 705 (시흥동),폐업처리,3,03,028905015,대규모점포,191823.026849977    ,438834.378061101    ,서울특별시 금천구 시흥동 831번지 6호,2012-11-26 16:39:00
3170000,2007317010507500001,2007-02-08,,폐업,2023-07-01,,,,21378,,,(주)원신더블유몰,쇼핑센터,I,2026-05-07 22:30:12,서울특별시 금천구 디지털로 188 (가산동),폐업처리,3,03,0220810114,대규모점포,189997.455663258    ,441687.841171831    ,서울특별시 금천구 가산동 60번지 27호,2023-07-05 18:01:07
3170000,2011317014207500001,2011-09-28,,폐업,2021-02-16,,,,175.6,153-011,,롯데쇼핑(주)롯데슈퍼독산점,구분없음,I,2026-05-07 22:30:13,서울특별시 금천구 시흥대로 473 (독산동),폐업처리,3,03,22925853,준대규모점포,190901.481378795    ,441536.391463324    ,서울특별시 금천구 독산1동 145번지 8호,2021-02-18 13:43:13
3170000,2012317014207500001,2012-04-10,,폐업,2015-01-21,,,,244.9,,,홈플러스(주)익스프레스 독산점,구분없음,I,2026-05-07 22:30:13,서울특별시 금천구 독산로 210 (독산동),폐업처리,3,03,,준대규모점포,191290.582375374    ,440402.04012719     ,,2015-01-29 07:40:44
3170000,2012317014207500003,2012-05-07,,폐업,2016-12-26,,,,699.7,153-859,,롯데쇼핑(주)롯데슈퍼 시흥점,구분없음,I,2026-05-07 22:30:13,서울특별시  금하로 720,폐업처리,3,03,,준대규모점포,191917.450107657    ,438699.77460936     ,서울특별시 금천구 시흥5동 912번지 20호,2016-12-29 17:48:42
3170000,2015317017407500001,2015-12-29,,폐업,2025-09-30,,,,8815.59,153-801,,롯데쇼핑(주) 아울렛 가산점,쇼핑센터,I,2026-05-07 22:30:13,서울특별시 금천구 벚꽃로 278 (가산동),폐업처리,3,03,0233973000,대규모점포,189722.178532426    ,441920.972770099    ,서울특별시 금천구 가산동 60번지 19호,2025-10-21 16:05:35
3170000,2007317010507500003,2007-07-19,,영업/정상,,,,,4079.41,153-010,,푸른터시장,그 밖의 대규모점포,I,2026-05-07 22:30:12,서울특별시 금천구 남부순환로120길 23 (독산동),정상영업,1,01,,,191210.51770388     ,441768.833867706    ,서울특별시 금천구 독산동 957번지,2007-07-19 16:43:26
3170000,2008317010507500001,2017-04-07,,영업/정상,,,,,98983,,08639,시흥산업용재유통센터,그 밖의 대규모점포,I,2026-05-07 22:30:12,"서울특별시 금천구 시흥대로 97 (시흥동, 시흥유통상가)",정상영업,1,01,028081522,대규모점포,191226.287379467    ,437914.06299827     ,서울특별시 금천구 시흥동 984번지,2026-04-30 17:21:43
3170000,2008317010507500002,2008-10-24,,휴업,,2026-04-01,2027-03-31,,14972,153-031,,홈플러스 시흥점,대형마트,I,2026-05-07 22:30:12,서울특별시 금천구 시흥대로 201 (시흥동),휴업처리,2,02,,대규모점포,191152.432649234    ,438865.160717275    ,서울특별시 금천구 시흥동 992번지 47호,2026-04-15 20:30:08
3170000,2012317014207500002,2012-04-10,,영업/정상,,,,,243.5,,,홈플러스(주)익스프레스 가산점,구분없음,I,2026-05-07 22:30:13,서울특별시 금천구 가산로 106 (가산동),정상영업,1,01,,준대규모점포,190527.918536528    ,441484.865931033    ,,2024-03-22 14:57:58
3170000,2013317014207500002,2013-09-06,,영업/정상,,,,,24253.99,153-023,,마리오아울렛 1관,쇼핑센터,I,2026-05-07 22:30:13,서울특별시 금천구 디지털로 185 (가산동),정상영업,1,01,0221097000,대규모점포,189943.234285288    ,441784.247518723    ,서울특별시 금천구 가산동 60번지 22호,2023-02-28 20:56:47
3180000,1991318011707500001,1991-05-01,,영업/정상,,,,,53086.27,,07306,롯데백화점 영등포점,백화점,I,2026-05-11 22:40:05,서울특별시 영등포구 경인로 846 (영등포동),정상영업,1,01,0226708832,대규모점포,191741.345847708    ,445970.307641467    ,서울특별시 영등포구 영등포동 618-496,2026-04-15 09:38:36
3180000,2011318016307500004,2011-10-02,,폐업,2014-05-08,,,,245.5,150-102,,홈플러스(주) 익스프레스 양평점,대형마트,I,2026-05-11 22:40:06,서울특별시 영등포구 영등포로 33 (양평동2가),폐업처리,3,03,36678546,준대규모점포,189785.752470051    ,446796.882113561    ,서울특별시 영등포구 양평동2가 29번지 23호,2014-05-09 11:40:06
3180000,2001318007607500002,1994-10-07,,영업/정상,,,,,,,,코스트코홀세일,그 밖의 대규모점포,I,2026-05-11 22:40:05,서울특별시 영등포구 선유로 156 (양평동3가),정상영업,1,01,0226302653,,190408.509134733    ,447298.022173646    ,서울특별시 영등포구 양평동3가 65호   ,2007-07-07 12:24:36
3180000,2001318007607500003,1997-09-16,,영업/정상,,,,,,,,영등포지하상가,그 밖의 대규모점포,I,2026-05-11 22:40:05,,정상영업,1,01,0226338050,,,,서울특별시 영등포구 영등포동5가 20호   ,2007-07-07 12:24:36
3180000,2001318007607500004,1980-04-09,,영업/정상,,,,,,,,영등포역앞지하상가,그 밖의 대규모점포,I,2026-05-11 22:40:05,,정상영업,1,01,026788817,,,,서울특별시 영등포구 영등포동5가 20호   ,2007-07-07 12:24:36
3180000,2001318007607500005,1983-09-09,,영업/정상,,,,,,,,영등포로타리지하상가,그 밖의 대규모점포,I,2026-05-11 22:40:05,,정상영업,1,01,026788586,,,,서울특별시 영등포구 영등포동5가 20호   ,2007-07-07 12:24:36
3180000,2001318007607500006,1987-11-27,,영업/정상,,,,,,,,삼구시장,그 밖의 대규모점포,I,2026-05-11 22:40:05,,정상영업,1,01,0226340536,,,,서울특별시 영등포구 영등포동5가 20호   ,2007-07-07 12:24:36
3180000,2001318007607500007,1971-08-09,,영업/정상,,,,,,,,동남시장,그 밖의 대규모점포,I,2026-05-11 22:40:05,서울특별시 영등포구 영등포로37길 4 (영등포동5가),정상영업,1,01,0226354846,,191590.878296395    ,446489.41953806     ,서울특별시 영등포구 영등포동5가 24호   ,2007-07-07 12:24:36
3180000,2001318007607500009,1974-05-15,,영업/정상,,,,,,,,영일시장,그 밖의 대규모점포,I,2026-05-11 22:40:05,,정상영업,1,01,0226339047,,,,서울특별시 영등포구 문래동3가 16호   ,2007-07-07 12:24:36
3180000,2001318007607500010,1975-06-09,,영업/정상,,,,,,,,한화스토아여의점,그 밖의 대규모점포,I,2026-05-11 22:40:05,,정상영업,1,01,027824581,,,,서울특별시 영등포구 여의도동 42번지 1   호   ,2007-07-07 12:24:36
3180000,2011318016307500006,2011-11-22,,폐업,2020-10-14,,,,2796.71,150-071,,롯데슈퍼 썬프라자점,구분없음,I,2026-05-11 22:40:06,서울특별시 영등포구 신길로 41 (대림동),폐업처리,3,03,028345577,준대규모점포,191800.728214995    ,443809.773854649    ,서울특별시 영등포구 대림1동 909번지 2호,2020-10-14 16:35:04
3180000,2018318016307500001,2018-06-14,,폐업,2020-03-20,,,,3520.04,,07392,메트하임,그 밖의 대규모점포,I,2026-05-11 22:40:07,"서울특별시 영등포구 신풍로 93, 메트하임 (신길동)",폐업처리,3,03,,대규모점포,192558.271784626    ,444233.81892942     ,서울특별시 영등포구 신길동 2363번지 메트하임,2020-03-20 09:44:30
3180000,2001318007607500012,1987-04-23,,휴업,,,,,,,,(주)LG,그 밖의 대규모점포,I,2026-05-11 22:40:05,서울특별시 영등포구 여의대로 128 (여의도동),휴업처리,2,02,0237731342,,193674.743726431    ,447296.226305826    ,서울특별시 영등포구 여의도동 20호   ,2007-07-07 12:24:36
3180000,2001318007607500014,1987-11-27,,영업/정상,,,,,,,,홍익상가,그 밖의 대규모점포,I,2026-05-11 22:40:05,,정상영업,1,01,0226308800,,,,서울특별시 영등포구 당산동3가 2번지 7 호   ,2007-07-07 12:24:36
3180000,2001318007607500016,1969-12-31,,영업/정상,,,,,,,,도림시장,그 밖의 대규모점포,I,2026-05-11 22:40:05,,정상영업,1,01,028467747,,,,서울특별시 영등포구 도림동 176호   ,2007-07-07 12:24:36
3180000,2001318007607500020,1973-06-30,,영업/정상,,,,,,,,신동시장,그 밖의 대규모점포,I,2026-05-11 22:40:05,,정상영업,1,01,028321752,,,,서울특별시 영등포구 신길동 259호   ,2007-07-07 12:24:36
3180000,2001318007607500021,1965-05-28,,영업/정상,,,,,,,,대신시장,그 밖의 대규모점포,I,2026-05-11 22:40:05,서울특별시 영등포구 도신로60길 7 (신길동),정상영업,1,01,028420003,,192643.702398007    ,445431.520857116    ,서울특별시 영등포구 신길동 116번지 15호   ,2007-07-07 12:24:36
3180000,2001318007607500022,1970-05-27,,영업/정상,,,,,,,,대림시장,그 밖의 대규모점포,I,2026-05-11 22:40:05,,정상영업,1,01,028324617,,,,서울특별시 영등포구 대림동 963호   ,2007-07-07 12:24:36
3180000,2001318007607500024,1984-08-23,,영업/정상,,,,,,,,두암종합시장,그 밖의 대규모점포,I,2026-05-11 22:40:05,서울특별시 영등포구 대림로29길 13 (대림동),정상영업,1,01,028410508,,190916.911377676    ,443681.766720649    ,서울특별시 영등포구 대림동 717호   ,2007-07-07 12:24:36
3180000,2001318007607500027,1996-12-03,,영업/정상,,,,,,,,영등포농축수산물쎈타,그 밖의 대규모점포,I,2026-05-11 22:40:05,,정상영업,1,01,026791134,,,,서울특별시 영등포구 당산동1가 9번지 1   호   ,2020-03-17 10:59:47
3180000,2001318007607500029,1999-05-31,,영업/정상,,,,,41973.81,150-723,,영등포유통상가,그 밖의 대규모점포,I,2026-05-11 22:40:05,서울특별시 영등포구 영등포로 109 (당산동2가),정상영업,1,01,0226793350,대규모점포,190555.768991595    ,446698.814322782    ,서울특별시 영등포구 당산동2가 30번지 2호,2023-03-09 15:28:54
3180000,2001318007607500030,2001-06-20,,영업/정상,,2019-07-01,2020-06-30,,4447.16,,,이랜드리테일 당산점,그 밖의 대규모점포,I,2026-05-11 22:40:05,서울특별시 영등포구 양평로 47 (당산동5가),정상영업,1,01,0226300220,대규모점포,191177.584475692    ,447965.645513185    ,서울특별시 영등포구 당산동5가 16번지 7호,2026-05-04 10:14:01
3180000,2001318007607500031,2001-09-25,,영업/정상,,,,,12066.16,,,롯데쇼핑(주) 롯데마트맥스 영등포점,구분없음,I,2026-05-11 22:40:06,서울특별시 영등포구 영중로 125 (영등포동8가),정상영업,1,01,0221652521,대규모점포,191503.386111551    ,447289.548355449    ,서울특별시 영등포구 영등포동8가 62번지 1호,2026-05-04 10:15:11
3180000,2001318007607500032,2001-12-03,,영업/정상,,,,,35687.74,150-991,,홈플러스(주) 영등포점,대형마트,I,2026-05-11 22:40:06,서울특별시 영등포구  당산로  42 (문래동3가),정상영업,1,01,0221658101,대규모점포,190729.506453391    ,446227.07504062     ,서울특별시 영등포구 문래동3가 55번지 3호,2024-03-06 16:33:10
3180000,2003318007607500001,2003-03-31,,영업/정상,,,,,10000.33,,,로데오 왁,전문점,I,2026-05-11 22:40:06,서울특별시 영등포구 당산로 34 (문래동3가),정상영업,1,01,0226352040,대규모점포,190644.120684734    ,446104.925181837    ,서울특별시 영등포구 문래동3가 55호,2014-11-26 17:55:53
3180000,2005318007607500001,2005-09-29,,취소/말소/만료/정지/중지,,,,,0,,,에쉐르아이시네마쇼핑몰,쇼핑센터,I,2026-05-11 22:40:06,,직권취소,4,04,0226337338,,,,서울특별시 영등포구 당산동 9번지 13호,2009-10-23 17:32:43
3180000,2005318007607500003,2005-11-11,,영업/정상,,,,,8724.73,,,코스트코 홀세일,대형마트,I,2026-05-11 22:40:06,서울특별시 영등포구 선유로 156 (양평동3가),정상영업,1,01,0226302651,대규모점포,190408.509134733    ,447298.022173646    ,서울특별시 영등포구 양평동3가 65호,2017-07-07 10:36:41
3180000,2005318007607500004,2005-12-01,2020-03-31,취소/말소/만료/정지/중지,,,,,5983.25,,,영등포 점프밀라노,쇼핑센터,I,2026-05-11 22:40:06,서울특별시 영등포구 영중로 28 (영등포동3가),직권취소,4,04,21666800,대규모점포,191580.646388785    ,446320.718339983    ,서울특별시 영등포구 영등포동3가 7호,2020-08-11 14:48:41
3180000,2007318011707500001,2007-03-22,,영업/정상,,,,,6567,,07250,영신상가,그 밖의 대규모점포,I,2026-05-11 22:40:06,서울특별시 영등포구 영등포로 225 (영등포동5가),정상영업,1,01,0226340602,대규모점포,191691.167905721    ,446411.007064006    ,서울특별시 영등포구 영등포동5가 18번지 1호,2019-08-20 08:55:48
3180000,2008318011707500001,2008-04-24,,영업/정상,,,,,9563.3,,07297,룩스쇼핑센터,전문점,I,2026-05-11 22:40:06,"서울특별시 영등포구 문래로 164, 영등포 SK 리더스뷰 (문래동3가)",정상영업,1,01,0226347654,대규모점포,191087.758954321    ,446157.437289242    ,서울특별시 영등포구 문래동3가 55-16 영등포 SK 리더스뷰,2020-09-07 17:34:45
3180000,2008318011707500002,2008-05-07,,영업/정상,,,,,3536.87,150-010,,신세계 이마트 여의도점,대형마트,I,2026-05-11 22:40:06,"서울특별시 영등포구 여의동로3길 10 (여의도동,여의도자이(아) 지하 1층)",정상영업,1,01,,,193393.096553574    ,446218.443828439    ,서울특별시 영등포구 여의도동 47번지 여의도자이(아) 지하 1층,2010-04-14 15:20:28
3180000,2008318011707500003,1994-08-26,,영업/정상,,2008-05-29,2009-08-29,,94319.57,150-798,,타임스퀘어,쇼핑센터,I,2026-05-11 22:40:06,서울특별시 영등포구 영중로 15 (영등포동4가),정상영업,1,01,26382000,대규모점포,191385.057392247    ,446098.555926507    ,서울특별시 영등포구 영등포동4가 441번지 10호 타임스퀘어,2014-12-11 18:01:54
3180000,2009318011707500002,1982-12-15,,영업/정상,,,,2009-08-21,11893.83,150-985,,(주)신세계 타임스퀘어점,백화점,I,2026-05-11 22:40:06,"서울특별시 영등포구 영중로 9 (영등포동4가, 신세계백화점)",정상영업,1,01,0226391041,대규모점포,191581.500265536    ,446108.807192753    ,서울특별시 영등포구 영등포동4가 434번지 5호 신세계백화점,2024-04-24 16:07:18
3180000,2009318011707500003,1982-04-22,,영업/정상,,,,,8388.65,150-820,,썬프라자,쇼핑센터,I,2026-05-11 22:40:06,서울특별시 영등포구 신길로 41 (대림동),정상영업,1,01,,대규모점포,191800.728214995    ,443809.773854649    ,서울특별시 영등포구 대림1동 909번지 2호,2026-05-08 10:58:37
3180000,2011318016307500001,2011-05-23,,영업/정상,,,,,3536.87,,,(주)이마트 여의도점,대형마트,I,2026-05-11 22:40:06,서울특별시 영등포구 여의동로3길 10 (여의도동),정상영업,1,01,0222801234,대규모점포,193393.096553574    ,446218.443828439    ,,2024-04-19 17:32:27
3180000,2011318016307500002,2011-06-30,,영업/정상,,,,,240.5,150-833,,홈플러스(주) 익스프레스 도림점,구분없음,I,2026-05-11 22:40:06,서울특별시 영등포구 도신로 75 (도림동),정상영업,1,01,028338535,준대규모점포,191157.139334361    ,444953.005202762    ,서울특별시 영등포구 도림동 251번지 5호,2024-04-15 13:16:07
3180000,2011318016307500003,2011-10-02,,영업/정상,,,,,396.3,150-847,,홈플러스(주) 익스프레스 신길3점,구분없음,I,2026-05-11 22:40:06,서울특별시 영등포구 가마산로69가길 12 (신길동),정상영업,1,01,028328546,준대규모점포,191936.254364904    ,444885.168731883    ,서울특별시 영등포구 신길3동 259번지 4호,2024-04-04 17:25:44
3180000,2011318016307500005,2011-10-02,,영업/정상,,,,,248.2,150-050,,홈플러스(주) 익스프레스 신길2점,구분없음,I,2026-05-11 22:40:06,서울특별시 영등포구 영등포로 364 (신길동),정상영업,1,01,,준대규모점포,192712.769279545    ,445770.103022217    ,서울특별시 영등포구 신길동 101번지 7호,2024-04-11 18:09:12
3180000,2011318016307500007,2011-11-22,,영업/정상,,,,,1398.36,150-816,,롯데슈퍼 대림점,구분없음,I,2026-05-11 22:40:06,서울특별시 영등포구 대림로 251 (대림동),정상영업,1,01,028314400,준대규모점포,190721.417931753    ,444571.769293729    ,서울특별시 영등포구 대림3동 784번지,2026-02-13 09:40:30
3180000,2012318016307500001,2012-03-26,,영업/정상,,,,,390.2,,,홈플러스(주) 익스프레스 신길점,구분없음,I,2026-05-11 22:40:06,서울특별시 영등포구 여의대방로 65 (신길동),정상영업,1,01,028468545,준대규모점포,192275.299730624    ,443891.073398846    ,,2024-04-04 13:30:29
3180000,2012318016307500002,2012-06-13,,영업/정상,,,,,37286,150-876,,아이에프씨몰(IFC Mall),복합쇼핑몰,I,2026-05-11 22:40:07,서울특별시 영등포구 국제금융로 10 (여의도동),정상영업,1,01,0263335700,대규모점포,193326.931018911    ,446973.914570276    ,서울특별시 영등포구 여의도동 23번지,2025-11-28 10:41:14
3180000,2013318016307500001,2013-09-02,,영업/정상,,,,,3003.29,,07413,두암상가,그 밖의 대규모점포,I,2026-05-11 22:40:07,"서울특별시 영등포구 대림로29길 13 (대림동, 대림동 쌍용 플래티넘-S)",정상영업,1,01,0226092002,대규모점포,190916.911377676    ,443681.766720649    ,서울특별시 영등포구 대림동 717 대림동 쌍용 플래티넘-S,2020-09-07 11:17:23
3180000,2017318016307500001,2017-04-25,,영업/정상,,,,,18016.52,,,롯데쇼핑(주) 롯데마트 양평점,대형마트,I,2026-05-11 22:40:07,서울특별시 영등포구 선유로 138 (양평동3가),정상영업,1,01,21458178,대규모점포,190352.321686588    ,447095.641206789    ,,2025-05-14 10:34:15
3180000,2020318023907500001,2020-01-02,,영업/정상,,,,,84573.34,,07335,THE HYUNDAI SEOUL,백화점,I,2026-05-11 22:40:07,서울특별시 영등포구 여의대로 108 (여의도동),정상영업,1,01,0232770021,대규모점포,193592.000380036    ,447092.629432527    ,서울특별시 영등포구 여의도동 22번지,2024-06-25 11:11:10
3180000,2020318023907500002,2020-10-12,,영업/정상,,,,,3613.32,,07273,영등포 중흥 에스클래스,그 밖의 대규모점포,I,2026-05-11 22:40:07,"서울특별시 영등포구 선유서로24길 6 (양평동1가, 영등포 중흥 S-CLASS)",정상영업,1,01,0220388575,대규모점포,189877.186450371    ,446802.004602857    ,서울특별시 영등포구 양평동1가 247 영등포 중흥 S-CLASS,2021-04-07 10:37:13
3180000,2021318023907500001,2021-12-28,,영업/정상,,,,,561.4,,07362,GS THE FRESH 신길사러가점,구분없음,I,2026-05-11 22:40:07,"서울특별시 영등포구 신길로 162, 1층 일부 (신길동)",정상영업,1,01,0220062676,준대규모점포,192108.925858666    ,444944.153786024    ,서울특별시 영등포구 신길동 4902-6,2025-07-30 15:03:26
3180000,2022318023907500001,2022-12-14,,영업/정상,,,,,5824.25,,07264,포레나당산동역세권청년주택 상업시설,그 밖의 대규모점포,I,2026-05-11 22:40:07,"서울특별시 영등포구 당산로 83 (당산동2가, 한화포레나당산)",정상영업,1,01,025850580,대규모점포,,,서울특별시 영등포구 당산동2가 165 한화포레나당산,2024-01-08 09:44:36
3180000,2023318025507500001,2023-05-25,,영업/정상,,,,,203.2,,07280,GS THE FRESH 문래점,구분없음,I,2026-05-11 22:40:07,"서울특별시 영등포구 문래북로 8, 1층 101~106호 (문래동6가)",정상영업,1,01,0220062676,준대규모점포,189825.743146319    ,446574.176568125    ,서울특별시 영등포구 문래동6가 33,2025-05-07 10:04:32
3180000,2023318025507500002,2023-09-05,,영업/정상,,,,,1075.83,,07264,(주)이마트에브리데이 영등포구청점,구분없음,I,2026-05-11 22:40:07,"서울특별시 영등포구 당산로 83, 지하 102~103호 (당산동2가, 한화포레나당산)",정상영업,1,01,023805042,준대규모점포,,,서울특별시 영등포구 당산동2가 165 한화포레나당산,2024-08-27 16:48:04
3180000,2024318025507500001,2024-10-16,,영업/정상,,,,,958.6,,07430,(주)이마트에브리데이 신풍역점,구분없음,I,2026-05-11 22:40:07,"서울특별시 영등포구 신풍로 28, B137호 (신길동, 비스타동원)",정상영업,1,01,023805042,준대규모점포,191902.269810046    ,444157.372393042    ,서울특별시 영등포구 신길동 3608 비스타동원,2024-10-16 17:00:04
3180000,2025318027007500001,2025-05-28,,영업/정상,,,,,3034.02,,07262,양남시장정비사업,그 밖의 대규모점포,I,2026-05-11 22:40:07,서울특별시 영등포구 선유동1로 9-7 (양평동1가),정상영업,1,01,0220692058,대규모점포,190307.528282719    ,446742.556303998    ,서울특별시 영등포구 양평동1가 30,2025-10-16 10:06:52
3180000,2025318027007500002,2025-09-22,,영업/정상,,,,,227.53,,07259,GS THE FRESH 영등포구청역점,구분없음,I,2026-05-11 22:40:07,"서울특별시 영등포구 양산로23길 16, 당산 임대주택 106~108호 (당산동3가)",정상영업,1,01,0220062364,준대규모점포,190934.657408952    ,447004.186609695    ,서울특별시 영등포구 당산동3가 76 당산 임대주택,2025-10-31 09:43:13
3180000,1982318011707500001,1982-10-20,,폐업,2009-08-25,,,,5380,150-043,,코레일유통주식회사,그 밖의 대규모점포,I,2026-05-11 22:40:04,,폐업처리,3,03,0226308800,,191272.12099068     ,447064.885774633    ,서울특별시 영등포구 당산동3가 2번지 7호,2009-10-15 14:50:41
3180000,2001318007607500017,1968-02-20,,폐업,2025-05-27,,,,0,,,양남시장,그 밖의 대규모점포,I,2026-05-11 22:40:05,서울특별시 영등포구 선유동1로 5 (양평동1가),폐업처리,3,03,026778490,,190307.528282719    ,446742.556303998    ,서울특별시 영등포구 양평동1가 30호,2025-05-27 17:40:53
3180000,2001318007607500018,1965-06-21,,폐업,2019-03-04,,,,3972,,07387,(주)사러가,그 밖의 대규모점포,I,2026-05-11 22:40:05,서울특별시 영등포구 신길로 155 (신길동),폐업처리,3,03,028348900,대규모점포,192041.032768335    ,444884.804266378    ,서울특별시 영등포구 신길동 254번지 1호,2019-03-05 14:04:27
3180000,2001318007607500019,1967-12-26,,폐업,2019-03-04,,,,2342,,07387,(주)신영사러가,그 밖의 대규모점포,I,2026-05-11 22:40:05,"서울특별시 영등포구 가마산로69가길 17, 1층 (신길동)",폐업처리,3,03,028348900,대규모점포,191994.505086626    ,444933.158731651    ,서울특별시 영등포구 신길동 255번지 9   호,2019-03-05 14:03:25
3180000,2001318007607500025,1989-02-02,,폐업,2020-09-24,,,,0,,,영등포기계상가,그 밖의 대규모점포,I,2026-05-11 22:40:05,서울특별시 영등포구 영등포로 39 (양평동1가),폐업처리,3,03,026767269,,,,서울특별시 영등포구 양평동1가 247호,2020-09-24 08:52:46
3180000,2001318007607500001,1985-07-27,,휴업,,,,,,,,63씨티,그 밖의 대규모점포,I,2026-05-11 22:40:05,서울특별시 영등포구 63로 50 (여의도동),휴업처리,2,02,027896052,,194632.526367463    ,446401.926526228    ,서울특별시 영등포구 여의도동 60호   ,2007-07-07 12:24:36
3190000,1979319015807500001,1979-12-18,,영업/정상,,,,,6373,,07041,성대종합시장,그 밖의 대규모점포,I,2026-05-03 22:37:50,"서울특별시 동작구 상도로 102 (상도동, 성대시장)",정상영업,1,01,028235100,대규모점포,193896.384765772    ,444196.484790728    ,서울특별시 동작구 상도동 324번지 1호,2017-07-06 17:46:35
3190000,2018319015807500001,2018-08-27,,폐업,2022-01-28,,,,1395.05,156-092,,(주) GS리테일 GS수퍼 사당태평점,구분없음,I,2026-05-03 22:37:51,서울특별시 동작구 동작대로 115 (사당동),폐업처리,3,03,20062676,준대규모점포,198303.527071078    ,442742.422887932    ,서울특별시 동작구 사당동 136번지 1호,2022-02-07 08:11:26
3190000,2004319007207500001,2004-12-18,,휴업,,,,,4382.15,,,서울노량진종합시장,그 밖의 대규모점포,I,2026-05-03 22:37:50,,휴업처리,2,02,025481448,,194571.152376388    ,445790.549860682    ,서울특별시 동작구 노량진동 16번지 0001호   ,2007-07-07 15:19:10
3190000,2005319007207500001,2005-01-19,,휴업,,,,,4382.15,,,서울노량진종합시장,그 밖의 대규모점포,I,2026-05-03 22:37:50,,휴업처리,2,02,025481448,,194807.845295028    ,445901.413432497    ,서울특별시 동작구 노량진동 13번지 0008호   ,2007-07-07 15:19:10
3190000,2009319009907500001,1993-11-30,,영업/정상,,,,,0,156-020,,대림쇼핑타운,시장,I,2026-05-03 22:37:50,,정상영업,1,01,,,193273.484014052    ,445011.250115029    ,서울특별시 동작구 대방동 501번지,2009-04-27 16:30:36
3190000,2011319012807500001,2011-07-13,,영업/정상,,,,,5051.61,156-070,,해가든프라자,그 밖의 대규모점포,I,2026-05-03 22:37:50,서울특별시 동작구 서달로 150 (흑석동),정상영업,1,01,,대규모점포,196587.030630143    ,444939.455414947    ,서울특별시 동작구 흑석동 332번지,2025-11-17 19:47:43
3190000,2011319012807500003,2011-08-26,,영업/정상,,,,,978.3,156-819,,홈플러스(주) 익스프레스 남성점,복합쇼핑몰,I,2026-05-03 22:37:50,서울특별시 동작구 사당로 215 (사당동),정상영업,1,01,34818542,준대규모점포,197507.834447319    ,442470.92961062     ,서울특별시 동작구 사당3동 252번지 22호,2024-03-20 14:18:08
3190000,2011319012807500005,2011-10-04,,영업/정상,,,,,331.34,156-020,,(주)이마트에브리데이 대방동점,복합쇼핑몰,I,2026-05-03 22:37:50,서울특별시 동작구 상도로 81 (대방동),정상영업,1,01,028413561,준대규모점포,193699.189949205    ,444190.844599349    ,서울특별시 동작구 대방동 335번지 17호,2024-07-31 11:28:40
3190000,2011319012807500006,2011-10-04,,영업/정상,,,,,2355,,07013,(주)이마트에브리데이 이수점,복합쇼핑몰,I,2026-05-03 22:37:50,"서울특별시 동작구 사당로 300 (사당동, 이수자이)",정상영업,1,01,023805042,준대규모점포,198202.472533419    ,442471.241038085    ,서울특별시 동작구 사당동 147번지 29호 이수자이,2024-08-01 16:45:23
3190000,2011319012807500007,2011-10-04,,영업/정상,,,,,280,156-030,,(주)이마트에브리데이 상도동점,그 밖의 대규모점포,I,2026-05-03 22:37:50,서울특별시 동작구 상도로31길 19 (상도동),정상영업,1,01,028233651,준대규모점포,194963.274671696    ,444866.845573417    ,서울특별시 동작구 상도동 527번지,2024-05-16 11:32:11
3190000,2012319012807500001,2012-01-31,,영업/정상,,,,,671.98,156-771,,(주)이마트에브리데이 사당동점,그 밖의 대규모점포,I,2026-05-03 22:37:50,"서울특별시 동작구 동작대로29길 110 (사당동, 신동아아파트)",정상영업,1,01,025969584,준대규모점포,197802.436613024    ,443049.214038897    ,"서울특별시 동작구 사당동 105번지 신동아상가 제1층 101~105, 110호",2024-08-01 16:43:26
3190000,2012319012807500002,2012-03-27,,영업/정상,,,,,292.5,156-020,,(주)홈플러스 대방점,그 밖의 대규모점포,I,2026-05-03 22:37:50,서울특별시 동작구 노량진로 4 (대방동),정상영업,1,01,,준대규모점포,193393.306385172    ,445577.513247441    ,서울특별시 동작구 대방동 341번지 2호,2024-03-20 14:20:13
3190000,2012319012807500005,2012-04-24,,영업/정상,,,,,507.4,156-718,,홈플러스 익스프레스 상도2점,구분없음,I,2026-05-03 22:37:50,서울특별시 동작구 만양로 26 (상도동),정상영업,1,01,028168546,준대규모점포,195489.423430508    ,444995.675592494    ,서울특별시 동작구 상도2동 414번지,2014-10-08 09:09:37
3190000,2012319012807500006,2012-04-24,,영업/정상,,,,,258,156-842,,홈플러스 익스프레스 상도3점,구분없음,I,2026-05-03 22:37:50,서울특별시 동작구  양녕로  170 (상도동),정상영업,1,01,32808545,준대규모점포,194941.030627361    ,443848.078951741    ,서울특별시 동작구 상도동 530번지,2025-02-27 09:56:07
3190000,2014319012807500001,2014-09-05,,영업/정상,,,,,251.33,,07039,GS더프레시 동작상도점,구분없음,I,2026-05-03 22:37:50,"서울특별시 동작구 상도로 346-1 (상도동, 상도엠코타운 센트럴파크)",정상영업,1,01,20062156,준대규모점포,195585.914045797    ,443690.595413251    ,서울특별시 동작구 상도동 531번지 상가2동 지상1층 101~105호,2025-10-07 13:57:56
3190000,2016319015807500001,2016-06-03,,휴업,,2024-08-07,2025-08-07,,191,,07064,롯대슈펴 신대방점,그 밖의 대규모점포,I,2026-05-03 22:37:51,"서울특별시 동작구 여의대방로 30, 에이동동 101호 (신대방동, 현대상가)",휴업처리,2,02,0232808899,준대규모점포,192170.155815215    ,443599.41901313     ,,2024-08-07 11:00:11
3190000,2021319021607500001,1995-10-20,,휴업,,2021-10-31,2028-04-30,,5776.02,,07008,태평백화점,백화점,I,2026-05-03 22:37:51,"서울특별시 동작구 동작대로 115, 태평백화점 (사당동)",휴업처리,2,02,025958000,대규모점포,198303.527071078    ,442742.422887932    ,서울특별시 동작구 사당동 136-1 태평백화점,2025-04-17 18:04:53
3190000,2022319021607500001,2022-07-22,,영업/정상,,,,,8995.84,,06900,노량진 드림스퀘어,그 밖의 대규모점포,I,2026-05-03 22:37:51,"서울특별시 동작구 노들로2길 7, 노량진 드림스퀘어 복합빌딩 (노량진동)",정상영업,1,01,027920653,대규모점포,194571.152376388    ,445790.549860682    ,서울특별시 동작구 노량진동 16-1 노량진 드림스퀘어 복합빌딩,2025-12-03 09:26:46
3190000,2023319027107500001,2023-11-01,,영업/정상,,,,,539.78,,06964,GS THE FRESH 동작구청점,구분없음,I,2026-05-03 22:37:51,"서울특별시 동작구 상도로30길 40, 판매/근생시설동 1층 125~131호 (상도동, 상도2차두산위브트레지움아파트)",정상영업,1,01,0220062364,준대규모점포,194870.38438442     ,444631.112679216    ,서울특별시 동작구 상도동 535 상도2차두산위브트레지움아파트,2025-10-07 13:57:07
3190000,2025319027107500001,2025-03-31,,영업/정상,,,,,179.4,,06923,GS THE FRESH 노량진역점,구분없음,I,2026-05-03 22:37:51,"서울특별시 동작구 만양로 93, 주영빌딩 B1층 (노량진동)",정상영업,1,01,0220062364,준대규모점포,194984.417259173    ,445509.979775534    ,서울특별시 동작구 노량진동 119-68,2025-05-15 10:57:30
3190000,2011319012807500002,2011-07-14,,폐업,2025-05-31,,,,304.1,156-843,,홈플러스(주) 익스프레스 상도점,쇼핑센터,I,2026-05-03 22:37:50,서울특별시 동작구 성대로 43 (상도동),폐업처리,3,03,,준대규모점포,194064.994071226    ,444089.838269412    ,서울특별시 동작구 상도4동 255번지 4호,2025-05-29 17:08:56
3190000,2011319012807500004,2011-10-04,,폐업,2018-10-25,,,,530,156-030,,롯데쇼핑(주) 롯데슈퍼 상도3동점,복합쇼핑몰,I,2026-05-03 22:37:50,서울특별시 동작구 상도로 147 (상도동),폐업처리,3,03,028125601,준대규모점포,194250.710026163    ,444556.425220128    ,서울특별시 동작구 상도동 188번지 14호,2018-10-25 16:33:02
3190000,2012319012807500003,2012-04-06,,폐업,2022-01-28,,,,595,,06990,(주)지에스리테일 GS수퍼 사당점,구분없음,I,2026-05-03 22:37:50,서울특별시 동작구 동작대로29길 119 (사당동),폐업처리,3,03,0234762242,준대규모점포,197802.436613024    ,443049.214038897    ,서울특별시 동작구 사당동 105번지 우성아파트3단지  제비101호,2022-02-07 08:00:27
3190000,2012319012807500004,2012-04-13,,폐업,2015-06-30,,,,303.3,156-827,,롯데쇼핑(주)롯데슈퍼 사당점,그 밖의 대규모점포,I,2026-05-03 22:37:50,서울특별시 동작구 동작대로 9 (사당동),폐업처리,3,03,22905853,준대규모점포,198259.042471994    ,441696.145605791    ,서울특별시 동작구 사당1동 1042번지 19호,2015-07-08 14:12:48
3190000,2001319007207500010,1989-12-01,,휴업,,,,,,,,신대방우성상가,그 밖의 대규모점포,I,2026-05-03 22:37:50,서울특별시 동작구 여의대방로 22 (신대방동),휴업처리,2,02,028468258,,192113.200600983    ,443344.373525343    ,서울특별시 동작구 신대방동 565호   ,2007-07-07 15:19:10
3200000,1969320008007500006,1969-10-15,,영업/정상,,,,,,,,관악종합시장,그 밖의 대규모점포,I,2025-12-15 16:15:28,,정상영업,1,01,028564355,,,,   호   ,2007-06-30 10:48:16
3200000,2012320019107500003,2012-05-21,,폐업,2016-09-26,,,,136.9,151-802,,롯데쇼핑(주) 롯뎃슈퍼 남현2점,복합쇼핑몰,U,2026-04-07 03:03:03,서울특별시 관악구 남현길 79 (남현동),폐업처리,3,03,0232898883,대규모점포,197790.079787758    ,441231.59187991     ,서울특별시 관악구 남현동 1078번지 2호,2026-04-06 13:34:53
3200000,1971320008007500002,1971-12-22,,영업/정상,,,,,,,,봉일시장,그 밖의 대규모점포,I,2025-12-15 16:15:28,,정상영업,1,01,028782184,,194486.270488664    ,442632.469540589    ,서울특별시 관악구 봉천동 951번지 25호   ,2007-06-30 10:48:16
3200000,1972320008007500015,1972-01-29,,영업/정상,,,,,1714,,,봉천현대시장,시장,I,2025-12-15 16:15:28,서울특별시 관악구 양녕로 49 (봉천동),정상영업,1,01,028820492,대규모점포,195206.056916766    ,442716.301708689    ,서울특별시 관악구 봉천동 502번지 4호,2017-10-24 13:20:26
3200000,1975320008007500013,1975-12-26,,영업/정상,,,,,288,,,가야쇼핑,시장,I,2025-12-15 16:15:28,,정상영업,1,01,028788001,,193750.825947451    ,442753.219280937    ,서울특별시 관악구 신림동 1426번지 7호,2010-02-17 10:43:44
3200000,1988320008007500019,1988-10-23,,영업/정상,,,,,7081.47,151-725,,관악프라자,쇼핑센터,I,2025-12-15 16:15:28,서울특별시 관악구 관악로 212 (봉천동),정상영업,1,01,028871871,대규모점포,195963.335274799    ,442381.536010445    ,서울특별시 관악구 봉천동 31번지 1호,2014-10-17 10:36:45
3200000,1992320008007500020,1992-08-26,,영업/정상,,,,,4600.89,,,관악현대상가,그 밖의 대규모점포,I,2025-12-15 16:15:28,서울특별시 관악구 관악로40길 47 (봉천동),정상영업,1,01,028820924,대규모점포,196257.833652996    ,443341.379446435    ,서울특별시 관악구 봉천동 1000호,2014-09-24 08:54:47
3200000,1993320008007500021,1993-07-01,,영업/정상,,,,,2072,,,신림현대종합상가,시장,I,2025-12-15 16:15:28,서울특별시 관악구 신림로29길 8 (신림동),정상영업,1,01,028854271,대규모점포,193957.944323928    ,441437.774867372    ,서울특별시 관악구 신림동 1694호,2015-03-03 11:53:12
3200000,2004320008007500001,2004-09-22,,영업/정상,,,,,6516.61,,,르네상스쇼핑몰(주),복합쇼핑몰,I,2025-12-15 16:15:28,서울특별시 관악구 신림로 340 (신림동),정상영업,1,01,028880630,대규모점포,193746.833837509    ,442510.775085572    ,서울특별시 관악구 신림동 1422번지 5호,2016-11-17 17:15:18
3200000,2005320008007500001,2005-02-15,,휴업,,,,,5697,,,르네상스쇼핑몰(주),쇼핑센터,I,2025-12-15 16:15:28,,휴업처리,2,02,028892003,,193746.833837509    ,442510.775085572    ,서울특별시 관악구 신림동 1422번지 5호   ,2007-06-30 10:48:16
3200000,2005320008007500002,2005-02-15,,휴업,,,,,5697,,,르네상스쇼핑몰(주),쇼핑센터,I,2025-12-15 16:15:28,,휴업처리,2,02,028892003,,193746.833837509    ,442510.775085572    ,서울특별시 관악구 신림동 1422번지 5호   ,2007-06-30 10:48:16
3200000,2005320008007500003,2005-11-29,,휴업,,,,,1274,,,관악종합시장,그 밖의 대규모점포,I,2025-12-15 16:15:28,,휴업처리,2,02,028564355,,193580.366498464    ,442144.670802989    ,서울특별시 관악구 신림동 1602번지 2호   ,2007-06-30 10:48:16
3200000,2006320008007500001,2006-08-25,,영업/정상,,,,,3608.51,,,라붐아울렛,복합쇼핑몰,I,2025-12-15 16:15:28,서울특별시 관악구 남부순환로 1820 (봉천동),정상영업,1,01,0262768006,대규모점포,195703.043681259    ,442094.085759338    ,서울특별시 관악구 봉천동 862번지 1호,2014-09-24 08:53:36
3200000,2009320013107500001,2009-02-04,,영업/정상,,,,,16025.6,151-930,,타임스트림,복합쇼핑몰,I,2025-12-15 16:15:28,서울특별시 관악구 신림로 330 (신림동),정상영업,1,01,028818004,대규모점포,193754.427350029    ,442407.201247108    ,서울특별시 관악구 서원동 1641번지 2호,2021-10-18 11:07:16
3200000,2011320019107500001,2011-08-10,,영업/정상,,,,,1203,151-836,,GS THE FRESH 관악점,구분없음,I,2025-12-15 16:15:28,서울특별시 관악구 쑥고개로 111 (봉천동),정상영업,1,01,028730637,준대규모점포,195431.465419568    ,441896.302934956    ,서울특별시 관악구 봉천동 1567번지 1호,2025-08-01 18:06:19
3200000,2011320019107500002,2011-09-01,,영업/정상,,,,,529,151-818,,GS THE FRESH 낙성대점,구분없음,I,2025-12-15 16:15:28,서울특별시 관악구 봉천로 576 (봉천동),정상영업,1,01,0220398215,준대규모점포,196501.159765837    ,441640.881044209    ,서울특별시 관악구 봉천동 1629번지 2호,2025-08-01 18:04:52
3200000,2011320019107500003,2011-10-19,,영업/정상,,,,,577.2,151-823,,홈플러스 익스프레스 봉천점,구분없음,I,2025-12-15 16:15:28,서울특별시 관악구 양녕로 46 (봉천동),정상영업,1,01,028728545,준대규모점포,195274.343265834    ,442663.498606503    ,서울특별시 관악구 중앙동 463번지 4호 메카플러스 지하1층,2024-08-06 09:40:36
3200000,2011320019107500004,2011-10-26,,영업/정상,,,,,414.86,151-826,,(주)이마트에브리데이 봉천동점,구분없음,I,2025-12-15 16:15:28,서울특별시 관악구 은천로 51 (봉천동),정상영업,1,01,0232853651,준대규모점포,194770.417438694    ,442676.831360439    ,서울특별시 관악구 은천동 937번지 6호 동영빌딩 1층,2024-07-31 11:05:05
3200000,2012320019107500001,1999-12-07,,영업/정상,,,,,3383.98,151-888,,(주)천성세이브마트,그 밖의 대규모점포,I,2025-12-15 16:15:28,서울특별시 관악구 난곡로 220 (신림동),정상영업,1,01,028566022,대규모점포,192674.94071058     ,441352.713136511    ,서울특별시 관악구 미성동 607번지 73호,2014-09-24 09:55:36
3200000,2012320019107500002,1997-11-07,,영업/정상,,,,,21711.05,151-718,,롯데쇼핑(주) 관악점,백화점,U,2026-04-07 03:03:03,서울특별시  봉천로 209,정상영업,1,01,0232898883,대규모점포,193301.885808714    ,443151.561302292    ,서울특별시 관악구 보라매동 729호 22통 롯데백화점,2026-04-06 13:23:48
3200000,2013320019107500001,2013-06-27,,영업/정상,,,,,14784,151-080,,홈플러스 서울남현점,대형마트,I,2025-12-15 16:15:28,서울특별시 관악구 과천대로 909 (남현동),정상영업,1,01,0269488121,대규모점포,198374.473281221    ,441033.513044892    ,서울특별시 관악구 남현동 산 69번지 51호,2024-03-12 10:28:27
3200000,2014320019107500001,1978-08-07,,영업/정상,,,,,0,,,신림중앙시장,시장,I,2025-12-15 16:15:28,서울특별시 관악구 조원로16길 27 (신림동),정상영업,1,01,028657577,대규모점포,192096.349629652    ,442339.213626523    ,,2016-12-28 13:20:17
3200000,2014320019107500002,2014-01-23,,영업/정상,,,,,4379.68,151-895,,일성트루엘상가,그 밖의 대규모점포,I,2025-12-15 16:15:28,서울특별시 관악구 신림로23길 16 (신림동),정상영업,1,01,028898188,대규모점포,194135.772735482    ,440917.845099207    ,서울특별시 관악구 대학동 1523번지,2016-02-03 10:17:30
3200000,2014320019107500003,2022-03-25,,영업/정상,,,,,634.45,,08734,GS THE FRESH 관악청림점,구분없음,I,2025-12-15 16:15:28,"서울특별시 관악구 청림6길 3, 관악푸르지오 상가동 110,113,114호 (봉천동)",정상영업,1,01,028776661,준대규모점포,196384.544308046    ,442822.980265735    ,서울특별시 관악구 봉천동 1717-3 관악푸르지오,2025-08-01 18:02:25
3200000,2015320021107500001,1977-01-08,,영업/정상,,,,,925,,,우림시장,그 밖의 대규모점포,I,2025-12-15 16:15:28,서울특별시 관악구 난곡로26길 4 (신림동),정상영업,1,01,028531866,대규모점포,192893.347466833    ,440903.81963928     ,,2015-09-16 16:45:52
3200000,2018320021707500001,1980-08-28,,영업/정상,,,,,1294,,08793,원당종합시장,그 밖의 대규모점포,I,2025-12-15 16:15:28,서울특별시 관악구 남부순환로248길 35 (봉천동),정상영업,1,01,,대규모점포,196912.833572618    ,441358.893188526    ,서울특별시 관악구 봉천동 1638번지 20호,2018-03-05 17:08:19
3200000,2024320022507500001,2024-01-30,,영업/정상,,,,,162.48,,08717,GS THE FRESH 관악은천점,구분없음,I,2025-12-15 16:15:28,"서울특별시 관악구 국회단지길 7, 1층 (봉천동)",정상영업,1,01,028824458,준대규모점포,194553.838438621    ,442719.413175605    ,서울특별시 관악구 봉천동 952-1,2025-08-01 18:01:59
3200000,2024320022507500002,2024-07-25,,영업/정상,,,,,255.1,,08814,GS THE FRESH 관악신림점,구분없음,I,2025-12-15 16:15:28,"서울특별시 관악구 신림로 99 (신림동, 센터스퀘어 서울대점)",정상영업,1,01,0200000000,준대규모점포,,,서울특별시 관악구 신림동 1747 센터스퀘어 서울대점,2025-08-01 18:05:28
3200000,2025320022507500001,2025-07-29,,영업/정상,,,,,214.2,,08715,GS THE FRESH 관악봉천점,구분없음,I,2025-12-15 16:15:28,"서울특별시 관악구 은천로 81 (봉천동, 은천빌딩)",정상영업,1,01,020000000,준대규모점포,195007.987644999    ,442765.646975268    ,서울특별시 관악구 봉천동 622-27 은천빌딩,2025-08-01 17:58:04
3200000,2015320021107500002,2015-07-09,,영업/정상,,,,,4096.65,151-803,,관악쇼핑,그 밖의 대규모점포,I,2025-12-15 16:15:28,서울특별시 관악구 청림3길 10 (봉천동),정상영업,1,01,028854579,대규모점포,196347.099270374    ,442938.722385983    ,서울특별시 관악구 봉천동 10번지 4호 외14필지,2016-07-20 18:06:16
3200000,1977320022507500001,1977-05-26,,폐업,2024-03-19,,,,2740,,,신림종합시장,그 밖의 대규모점포,I,2025-12-15 16:15:28,,폐업처리,3,03,0200000000,대규모점포,192597.407974484    ,442498.617590296    ,서울특별시 관악구 신림동 505-1,2024-03-25 17:13:27
3200000,2011320019107500005,2011-11-02,,폐업,2020-03-05,,,,156.1,151-858,,홈플러스 익스프레스 신림점,구분없음,I,2025-12-15 16:15:28,서울특별시 관악구 신림로 101 (신림동),폐업처리,3,03,0232858561,준대규모점포,194457.492960109    ,440910.563872941    ,서울특별시 관악구 대학동 240번지 4호,2020-03-09 09:41:24
3200000,1970320008007500004,1970-12-03,,영업/정상,,,,,,,,봉일시장,그 밖의 대규모점포,I,2025-12-15 16:15:28,,정상영업,1,01,028782184,,194486.270488664    ,442632.469540589    ,서울특별시 관악구 봉천동 951번지 25호   ,2007-06-30 10:48:16
3210000,2013321012207500002,1997-10-29,,영업/정상,,,,,2803,,,반포프라자,그 밖의 대규모점포,I,2025-12-15 16:15:28,서울특별시 서초구 신반포로3길 8 (반포동),정상영업,1,01,025918081,대규모점포,198776.113460442    ,444432.325191038    ,,2013-03-15 18:24:21
3210000,2026321019507500001,2026-03-25,,영업/정상,,,,,244.62,,06742,이마트에브리데이 양재역점,구분없음,I,2026-03-26 22:18:24,서울특별시 서초구 남부순환로356길 49 (양재동),정상영업,1,01,,준대규모점포,203342.695983882    ,442297.080663687    ,서울특별시 서초구 양재동 9 코사마트,2026-03-25 13:52:18
3210000,2013321012207500005,1979-12-12,,영업/정상,,,,,1866,,,대림상가,그 밖의 대규모점포,I,2025-12-15 16:15:28,서울특별시 서초구 나루터로 32 (잠원동),정상영업,1,01,025372790,대규모점포,,,,2013-03-16 15:16:03
3210000,2013321012207500006,1989-06-05,,영업/정상,,,,,2008,,,서초쇼핑,그 밖의 대규모점포,I,2025-12-15 16:15:28,서울특별시 서초구 고무래로 90-7 (서초동),정상영업,1,01,025368480,대규모점포,201472.668856726    ,444193.267014675    ,,2016-03-03 15:58:31
3210000,2013321012207500007,1982-11-12,,영업/정상,,,,,1256,,,한양스토아,그 밖의 대규모점포,I,2025-12-15 16:15:28,서울특별시 서초구 서초중앙로 220 (반포동),정상영업,1,01,025366261,대규모점포,201100.600979283    ,444376.532945802    ,,2013-03-16 15:56:28
3210000,2013321012207500008,1983-04-30,,영업/정상,,,,,3080,,,방배종합시장,그 밖의 대규모점포,I,2025-12-15 16:15:28,서울특별시 서초구 방배천로16길 18 (방배동),정상영업,1,01,0234864924,대규모점포,198492.797210723    ,442199.268340209    ,,2013-03-16 16:02:33
3210000,2013321012207500009,1976-12-11,,영업/정상,,,,,6446.23,,,이수시장,그 밖의 대규모점포,I,2025-12-15 16:15:28,서울특별시 서초구 방배로33길 29 (방배동),정상영업,1,01,025991380,대규모점포,198984.364832071    ,443229.835878514    ,,2014-03-11 10:14:19
3210000,2013321012207500010,1977-11-05,,영업/정상,,,,,9564,,,신반포종합시장,그 밖의 대규모점포,I,2025-12-15 16:15:28,서울특별시 서초구 신반포로15길 29 (반포동),정상영업,1,01,025992262,대규모점포,199448.513021585    ,444800.550772527    ,,2017-04-18 16:03:33
3210000,2013321012207500011,1982-05-31,,영업/정상,,,,,3138,,,신사쇼핑,그 밖의 대규모점포,I,2025-12-15 16:15:28,서울특별시 서초구 나루터로 37 (잠원동),정상영업,1,01,025930244,대규모점포,201230.693449214    ,445992.459343379    ,,2020-09-09 14:57:03
3210000,2013321012207500012,1978-11-14,,영업/정상,,,,,3001,,,대림서초리시온,그 밖의 대규모점포,I,2025-12-15 16:15:28,서울특별시 서초구 서초중앙로22길 25 (서초동),정상영업,1,01,025860025,대규모점포,201295.700037578    ,443474.524864903    ,,2013-03-16 16:38:21
3210000,2013321012207500013,2005-02-25,,영업/정상,,,,,6973,,,아크로비스타 아케이드,그 밖의 대규모점포,I,2025-12-15 16:15:28,서울특별시 서초구 서초중앙로 188 (서초동),정상영업,1,01,025972222,대규모점포,201107.634736928    ,443999.067092566    ,,2013-03-16 17:04:36
3210000,2013321012207500014,2005-02-28,,영업/정상,,,,,34765,,,하이브랜드,그 밖의 대규모점포,I,2025-12-15 16:15:28,서울특별시 서초구 매헌로 16 (양재동),정상영업,1,01,025230081,대규모점포,203204.755637424    ,440136.781183797    ,,2013-03-16 17:17:23
3210000,2013321012207500015,2003-05-01,,영업/정상,,,,,5546,,,교보타워 지하아케이드,전문점,I,2025-12-15 16:15:28,서울특별시 서초구 강남대로 465 (서초동),정상영업,1,01,0234804700,대규모점포,202058.674687128    ,444618.16731522     ,,2013-03-16 17:35:20
3210000,2013321012207500016,2000-12-09,,영업/정상,,,,,9977.11,,,코스트코코리아,대형마트,I,2025-12-15 16:15:28,서울특별시 서초구 양재대로 159 (양재동),정상영업,1,01,18999900,대규모점포,203123.870437513    ,439984.847528537    ,,2015-12-09 17:24:01
3210000,2013321012207500017,1997-10-29,,영업/정상,,,,,2803,,,반포프라자,그 밖의 대규모점포,I,2025-12-15 16:15:28,서울특별시 서초구 신반포로3길 8 (반포동),정상영업,1,01,025948466,대규모점포,198776.113460442    ,444432.325191038    ,,2013-03-18 11:04:22
3210000,2015321015507500001,2015-02-03,,영업/정상,,,,,12066.12,,06655,롯데쇼핑(주) 롯데마트 서초점,그 밖의 대규모점포,U,2026-05-07 03:03:03,"서울특별시 서초구 서초대로38길 12 (서초동, 마제스타시티, 힐스테이트 서리풀)",정상영업,1,01,0221458000,대규모점포,200440.010811975    ,443124.671418408    ,"서울특별시 서초구 서초동 1498-5 마제스타시티, 힐스테이트 서리풀",2026-05-06 17:42:17
3210000,2025321019507500001,2025-04-21,,영업/정상,,,,,297.5,,06560,GS THE FRESH 방배중앙점,구분없음,I,2025-12-15 16:15:28,서울특별시 서초구 동광로 35 (방배동),정상영업,1,01,0220062364,준대규모점포,198748.271354705    ,443257.313511019    ,서울특별시 서초구 방배동 790-12,2025-05-02 09:53:19
3210000,1979321012207500001,1979-02-16,,영업/정상,,,,,4516,137-072,,무지개종합상가,그 밖의 대규모점포,I,2025-12-15 16:15:28,"서울특별시 서초구 효령로 391 (서초동, 무지개아파트)",정상영업,1,01,34747621,대규모점포,202245.377899369    ,442987.986999742    ,서울특별시 서초구 서초동 1335번지,2016-04-05 17:37:47
3210000,1982321007607500001,1982-04-08,,영업/정상,,,,,56379.9,,,터미널상가,그 밖의 대규모점포,I,2025-12-15 16:15:28,서울특별시 서초구 신반포로 194 (반포동),정상영업,1,01,025354160,대규모점포,200554.74395758     ,444811.364826199    ,서울특별시 서초구 반포동 19번지 4   호,2017-04-24 20:53:39
3210000,1995321012207500001,1995-06-01,,영업/정상,,,,,3752,,06511,(주)이랜드리테일 강남점,대형마트,U,2026-05-07 03:03:03,"서울특별시 서초구 잠원로 51, 뉴코아백화점 (잠원동)",정상영업,1,01,,대규모점포,200576.608647619    ,445241.8984183      ,서울특별시 서초구 잠원동 70-2 뉴코아백화점,2026-05-06 17:40:47
3210000,2005321007607500005,2005-03-30,,영업/정상,,,,,9250,,,(주)이마트 양재점,대형마트,I,2025-12-15 16:15:28,"서울특별시 서초구 매헌로 16 (양재동,하이브랜드 지하1층)",정상영업,1,01,0221551052,대규모점포,203204.755637424    ,440136.781183797    ,서울특별시 서초구 양재동 215호 하이브랜드 지하1층,2024-04-17 14:50:48
3210000,2005321007607500007,2015-09-22,,영업/정상,,,,,64948.72,,,신세계백화점 강남점,대형마트,I,2025-12-15 16:15:28,서울특별시 서초구 신반포로 176 (반포동),정상영업,1,01,0234791005,대규모점포,200250.447804795    ,444683.220506107    ,서울특별시 서초구 반포동 19번지 3호,2025-10-28 14:40:18
3210000,2007321010807500001,2007-07-20,,영업/정상,,,,,4950,,,엘루체,그 밖의 대규모점포,I,2025-12-15 16:15:28,서울특별시 서초구 신반포로 23 (반포동),정상영업,1,01,34777637,대규모점포,198791.788015494    ,444392.672548989    ,서울특별시 서초구 반포동 1141번지,2013-03-16 15:26:02
3210000,2009321012207500001,1980-08-02,,영업/정상,,,,,5408,137-859,,무지개쇼핑,그 밖의 대규모점포,I,2025-12-15 16:15:28,서울특별시 서초구 사임당로 151 (서초동),정상영업,1,01,34725490,대규모점포,202216.049985624    ,443352.024569293    ,서울특별시 서초구 서초2동 1332번지 2호,2013-03-18 23:38:28
3210000,2012321012207500002,2012-04-24,,영업/정상,,,,,1049.58,137-061,,롯데슈퍼 방배2점,구분없음,I,2026-02-27 22:18:10,서울특별시 방배로33길 29,정상영업,1,01,025360004,준대규모점포,198984.364832071    ,443229.835878514    ,서울특별시 서초구 방배1동 816번지 1호,2026-02-26 15:08:51
3210000,2012321012207500003,2012-05-14,,영업/정상,,,,,12595,137-711,,뉴코아백화점,백화점,U,2026-05-07 03:03:03,"서울특별시 서초구 잠원로 37-6 (잠원동, 뉴코아백화점빌딩)",정상영업,1,01,,대규모점포,200367.985010323    ,445207.663497148    ,서울특별시 서초구 잠원동 70번지 5호 뉴코아백화점빌딩,2026-05-06 17:53:29
3210000,2012321012207500004,2012-05-14,,영업/정상,,,,,15065.56,137-030,,뉴코아아울렛,전문점,U,2026-05-07 03:03:03,서울특별시 서초구 잠원로 51 (잠원동),정상영업,1,01,,대규모점포,200576.608647619    ,445241.8984183      ,서울특별시 서초구 잠원동 70번지 2호,2026-05-06 17:55:34
3210000,2012321012207500005,2012-05-18,,영업/정상,,,,,249.9,137-828,,롯데쇼핑(주)롯데슈퍼 방배점,쇼핑센터,I,2025-12-15 16:15:28,서울특별시 서초구 방배중앙로 198 (방배동),정상영업,1,01,025345601,준대규모점포,198660.616347373    ,443855.573402136    ,서울특별시 서초구 방배본동 755번지 5호,2025-10-28 14:45:49
3210000,2013321012207500001,1997-03-29,,영업/정상,,,,,33736,,,국제전자도매센타,전문점,I,2025-12-15 16:15:28,서울특별시 서초구 효령로 304 (서초동),정상영업,1,01,0234651010,대규모점포,201501.672660443    ,442505.573142545    ,,2016-03-03 11:07:45
3210000,2011321012207500001,2011-08-02,,폐업,2020-11-04,,,,3917,,06522,매일종합상가,그 밖의 대규모점포,I,2025-12-15 16:15:28,"서울특별시 서초구 잠원로4길 54 (잠원동, 매일종합상가)",폐업처리,3,03,,대규모점포,201024.481364815    ,445492.334204608    ,서울특별시 서초구 잠원동 60번지 3호,2020-11-06 09:33:52
3210000,2012321012207500006,2016-01-29,,폐업,2019-08-17,,,,258.3,137-041,,홈플러스(주) 익스프레스 서울논현역점,복합쇼핑몰,I,2025-12-15 16:15:28,서울특별시 서초구 신반포로 326 (반포동),폐업처리,3,03,34468545,준대규모점포,201658.76521908     ,445341.749545748    ,서울특별시 서초구 반포1동 705번지,2019-08-22 17:46:14
3210000,2013321012207500004,1980-01-21,,폐업,2020-09-24,,,,2956,,,진흥종합상가,그 밖의 대규모점포,I,2025-12-15 16:15:28,서울특별시 서초구 서초대로 385 (서초동),폐업처리,3,03,0234816763,대규모점포,201930.014907812    ,443904.461723691    ,,2020-09-24 16:03:38
3210000,2014321012207500001,2014-09-29,,폐업,2019-04-30,,,,206.1,137-845,,홈플러스익스프레스 방배점,복합쇼핑몰,I,2025-12-15 16:15:28,서울특별시 서초구 서초대로 34 (방배동),폐업처리,3,03,025848545,준대규모점포,198709.207041029    ,442599.234175666    ,서울특별시 서초구 방배동 950번지 1호,2019-05-28 09:38:04
3210000,2016321015507500001,2016-12-01,,폐업,2022-03-25,,,,194.64,,06561,(주)지에스리테일 서초방배점,대형마트,I,2025-12-15 16:15:28,"서울특별시 서초구 방배로37길 11, 1층 (방배동, 삼호회관)",폐업처리,3,03,0220063215,준대규모점포,198970.448010517    ,443479.894856733    ,서울특별시 서초구 방배동 795번지 1호,2022-03-28 13:52:53
3210000,2013321012207500003,1981-07-23,,영업/정상,,,,,1932,,,신동아종합상가,그 밖의 대규모점포,I,2025-12-15 16:15:28,서울특별시 서초구 사임당로 130 (서초동),정상영업,1,01,0234733734,대규모점포,202099.715967965    ,443138.5940184      ,,2013-03-16 14:20:30
3220000,2001322008307500008,1978-05-26,,폐업,2014-03-24,2011-04-15,2014-04-30,,0,,,청담제일시장,그 밖의 대규모점포,I,2025-12-15 16:15:28,서울특별시 강남구 도산대로85길 30 (청담동),폐업처리,3,03,025441034,대규모점포,204320.63321904     ,447133.658518474    ,서울특별시 강남구 청담동 122호,2014-03-24 18:28:39
3220000,2001322008307500010,1983-10-11,,폐업,2010-12-30,,,,0,,,삼성종합시장,시장,I,2025-12-15 16:15:28,서울특별시 강남구 봉은사로72길 39 (삼성동),폐업처리,3,03,025623886,대규모점포,204582.09981345     ,445311.806281605    ,서울특별시 강남구 삼성동 122번지 8 호,2013-12-30 10:33:56
3220000,2001322008307500016,1981-04-14,,폐업,2013-02-20,,,,0,,,역삼시장,시장,I,2025-12-15 16:15:28,서울특별시 강남구 역삼로52길 14 (역삼동),폐업처리,3,03,025673424,대규모점포,204170.278135097    ,444036.656041328    ,서울특별시 강남구 역삼동 796번지 22  호,2013-12-30 09:39:50
3220000,2001322008307500017,1974-12-27,,폐업,2013-02-20,,,,0,,,역삼시장,그 밖의 대규모점포,I,2025-12-15 16:15:28,서울특별시 강남구 역삼로52길 14 (역삼동),폐업처리,3,03,025673504,대규모점포,204170.278135097    ,444036.656041328    ,서울특별시 강남구 역삼동 754번지 2  호,2013-12-27 14:44:37
3220000,2001322008307500018,1992-12-26,,폐업,2021-05-13,,,,0,,,수서종합상가,그 밖의 대규모점포,I,2025-12-15 16:15:28,"서울특별시 강남구 광평로51길 49 (수서동, 주공아파트)",폐업처리,3,03,024591567,대규모점포,208789.626026494    ,443219.258555294    ,서울특별시 강남구 수서동 707호,2021-05-13 14:52:55
3220000,2001322008307500023,1997-05-24,,폐업,2009-09-22,,,,0,,,미씨-860,그 밖의 대규모점포,I,2025-12-15 16:15:28,,폐업처리,3,03,0234135119,,206970.919291372    ,443574.411625824    ,서울특별시 강남구 개포동 13번지 3 호,2010-08-24 09:23:50
3220000,2001322008307500025,1997-09-02,,폐업,2012-12-20,,,,0,,,(주)재능스스로마트,그 밖의 대규모점포,I,2025-12-15 16:15:28,,폐업처리,3,03,025743600,대규모점포,204254.782968629    ,442744.847670936    ,서울특별시 강남구 도곡동 464호,2012-12-26 18:30:38
3220000,2001322008307500033,1991-12-30,,폐업,2010-02-10,,,,0,,,서울상록회관,대형마트,I,2025-12-15 16:15:28,,폐업처리,3,03,025602637,,203746.537598441    ,444628.07813453     ,서울특별시 강남구 역삼동 701호,2010-02-10 17:46:05
3220000,2001322008307500032,2000-05-03,,영업/정상,,,,,80038,135-731,,코엑스 몰,복합쇼핑몰,I,2025-12-15 16:15:28,서울특별시 강남구 영동대로 513 (삼성동),정상영업,1,01,0260025309,대규모점포,205340.631121567    ,445354.571117445    ,서울특별시 강남구 삼성동 159번지 1호 외,2024-04-03 09:54:25
3220000,2001322008307500034,1999-07-14,,휴업,,,,,5174,,,(주)신세계마트 이마트 역삼점,대형마트,I,2025-12-15 16:15:28,,휴업처리,2,02,025696396,,204213.643236507    ,444113.028210915    ,서울특별시 강남구 역삼동 755호 한솔필리아지층  ,2007-07-14 10:53:01
3220000,2003322008307500001,2003-01-28,,영업/정상,,,,,1255,135-510,,금강상가,그 밖의 대규모점포,I,2025-12-15 16:15:28,서울특별시 압구정로 201 (구현대아파트),정상영업,1,01,0234165828,대규모점포,202485.226490575    ,447521.520319158    ,서울특별시 강남구 압구정1동 456번지,2023-12-12 09:38:20
3220000,2003322008307500002,2003-04-18,,휴업,,,,,21237.74,,,(주)현대백화점 동호스토아,백화점,I,2025-12-15 16:15:28,,휴업처리,2,02,025492233,,202485.226490575    ,447521.520319158    ,서울특별시 강남구 압구정동 456호   ,2007-07-14 10:53:01
3220000,2003322008307500004,2003-01-28,,휴업,,,,,,,,남서울종합상가,그 밖의 대규모점포,I,2025-12-15 16:15:28,,휴업처리,2,02,025560604,,,,"서울특별시 강남구 대치동 623,624호   ",2013-12-30 13:55:03
3220000,2005000000000000006,1988-05-13,,영업/정상,,,,,3014.31,135-280,,남서울종합시장,그 밖의 대규모점포,I,2025-12-15 16:15:28,서울특별시 강남구 남부순환로 2921 (대치동),정상영업,1,01,025560604,대규모점포,205209.747122636    ,443490.817333221    ,서울특별시 강남구 대치동 623번지,2021-08-27 09:39:20
3220000,2006322012707500001,2006-10-24,,영업/정상,,,,,5174,135-080,,(주)이마트 역삼점,대형마트,I,2025-12-15 16:15:28,서울특별시 강남구 역삼로 310 (역삼동),정상영업,1,01,0269081051,대규모점포,204213.643236507    ,444113.028210915    ,서울특별시 강남구 역삼동 755번지,2024-04-17 14:56:28
3220000,2009322012707500001,2009-09-30,,영업/정상,,,,,3273.17,135-820,,논현웰스톤상가,그 밖의 대규모점포,I,2025-12-15 16:15:28,서울특별시 강남구 학동로43길 38 (논현동),정상영업,1,01,025451579,대규모점포,203292.307005445    ,446247.511537864    ,서울특별시 강남구 논현2동 108번지,2013-12-27 13:45:22
3220000,2010322016207500001,2005-08-29,,영업/정상,,,,,12645.92,135-856,,아카데미프라자,그 밖의 대규모점포,I,2025-12-15 16:15:28,"서울특별시 강남구 남부순환로 2804 (도곡동, 아카데미스위트)",정상영업,1,01,,대규모점포,204538.144891563    ,442942.853505354    ,"서울특별시 강남구 도곡2동 467번지 7호 아카데미스위트 에이동B101,B102,B201",2013-12-27 13:43:01
3220000,2010322016207500002,2010-12-30,,영업/정상,,,,,0,135-509,,삼성동 신도브래뉴 주상복합 상가,그 밖의 대규모점포,I,2025-12-15 16:15:28,서울특별시 강남구 삼성로103길 12 (삼성동),정상영업,1,01,34536499,대규모점포,204652.111034177    ,445353.174360925    ,서울특별시 강남구 삼성2동 121번지 38호,2013-12-30 10:34:39
3220000,2011322016207500002,2011-04-12,,영업/정상,,,,,3386.04,135-948,,하우스오브신세계 청담,백화점,I,2025-12-15 16:15:28,서울특별시 강남구 도산대로 442 (청담동),정상영업,1,01,0269471234,대규모점포,203789.588128352    ,446796.128299612    ,서울특별시 강남구 청담동 4번지 1호 외 9필지,2025-12-05 16:01:59
3220000,2011322016207500003,2011-06-23,,영업/정상,,,,,0,135-011,,영동전통시장,그 밖의 대규모점포,I,2025-12-15 16:15:28,"서울특별시 강남구 강남대로124길 22, 3층 301호 (논현동)",정상영업,1,01,,대규모점포,202023.395227792    ,445302.915908145    ,서울특별시 강남구 논현1동 140번지 외 44필지,2019-08-31 10:59:45
3220000,2012322016207500001,2012-07-26,,영업/정상,,,,,170.28,135-897,,홈플러스 익스프레스 압구정점,구분없음,I,2025-12-15 16:15:28,서울특별시 강남구 압구정로46길 5-2 (신사동),정상영업,1,01,0234458545,준대규모점포,203191.25706078     ,447312.903662969    ,서울특별시 강남구 신사동 660번지 18호,2024-04-15 15:28:46
3220000,2012322016207500003,2012-05-18,,영업/정상,,,,,272.02,,06031,GS THE FRESH 신사점,구분없음,I,2025-12-15 16:15:28,"서울특별시 강남구 압구정로18길 25 (신사동, 한국산업양행빌딩)",정상영업,1,01,025184089,준대규모점포,202167.012989943    ,446808.075588622    ,,2025-05-07 10:45:12
3220000,2013322016207500001,2013-02-15,,영업/정상,,,,,3718.56,,,동화상가(주),그 밖의 대규모점포,I,2025-12-15 16:15:28,서울특별시 강남구 학동로4길 15 (논현동),정상영업,1,01,,대규모점포,202010.0103397      ,445368.131754546    ,,2013-02-15 11:06:24
3220000,2013322016207500002,2013-06-04,,영업/정상,,,,,231,,,홈플러스익스프레스 학동역점,구분없음,I,2025-12-15 16:15:28,서울특별시 강남구 학동로 176 (논현동),정상영업,1,01,025168546,준대규모점포,202599.512133865    ,445700.273918744    ,,2024-04-15 15:24:58
3220000,2014322016207500001,2014-03-25,,영업/정상,,,,2014-03-26,3246.51,,,신원아침도시마인상가,그 밖의 대규모점포,I,2025-12-15 16:15:28,서울특별시 강남구 도산대로85길 30 (청담동),정상영업,1,01,0234465999,대규모점포,204320.63321904     ,447133.658518474    ,,2014-03-26 13:21:24
3220000,2014322016207500005,2012-01-19,,영업/정상,,,,,177.8,,,롯데슈퍼 논현점,구분없음,I,2025-12-15 16:15:28,"서울특별시 강남구 언주로122길 25 (논현동, 두산위브아파트)",정상영업,1,01,0234665601,준대규모점포,203322.585990371    ,445590.72903471     ,,2017-04-26 18:33:19
3220000,2014322016207500007,2012-07-02,,영업/정상,,,,,730.7,,,롯데쇼핑(주) 롯데슈퍼 삼성점,구분없음,I,2026-04-24 22:18:15,서울특별시 강남구 선릉로 660 (삼성동),정상영업,1,01,0234455601,준대규모점포,203675.905036013    ,445926.119732235    ,,2026-04-21 10:07:00
3220000,2014322016207500008,2012-07-02,,영업/정상,,,,,294.9,,,롯데쇼핑(주) 롯데슈퍼 코엑스점,구분없음,I,2026-04-24 22:18:15,서울특별시 강남구 봉은사로103길 5 (삼성동),정상영업,1,01,0234465602,준대규모점포,205359.898726792    ,445864.805913342    ,,2026-04-21 10:07:34
3220000,2014322016207500010,2014-09-16,,영업/정상,,,,,510.88,,06114,GS THE FRESH 강남영동점,구분없음,I,2025-12-15 16:15:28,"서울특별시 강남구 강남대로128길 20, 영동프라자 (논현동)",정상영업,1,01,0220062156,준대규모점포,202023.395227792    ,445302.915908145    ,서울특별시 강남구 논현동 140 영동프라자,2025-05-07 10:30:38
3220000,2014322016207500011,2014-11-25,,영업/정상,,,,,13667,,,도심공항몰(CALT MALL),쇼핑센터,I,2025-12-15 16:15:28,서울특별시 강남구 테헤란로87길 22-0 (삼성동),정상영업,1,01,025510705,대규모점포,205170.959716696    ,445264.936337181    ,,2019-04-11 14:04:06
3220000,2015322016207500001,2015-12-11,,영업/정상,,,,,5155.7,,06129,점프밀라노,그 밖의 대규모점포,I,2025-12-15 16:15:28,"서울특별시 강남구 강남대로 432 (역삼동, 점프밀라노)",정상영업,1,01,0234467133,대규모점포,202271.694937929    ,444339.880973826    ,,2025-02-06 13:09:54
3220000,2016322016207500001,2016-12-29,,영업/정상,,,,,358.71,,06091,노브랜드 삼성점,구분없음,I,2025-12-15 16:15:28,"서울특별시 강남구 삼성로 633, 1층 (삼성동, 삼광빌딩)",정상영업,1,01,023809461,준대규모점포,204455.655          ,446026.109999999    ,,2024-04-19 09:46:16
3220000,2018322016207500001,2018-08-03,,영업/정상,,,,,677.2,135-825,,삐에로쇼핑 강남논현점,구분없음,I,2025-12-15 16:15:28,,정상영업,1,01,023809461,준대규모점포,201994.292033914    ,445091.876704064    ,서울특별시 강남구 논현동 164번지 5호 외 3필지,2018-12-27 10:53:42
3220000,2021322024907500001,2021-03-19,,영업/정상,,,,,7511.51,,06142,더 샵스 앳 센터필드 (THE SHOPS AT CENTERFIELD),그 밖의 대규모점포,I,2025-12-15 16:15:28,"서울특별시 강남구 테헤란로 231, 센터필드 (역삼동)",영업개시전,5,01,,대규모점포,203599.062771687    ,444556.062267296    ,서울특별시 강남구 역삼동 676 센터필드,2021-03-22 19:43:27
3220000,2022322024907500001,2022-04-12,,영업/정상,,,,,794.7,,06034,이마트에브리데이 강남시장점,구분없음,I,2025-12-15 16:15:28,"서울특별시 강남구 압구정로2길 46, 1층 (신사동, ---------)",정상영업,1,01,023805042,준대규모점포,201757.494098748    ,446282.45446652     ,서울특별시 강남구 신사동 510-11 강남상가아파트,2022-04-26 10:07:26
3220000,2022322024907500002,2022-09-15,,영업/정상,,,,,198,,06017,GS THE FRESH 압구정점,구분없음,I,2025-12-15 16:15:28,"서울특별시 강남구 압구정로 312, 1층 (신사동)",정상영업,1,01,0220062678,준대규모점포,203069.441212025    ,447391.130408384    ,서울특별시 강남구 신사동 638-6,2025-05-07 14:16:25
3220000,2024322024907500001,2024-07-30,,영업/정상,,,,,183,,06012,GS THE FRESH 청담점,대형마트,I,2025-12-15 16:15:28,"서울특별시 강남구 도산대로89길 35, 지상1층 107, 108호 (청담동, 청담범신칼릭스빌2차)",영업개시전,5,01,0220062364,준대규모점포,204504.368683467    ,447166.991324457    ,서울특별시 강남구 청담동 109-16 청담범신칼릭스빌2차,2025-05-07 10:35:44
3220000,1984322008307500006,1984-03-07,,휴업,,,,,,,,(주)금강개발산업,그 밖의 대규모점포,I,2025-12-15 16:15:28,,휴업처리,2,02,025492233,,202485.226490575    ,447521.520319158    ,서울특별시 강남구 압구정동 456호   ,2007-07-14 10:53:01
3220000,1984322016207500001,1984-02-08,,영업/정상,,,,,11740.39,,06288,한보종합상가,그 밖의 대규모점포,I,2025-12-15 16:15:28,"서울특별시 강남구 삼성로 150 (대치동, 한보미도맨션)",정상영업,1,01,025614267,대규모점포,205886.286776047    ,443467.611815598    ,서울특별시 강남구 대치동 511번지 한보미도맨션,2018-04-18 17:24:03
3220000,1996322016207500001,1996-11-15,,영업/정상,,,,,12025.9,135-926,,한솔필리아,그 밖의 대규모점포,I,2025-12-15 16:15:28,서울특별시 강남구 역삼로 310 (역삼동),정상영업,1,01,025503090,대규모점포,204213.643236507    ,444113.028210915    ,서울특별시 강남구 역삼동 755번지,2018-04-18 16:09:06
3220000,2001322008307500001,1974-11-10,,영업/정상,,,,,3062.7,,,강남시장,복합쇼핑몰,I,2025-12-15 16:15:28,서울특별시 강남구 압구정로2길 46 (신사동),정상영업,1,01,025420874,대규모점포,201757.494098748    ,446282.45446652     ,서울특별시 강남구 신사동 510번지 11호,2020-11-08 15:42:17
3220000,2001322008307500003,1979-01-17,,영업/정상,,,,,0,,,논현종합시장,그 밖의 대규모점포,I,2025-12-15 16:15:28,서울특별시 강남구 봉은사로33길 33 (논현동),정상영업,1,01,025491940,대규모점포,203005.088001821    ,445311.309960952    ,서울특별시 강남구 논현동 227번지 4호,2019-05-09 16:34:32
3220000,2001322008307500004,1987-02-02,,영업/정상,,,,,0,,,두산아케이드,그 밖의 대규모점포,I,2025-12-15 16:15:28,"서울특별시 강남구 언주로 726 (논현동, 두산빌딩)",정상영업,1,01,025103114,대규모점포,203050.783890109    ,446316.514036122    ,서울특별시 강남구 논현동 105번지 7호,2013-12-30 13:52:36
3220000,2001322008307500005,1979-04-10,,휴업,,,,,,,,금강상가,그 밖의 대규모점포,I,2025-12-15 16:15:28,,휴업처리,2,02,025492233,,202485.226490575    ,447521.520319158    ,서울특별시 강남구 압구정동 456호   ,2007-07-14 10:53:01
3220000,2001322008307500006,1976-08-07,,영업/정상,,,,,2059,,,신사상가,그 밖의 대규모점포,I,2025-12-15 16:15:28,서울특별시 강남구 압구정로29길 72-1 (압구정동),정상영업,1,01,025423516,대규모점포,202440.338882233    ,447782.51322707     ,서울특별시 강남구 압구정동 454호,2015-04-15 18:56:47
3220000,2001322008307500007,1985-07-08,,영업/정상,,,,,10250,,,갤러리아백화점(동관),백화점,I,2025-12-15 16:15:28,"서울특별시 강남구 압구정로 407 (압구정동, 갤러리아백화점)",정상영업,1,01,0234494406,대규모점포,203604.761651873    ,447316.222786487    ,서울특별시 강남구 압구정동 515호,2023-03-28 11:23:26
3220000,2001322008307500009,1980-05-19,,영업/정상,,,,,0,,,청담삼익시장,그 밖의 대규모점포,I,2025-12-15 16:15:28,서울특별시 강남구 학동로101길 26 (청담동),정상영업,1,01,025427121,대규모점포,205034.15838707     ,446675.932361885    ,서울특별시 강남구 청담동 134번지 20호,2019-08-31 11:00:08
3220000,2001322008307500011,1985-02-06,,영업/정상,,,,,0,,,그랑프리,그 밖의 대규모점포,I,2025-12-15 16:15:28,"서울특별시 강남구 남부순환로 2912 (대치동, 개포우성아파트)",정상영업,1,01,0234589571,대규모점포,204992.451561361    ,443183.576115254    ,서울특별시 강남구 대치동 500호,2013-12-30 13:29:06
3220000,2001322008307500012,1979-04-16,,영업/정상,,,,,0,,,청실종합상가,그 밖의 대규모점포,I,2025-12-15 16:15:28,서울특별시 강남구 남부순환로 2917 (대치동),정상영업,1,01,025549645,대규모점포,205154.638096613    ,443439.981644506    ,서울특별시 강남구 대치동 626호,2013-12-30 13:35:07
3220000,2001322008307500015,1984-05-25,,영업/정상,,,,,2105.31,,,대치종합상가,그 밖의 대규모점포,I,2025-12-15 16:15:28,서울특별시 강남구 삼성로64길 41 (대치동),정상영업,1,01,025664105,대규모점포,205558.159926896    ,444312.078934352    ,서울특별시 강남구 대치동 977번지 12  호,2019-08-31 12:34:20
3220000,2001322008307500019,1994-06-15,,영업/정상,,,,,0,,,대치1단지상가,그 밖의 대규모점포,I,2025-12-15 16:15:28,"서울특별시 강남구 개포로109길 5 (개포동, 대청아파트)",정상영업,1,01,024511400,대규모점포,206581.787067095    ,443555.991242524    ,서울특별시 강남구 개포동 12호,2013-12-30 11:44:18
3220000,2001322008307500020,1994-06-15,,영업/정상,,,,,0,,,대치2단지상가,그 밖의 대규모점포,I,2025-12-15 16:15:28,"서울특별시 강남구 개포로109길 21 (개포동, 대청아파트)",정상영업,1,01,024598720,대규모점포,206581.787067095    ,443555.991242524    ,서울특별시 강남구 개포동 12호,2013-12-30 11:00:46
3220000,2001322008307500021,1994-06-15,,영업/정상,,,,,0,,,수서1-2단지상가,그 밖의 대규모점포,I,2025-12-15 16:15:28,"서울특별시 강남구 양재대로55길 6 (일원동, 도시개발아파트)",정상영업,1,01,024599891,대규모점포,207748.487100942    ,443240.945026406    ,서울특별시 강남구 일원동 711번지 1호,2013-12-30 10:53:10
3220000,2001322008307500022,1994-06-15,2010-09-08,취소/말소/만료/정지/중지,,,,,0,,,일원마트,그 밖의 대규모점포,I,2025-12-15 16:15:28,,직권취소,4,04,025550000,,207614.091005038    ,443297.031452896    ,서울특별시 강남구 일원동 647호,2010-09-08 17:44:37
3220000,2001322008307500024,1997-06-30,,영업/정상,,,,,,,,진솔물산,그 밖의 대규모점포,I,2025-12-15 16:15:28,,정상영업,1,01,0234662620,,202557.007830645    ,443648.622539856    ,서울특별시 강남구 역삼동 826번지 14호   ,2007-07-14 10:53:01
3220000,2001322008307500026,1985-11-30,,영업/정상,,,,,37604.54,135-724,,(주)현대백화점 본점,백화점,I,2025-12-15 16:15:28,"서울특별시 강남구 압구정로 165 (압구정동, 현대백화점본점)",정상영업,1,01,0234495722,대규모점포,202358.505687227    ,447232.955697694    ,서울특별시 강남구 압구정동 429번지,2024-03-06 11:13:26
3220000,2001322008307500027,1988-10-10,,영업/정상,,,,,46111.46,,,현대백화점 무역센터점,백화점,I,2025-12-15 16:15:28,"서울특별시 강남구 테헤란로 517 (삼성동, 무역센터현대백화점)",정상영업,1,01,025522233,대규모점포,205210.358779172    ,445154.42225208     ,서울특별시 강남구 삼성동 159번지 7호,2024-04-15 15:43:10
3220000,2001322008307500028,1985-03-18,,영업/정상,,,,,15358,,,갤러리아백화점(서관),백화점,I,2025-12-15 16:15:28,"서울특별시 강남구 압구정로 343 (압구정동, 갤러리아백화점)",정상영업,1,01,0234494305,대규모점포,203470.848439305    ,447369.579851952    ,서울특별시 강남구 압구정동 494호,2023-03-28 11:22:24
3220000,2001322008307500029,2000-06-16,,영업/정상,,,,,26532,,,롯데백화점(강남점),백화점,U,2026-04-10 03:03:03,서울특별시 강남구 도곡로 401 (대치동),정상영업,1,01,025312015,대규모점포,204669.543366778    ,443873.621189048    ,서울특별시 강남구 대치동 937호,2026-04-09 15:46:05
3220000,2001322008307500030,1988-10-19,,영업/정상,,,,,7940,135-732,,파르나스몰(PARNAS MALL),쇼핑센터,I,2025-12-15 16:15:28,서울특별시 강남구 테헤란로 521 (삼성동),정상영업,1,01,025597044,대규모점포,205314.159889285    ,445204.709309676    ,서울특별시 강남구 삼성1동 159번지 8호 그랜드인터콘티넨탈호텔(지하1층),2022-01-17 18:12:19
3220000,2001322008307500031,2000-05-01,,영업/정상,,,,,5683.94,,,웨스틴 서울 파르나스 아케이드,쇼핑센터,I,2025-12-15 16:15:28,서울특별시 강남구 봉은사로 524 (삼성동),정상영업,1,01,025597049,대규모점포,205130.591678902    ,445590.096837802    ,서울특별시 강남구 삼성동 159호,2025-08-11 16:11:16
3220000,2008322012707500001,2006-10-18,,폐업,2019-08-31,,,,0,135-080,,(주)신세계마트 이마트 역삼점,대형마트,I,2025-12-15 16:15:28,서울특별시 강남구 역삼로 310 (역삼동),폐업처리,3,03,0269081051,대규모점포,204213.643236507    ,444113.028210915    ,서울특별시 강남구 역삼동 755번지,2019-08-31 10:56:55
3220000,2009322024907500001,2009-11-09,,폐업,2025-08-31,,,,223,,06301,홈플러스익스프레스 도곡2점,구분없음,I,2025-12-15 16:15:28,"서울특별시 강남구 논현로28길 9, 유진빌딩 (도곡동)",폐업처리,3,03,34638545,준대규모점포,203764.786572817    ,442286.229201457    ,서울특별시 강남구 도곡동 518-8 유진빌딩,2025-09-01 09:29:44
3220000,2011322016207500001,2011-04-12,,폐업,2019-08-31,,,,3200.38,135-948,,SSG Food Market 백화점,백화점,I,2025-12-15 16:15:28,서울특별시 강남구 도산대로 442 (청담동),폐업처리,3,03,027271381,대규모점포,203789.588128352    ,446796.128299612    ,서울특별시 강남구 청담동 4번지 1호 외 9필지,2019-08-31 10:57:33
3220000,2012322016207500002,2012-04-05,,폐업,2017-03-13,,,,992.68,,06059,(주)지에스리테일 논현점,구분없음,I,2025-12-15 16:15:28,"서울특별시 강남구 학동로43길 38, 지하2층 (논현동, 논현웰스톤)",폐업처리,3,03,0221387230,준대규모점포,203292.307005445    ,446247.511537864    ,,2017-03-13 09:16:41
3220000,2013322016207500003,2013-12-04,,폐업,2022-08-19,,,,3041.01,135-930,,역삼서해더블루,그 밖의 대규모점포,I,2025-12-15 16:15:28,서울특별시 강남구 논현로63길 16 (역삼동),폐업처리,3,03,025673424,대규모점포,203389.562748068    ,443422.779316247    ,서울특별시 강남구 역삼1동 796번지 29호,2022-08-19 11:11:37
3220000,2014322016207500002,2012-07-02,,폐업,2014-06-15,,,,180.8,,,롯데쇼핑(주)롯데슈퍼 역삼점,,I,2025-12-15 16:15:28,서울특별시 강남구 논현로 468 (역삼동),폐업처리,3,03,0222905853,준대규모점포,,,,2014-07-02 16:11:01
3220000,2014322016207500003,2011-11-24,,폐업,2021-11-16,,,,177.7,,,롯데슈퍼 역삼2동점,구분없음,I,2025-12-15 16:15:28,서울특별시 강남구 역삼로 230 (역삼동),폐업처리,3,03,0234525601,준대규모점포,203641.076839094    ,443854.896864211    ,,2025-03-18 10:07:16
3220000,2014322016207500004,2011-12-02,,폐업,2021-11-16,,,,336.2,,,롯데슈퍼 역삼1동점,구분없음,I,2025-12-15 16:15:28,서울특별시 강남구 역삼로8길 15 (역삼동),폐업처리,3,03,025685601,준대규모점포,202957.286742981    ,443437.682541522    ,,2025-03-18 10:04:49
3220000,2014322016207500006,2012-07-02,,폐업,2021-12-30,,,,120.07,,,롯데슈퍼 압구정점,구분없음,I,2025-12-15 16:15:28,서울특별시 강남구 도산대로35길 39 (신사동),폐업처리,3,03,0234465634,준대규모점포,202612.708410687    ,446806.733541327    ,,2022-01-17 18:06:36
3220000,2014322016207500009,2012-07-02,,폐업,2021-11-16,,,,503.8,,,롯데슈퍼 도곡점,구분없음,I,2025-12-15 16:15:28,"서울특별시 강남구 언주로 123 (도곡동, 개포한신아파트)",폐업처리,3,03,025475601,준대규모점포,204254.782968629    ,442744.847670936    ,,2025-03-18 10:03:38
3220000,2001322008307500002,1973-08-01,,폐업,2013-02-14,,,,0,,,영동시장,그 밖의 대규모점포,I,2025-12-15 16:15:28,서울특별시 강남구 학동로4길 15 (논현동),폐업처리,3,03,025471151,대규모점포,202010.0103397      ,445368.131754546    ,서울특별시 강남구 논현동 122번지 8호,2013-12-30 09:11:02
3230000,2014323019807500008,2011-11-08,,영업/정상,,,,,505.07,,,(주)지에스리테일 송파2점,구분없음,I,2025-12-15 16:15:28,서울특별시 송파구 오금로32길 32 (송파동),정상영업,1,01,024132252,준대규모점포,210432.726398095    ,444603.003663184    ,,2025-06-10 10:12:28
3230000,2023323029107500001,2023-02-01,,영업/정상,,,,,164.83,,05767,GS THE FRESH 송파시그니처점,구분없음,I,2025-12-15 16:15:28,"서울특별시 송파구 거마로 56(거여동, 송파시그니처롯데캐슬)",정상영업,1,01,0220062747,준대규모점포,213149.522764117    ,443705.473072412    ,서울특별시 송파구 거여동 202-180 송파시그니처롯데캐슬,2025-05-08 11:15:05
3230000,2014323019807500010,2014-07-17,,영업/정상,,,,,52792.2,138-240,,롯데월드몰,쇼핑센터,I,2025-12-15 16:15:28,서울특별시 송파구 올림픽로 300 (신천동),정상영업,1,01,024115100,대규모점포,209074.900840074    ,445657.80932984     ,서울특별시 송파구 신천동 29번지,2024-03-25 09:12:55
3230000,2014323019807500011,2014-07-17,,영업/정상,,,,,31680.32,,05551,롯데백화점 에비뉴엘 월드타워점,백화점,U,2026-04-19 03:03:03,"서울특별시 송파구 올림픽로 300, 롯데월드타워앤드롯데월드몰 (신천동)",정상영업,1,01,0221462181,대규모점포,209074.900840074    ,445657.80932984     ,서울특별시 송파구 신천동 29 롯데월드타워앤드롯데월드몰,2026-04-17 18:04:19
3230000,2014323019807500012,2014-07-17,,영업/정상,,,,,6665.89,,05551,롯데쇼핑(주) 롯데마트 월드타워점,대형마트,U,2026-05-08 03:03:03,"서울특별시 송파구 올림픽로 300, 롯데월드타워앤드롯데월드몰 (신천동)",정상영업,1,01,0221458494,대규모점포,209074.900840074    ,445657.80932984     ,서울특별시 송파구 신천동 29번지 롯데월드타워앤드롯데월드몰,2026-05-07 20:15:53
3230000,2014323019807500014,2014-07-18,,영업/정상,,,,,4507.29,138-731,,롯데하이마트 월드타워점,전문점,I,2025-12-15 16:15:28,서울특별시 송파구 올림픽로 300-0 (신천동),정상영업,1,01,0220505298,대규모점포,209074.900840074    ,445657.80932984     ,서울특별시 송파구 신천동 29번지,2016-10-17 16:47:27
3230000,2020323026107500001,2020-01-29,,영업/정상,,,,2020-02-06,199.1,,05605,홈플러스 익스프레스 삼전역점,구분없음,I,2025-12-15 16:15:28,"서울특별시 송파구 백제고분로 207 (삼전동, 제이 플레이스)",정상영업,1,01,,준대규모점포,207875.596264658    ,444672.586038194    ,서울특별시 송파구 삼전동 9번지 제이 플레이스,2025-10-13 23:38:07
3230000,2020323026107500002,2020-07-24,,영업/정상,,,,2020-08-11,727,,05698,이마트에브리데이 송파점,구분없음,I,2025-12-15 16:15:28,"서울특별시 송파구 송파대로 345 (가락동, 헬리오시티)",정상영업,1,01,,준대규모점포,209412.197809542    ,443928.783342251    ,서울특별시 송파구 가락동 479 헬리오시티,2024-07-24 16:44:03
3230000,2020323026107500003,2020-07-24,,영업/정상,,,,2020-08-20,182,,05783,롯데프레시송파가락가맹점,구분없음,I,2025-12-15 16:15:28,서울특별시 송파구 동남로20길 24 (가락동),영업개시전,5,01,,준대규모점포,211822.100655974    ,443697.739713172    ,서울특별시 송파구 가락동 191-5,2020-09-02 17:15:35
3230000,1978323007807500003,1978-03-07,,휴업,,,,,0,,,주-한화유통,그 밖의 대규모점포,I,2025-12-15 16:15:28,서울특별시 송파구 송파대로 562 (신천동),휴업처리,2,02,,,208730.633457015    ,445905.025545443    ,서울특별시 송파구 신천동 7번지 17호   ,2007-07-14 12:03:48
3230000,1981323007807500014,1998-03-17,,영업/정상,,,,,7961,,,송파쇼핑센타,그 밖의 대규모점포,I,2025-12-15 16:15:28,서울특별시 송파구 마천로 315 (마천동),정상영업,1,01,024310611,대규모점포,213279.781081276    ,443674.682876425    ,서울특별시 송파구 마천동 181호,2023-11-16 11:30:08
3230000,1988323007807500002,1978-03-28,,영업/정상,,,,,9815,,,잠실중앙상가,그 밖의 대규모점포,I,2026-01-22 22:18:10,서울특별시 송파구 올림픽로 203 (잠실동),정상영업,1,01,024225851,대규모점포,208187.623477261    ,445589.718583334    ,서울특별시 송파구 잠실동 27번지 6호,2026-01-21 17:29:55
3230000,1989323007807500001,1989-06-07,,영업/정상,,,,,10802,,,올림픽프라자상가,그 밖의 대규모점포,I,2025-12-15 16:15:28,서울특별시 송파구 양재대로 1222 (방이동),정상영업,1,01,024000198,대규모점포,211619.368009793    ,445963.384875409    ,서울특별시 송파구 방이동 89번지 11호 프라자상가,2011-12-21 15:00:42
3230000,1989323007807500015,1998-08-19,,영업/정상,,,,,20982,,,롯데쇼핑(주)롯데마트 제타플렉스 잠실점,대형마트,U,2026-05-08 03:03:03,서울특별시 송파구 올림픽로 240 (잠실동),정상영업,1,01,024118411,대규모점포,208589.363343145    ,445455.90405262     ,서울특별시 송파구 잠실동 40번지 1호,2026-05-07 20:12:27
3230000,1998323013107500001,1988-11-12,,영업/정상,,,,,72582.24,,,롯데백화점 잠실점,백화점,U,2026-04-11 03:03:03,서울특별시 송파구 올림픽로 240 (잠실동),정상영업,1,01,024115551,대규모점포,208589.363343145    ,445455.90405262     ,서울특별시 송파구 잠실동 40번지 1호,2026-04-10 13:19:59
3230000,2002323007807500002,2000-07-13,,영업/정상,,,,,17693,,,롯데쇼핑(주)롯데마트 송파점,대형마트,I,2026-01-15 22:18:10,서울특별시 송파구 중대로 80 (문정동),정상영업,1,01,0220067710,대규모점포,210343.699256005    ,443288.284974717    ,서울특별시 송파구 문정동 150번지 2호,2026-01-14 21:50:56
3230000,2005323007807500002,2005-02-24,,영업/정상,,,,,7383.45,,,갤러리아팰리스 아케이드,그 밖의 대규모점포,I,2025-12-15 16:15:28,서울특별시 송파구 올림픽로 212 (잠실동),정상영업,1,01,0221454942,대규모점포,208233.926974585    ,445435.257647797    ,서울특별시 송파구 잠실동 40호,2011-12-21 14:59:19
3230000,2005323007807500003,2005-12-09,,영업/정상,,,,,13400,,,롯데캐슬플라자,쇼핑센터,U,2026-04-19 03:03:03,서울특별시 송파구 올림픽로 269 (신천동),정상영업,1,01,0221462003,대규모점포,208836.192051204    ,445807.727388799    ,서울특별시 송파구 신천동 7번지 18호,2026-04-17 18:07:16
3230000,2007323013107500001,2007-07-09,,영업/정상,,,,,13934.64,,,홈플러스(주)잠실점,대형마트,I,2025-12-15 16:15:28,서울특별시 송파구 올림픽로35가길 16 (신천동),정상영업,1,01,0234688122,대규모점포,209039.148023482    ,446007.966801057    ,서울특별시 송파구 신천동 7번지 12  호,2024-03-05 15:16:33
3230000,2008323013107500001,1973-12-14,,영업/정상,,,,1973-12-14,3871,138-120,,마천시장,그 밖의 대규모점포,I,2025-12-15 16:15:28,서울특별시 송파구 마천로45길 23 (마천동),정상영업,1,01,0230125535,대규모점포,213247.196130934    ,444020.568495222    ,서울특별시 송파구 마천동 140번지 2호,2016-07-26 13:39:23
3230000,2008323013107500002,1982-01-29,,영업/정상,,,,1982-01-29,7225,138-220,,프리마 쇼핑센타,그 밖의 대규모점포,I,2025-12-15 16:15:28,서울특별시 송파구 올림픽로4길 40 (잠실동),정상영업,1,01,,대규모점포,206397.34797252     ,444963.233863255    ,서울특별시 송파구 잠실동 101번지 1호,2011-12-21 14:55:39
3230000,2008323013107500003,1983-07-16,,영업/정상,,,,1988-08-25,2771,138-190,,엄마손상가,그 밖의 대규모점포,I,2025-12-15 16:15:28,서울특별시 송파구 가락로 103 (석촌동),정상영업,1,01,,대규모점포,209440.726523187    ,444369.495694674    ,서울특별시 송파구 석촌동 277번지 2호,2014-07-30 10:02:07
3230000,2009323013107500001,2009-05-11,,영업/정상,,,,,84471,138-200,,가든파이브 툴,쇼핑센터,I,2025-12-15 16:15:28,서울특별시 송파구 충민로 10 (문정동),정상영업,1,01,0221574024,대규모점포,210480.282018702    ,441833.16323518     ,서울특별시 송파구 문정동 292번지 외 29필지,2023-01-16 17:51:49
3230000,2009323013107500002,2009-05-11,,영업/정상,,,,,145244.54,138-200,,가든파이브 라이프,그 밖의 대규모점포,I,2025-12-15 16:15:28,서울특별시 송파구 충민로 66 (문정동),정상영업,1,01,21570118,대규모점포,210986.460698452    ,441725.293491662    ,서울특별시 송파구 문정동 516번지,2015-04-17 09:53:53
3230000,2009323013107500003,2009-06-30,,영업/정상,,,,,3004,138-130,,올림픽파크동부센트레빌 상가,그 밖의 대규모점포,I,2025-12-15 16:15:28,서울특별시 송파구 양재대로72길 5 (오금동),정상영업,1,01,,대규모점포,211217.0019233      ,445334.151660974    ,서울특별시 송파구 오금동 615번지  올림픽파크동부센트레빌 상가,2011-12-21 14:50:36
3230000,2011323019807500001,1984-02-08,,영업/정상,,,,,5269,138-851,,한화 송파지점,그 밖의 대규모점포,I,2026-01-13 22:18:10,서울특별시 송파구 가락로 183 (송파동),정상영업,1,01,024166006,대규모점포,210057.912138022    ,444767.367639796    ,서울특별시 송파구 송파1동 121번지,2026-01-12 09:24:51
3230000,2011323019807500002,1997-02-18,,영업/정상,,,,,3719.38,138-808,,쌍용프라자 상가,그 밖의 대규모점포,I,2025-12-15 16:15:28,서울특별시 송파구 동남로 189 (가락동),정상영업,1,01,024037008,대규모점포,211259.909777857    ,443711.702922024    ,서울특별시 송파구 가락2동 140번지,2017-05-25 14:28:03
3230000,2011323019807500003,2011-08-29,,영업/정상,,,,,300.01,138-908,,롯데쇼핑(주)롯데슈퍼신천점,구분없음,I,2026-01-14 22:18:10,서울특별시 송파구 올림픽로 111 (잠실동),정상영업,1,01,22905853,준대규모점포,207270.219021574    ,445550.277249649    ,서울특별시 송파구 잠실2동 19번지 8호,2026-01-13 18:00:13
3230000,2011323019807500004,2011-08-29,,영업/정상,,,,,288,138-915,,롯데쇼핑(주)롯데슈퍼잠실3동점,구분없음,I,2026-01-14 22:18:10,서울특별시 송파구 석촌호수로 61 (잠실동),정상영업,1,01,22905853,준대규모점포,207553.918225133    ,445383.338011122    ,서울특별시 송파구 잠실3동 35번지 2호,2026-01-13 17:47:25
3230000,2011323019807500005,2011-09-05,,영업/정상,,,,,172.8,138-828,,롯데쇼핑(주)롯데슈퍼방이점,구분없음,I,2026-01-14 22:18:10,서울특별시 송파구 올림픽로32길 20 (방이동),정상영업,1,01,34315602,준대규모점포,209576.621957045    ,445779.100983519    ,서울특별시 송파구 방이2동 63번지 11호,2026-01-13 17:54:01
3230000,2012323019807500002,2012-01-20,,영업/정상,,,,,326.92,138-803,,(주)이마트에브리데이 가락동점,구분없음,I,2025-12-15 16:15:28,서울특별시 송파구 중대로9길 35 (가락동),정상영업,1,01,028483651,준대규모점포,210391.461980814    ,443796.02703891     ,서울특별시 송파구 가락동 88번지 2호,2024-07-24 16:45:27
3230000,2012323019807500003,2012-04-05,,영업/정상,,,,,693,138-779,,롯데쇼핑(주)롯데슈퍼송파점,구분없음,I,2026-01-14 22:18:10,"서울특별시 송파구 가락로 183, 1층 6,7호 (송파동)",정상영업,1,01,,준대규모점포,210057.912138022    ,444767.367639796    ,"서울특별시 송파구 송파2동 121번지 한양2차아파트 1층 6,7호호",2026-01-13 18:01:52
3230000,2012323019807500004,2012-03-30,,영업/정상,,,,,203.3,138-879,,롯데쇼핑(주)롯데슈퍼풍납점,구분없음,I,2026-01-14 22:18:10,서울특별시 송파구 강동대로9길 20 (풍납동),정상영업,1,01,22905853,준대규모점포,210274.185529862    ,447307.649759292    ,서울특별시 송파구 풍납2동 400번지 5호   101호,2026-01-13 17:57:03
3230000,2012323019807500005,2012-04-05,,영업/정상,,,,,105.5,138-845,,롯데쇼핑(주)롯데슈퍼석촌점,구분없음,I,2025-12-15 16:15:28,서울특별시 송파구 백제고분로34길 3 (석촌동),정상영업,1,01,22905853,준대규모점포,208675.812751826    ,444446.053485778    ,서울특별시 송파구 석촌동 235번지 17호,2017-04-19 14:05:59
3230000,2012323019807500006,2012-04-05,,영업/정상,,,,,1662.6,138-130,,농협하나로마트방이역점,구분없음,I,2025-12-15 16:15:28,서울특별시 송파구 양재대로72길 5 (오금동),정상영업,1,01,024002007,준대규모점포,211217.0019233      ,445334.151660974    ,서울특별시 송파구 오금동 615번지,2024-10-15 13:09:40
3230000,2013323019807500002,2011-12-02,,영업/정상,,,,,835,138-814,,홈플러스(주)익스프레스 거여점,구분없음,I,2025-12-15 16:15:28,서울특별시 오금로 512,정상영업,1,01,0230128545,준대규모점포,212800.699970729    ,443397.261935451    ,서울특별시 송파구 거여2동 27번지 5호 B101호,2024-03-22 14:18:26
3230000,2013323019807500003,2011-09-05,,영업/정상,,,,,213.2,138-933,,홈플러스(주)익스프레스 잠실점,구분없음,I,2025-12-15 16:15:28,서울특별시 송파구 석촌호수로 133 (잠실동),정상영업,1,01,024188545,준대규모점포,208045.233042977    ,445054.410833743    ,서울특별시 송파구 잠실4동 44번지 1호,2024-03-22 16:16:51
3230000,2013323019807500004,2011-09-05,,영업/정상,,,,,398.6,,,홈플러스(주) 익스프레스 송파점,구분없음,I,2025-12-15 16:15:28,서울특별시 송파구 가락로28길 7 (송파동),정상영업,1,01,0234318545,준대규모점포,210252.90673883     ,444914.307440685    ,,2024-03-22 14:17:19
3230000,2013323019807500005,2012-03-30,,영업/정상,,,,,323,,,홈플러스(주)익스프레스 풍납점,구분없음,I,2025-12-15 16:15:28,서울특별시 송파구  올림픽로51길  52 (풍납동),정상영업,1,01,0204748542,준대규모점포,210378.825036871    ,447916.043934269    ,서울특별시 송파구 풍납동 163번지,2024-03-22 16:25:30
3230000,2013323019807500006,2013-06-19,,영업/정상,,,,,3493.73,138-721,,롯데하이마트잠실점,전문점,I,2025-12-15 16:15:28,서울특별시 송파구 올림픽로 240 (잠실동),정상영업,1,01,0220505001,대규모점포,208589.363343145    ,445455.90405262     ,서울특별시 송파구 잠실3동 40번지 1호 롯데월드,2017-07-24 11:23:43
3230000,2014323019807500001,2011-08-10,,영업/정상,,,,,883,,,(주)지에스리테일 송파점,구분없음,I,2025-12-15 16:15:28,"서울특별시 송파구 동남로 189 (가락동, 쌍용아파트)",정상영업,1,01,0234016251,준대규모점포,211259.909777857    ,443711.702922024    ,,2025-04-21 18:37:17
3230000,2014323019807500003,2011-10-25,,영업/정상,,,,,572.18,,,(주)지에스리테일 방이점,구분없음,I,2025-12-15 16:15:28,"서울특별시 송파구 오금로31가길 20 (방이동, 대림아파트)",정상영업,1,01,024185853,준대규모점포,210908.984532034    ,445042.920252223    ,,2025-05-08 11:12:45
3230000,2014323019807500005,2011-10-25,,영업/정상,,,,,617.57,,,(주)지에스리테일 잠실파크리오점,구분없음,I,2025-12-15 16:15:28,"서울특별시 송파구 올림픽로 435 (신천동, 파크리오아파트)",정상영업,1,01,0221353211,준대규모점포,209314.259995755    ,446483.316079239    ,,2025-04-29 10:33:59
3230000,2014323019807500007,2011-10-25,,영업/정상,,,,,314.01,,,(주)지에스리테일 송파가락점,구분없음,I,2025-12-15 16:15:28,서울특별시 송파구 오금로46길 49 (가락동),정상영업,1,01,024014600,준대규모점포,211693.932828168    ,443503.427857478    ,,2025-04-29 10:23:02
3230000,1980323007807500002,1980-03-07,,폐업,2009-06-29,,,,0,,,석우종합시장,그 밖의 대규모점포,I,2025-12-15 16:15:28,,폐업처리,3,03,024044946,,,,서울특별시 송파구 오금동 1번지 11호,2009-06-29 17:26:38
3230000,1980323007807500007,1980-06-14,,폐업,2016-03-22,,,,27690,138-796,,장미종합상가,그 밖의 대규모점포,I,2025-12-15 16:15:28,서울특별시 송파구 올림픽로35길 124 (신천동),폐업처리,3,03,,대규모점포,208707.089897534    ,446299.352775446    ,서울특별시 송파구 신천동 7번지,2016-03-22 08:41:52
3230000,1988323007807500001,1988-08-19,,폐업,1988-08-20,,,,0,,,주-화신유통,,I,2025-12-15 16:15:28,서울특별시 송파구 새말로 176 (문정동),폐업처리,3,03,024275393,,211632.462045386    ,442617.382308292    ,서울특별시 송파구 문정동 112호,2008-07-17 17:35:36
3230000,1996323007807500012,1996-11-05,,폐업,2001-07-12,,,,1,,,가락동포스코주상복합상가,그 밖의 대규모점포,I,2025-12-15 16:15:28,서울특별시 송파구 중대로 135 (가락동),폐업처리,3,03,,,210758.119119654    ,443662.956402309    ,서울특별시 송파구 가락동 78호,2008-07-17 16:15:09
3230000,2001323007807500006,1988-06-14,,폐업,2001-05-26,,,,0,,,갤러리아 잠실점,그 밖의 대규모점포,I,2025-12-15 16:15:28,서울특별시 송파구 올림픽로 212 (잠실동),폐업처리,3,03,,,208233.926974585    ,445435.257647797    ,서울특별시 송파구 잠실동 40호,2008-07-17 15:37:51
3230000,2010323019807500001,2010-04-24,,폐업,2016-05-31,,,,311.4,138-814,,롯데쇼핑(주)롯데슈퍼거여점,구분없음,I,2025-12-15 16:15:28,서울특별시 송파구 오금로 507 (거여동),폐업처리,3,03,22905853,준대규모점포,212769.337053978    ,443460.333645388    ,서울특별시 송파구 거여2동 37번지 3호,2017-04-14 10:15:12
3230000,2012323019807500001,2012-03-21,,폐업,2012-03-21,,,,9815,138-916,,(유)잠실중앙상가,그 밖의 대규모점포,I,2025-12-15 16:15:28,서울특별시 송파구 올림픽로 203 (잠실동),폐업처리,3,03,,대규모점포,208187.623477261    ,445589.718583334    ,서울특별시 송파구 잠실3동,2017-07-24 11:36:42
3230000,2013323019807500001,2011-11-02,,폐업,2018-05-29,2018-04-01,2019-01-15,,260,138-837,,홈플러스(주)익스프레스 삼전점,구분없음,I,2025-12-15 16:15:28,서울특별시 송파구 백제고분로 207 (삼전동),폐업처리,3,03,0234598000,준대규모점포,207869.041788408    ,444656.547305861    ,서울특별시 송파구 삼전동 9번지 19호,2018-06-04 08:00:07
3230000,2014323019807500002,2011-08-31,,폐업,2016-03-22,,,,224,,,(주)지에스리테일 문정점,구분없음,I,2025-12-15 16:15:28,서울특별시 송파구 새말로 136 (문정동),폐업처리,3,03,024098880,준대규모점포,211350.099419457    ,442328.447083979    ,,2016-03-22 11:19:37
3230000,2014323019807500004,2011-10-25,,폐업,2016-06-01,,,,182,,,홈플러스익스프레스 송파2점,구분없음,I,2025-12-15 16:15:28,서울특별시 송파구 백제고분로 387 (송파동),폐업처리,3,03,024158545,준대규모점포,209522.43324123     ,444926.099764329    ,,2017-04-14 10:11:22
3230000,2014323019807500006,2010-10-25,,폐업,2017-03-08,,,,593.5,,,(주)지에스리테일 삼전점,구분없음,I,2025-12-15 16:15:28,서울특별시 송파구 석촌호수로 156 (삼전동),폐업처리,3,03,0221388841,준대규모점포,208265.829073588    ,444957.463368081    ,,2017-03-10 17:21:04
3230000,2014323019807500013,2014-07-17,,폐업,2016-11-30,,,,9800.99,,05551,롯데면세점 월드타워점,전문점,I,2025-12-15 16:15:28,서울특별시 송파구 올림픽로 300 (신천동),폐업처리,3,03,024119539,대규모점포,209074.900840074    ,445657.80932984     ,서울특별시 송파구 신천동 29번지,2016-11-30 17:47:35
3230000,2016323023107500001,2016-10-20,,폐업,2022-10-31,,,,2101.86,,,롯데프리미엄푸드마켓 문정점,구분없음,I,2025-12-15 16:15:28,서울특별시 송파구 송파대로 111-0 (문정동),폐업처리,3,03,0222905710,준대규모점포,210868.397496689    ,442053.227933005    ,,2022-11-02 16:35:12
3230000,2016323023107500002,2016-12-29,,폐업,2021-11-18,,,,644.82,,05841,노브랜드 문정점,구분없음,I,2025-12-15 16:15:28,"서울특별시 송파구 법원로 55, 상가D동 401외 5호 (문정동, 송파아이파크)",폐업처리,3,03,023809461,준대규모점포,210698.849969654    ,441971.271264751    ,,2021-11-30 10:42:51
3230000,2023323029107500002,2023-02-27,,영업/정상,,,,,444.37,,05837,GS THE FRESH 송파하비오점,구분없음,I,2025-12-15 16:15:28,"서울특별시 송파구 송파대로 111, 하비오길동 제1층 호텔로 202동 (문정동, 파크하비오)",정상영업,1,01,0220062747,준대규모점포,210868.397496689    ,442053.227933005    ,서울특별시 송파구 문정동 618 파크하비오,2025-05-08 11:20:10
3230000,2023323029107500003,2023-12-07,,영업/정상,,,,,197.2,,05612,GS THE FRESH 송파석촌호수점,구분없음,I,2025-12-15 16:15:28,서울특별시 송파구 백제고분로33길 25 (석촌동),정상영업,1,01,,준대규모점포,208648.850084121    ,444767.440404014    ,서울특별시 송파구 석촌동 5-8,2025-05-08 11:12:20
3230000,2024323029107500001,2024-04-19,,영업/정상,,,,,168.16,,05546,GS THE FRESH 송파나루역점,구분없음,I,2025-12-15 16:15:28,"서울특별시 송파구 올림픽로32길 53, 1층 (방이동)",정상영업,1,01,0220062364,준대규모점포,209841.106799057    ,445595.125934631    ,서울특별시 송파구 방이동 103-15,2025-04-29 10:36:21
3230000,2024323029107500002,2024-08-27,,영업/정상,,,,,281.64,,05806,GS THE FRESH 문정역점,구분없음,I,2025-12-15 16:15:28,"서울특별시 송파구 문정로 1, 지층 B104호-B107호 (문정동, 문정역 마에스트로)",정상영업,1,01,0220062364,준대규모점포,210813.51310976     ,442691.180644406    ,서울특별시 송파구 문정동 55-6 문정역 마에스트로,2025-05-08 11:25:25
3230000,2025323029107500001,2025-11-26,,영업/정상,,,,,616.14,,05508,GS THE FRESH 잠실래미안점,구분없음,I,2025-12-15 16:15:28,"서울특별시 송파구 올림픽로35길 45, 잠실래미안아이파크 단지내 상가 B101~B106호 (신천동)",영업개시전,5,01,0220062364,준대규모점포,209720.290631496    ,446244.350393389    ,서울특별시 송파구 신천동 20-4 래미안아이파크 단지내 상가 B101~B106,2025-11-26 15:37:53
3230000,2014323019807500009,2011-11-08,,영업/정상,,,,,959.73,,,(주)지에스리테일 잠실점,구분없음,I,2025-12-15 16:15:28,서울특별시 송파구 올림픽로 203 (잠실동),정상영업,1,01,024233774,준대규모점포,208187.623477261    ,445589.718583334    ,,2016-02-03 18:14:33
3240000,1968324010907500001,1968-10-23,,폐업,2019-02-01,,,,1735.5,134-873,,천호시장,그 밖의 대규모점포,I,2026-05-06 22:47:28,서울특별시 강동구 구천면로 205 (천호동),폐업처리,3,03,024782191,대규모점포,211196.195653708    ,448722.851784118    ,서울특별시 강동구 천호동 421번지 1호,2019-02-06 12:27:14
3240000,2025324028907500006,2025-09-15,,영업/정상,,,,,8884.28,,05410,올림픽파크포레온 스테이션9,그 밖의 대규모점포,I,2026-05-06 22:47:39,"서울특별시 강동구 양재대로 1300 (둔촌동, 올림픽파크포레온)",정상영업,1,01,,대규모점포,212027.481158905    ,446598.591776331    ,서울특별시 강동구 둔촌동 174-1 올림픽파크포레온,2025-11-25 16:52:26
3240000,2011324013907500001,2011-09-27,,폐업,2017-10-12,,,,1153.33,134-819,,(주)지에스리테일 둔촌점,구분없음,I,2026-05-06 22:47:34,서울특별시 강동구 양재대로 1330 (둔촌동),폐업처리,3,03,,준대규모점포,211979.520569314    ,446932.653730601    ,서울특별시 강동구 둔촌1동 172번지 1호,2018-03-26 08:46:26
3240000,2011324013907500003,2011-09-27,,폐업,2017-03-29,,,,1111.79,134-832,,(주)지에스리테일 주양점,구분없음,I,2026-05-06 22:47:34,"서울특별시 강동구 고덕로62길 55, 지하1층 (명일동)",폐업처리,3,03,,준대규모점포,213493.90717524     ,450038.847319845    ,서울특별시 강동구 명일동 48번지 지하1층,2017-03-29 15:49:30
3240000,2011324013907500004,2011-09-27,,폐업,2017-03-19,,,,585.01,134-859,,(주)지에스리테일 암사점,구분없음,I,2026-05-06 22:47:34,서울특별시 강동구 구천면로 317 (암사동),폐업처리,3,03,,준대규모점포,211856.46923171     ,449540.660436957    ,서울특별시 강동구 암사1동 488번지 21호,2017-03-21 15:35:12
3240000,2011324013907500009,2011-09-27,,폐업,2012-03-22,,,,369,134-857,,롯데슈퍼암사가맹점,대형마트,I,2026-05-06 22:47:35,,폐업처리,3,03,,준대규모점포,211466.885452018    ,450264.276387605    ,서울특별시 강동구 암사1동 461번지 외6필지,2012-03-26 16:00:26
3240000,2011324013907500011,2011-10-07,,폐업,2017-11-07,,,,1103.74,134-771,,(주)농협유통 하나로마트 둔촌점,구분없음,I,2026-05-06 22:47:35,"서울특별시 강동구 양재대로 1330, 지하1층 (둔촌동, 둔촌종합상가)",폐업처리,3,03,,준대규모점포,211979.520569314    ,446932.653730601    ,서울특별시 강동구 둔촌동 172번지 1호 둔촌종합상가 지하1층,2017-11-07 19:17:52
3240000,2011324013907500013,2011-10-07,,폐업,2017-12-13,,,,196.39,134-031,,롯데쇼핑㈜롯데슈퍼강동점,구분없음,I,2026-05-06 22:47:35,서울특별시 강동구 천호대로 1078 (성내동),폐업처리,3,03,024855607,준대규모점포,211532.353686299    ,448182.588454494    ,서울특별시 강동구 성내1동 164번지 1호,2017-12-29 08:55:55
3240000,2011324013907500015,2011-10-07,,폐업,2014-05-31,,,,1128,134-061,,롯데쇼핑(주)롯데슈퍼둔촌점,대형마트,I,2026-05-06 22:47:36,서울특별시 강동구 풍성로63길 84 (둔촌동),폐업처리,3,03,024745601,준대규모점포,212334.69890736     ,447728.865137096    ,서울특별시 강동구 둔촌1동 444번지,2014-06-16 08:05:17
3240000,2011324017507500001,2011-11-28,,폐업,2023-03-24,,,,363.69,,,(주)이마트에브리데이 암사동점,구분없음,I,2026-05-06 22:47:36,서울특별시 강동구 고덕로 99 (암사동),폐업처리,3,03,0222963651,준대규모점포,211970.119823136    ,450308.559655461    ,,2023-03-21 18:54:48
3240000,2014324018907500002,1970-12-31,,폐업,2019-08-26,,,,4348.7,134-873,,동서울시장,시장,I,2026-05-06 22:47:37,서울특별시 강동구 올림픽로80길 58 (천호동),폐업처리,3,03,024781443,대규모점포,211246.37178295     ,448940.301250547    ,서울특별시 강동구 천호동 422번지 1호,2019-08-26 17:57:25
3240000,2014324018907500003,1982-01-18,,폐업,2018-05-29,,,,7207.95,134-771,,둔촌종합상가,그 밖의 대규모점포,I,2026-05-06 22:47:37,서울특별시 강동구 양재대로 1330 (둔촌동),폐업처리,3,03,024763154,대규모점포,211979.520569314    ,446932.653730601    ,서울특별시 강동구 둔촌동 172번지 1호,2018-07-03 16:08:22
3240000,2019324023607500002,2019-10-30,,폐업,2023-04-14,,,,530.68,,05391,이마트에브리데이 성내점,구분없음,I,2026-05-06 22:47:38,"서울특별시 강동구 올림픽로 572, 상가동 1층 101,102호 (성내동, 코오롱 2차아파트)",폐업처리,3,03,023805554,준대규모점포,210694.989265395    ,447815.986328694    ,서울특별시 강동구 성내동 595번지 코오롱 2차아파트,2023-04-28 17:58:50
3240000,1990324007307500003,1990-05-28,,휴업,,,,,,,,현대프라자,그 밖의 대규모점포,I,2026-05-06 22:47:29,,휴업처리,2,02,0204793424,,211336.172451748    ,448556.794492412    ,서울특별시 강동구 천호동 410번지 105호   ,2007-06-30 10:04:31
3240000,1999324013907500001,1999-04-12,,영업/정상,,,,,36175,,,현대백화점 천호점,백화점,I,2026-05-06 22:47:30,"서울특별시 강동구 천호대로 1005 (천호동, 현대백화점)",정상영업,1,01,0222258702,대규모점포,210929.919693661    ,448537.406728283    ,서울특별시 강동구 천호동 455번지 8호,2024-03-11 17:26:40
3240000,2000324007307500002,2000-06-14,,휴업,,,,,,,,킴스클럽,대형마트,I,2026-05-06 22:47:30,,휴업처리,2,02,0204887244,,211750.89622364     ,448202.632546787    ,서울특별시 강동구 천호동 565호   ,2007-06-30 10:04:31
3240000,2001324010607500001,2001-03-27,,휴업,,,,,,,,이마트천호점,대형마트,I,2026-05-06 22:47:30,,휴업처리,2,02,0222241053,,211025.924972294    ,448495.189151526    ,서울특별시 강동구 천호동 454번지 0001호   ,2007-06-30 10:04:31
3240000,2002324007307500000,2002-11-20,,영업/정상,,,,,8659,,,(주)이마트명일점,그 밖의 대규모점포,I,2026-05-06 22:47:30,서울특별시 강동구 고덕로 276 (명일동),정상영업,1,01,0221451051,대규모점포,213700.877714971    ,450278.100930843    ,서울특별시 강동구 명일동 46번지 4 호,2024-05-10 13:02:40
3240000,2002324007307500001,2002-11-20,,영업/정상,,,,,8659.77,,,신세계 이마트 명일점,대형마트,I,2026-05-06 22:47:31,,,BBBB,01,0204296240,,213700.877714971    ,450278.100930843    ,서울특별시 강동구 명일동 46번지 4호   ,2007-06-30 10:04:31
3240000,2004324010607500001,2004-05-24,,영업/정상,,,,,4075.83,134-890,,파크프라자 상가,그 밖의 대규모점포,I,2026-05-06 22:47:31,서울특별시 강동구 양재대로89길 16 (성내동),정상영업,1,01,0204782635,대규모점포,211838.35431041     ,447195.676766748    ,서울특별시 강동구 성내동 428번지 2호,2014-10-15 14:25:41
3240000,2005324010607500001,2005-01-12,,휴업,,,,,4310.62,,,천호신시장,그 밖의 대규모점포,I,2026-05-06 22:47:31,,휴업처리,2,02,024850731,,211252.735515916    ,448823.39875114     ,서울특별시 강동구 천호동 422번지 2호   ,2007-06-30 10:04:31
3240000,2005324010607500002,2005-03-31,,영업/정상,,,,,9081,,,(주)이마트천호점,대형마트,I,2026-05-06 22:47:31,서울특별시 강동구 천호대로 1017 (천호동),정상영업,1,01,22241053,대규모점포,211025.924972294    ,448495.189151526    ,서울특별시 강동구 천호동 454번지 1호,2024-05-10 13:13:11
3240000,2005324010607500003,2005-03-31,,휴업,,,,,8659,,,신세계이마트천호점,그 밖의 대규모점포,I,2026-05-06 22:47:32,,휴업처리,2,02,,,,,서울특별시 강동구 명일동 52번지 5호   ,2007-06-30 10:04:31
3240000,2005324011907500001,2005-05-09,,휴업,,,,,4310.62,,,천호신시장,그 밖의 대규모점포,I,2026-05-06 22:47:32,,휴업처리,2,02,024850731,,211252.735515916    ,448823.39875114     ,서울특별시 강동구 천호동 422번지 2호   ,2007-06-30 10:04:31
3240000,2005324011907500002,2005-05-09,,폐업,2026-02-12,,,,5374.49,,,천호신시장,시장,I,2026-05-06 22:47:32,,폐업처리,3,03,024850731,대규모점포,211252.735515916    ,448823.39875114     ,서울특별시 강동구 천호동 422번지 2호,2026-02-13 13:23:04
3240000,2005324011907500003,2005-06-02,,휴업,,,,,4350,,,동서울시장,그 밖의 대규모점포,I,2026-05-06 22:47:32,,휴업처리,2,02,,,211246.37178295     ,448940.301250547    ,서울특별시 강동구 천호동 422번지 1호   ,2007-06-30 10:04:31
3240000,2005324011907500004,2005-07-20,,휴업,,,,,3223.68,,,동아코아,쇼핑센터,I,2026-05-06 22:47:32,,휴업처리,2,02,024859001,,211055.486155787    ,448786.697371515    ,서울특별시 강동구 천호동 563호   ,2007-06-30 10:04:31
3240000,2005324011907500005,2005-07-20,,휴업,,,,,3223.68,,,동아코아,쇼핑센터,I,2026-05-06 22:47:32,,휴업처리,2,02,024859001,,211055.486155787    ,448786.697371515    ,서울특별시 강동구 천호동 563호   ,2007-06-30 10:04:31
3240000,2005324011907500006,2005-07-20,,휴업,,,,,3223.68,,,동아코아,쇼핑센터,I,2026-05-06 22:47:33,,휴업처리,2,02,024859001,,211055.486155787    ,448786.697371515    ,서울특별시 강동구 천호동 563호   ,2007-06-30 10:04:31
3240000,2005324011907500007,2005-07-20,,휴업,,,,,3223.68,,,동아코아,쇼핑센터,I,2026-05-06 22:47:33,,휴업처리,2,02,024859001,,211055.486155787    ,448786.697371515    ,서울특별시 강동구 천호동 563호   ,2007-06-30 10:04:31
3240000,2005324011907500008,2005-07-20,,휴업,,,,,3223.68,,,동아코아,쇼핑센터,I,2026-05-06 22:47:33,,휴업처리,2,02,024859001,,211055.486155787    ,448786.697371515    ,서울특별시 강동구 천호동 563호   ,2007-06-30 10:04:31
3240000,2005324011907500009,2005-07-20,,휴업,,,,,3223.68,,,동아코아,쇼핑센터,I,2026-05-06 22:47:33,,휴업처리,2,02,024859001,,211055.486155787    ,448786.697371515    ,서울특별시 강동구 천호동 563호   ,2007-06-30 10:04:31
3240000,2005324011907500010,2005-09-27,,휴업,,,,,1735,,,천호시장,그 밖의 대규모점포,I,2026-05-06 22:47:33,,휴업처리,2,02,02478219,,211196.195653708    ,448722.851784118    ,서울특별시 강동구 천호동 421번지 1호   ,2007-06-30 10:04:31
3240000,2006324011907500001,2006-05-25,,휴업,,,,2006-05-31,17600,,,이천일아울렛 천호점,그 밖의 대규모점포,I,2026-05-06 22:47:33,,휴업처리,2,02,024262001,,211055.486155787    ,448786.697371515    ,서울특별시 강동구 천호동 563호   ,2007-06-30 10:04:31
3240000,2006324011907500002,2006-05-25,,영업/정상,,,,,17600,134-873,,이천일아울렛 천호점,그 밖의 대규모점포,U,2026-05-07 03:03:03,서울특별시 강동구 구천면로 189 (천호동),정상영업,1,01,0222246600,대규모점포,211055.486155787    ,448786.697371515    ,서울특별시 강동구 천호동 563번지,2026-05-06 14:09:04
3240000,2006324011907500003,2006-07-21,,영업/정상,,,,,3295.46,134-840,,이안강동주상복합상가,그 밖의 대규모점포,I,2026-05-06 22:47:33,서울특별시 강동구 천호대로162길 34 (성내동),정상영업,1,01,0234319000,대규모점포,211238.661063855    ,448150.595848877    ,서울특별시 강동구 성내동 25번지 1호,2014-10-15 13:36:10
3240000,2007324013907500001,2007-06-05,,영업/정상,,,,,3513.8,134-814,,강동한신휴플러스,그 밖의 대규모점포,I,2026-05-06 22:47:33,서울특별시 강동구 진황도로 99 (길동),정상영업,1,01,0233933466,대규모점포,212081.019857419    ,448209.124823551    ,서울특별시 강동구 길동 414번지 10호,2015-11-26 18:04:34
3240000,2008324013907500001,2008-11-07,2008-11-07,취소/말소/만료/정지/중지,,,,,14176,134-020,,삼성테드크(주)홈플러스강동점,대형마트,I,2026-05-06 22:47:34,,직권취소,4,04,34008000,,212501.369116329    ,449282.31038379     ,서울특별시 강동구 천호동 42번지,2011-04-28 15:00:17
3240000,2009324013907500001,2008-11-07,,영업/정상,,,,,14176,134-861,,홈플러스 강동점,대형마트,I,2026-05-06 22:47:34,서울특별시 강동구 양재대로 1571 (천호동),정상영업,1,01,0234008000,대규모점포,212501.369116329    ,449282.31038379     ,서울특별시 강동구 천호동 42번지,2024-03-06 17:08:54
3240000,2010324013907500001,2010-05-06,,영업/정상,,,,,3620.92,134-811,,동서울오네뜨상가,그 밖의 대규모점포,I,2026-05-06 22:47:34,서울특별시 강동구 양재대로124길 32 (길동),정상영업,1,01,024709205,대규모점포,212624.891449347    ,448937.811380947    ,서울특별시 강동구 길동 339번지 1호,2014-10-07 20:38:06
3240000,2011324013907500002,2011-09-27,,영업/정상,,,,,1494.61,134-830,,(주)지에스리테일 명일점,구분없음,I,2026-05-06 22:47:34,서울특별시 강동구 양재대로 1630 (명일동),정상영업,1,01,,준대규모점포,212676.162193508    ,449910.881572138    ,서울특별시 강동구 명일1동 312번지 99호,2025-06-09 14:57:27
3240000,2011324013907500005,2011-09-27,,영업/정상,,,,,1127.88,134-716,,(주)지에스리테일 암사캐슬점,구분없음,I,2026-05-06 22:47:34,서울특별시 강동구 고덕로 133 (암사동),정상영업,1,01,69332502,준대규모점포,212334.9584644      ,450346.790651613    ,서울특별시 강동구 암사3동 414번지 18호 강동롯데캐슬퍼스트아파트,2025-06-06 12:10:33
3240000,2011324013907500006,2011-09-27,,영업/정상,,,,,324,134-857,,홈플러스(주) 익스프레스 암사점,구분없음,I,2026-05-06 22:47:34,서울특별시 강동구 고덕로24길 50 (암사동),정상영업,1,01,,준대규모점포,211868.244314608    ,450020.355211693    ,서울특별시 강동구 암사1동 473번지 3호,2024-11-28 10:21:16
3240000,2011324013907500007,2011-09-27,,영업/정상,,,,,189.1,134-850,,홈플러스(주) 익스프레스 성내점,구분없음,I,2026-05-06 22:47:34,서울특별시 강동구 풍성로 138 (성내동),정상영업,1,01,,준대규모점포,211185.497701374    ,447670.852055872    ,서울특별시 강동구 성내1동 521번지,2024-04-02 21:47:17
3240000,2011324013907500008,2011-09-27,,영업/정상,,,,,1056.33,,05267,(주)이마트에브리데이 명일동점,구분없음,I,2026-05-06 22:47:34,"서울특별시 강동구 명일로 375, 삼익그린맨션 지하1층 (명일동)",정상영업,1,01,,준대규모점포,213048.692179757    ,450124.105734971    ,서울특별시 강동구 명일동 15 삼익그린맨션,2024-07-31 15:10:28
3240000,2011324013907500010,2011-10-07,,영업/정상,,,,,252.4,134-010,,홈플러스(주)익스프레스 길동점,구분없음,I,2026-05-06 22:47:35,서울특별시 강동구 양재대로 1486 (길동),정상영업,1,01,0234598000,준대규모점포,212349.37381605     ,448466.105629578    ,서울특별시 강동구 길동 391번지 2호,2024-04-02 21:47:55
3240000,2011324013907500012,2011-10-07,,영업/정상,,,,,1649.43,134-031,,(주)농협유통 하나로마트 성내점,구분없음,I,2026-05-06 22:47:35,서울특별시 강동구 올림픽로 528 (성내동),정상영업,1,01,0222248971,준대규모점포,210566.875626134    ,447402.629676369    ,서울특별시 강동구 성내1동 451번지,2024-09-25 09:34:52
3240000,2011324013907500014,2011-10-07,,영업/정상,,,,,282.65,134-813,,롯데쇼핑㈜롯데슈퍼길동점,구분없음,I,2026-05-06 22:47:35,서울특별시 강동구 성안로 176 (길동),정상영업,1,01,22905853,준대규모점포,211983.181564983    ,448483.889140704    ,서울특별시 강동구 길동 384번지 1호,2026-04-24 16:34:16
3240000,2013324018907500001,1982-05-27,,영업/정상,,,,,0,134-855,,양지종합시장,시장,I,2026-05-06 22:47:36,,,BBBB,01,,대규모점포,212082.014198045    ,450348.793644384    ,서울특별시 강동구 암사3동 451번지 16호,2013-02-13 10:17:42
3240000,2013324018907500003,1992-05-02,,영업/정상,,,,,9484.37,134-825,,주양쇼핑,그 밖의 대규모점포,I,2026-05-06 22:47:37,서울특별시 강동구  고덕로62길  55 (명일동),정상영업,1,01,,대규모점포,213493.90717524     ,450038.847319845    ,서울특별시 강동구 명일동 48번지,2013-12-23 15:10:48
3240000,2014324018907500001,1996-12-12,,영업/정상,,,,,10180.74,134-871,,천호코오롱상가,그 밖의 대규모점포,I,2026-05-06 22:47:37,서울특별시 강동구 진황도로 12 (천호동),영업개시전,5,01,024771223,대규모점포,211279.030241561    ,448548.819716671    ,서울특별시 강동구 천호동 410번지 100호,2022-01-20 14:27:20
3240000,2019324023607500001,2019-06-04,,영업/정상,,,,,719.46,,05224,지에스 더프레시(GS THE FRESH) 고덕그라시움점,구분없음,I,2026-05-06 22:47:37,"서울특별시 강동구 고덕로 353, 고덕그라시움아파트(상가1동) 지하1층 108-119,128호 (고덕동)",정상영업,1,01,0220062422,준대규모점포,214299.644266879    ,450637.954760292    ,서울특별시 강동구 고덕동 217번지 고덕그라시움아파트(상가1동),2025-06-09 14:54:21
3240000,2024324028907500001,2024-06-18,,영업/정상,,,,,31500.83,,,강동밀레니얼 중흥S-클래스 쇼핑센터,쇼핑센터,I,2026-05-06 22:47:38,,정상영업,1,01,024792384,대규모점포,211150.812213612    ,448805.145144628    ,서울특별시 강동구 천호동 423-200,2024-12-05 09:09:19
3240000,2024324028907500002,2024-11-11,,영업/정상,,,,,239.58,,05393,GS THE FRESH 강동성내점,구분없음,I,2026-05-06 22:47:38,"서울특별시 강동구 풍성로38길 9, 바로빌딩 1층 (성내동)",정상영업,1,01,0220062364,준대규모점포,211027.51175299     ,447708.22061393     ,서울특별시 강동구 성내동 293-12 바로빌딩,2025-06-09 14:50:47
3240000,2024324028907500003,2024-11-14,,영업/정상,,,,,66630.64,,,고덕비즈밸리 유통판매 복합시설,복합쇼핑몰,I,2026-05-06 22:47:38,,정상영업,1,01,025578828,대규모점포,213847.923700142    ,451564.469961363    ,서울특별시 강동구 고덕동 353-23,2025-06-25 17:09:55
3240000,2025324028907500001,2025-01-23,,영업/정상,,,,,200.64,,05365,롯데슈퍼 강동둔촌점,구분없음,I,2026-05-06 22:47:38,서울특별시 강동구 진황도로 165 (둔촌동),정상영업,1,01,024888005,준대규모점포,212502.058380013    ,447693.22037196     ,서울특별시 강동구 둔촌동 451-1,2026-04-24 16:29:40
3240000,2025324028907500002,2025-03-11,,영업/정상,,,,,1161.3,,05409,하나로마트 둔촌점,구분없음,I,2026-05-06 22:47:38,"서울특별시 강동구 양재대로 1360, 포레온스테이션5 (둔촌동)",정상영업,1,01,,준대규모점포,212195.109947109    ,447197.273286818    ,서울특별시 강동구 둔촌동 170-1 포레온스테이션5,2025-08-12 13:36:08
3240000,2025324028907500003,2025-03-11,,영업/정상,,,,,1017,,05409,GS THE FRESH 둔촌포레온점,구분없음,I,2026-05-06 22:47:38,"서울특별시 강동구 양재대로 1360, 포레온스테이션5 (둔촌동)",정상영업,1,01,0220062364,준대규모점포,212195.109947109    ,447197.273286818    ,서울특별시 강동구 둔촌동 170-1 포레온스테이션5,2025-06-06 12:11:16
3240000,2025324028907500004,2025-03-11,,영업/정상,,,,,1381.15,,,(주)이마트에브리데이 둔촌점,구분없음,I,2026-05-06 22:47:38,,영업개시전,5,01,023805042,준대규모점포,212027.481158905    ,446598.591776331    ,"서울특별시 강동구 둔촌동 174-1 B102,B103호",2025-03-11 09:32:28
3240000,2025324028907500005,2025-09-15,,영업/정상,,,,,33071.94,,05409,올림픽파크포레온 스테이션5,그 밖의 대규모점포,I,2026-05-06 22:47:39,"서울특별시 강동구 양재대로 1360, 포레온스테이션5 (둔촌동)",정상영업,1,01,,대규모점포,212195.109947109    ,447197.273286818    ,서울특별시 강동구 둔촌동 170-1 포레온스테이션5,2025-10-01 15:28:52
3240000,1990324013907500001,1990-05-28,,폐업,2020-05-14,,,,15055.25,134-871,,현대프라자,그 밖의 대규모점포,I,2026-05-06 22:47:30,서울특별시 강동구 진황도로 18 (천호동),폐업처리,3,03,024856644,대규모점포,211336.172451748    ,448556.794492412    ,서울특별시 강동구 천호동 410번지 105호,2020-05-15 09:38:40
3250000,1979325001407500039,1979-06-08,,폐업,2014-04-17,,,,498,,,대덕시장,시장,I,2025-12-15 16:15:28,부산광역시 중구 중구로40번길 19 (신창동2가),폐업처리,3,03,0512452996,대규모점포,385012.599665564    ,179941.36503128     ,부산광역시 중구 창선동2가 11호,2014-08-27 09:58:04
3250000,2001325001407500046,2001-12-12,,폐업,2009-10-05,,,,3744.86,,,새부산타운,그 밖의 대규모점포,I,2025-12-15 16:15:28,부산광역시 중구 광복중앙로 9 (신창동1가),폐업처리,3,03,0512428787,대규모점포,385102.447573369    ,179784.976689843    ,부산광역시 중구 신창동1가 8-3호,2011-11-16 13:53:05
3250000,2011325008307500002,2011-08-17,,폐업,2016-08-23,,,,521.4,600-805,,롯데슈퍼 남포동점,그 밖의 대규모점포,I,2025-12-15 16:15:28,부산광역시 중구 중구로 13 (부평동1가),폐업처리,3,03,0222905853,준대규모점포,384798.705877111    ,179647.549138984    ,부산광역시 중구 부평동1가,2016-08-23 11:06:09
3250000,1983325001407500044,1983-01-08,,영업/정상,,,,,11527,,,신천지시장,시장,I,2025-12-15 16:15:28,부산광역시 중구 자갈치로 33 (남포동6가),정상영업,1,01,0512461012,대규모점포,384836.914455912    ,179432.734579543    ,부산광역시 중구 남포동6가 3호,2014-08-27 09:57:12
3250000,1986325001407500045,1986-08-22,,영업/정상,,,,,7652,,,신동아수산물종합시장,시장,I,2025-12-15 16:15:28,부산광역시 중구 자갈치로 42 (남포동5가),정상영업,1,01,0512467500,대규모점포,384953.004015023    ,179411.688598493    ,부산광역시 중구 남포동5가 92호,2025-07-17 09:33:59
3250000,1988325001407500002,1988-07-11,,영업/정상,,,,,6132,,,코오롱상가,그 밖의 대규모점포,I,2025-12-15 16:15:28,부산광역시 중구 구덕로 73 (남포동6가),,BBBB,01,0512450576,,384820.119269113    ,179460.841059128    ,부산광역시 중구 남포동6가 1호   ,2007-07-07 09:56:14
3250000,1988325001407500003,1988-07-21,,영업/정상,,,,,,,,롯데1번가,그 밖의 대규모점포,I,2025-12-15 16:15:28,,정상영업,1,01,0512467334,,385560.432671851    ,179859.631631612    ,부산광역시 중구 중앙동1가 26호   ,2007-07-07 09:56:14
3250000,1995325001407500017,1995-02-27,,영업/정상,,,,,,,,월드밸리,그 밖의 대규모점포,I,2025-12-15 16:15:28,부산광역시 중구 대청로 60 (부평동2가),정상영업,1,01,0512567751,,384691.305122868    ,180070.025389847    ,부산광역시 중구 부평동2가 2호   ,2007-07-07 09:56:14
3250000,2005325001407500001,1995-02-27,,영업/정상,,,,,9584.08,,,월드밸리,그 밖의 대규모점포,I,2025-12-15 16:15:28,부산광역시 중구 대청로 60 (부평동2가),정상영업,1,01,0512567751,대규모점포,384691.305122868    ,180070.025389847    ,부산광역시 중구 부평동2가 2호,2025-07-01 15:03:39
3250000,2009325008307500001,2009-11-30,,영업/정상,,,,,104322,600-017,,롯데백화점 광복점,백화점,U,2026-04-18 03:03:03,부산광역시 중구 중앙대로 2 (중앙동7가),정상영업,1,01,,대규모점포,385590.814676765    ,179553.867031936    ,부산광역시 중구 중앙동7가,2026-04-17 13:14:27
3250000,2010325008307500001,2010-02-10,,영업/정상,,,,,3807,600-061,,새부산타운,쇼핑센터,I,2025-12-15 16:15:28,부산광역시 중구 광복중앙로 9 (신창동1가),정상영업,1,01,,대규모점포,385102.447573369    ,179784.976689843    ,부산광역시 중구 신창동1가 8번지,2011-11-16 13:11:31
3250000,2011325008307500001,2011-01-05,,영업/정상,,,,,12347,600-017,,롯데마트 광복점,대형마트,U,2026-04-28 03:03:03,부산광역시 중구 중앙대로 2 (중앙동7가),정상영업,1,01,0516782500,대규모점포,385590.814676765    ,179553.867031936    ,부산광역시 중구 중앙동7가 20번지 1호,2026-04-27 11:39:01
3250000,2011325008307500003,2011-11-25,,영업/정상,,,,,2715.58,600-046,,(주)농협유통 하나로마트 자갈치점,복합쇼핑몰,I,2025-12-15 16:15:28,부산광역시 중구 구덕로 73 (남포동6가),정상영업,1,01,0512507700,준대규모점포,384820.119269113    ,179460.841059128    ,부산광역시 중구 남포동6가 1번지,2024-11-26 16:06:06
3250000,2014325008307500001,2014-07-23,,영업/정상,,,,,3331.35,,,롯데전문점 광복점,복합쇼핑몰,U,2026-04-28 03:03:03,부산광역시 중구 중앙대로 2 (중앙동7가),정상영업,1,01,0516782500,대규모점포,385590.814676765    ,179553.867031936    ,,2026-04-27 11:24:51
3250000,1972325001407500028,1972-02-15,,영업/정상,,,,,3576.7,,,자갈치시장,그 밖의 대규모점포,I,2025-12-15 16:15:28,,,BBBB,01,0512452594,,,,부산광역시 중구 남포동4가 37-1호   ,2007-07-07 09:56:14
3250000,1972325006907500001,1972-02-15,,영업/정상,,,,,3576.7,600-044,,자갈치시장,시장,I,2025-12-15 16:15:28,부산광역시 중구 자갈치해안로 52 (남포동4가),정상영업,1,01,0512452594,대규모점포,385139.215952499    ,179403.007901717    ,부산광역시 중구 남포동4가 37번지 1호,2025-05-15 11:27:25
3250000,1973325001407500030,1973-05-21,,영업/정상,,,,,5758.9,600-021,,부산데파트,시장,I,2025-12-15 16:15:28,부산광역시 중구 중앙대로 21 (중앙동6가),정상영업,1,01,0512460131,대규모점포,385587.465780386    ,179726.692445216    ,부산광역시 중구 동광동1가 1번지 10호,2019-03-18 10:33:04
3250000,1977325001407500001,1977-08-06,,영업/정상,,,,,,,,사단법인 국제시장번영회,그 밖의 대규모점포,I,2025-12-15 16:15:28,,정상영업,1,01,0512451889,,,,부산광역시 중구 신창동4가 38호   ,2007-07-07 09:56:14
3250000,1977325001407500004,1977-02-24,,영업/정상,,,,,1100,,,영주시장,시장,I,2025-12-15 16:15:28,부산광역시 중구 대영로242번길 3 (영주동),정상영업,1,01,0514698523,대규모점포,385670.483619122    ,181074.042663357    ,부산광역시 중구 영주동 601호,2011-11-16 14:50:58
3250000,1978325001407500037,1978-04-28,,영업/정상,,,,,3892,,,창선상가,시장,I,2025-12-15 16:15:28,,정상영업,1,01,0512469565,대규모점포,,,부산광역시 중구 창선동2가 30호,2014-08-27 10:00:25
3250000,1981325001407500041,1981-06-11,,영업/정상,,,,,4725,,,보수종합시장,시장,I,2025-12-15 16:15:28,부산광역시 중구 보수대로 94 (보수동3가),정상영업,1,01,0512553601,대규모점포,384268.876610502    ,180213.752067668    ,부산광역시 중구 보수동3가 46-1호,2025-06-27 14:47:14
3260000,2004326004907500006,2004-11-18,,폐업,2014-12-01,,,,2560.13,,,충무종합시장,시장,I,2026-05-07 22:30:25,부산광역시 서구 충무대로255번길 9 (남부민동),폐업처리,3,03,0512422225,대규모점포,384430.667595597    ,178981.33160318     ,부산광역시 서구 남부민동 643호,2025-04-30 15:12:56
3260000,1979326007007500001,1979-08-14,,영업/정상,,,,,5178.41,,,대신시장,시장,I,2026-05-07 22:30:25,부산광역시 서구 대영로 78 (동대신동1가),정상영업,1,01,0512421459,대규모점포,384068.256070915    ,180895.799571889    ,부산광역시 서구 동대신동1가 113번지 1호,2018-03-29 11:37:03
3260000,1998326004907500001,1998-05-08,,영업/정상,,2007-08-06,2015-12-31,,0,,,토성상가,시장,I,2026-05-07 22:30:25,,영업개시전,5,01,0512481673,준대규모점포,384479.160908971    ,179674.849130869    ,부산광역시 서구 토성동1가 25번지 1호,2020-04-28 21:58:09
3260000,2004326004907500005,2004-06-03,,휴업,,,,,,,,현대농수산마트,그 밖의 대규모점포,I,2026-05-07 22:30:25,,휴업처리,2,02,,,,,   호   ,2007-07-07 09:49:01
3260000,2004326004907500007,2004-11-18,,영업/정상,,,,,5178.41,,,대신시장,시장,I,2026-05-07 22:30:25,부산광역시 서구 대영로 78 (동대신동1가),정상영업,1,01,0512421459,대규모점포,384068.256070915    ,180895.799571889    ,부산광역시 서구 동대신동1가 113호,2012-04-27 20:24:59
3260000,2005326004907500001,1978-02-27,,영업/정상,,,,,882.5,,,송남시장,시장,I,2026-05-07 22:30:25,부산광역시 서구 충무대로 34 (암남동),정상영업,1,01,0512554059,대규모점포,383876.253980499    ,177352.593969904    ,부산광역시 서구 암남동 346번지 2호,2024-06-11 14:54:04
3260000,2022326010707500002,2022-12-15,,영업/정상,,,,,264.4,,49264,GS THE FRESH 부산송도점,그 밖의 대규모점포,I,2026-05-07 22:30:26,"부산광역시 서구 송도해변로 192, 판매시설동 1층 122~127호 (암남동, 송도힐스테이트이진베이시티아파트)",영업개시전,5,01,,준대규모점포,384495.066651637    ,177326.029548321    ,부산광역시 서구 암남동 123-15 송도힐스테이트이진베이시티아파트,2022-12-16 10:58:36
3260000,2012326007007500001,2012-03-19,,영업/정상,,,,,1305.13,602-819,,(주)서원유통 탑마트 서대신점,복합쇼핑몰,I,2026-05-07 22:30:26,부산광역시 서구 대영로 5 (서대신동2가),정상영업,1,01,0512550022,준대규모점포,383457.799292377    ,180935.886211899    ,부산광역시 서구 서대신동2가 213번지 7호,2025-05-01 18:28:19
3260000,2012326007007500002,2012-03-19,,영업/정상,,,,,1104.07,602-801,,(주)서원유통 탑마트 남부민점,그 밖의 대규모점포,I,2026-05-07 22:30:26,부산광역시 서구 충무대로 246 (남부민동),정상영업,1,01,0512550022,준대규모점포,384538.707962085    ,178936.009572164    ,부산광역시 서구 남부민1동 685번지,2025-05-01 18:41:29
3260000,2012326007007500003,2012-03-29,,영업/정상,,,,,273.7,602-819,,홈플러스(주)익스프레스 서대신점,복합쇼핑몰,I,2026-05-07 22:30:26,부산광역시 서구 구덕로 317-1 (서대신동2가),정상영업,1,01,0512538545,준대규모점포,383767.268700764    ,181097.629321686    ,부산광역시 서구 서대신동2가 3번지 1호,2024-03-25 14:55:00
3260000,2018326009707500001,2018-09-11,,영업/정상,,,,,5025.59,,49247,경동타워 쇼핑,그 밖의 대규모점포,I,2026-05-07 22:30:26,"부산광역시 서구 보수대로 27 (토성동1가, 경동 리인)",정상영업,1,01,0512413006,대규모점포,384479.160908971    ,179674.849130869    ,부산광역시 서구 토성동1가 25번지 1호 경동 리인,2025-04-30 15:14:00
3260000,2022326010707500001,2022-12-15,,영업/정상,,,,,264.4,,49264,GS THE FRESH 부산송도점,복합쇼핑몰,I,2026-05-07 22:30:26,"부산광역시 서구 송도해변로 192, 판매시설동 1층 122~127호 (암남동, 송도힐스테이트이진베이시티아파트)",정상영업,1,01,,준대규모점포,384495.066651637    ,177326.029548321    ,부산광역시 서구 암남동 123-15 송도힐스테이트이진베이시티아파트,2025-04-16 11:07:46
3260000,2005326004907500002,2005-08-17,,휴업,,,,,974.5,,,사단법인 송남시장번영회,그 밖의 대규모점포,I,2026-05-07 22:30:26,,휴업처리,2,02,0512554059,,383876.253980499    ,177352.593969904    ,부산광역시 서구 암남동 346번지 2호   ,2007-07-07 09:49:01
3270000,2000327001407500004,1975-12-23,,영업/정상,,,,1975-12-31,19309,,,사단법인 자유시장번영회,그 밖의 대규모점포,I,2025-12-15 16:15:28,부산광역시 동구 조방로 48 (범일동),정상영업,1,01,0516328785,대규모점포,387768.514676203    ,184371.452375082    ,부산광역시 동구 범일동 830번지 24호,2023-03-29 13:45:45
3270000,2006327006407500001,2006-02-16,,영업/정상,,,,1979-12-24,2511.4,601-806,,사단법인 부산남문시장번영회,그 밖의 대규모점포,I,2026-01-06 22:18:10,부산광역시 동구 범일로65번길 8 (범일동),정상영업,1,01,0516459691,대규모점포,387566.848456349    ,183802.134192251    ,부산광역시 동구 범일2동 290번지 3호,2026-01-05 09:48:52
3270000,2007327007107500001,2007-02-08,2010-04-05,취소/말소/만료/정지/중지,,,,,18959.51,,48735,주식회사현대백화점,백화점,I,2025-12-15 16:15:28,"부산광역시 동구 범일로 125, 현대백화점 부산점 (범일동)",직권취소,4,04,0516672233,대규모점포,387539.767677801    ,184402.96650913     ,부산광역시 동구 범일동 62-5 현대백화점 부산점,2021-03-30 15:02:30
3270000,2009327007707500001,1995-08-24,,영업/정상,,,,,20401.54,601-062,,커넥트현대 부산점,쇼핑센터,I,2025-12-15 16:15:28,부산광역시 동구 범일로 125 (범일동),정상영업,1,01,0516670010,대규모점포,387539.767677801    ,184402.96650913     ,부산광역시 동구 범일2동 62번지 5호,2024-11-13 17:10:41
3270000,2010327007707500001,1974-10-23,,영업/정상,,,,,10493,601-707,,부산진시장,그 밖의 대규모점포,I,2025-12-15 16:15:28,"부산광역시 동구 진시장로 24 (범일동, 부산진시장)",정상영업,1,01,0516467041,대규모점포,387564.611330896    ,183837.166587761    ,부산광역시 동구 범일2동 290번지 1호 부산진시장,2023-03-29 13:44:00
3270000,2000327001407500003,1979-12-24,,영업/정상,,,,,1155,,,사단법인 수정시장번영회,그 밖의 대규모점포,I,2025-12-15 16:15:28,부산광역시 동구 고관로 106 (수정동),정상영업,1,01,0514686176,대규모점포,386461.300638559    ,182931.084277956    ,부산광역시 동구 수정동 170번지 1 호,2023-03-29 13:43:41
3270000,2012327008607500002,2014-09-29,,영업/정상,,,,,1101.56,601-829,,(주)서원유통 탑마트 초량점,구분없음,I,2025-12-15 16:15:28,부산광역시 동구 초량로13번길 53 (초량동),정상영업,1,01,0514662112,준대규모점포,385852.01678925     ,181637.038371456    ,부산광역시 동구 초량2동 393번지 1호,2025-05-02 13:50:23
3270000,2023327013907500001,2023-11-21,,영업/정상,,,,,153,,48754,GS THE FRESH 부산하버시티점,구분없음,I,2025-12-15 16:15:28,"부산광역시 동구 성남이로 25, 1층 (좌천동)",정상영업,1,01,0516353004,준대규모점포,387392.843756885    ,183422.443232763    ,부산광역시 동구 좌천동 68-164,2024-01-19 19:33:23
3270000,2000327001407500001,1974-10-23,,영업/정상,,,,,10890,601-707,,사단법인 부산진시장번영회,시장,I,2025-12-15 16:15:28,"부산광역시 동구 진시장로 24 (범일동, 부산진시장)",정상영업,1,01,0516467043,대규모점포,387564.611330896    ,183837.166587761    ,부산광역시 동구 범일2동 290번지 1호 부산진시장,2013-12-20 11:03:43
3270000,2000327001407500002,1974-09-27,2010-04-07,취소/말소/만료/정지/중지,,,,,0,,,사단법인 부산진남문시장번영회,그 밖의 대규모점포,I,2025-12-15 16:15:28,,직권취소,4,04,0516459691,,,,부산광역시 동구 범일동 291호,2013-12-27 11:35:09
3270000,2012327008607500001,2012-04-04,,영업/정상,,,,,996.17,601-051,,홈플러스 익스프레스 좌천점,구분없음,I,2025-12-15 16:15:28,부산광역시 동구 고관로 143 (좌천동),정상영업,1,01,0516478564,준대규모점포,386667.501987688    ,183237.18038787     ,부산광역시 동구 좌천1동 688번지 1호,2024-03-27 17:45:55
3280000,1999328009207500001,1999-01-14,,영업/정상,,,,,5340.15,606-062,,홈플러스(주) 영도점,복합쇼핑몰,I,2026-05-02 22:32:47,부산광역시 영도구 대교로14번길 57 (봉래동2가),정상영업,1,01,0514198124,대규모점포,386335.80960303     ,179336.483175733    ,부산광역시 영도구 봉래동2가 151번지 1호,2024-02-27 18:56:22
3280000,2004328001507500001,2004-04-28,,휴업,,,,,5340.15,,,(주)아람마트 수퍼센터영도점,대형마트,I,2026-05-02 22:32:47,부산광역시 영도구 대교로14번길 57 (봉래동2가),휴업처리,2,02,0514182000,,386335.80960303     ,179336.483175733    ,부산광역시 영도구 봉래동2가 151번지 1호   ,2007-07-21 10:01:37
3280000,2014328009207500001,2021-02-17,,영업/정상,,,,,1359.61,,,(주)서원유통 탑마트 영도봉래점,복합쇼핑몰,I,2026-05-02 22:32:47,부산광역시 영도구 태종로 194-0 (봉래동5가),정상영업,1,01,0514182102,준대규모점포,386813.037770366    ,179163.68223146     ,부산광역시 영도구 봉래동5가 43번지,2025-04-25 16:47:34
3280000,2006328001507500001,2006-02-20,,휴업,,,,,5340.15,,,홈플러스 영도점,대형마트,I,2026-05-02 22:32:47,부산광역시 영도구 대교로14번길 57 (봉래동2가),휴업처리,2,02,0514195000,,386335.80960303     ,179336.483175733    ,부산광역시 영도구 봉래동2가 151번지 1호   ,2007-07-21 10:01:37
3280000,2005328001507500001,2005-02-23,,휴업,,,,,5340.15,,,홈플러스 영도점,대형마트,I,2026-05-02 22:32:47,부산광역시 영도구 대교로14번길 57 (봉래동2가),휴업처리,2,02,0514182000,,386335.80960303     ,179336.483175733    ,부산광역시 영도구 봉래동2가 151번지 1호   ,2007-07-21 10:01:37
3290000,2006329001307500011,2006-06-19,,휴업,,,,,0,,,부전상가상인회,그 밖의 대규모점포,I,2025-12-15 16:15:28,,휴업처리,2,02,,,,,부산광역시 부산진구 부전동 265번지 25  호   ,2007-07-14 10:43:12
3290000,2006329008507500001,1981-06-15,,영업/정상,,,,,6156,,,부산전자종합시장번영회,시장,I,2025-12-15 16:15:28,부산광역시 부산진구 부전로 196 (부전동),정상영업,1,01,0518090863,대규모점포,387852.580571398    ,186872.703370928    ,부산광역시 부산진구 부전동 29호,2024-11-04 09:20:55
3290000,2008329008507500001,1972-02-25,,영업/정상,,,,,2792.7,614-032,,서면시장,시장,I,2025-12-15 16:15:28,부산광역시 부산진구 서면로 56 (부전동),정상영업,1,01,,대규모점포,387468.48013598     ,185990.346086723    ,부산광역시 부산진구 부전동 256번지 6호,2011-12-08 15:17:32
3290000,2008329008507500002,1980-09-05,,영업/정상,,,,,8115,614-031,,서면종합시장,시장,I,2025-12-15 16:15:28,부산광역시 부산진구 부전로162번길 28 (부전동),정상영업,1,01,,대규모점포,387528.393422261    ,186694.666831446    ,부산광역시 부산진구 부전동 347번지 40호,2012-04-26 13:30:10
3290000,2008329008507500004,2001-07-27,,영업/정상,,,,,3540.51,614-102,,금호그랜드,그 밖의 대규모점포,I,2025-12-15 16:15:28,부산광역시 부산진구 가야대로 635-12 (당감동),정상영업,1,01,,대규모점포,385962.216302965    ,186038.510981912    ,부산광역시 부산진구 당감동 109번지 4호,2018-10-05 14:16:35
3290000,2011329008507500001,2011-02-24,,영업/정상,,,,,22124,614-032,,부산 서면 센트럴스퀘어,그 밖의 대규모점포,I,2025-12-15 16:15:28,부산광역시 부산진구 중앙대로666번길 50 (부전동),정상영업,1,01,0519491515,대규모점포,387748.383011444    ,185533.437357236    ,부산광역시 부산진구 부전2동 537번지 9호,2023-02-09 09:53:41
3290000,2011329008507500002,2011-04-22,,영업/정상,,,,,15674.78,614-091,,롯데쇼핑(주) 롯데키즈마트 부산점,전문점,U,2026-05-05 03:03:03,부산광역시 부산진구 신천대로 241 (부암동),정상영업,1,01,0516082500,대규모점포,386646.262710145    ,186822.941472238    ,부산광역시 부산진구 부암1동 257번지,2026-05-04 13:24:47
3290000,2011329008507500004,2011-07-26,,영업/정상,,,,,1203,614-080,,(주)지에스리테일 초읍점,구분없음,I,2025-12-15 16:15:28,"부산광역시 부산진구 새싹로 244, 1~2층 (초읍동)",정상영업,1,01,0518955161,준대규모점포,386532.400526395    ,188444.325227743    ,부산광역시 부산진구 초읍동 275번지 4호,2025-04-14 10:09:53
3290000,2011329008507500005,2011-07-26,,영업/정상,,,,,580.3,614-810,,(주)지에스리테일 개금점,구분없음,I,2025-12-15 16:15:28,부산광역시 부산진구 백양관문로 3 (개금동),정상영업,1,01,0518955161,준대규모점포,385002.870304631    ,186361.24583842     ,부산광역시 부산진구 개금3동 53번지 3호 지하 1층,2025-04-14 10:11:02
3290000,2011329008507500006,2011-07-26,,영업/정상,,,,,836.2,614-840,,(주)지에스리테일 부암점,구분없음,I,2025-12-15 16:15:28,"부산광역시 부산진구 당감서로80번길 19, 21동 상가층 (부암동)",정상영업,1,01,0518024944,준대규모점포,385570.015221682    ,187424.7082035      ,부산광역시 부산진구 부암동 500번지 외 4필지,2019-01-07 15:30:58
3290000,2011329008507500007,2011-07-26,,영업/정상,,,,,357.35,614-042,,홈플러스(주)익스프레스 부전점,구분없음,I,2025-12-15 16:15:28,부산광역시 부산진구 중앙대로 786 (전포동),정상영업,1,01,0518068547,준대규모점포,387908.119183991    ,186683.255444045    ,부산광역시 부산진구 전포2동 876번지 4호,2024-03-25 09:10:27
3290000,2023329016907500001,2023-11-20,,영업/정상,,,,,619,,47275,GS THE FRESH 부산가야점,구분없음,I,2025-12-15 16:15:28,"부산광역시 부산진구 가야대로 635-12, 1층 (당감동, 금호그랜드타운)",정상영업,1,01,,준대규모점포,385962.216302965    ,186038.510981912    ,부산광역시 부산진구 당감동 109-4 금호그랜드타운,2024-01-08 10:28:28
3290000,2000329000107500030,1995-06-07,,폐업,2026-01-30,,,,3563.39,,,서면전자랜드,전문점,I,2026-01-31 22:18:10,부산광역시 부산진구 서전로 4 (부전동),폐업처리,3,03,0518162400,대규모점포,387649.553090689    ,186199.745562927    ,부산광역시 부산진구 부전동 155-3호,2026-01-30 10:33:43
3290000,2000329000107500017,1981-01-21,,폐업,2024-05-02,,,,534.6,,,새당감시장,시장,I,2025-12-15 16:15:28,부산광역시 부산진구 동평로44번길 46 (당감동),폐업처리,3,03,0518983642,대규모점포,385387.142920265    ,186869.394415198    ,부산광역시 부산진구 당감동 479-9호,2024-05-02 13:44:17
3290000,2000329000107500013,1978-06-10,,영업/정상,,,,,450.19,614-111,,개금큰시장,시장,I,2025-12-15 16:15:28,부산광역시 부산진구 엄광로 15 (개금동),정상영업,1,01,0518941271,대규모점포,383835.888859872    ,185126.091169869    ,부산광역시 부산진구 개금1동 615번지 20호,2013-03-05 10:39:03
3290000,2000329000107500014,1978-07-26,,영업/정상,,,,,696.74,,,종합새시장,시장,I,2025-12-15 16:15:28,부산광역시 부산진구 엄광로 15 (개금동),정상영업,1,01,0518928275,대규모점포,383814.505388622    ,185126.258747445    ,부산광역시 부산진구 개금동 615-16호,2011-12-08 17:50:12
3290000,2000329000107500015,1978-09-08,,영업/정상,,,,,1255.29,,,성곡종합시장,시장,I,2025-12-15 16:15:28,부산광역시 부산진구 새싹로 207-6 (초읍동),정상영업,1,01,0518076773,대규모점포,386533.591131652    ,188097.175422349    ,부산광역시 부산진구 초읍동 271-6호,2011-12-08 17:48:05
3290000,2000329000107500018,1981-06-15,,영업/정상,,,,,4545.2,,,서면중앙시장,시장,I,2025-12-15 16:15:28,부산광역시 부산진구 동성로 143 (전포동),정상영업,1,01,0518039884,대규모점포,387927.951172724    ,186582.791097672    ,부산광역시 부산진구 전포동 608-1호,2017-06-05 13:51:48
3290000,2000329000107500019,1981-07-01,,영업/정상,,,,,2470.38,,,창곡종합시장,시장,I,2025-12-15 16:15:28,부산광역시 부산진구 새싹로 237 (초읍동),정상영업,1,01,0518092191,대규모점포,386481.395166662    ,188372.091879666    ,부산광역시 부산진구 초읍동 271-1호,2020-11-27 14:35:54
3290000,2000329000107500020,1982-03-20,,영업/정상,,,,,5790,,47286,서면지하도상가 서면몰,복합쇼핑몰,I,2025-12-15 16:15:28,"부산광역시 부산진구 중앙대로 지하 717 (부전동, 대현프리몰)",정상영업,1,01,0517138266,대규모점포,387618.822819678    ,186273.478853335    ,부산광역시 부산진구 부전동 573번지 1호,2023-11-09 10:43:40
3290000,2000329000107500021,1982-04-22,,영업/정상,,,,,1083.65,,,가남종합시장,시장,I,2025-12-15 16:15:28,부산광역시 부산진구 대학로 64-1 (가야동),정상영업,1,01,0518925176,대규모점포,385307.140933194    ,185334.798554277    ,부산광역시 부산진구 가야동 450-2호,2013-12-30 16:05:00
3290000,2000329000107500022,1985-09-14,,휴업,,,,,4763.14,,,서면지하상가,쇼핑센터,I,2025-12-15 16:15:28,,휴업처리,2,02,0518171575,,,,부산광역시 부산진구 부전동 573-1호   ,2007-07-14 10:43:12
3290000,2000329000107500023,1990-06-05,,영업/정상,,,,,3416.94,,,가야벽산상가,시장,I,2025-12-15 16:15:28,부산광역시 부산진구 엄광로 68 (가야동),정상영업,1,01,0518949490,대규모점포,384502.365301052    ,184924.599813961    ,부산광역시 부산진구 가야동 669-9호,2018-10-05 16:40:19
3290000,2000329000107500024,1994-09-10,,영업/정상,,,,,7445.4,,,양정시장,시장,I,2025-12-15 16:15:28,부산광역시 부산진구 동평로420번길 18 (양정동),정상영업,1,01,0518523465,대규모점포,388486.657611629    ,187914.991351658    ,부산광역시 부산진구 양정동 608-1호,2013-06-13 10:47:30
3290000,2000329000107500025,1995-07-13,,영업/정상,,,,,3168.81,,,국제상가,시장,I,2025-12-15 16:15:28,부산광역시 부산진구 백양관문로 104 (당감동),정상영업,1,01,0518958175,대규모점포,384741.923372529    ,187364.899359566    ,부산광역시 부산진구 당감동 791호,2023-09-27 11:00:07
3290000,2000329000107500026,1997-04-02,,영업/정상,,,,,5599,614-840,,화승아파트상가,그 밖의 대규모점포,I,2025-12-15 16:15:28,"부산광역시 부산진구 당감서로80번길 19 (부암동, 화승아파트)",정상영업,1,01,0518051799,대규모점포,385570.015221682    ,187424.7082035      ,부산광역시 부산진구 부암동 500번지,2018-10-05 14:35:24
3290000,2000329000107500027,1997-12-10,,영업/정상,,,,,3164,,47257,서면지하도상가 중앙몰,시장,I,2025-12-15 16:15:28,"부산광역시 부산진구 가야대로 지하 777, 가야로상 지하상가 (부전동)",정상영업,1,01,0517138266,대규모점포,387229.14175083     ,186077.344735441    ,부산광역시 부산진구 부전동 576번지 1호 가야로상 지하상가,2023-11-09 10:51:40
3290000,2000329000107500028,1997-12-15,,영업/정상,,,,,14968.65,,,양정현대프라자,그 밖의 대규모점포,I,2025-12-15 16:15:28,부산광역시 부산진구 동평로 352 (양정동),정상영업,1,01,0518655882,대규모점포,387887.847334313    ,187966.542955161    ,부산광역시 부산진구 양정동 458-5호,2018-10-05 14:26:38
3290000,2000329000107500029,1967-08-22,,영업/정상,,,,,4889.48,,,부산중앙시장,그 밖의 대규모점포,I,2025-12-15 16:15:28,부산광역시 부산진구 골드테마길 60 (범천동),정상영업,1,01,0516318490,대규모점포,387691.073614837    ,184747.549474389    ,부산광역시 부산진구 범천동 844-1호,2013-12-30 15:52:57
3290000,2000329000107500031,1995-12-05,,영업/정상,,,,,101059,,,롯데백화점부산점,백화점,U,2026-05-09 03:03:03,부산광역시 부산진구 가야대로 772 (부전동),정상영업,1,01,0518102500,대규모점포,387271.299492377    ,186099.137533193    ,부산광역시 부산진구 부전동 535-15호,2026-05-08 13:49:39
3290000,2000329000107500033,1995-12-27,2008-06-17,취소/말소/만료/정지/중지,,,,,5248,,,부산롯데호텔면세점,그 밖의 대규모점포,I,2025-12-15 16:15:28,,직권취소,4,04,0518102500,,,,부산광역시 부산진구 부전동 535-15호,2008-06-17 09:51:15
3290000,2000329000107500037,1999-07-06,,영업/정상,,,,,50469,,,한국까프푸,쇼핑센터,I,2025-12-15 16:15:28,,,BBBB,01,0516051000,,,,부산광역시 부산진구 전포동 891-38호   ,2007-07-14 10:43:12
3290000,2000329000107500038,2000-02-24,,영업/정상,,,,,65648,,,(주)네오스포,그 밖의 대규모점포,I,2025-12-15 16:15:28,부산광역시 부산진구 신천대로 122 (부전동),정상영업,1,01,0518040245,대규모점포,387101.414314415    ,185755.075318015    ,부산광역시 부산진구 부전동 450호,2018-07-17 15:34:15
3290000,2000329000107500039,2000-03-15,,영업/정상,,,,,25577.86,,,지오플레이스,그 밖의 대규모점포,I,2025-12-15 16:15:28,부산광역시 부산진구 동천로 4 (전포동),정상영업,1,01,0518182588,대규모점포,388011.197829908    ,185310.70532509     ,부산광역시 부산진구 전포동 892-20호,2018-10-05 11:27:29
3290000,2002329008507500001,2002-12-03,,영업/정상,,,,,33576.23,614-032,,삼정타워,복합쇼핑몰,I,2025-12-15 16:15:28,부산광역시 부산진구 중앙대로 672 (부전동),정상영업,1,01,0515203614,대규모점포,387608.014165034    ,185703.079007724    ,부산광역시 부산진구 부전2동 227번지 2호,2024-03-04 13:21:34
3290000,2003329001307500001,2003-06-07,,영업/정상,,,,,22042,,,쥬디스태화,시장,I,2025-12-15 16:15:28,부산광역시 부산진구 중앙대로 694 (부전동),정상영업,1,01,0516677000,대규모점포,387614.533809734    ,185917.833557478    ,부산광역시 부산진구 부전동 192번지 2호,2023-09-27 10:59:05
3290000,2004329001307500001,2004-07-29,,휴업,,,,,0,,,삼성테스코(주)홈플러스가야점,대형마트,I,2025-12-15 16:15:28,,휴업처리,2,02,,,,,부산광역시 부산진구 가야동 620번지 1호   ,2007-07-14 10:43:12
3290000,2000329000107500003,1971-07-01,,폐업,2012-02-16,,,,1362.9,614-031,,흥아시장,시장,I,2025-12-15 16:15:28,부산광역시 부산진구 중앙대로 797 (부전동),폐업처리,3,03,0518168686,대규모점포,387894.925599061    ,186833.649301772    ,부산광역시 부산진구 부전동 18번지,2012-02-16 10:14:17
3290000,2000329000107500004,1971-08-27,,폐업,2018-03-07,,,,572.8,614-011,,가야시장,시장,I,2025-12-15 16:15:28,부산광역시 부산진구 가야대로 667 (가야동),폐업처리,3,03,0518928796,대규모점포,386244.267674165    ,186069.141203112    ,부산광역시 부산진구 가야동 3번지 11호,2019-07-15 15:03:47
3290000,2000329000107500007,1972-06-07,,폐업,2015-10-21,,,,659,,,문전시장,시장,I,2025-12-15 16:15:28,부산광역시 부산진구 황령대로 61 (전포동),폐업처리,3,03,0518031545,대규모점포,,,부산광역시 부산진구 전포동 362-41호,2015-10-21 10:56:19
3290000,2000329000107500011,1977-07-26,,폐업,2017-12-06,,,2008-06-16,2015.19,,,동아종합시장,시장,I,2025-12-15 16:15:28,부산광역시 부산진구 진사로 63-7 (개금동),폐업처리,3,03,,대규모점포,383726.03244529     ,184827.712443952    ,부산광역시 부산진구 개금동 632-3호,2019-04-12 14:16:48
3290000,2000329000107500032,1983-05-10,,폐업,2003-05-27,,,,0,,,태화백화점,백화점,I,2025-12-15 16:15:28,,폐업처리,3,03,0518051234,,,,부산광역시 부산진구 부전동 193-1호,2009-06-15 14:17:25
3290000,2024329016907500001,2024-06-26,,영업/정상,,,,,564.3,,47212,GS THE FRESH 부산양정역점,구분없음,I,2025-12-15 16:15:28,"부산광역시 부산진구 동평로 404, 1층 (양정동)",정상영업,1,01,0518533003,준대규모점포,388415.250350946    ,188023.91387035     ,부산광역시 부산진구 양정동 386-5,2024-07-24 09:24:46
3290000,2024329016907500002,2024-06-27,,영업/정상,,,,,235.5,,47178,GS THE FRESH 부산당감점,구분없음,I,2025-12-15 16:15:28,"부산광역시 부산진구 당감서로 21, 1층 (당감동, 무궁화아파트)",정상영업,1,01,,준대규모점포,385418.974408842    ,186736.181524438    ,부산광역시 부산진구 당감동 480-12 무궁화아파트,2025-01-15 10:18:13
3290000,2000329000107500034,1998-04-20,,폐업,2012-01-09,,,,15206.25,,,일성인포,그 밖의 대규모점포,I,2025-12-15 16:15:28,부산광역시 부산진구 신천대로 246 (부암동),폐업처리,3,03,0518066629,대규모점포,386810.051216696    ,186879.357527916    ,부산광역시 부산진구 부암동 55-6호,2012-01-09 13:36:44
3290000,2000329000107500035,1999-01-30,,폐업,2014-06-11,,,,8114.77,,,메리움,그 밖의 대규모점포,I,2025-12-15 16:15:28,부산광역시 부산진구 신천대로 246 (부암동),폐업처리,3,03,0518164331,대규모점포,386810.051216696    ,186879.357527916    ,부산광역시 부산진구 부암동 69-5호,2014-06-11 15:01:38
3290000,2000329000107500036,1998-12-15,,폐업,2005-01-01,,,,0,,,성보쇼핑,쇼핑센터,I,2025-12-15 16:15:28,,폐업처리,3,03,0516367093,,,,부산광역시 부산진구 범천동 839-48호,2008-06-16 11:42:26
3290000,2000329000107500040,2000-09-01,,폐업,2024-06-17,,,,33480,,,엔씨서면점,쇼핑센터,I,2025-12-15 16:15:28,부산광역시 부산진구 동천로 92 (전포동),폐업처리,3,03,0517947020,대규모점포,387920.292113406    ,186157.316240541    ,부산광역시 부산진구 전포동 668-1호,2024-06-18 09:14:27
3290000,2002329001307500000,2002-03-14,,폐업,2005-04-26,,,,0,,,월마트코리아(주) 서면점,그 밖의 대규모점포,I,2025-12-15 16:15:28,,폐업처리,3,03,0518109114,,386948.954199558    ,186897.053699125    ,부산광역시 부산진구 부암동 93호,2008-06-16 11:21:58
3290000,2002329001307500020,2002-08-20,,폐업,2011-03-08,,,,10063,,,삼성테스코(주)홈플러스 가야점,대형마트,I,2025-12-15 16:15:28,,폐업처리,3,03,0518908023,대규모점포,,,부산광역시 부산진구 가야동 620번지 1호,2011-09-21 16:03:23
3290000,2006329001307500001,2002-08-20,,폐업,2022-06-10,,,,10062.81,,,홈플러스(주) 가야점,그 밖의 대규모점포,I,2025-12-15 16:15:28,부산광역시 부산진구 가야대로 506 (가야동),폐업처리,3,03,0518908023,대규모점포,384668.520460332    ,185579.964272171    ,부산광역시 부산진구 가야동 624번지 7호,2022-06-15 10:21:20
3290000,2006329001307500002,2002-03-14,,폐업,2010-06-30,,,,6079.83,,,삼성테스코(주)홈플러스서면점,대형마트,I,2025-12-15 16:15:28,부산광역시 부산진구 신천대로 222 (부암동),폐업처리,3,03,0516058000,대규모점포,386796.187014436    ,186648.134649002    ,부산광역시 부산진구 부암동 123번지 6호,2011-12-08 16:00:43
3290000,2006329001307500004,1995-12-27,,폐업,2016-11-25,,,,6242.94,,,롯데부산면세점,복합쇼핑몰,I,2025-12-15 16:15:28,부산광역시 부산진구 가야대로 772 (부전동),폐업처리,3,03,0518105000,대규모점포,387271.299492377    ,186099.137533193    ,부산광역시 부산진구 부전동 503번지 15  호,2016-11-25 10:42:01
3290000,2006329001307500007,2006-04-21,,폐업,2014-04-14,,,,0,,,부산중앙시장임시시장,그 밖의 대규모점포,I,2025-12-15 16:15:28,,폐업처리,3,03,0516348458,,,,"부산광역시 부산진구 범천동 842호 (842-5,28,32,39,27,40)",2014-04-14 17:36:05
3290000,2007329008507500001,2007-04-24,,폐업,2018-07-27,2008-05-16,2008-10-31,2008-10-31,3065.75,,,아이온시티,그 밖의 대규모점포,I,2025-12-15 16:15:28,부산광역시 부산진구 서면로 74 (부전동),폐업처리,3,03,0518032288,대규모점포,387469.584540928    ,186168.671007785    ,부산광역시 부산진구 부전동 257번지 3호,2018-07-27 09:16:25
3290000,2008329008507500003,1999-07-06,,폐업,2024-02-15,,,,11036.25,614-043,,홈플러스(주) 서면점,대형마트,I,2025-12-15 16:15:28,부산광역시 부산진구 동천로 4 (전포동),폐업처리,3,03,0516442080,대규모점포,388095.097363087    ,185326.192499392    ,부산광역시 부산진구 전포동 891번지 38호,2024-02-27 13:58:22
3290000,2011329008507500003,2011-07-19,,폐업,2012-04-13,,,,296.3,614-100,,홈플러스(주)익스프레스 당감점,구분없음,I,2025-12-15 16:15:28,부산광역시 부산진구 당감서로80번길 22 (당감동),폐업처리,3,03,0518928543,준대규모점포,385629.575505364    ,187249.168576442    ,부산광역시 부산진구 당감동 734번지 21호,2019-01-07 15:33:25
3290000,2011329008507500008,2011-08-12,,폐업,2018-06-08,,,,802.09,614-833,,탑마트 에누리장터 범천점,구분없음,I,2025-12-15 16:15:28,부산광역시 부산진구 신암로 21 (범천동),폐업처리,3,03,0513302555,준대규모점포,387258.90102301     ,184673.757596692    ,부산광역시 부산진구 범천2동 1298번지 9호,2024-01-12 13:45:29
3290000,2011329008507500009,2011-08-12,,폐업,2011-11-10,,,,1203.5,614-772,,홈플러스(주) 익스프레스 밀리오레점,구분없음,I,2025-12-15 16:15:28,"부산광역시 부산진구 동천로 92 (전포동,밀리오레 1층)",폐업처리,3,03,0519225101,준대규모점포,387920.292113406    ,186157.316240541    ,부산광역시 부산진구 전포1동 668번지 1호 밀리오레 1층,2019-01-07 15:33:58
3290000,1975329008507500001,1975-07-15,,영업/정상,,,,,1630.9,614-031,,부전시장,시장,I,2025-12-15 16:15:28,부산광역시 부산진구 중앙대로783번길 23 (부전동),정상영업,1,01,81810912,대규모점포,387713.995735189    ,186850.240379432    ,부산광역시 부산진구 부전동 573번지 부전시장,2011-12-13 10:18:05
3290000,1997329008507500001,1997-07-01,,휴업,,,,,0,,,서면종합시장번영회,그 밖의 대규모점포,I,2025-12-15 16:15:28,부산광역시 부산진구 부전로162번길 28 (부전동),휴업처리,2,02,,,387528.393422261    ,186694.666831446    ,부산광역시 부산진구 부전동 347번지 40호   ,2007-07-14 10:43:12
3290000,1999329001307500001,1999-07-06,,휴업,,,,,,,,한국까르푸(주)서면점,대형마트,I,2025-12-15 16:15:28,,휴업처리,2,02,0516051000,,,,부산광역시 부산진구 전포동 891번지 38  호   ,2007-07-14 10:43:12
3290000,2000329000107500002,1970-01-10,,휴업,,,,,1630.9,,,부산평화시장,그 밖의 대규모점포,I,2025-12-15 16:15:28,,휴업처리,2,02,0516466561,,,,부산광역시 부산진구 범천동 839번지 52  호   ,2007-07-14 10:43:12
3290000,2000329000107500006,1972-05-22,,영업/정상,,,,,112.2,614-101,,당감시장,시장,I,2025-12-15 16:15:28,부산광역시 부산진구 백양대로60번길 39-9 (당감동),정상영업,1,01,0518958297,대규모점포,385954.556031881    ,186873.857939503    ,부산광역시 부산진구 당감동 238번지 89호,2018-07-13 11:09:02
3290000,2000329000107500008,1981-06-15,,영업/정상,,,,,0,,,부산전자종합,그 밖의 대규모점포,I,2025-12-15 16:15:28,,,BBBB,01,,,,,부산광역시 부산진구 부전동 29호   ,2007-07-14 10:43:12
3290000,2000329000107500009,1975-11-20,,영업/정상,,,,,693.3,,,초읍시장,시장,I,2025-12-15 16:15:28,부산광역시 부산진구 성지로83번길 11 (초읍동),정상영업,1,01,0518090636,대규모점포,386953.124436278    ,188391.856055915    ,부산광역시 부산진구 초읍동 225호,2023-09-27 11:00:24
3290000,2000329000107500010,1975-11-20,,영업/정상,,,,,1359.6,,,수양시장,그 밖의 대규모점포,I,2025-12-15 16:15:28,,,BBBB,01,0515548986,,,,부산광역시 부산진구 개금동 632-3호   ,2007-07-14 10:43:12
3290000,2000329000107500012,1978-01-24,,영업/정상,,,,,1276,,,부전인삼시장,시장,I,2025-12-15 16:15:28,부산광역시 부산진구 중앙대로783번길 23 (부전동),정상영업,1,01,0518168686,대규모점포,387713.995735189    ,186850.240379432    ,부산광역시 부산진구 부전동 573-26호,2011-12-13 10:08:12
3290000,2000329000107500001,1975-07-15,,폐업,2008-06-16,,,,0,,,부전시장,그 밖의 대규모점포,I,2025-12-15 16:15:28,,폐업처리,3,03,0518095562,,,,호,2008-06-16 17:19:18
3290000,2005329001307500001,2005-02-17,,휴업,,,,,0,,,삼성테스코(주)홈플러스서면점,대형마트,I,2025-12-15 16:15:28,부산광역시 부산진구 신천대로 222 (부암동),휴업처리,2,02,0518198383,,386796.187014436    ,186648.134649002    ,부산광역시 부산진구 부암동 123번지 6호   ,2007-07-14 10:43:12
3290000,2005329001307500002,2005-04-27,,영업/정상,,,,2006-10-13,11498.58,,,트레이더스 홀세일 클럽 서면점,대형마트,I,2025-12-15 16:15:28,부산광역시 부산진구 시민공원로 31 (부암동),정상영업,1,01,0517181052,대규모점포,386948.954199558    ,186897.053699125    ,부산광역시 부산진구 부암동 93호,2024-04-16 10:10:43
3290000,2005329001307500003,2000-02-04,2008-04-11,취소/말소/만료/정지/중지,,,,,0,,,(주)네오스포,그 밖의 대규모점포,I,2025-12-15 16:15:28,부산광역시 부산진구 신천대로 122 (부전동),직권취소,4,04,0518166781,대규모점포,387101.414314415    ,185755.075318015    ,부산광역시 부산진구 부전동 450호,2011-12-08 16:44:29
3290000,2006329001307500003,1985-09-14,,영업/정상,,,,,6099,,,서면지하도상가 부전몰,시장,I,2025-12-15 16:15:28,부산광역시 중앙대로 지하 737,정상영업,1,01,0517138266,대규모점포,387618.822819678    ,186273.478853335    ,부산광역시 부산진구 부전동 573번지 1호,2023-11-09 10:49:39
3290000,2006329001307500005,1975-07-15,,영업/정상,,,,,1630.9,,,부전시장,시장,I,2025-12-15 16:15:28,부산광역시 부산진구 중앙대로783번길 23 (부전동),정상영업,1,01,0518181091,대규모점포,387713.995735189    ,186850.240379432    ,부산광역시 부산진구 부전동 573호,2024-07-25 09:42:21
3290000,2006329001307500006,2006-04-18,,영업/정상,,,,,4373.5,,,(주)농협유통 하나로마트 부전점,대형마트,I,2025-12-15 16:15:28,부산광역시 부산진구 중앙대로783번길 14 (부전동),정상영업,1,01,0518019005,대규모점포,387835.925160286    ,186795.116897803    ,부산광역시 부산진구 부전동 53호,2024-10-02 09:44:31
3290000,2006329001307500008,1975-11-20,,영업/정상,,,,,1353.66,,,수양시장,시장,I,2025-12-15 16:15:28,부산광역시 부산진구 진사로 63-7 (개금동),정상영업,1,01,0518027070,대규모점포,383726.03244529     ,184827.712443952    ,부산광역시 부산진구 개금동 632번지 3호,2021-04-21 11:06:34
3290000,2006329001307500009,1970-01-10,,영업/정상,,,,,0,,,부산평화시장,시장,I,2025-12-15 16:15:28,부산광역시 부산진구 자유평화로 7 (범천동),정상영업,1,01,0516466561,대규모점포,387756.144083923    ,184483.196490426    ,부산광역시 부산진구 범천동 839번지 52호,2023-09-27 10:57:11
3290000,2006329001307500010,1998-12-15,,영업/정상,,,,,15286,614-826,,(주)더블유웨딩시티누리엔,쇼핑센터,I,2025-12-15 16:15:28,부산광역시 부산진구 자유평화로 11 (범천동),정상영업,1,01,0516393800,대규모점포,387778.879751482    ,184455.754008589    ,부산광역시 부산진구 범천동 839번지 48호,2025-04-11 10:33:47
3300000,2009330006407500001,2009-04-29,,영업/정상,,,,2004-04-29,13191.43,607-011,,(주)메가마트 동래점,대형마트,U,2026-05-07 03:03:03,부산광역시 동래구 충렬대로 197 (명륜동),정상영업,1,01,0515506020,대규모점포,389455.109101676    ,191427.549247975    ,부산광역시 동래구 명륜1동 506번지 3호,2026-05-06 14:33:19
3300000,2023330011007500001,2023-04-21,,폐업,2024-05-17,,,,621.7,,47744,GS THE FRESH 부산 명륜점,구분없음,I,2025-12-15 16:15:28,"부산광역시 동래구 시실로24번길 5, 101호 (명륜동)",폐업처리,3,03,,준대규모점포,389897.081046203    ,192781.060821037    ,부산광역시 동래구 명륜동 9-2,2024-05-17 13:23:15
3300000,2011330007907500002,1976-11-29,,영업/정상,,,,,428.48,607-837,,(사)금성상가시장,시장,I,2025-12-15 16:15:28,부산광역시 동래구 우장춘로4번길 23-8 (온천동),정상영업,1,01,0515542263,대규모점포,388604.827532314    ,191848.470657967    ,부산광역시 동래구 온천2동 1407번지 2호,2011-09-21 16:54:03
3300000,2011330007907500003,2011-09-28,,영업/정상,,,,,627.98,,47864,(주)농협유통 하나로마트 사직점,구분없음,I,2025-12-15 16:15:28,부산광역시 동래구 사직로70번길 56(사직동),정상영업,1,01,0515064100,준대규모점포,387327.322631986    ,190681.018919181    ,부산광역시 동래구 사직동 43-9,2024-11-28 14:01:44
3300000,2011330007907500005,2011-09-28,,영업/정상,,,,,553.12,607-766,,(주)서원유통 탑마트 사직점,구분없음,I,2025-12-15 16:15:28,부산광역시 동래구 사직북로33번길 34 (사직동),정상영업,1,01,0515015810,준대규모점포,387382.80631291     ,190792.095628039    ,부산광역시 동래구 사직2동 28번지 9호,2025-05-02 17:36:45
3300000,2012330007907500001,2001-09-17,,영업/정상,,,,,29893.22,,,롯데백화점 동래점,백화점,U,2026-04-29 03:03:03,부산광역시 동래구 중앙대로 1393 (온천동),정상영업,1,01,0516682202,대규모점포,389097.800933845    ,192260.811648263    ,,2026-04-28 13:02:57
3300000,2022330011007500002,2022-12-02,,영업/정상,,,,,308.79,,47719,GS THE FRESH 동래래미안점,구분없음,I,2025-12-15 16:15:28,"부산광역시 동래구 금정마을로 150, 1층 (온천동, 동래 래미안 아이파크)",정상영업,1,01,0515551789,준대규모점포,388329.679488559    ,192204.837726355    ,부산광역시 동래구 온천동 1853 동래 래미안 아이파크,2025-05-02 17:38:51
3300000,2022330011007500003,2022-12-02,,영업/정상,,,,,280.99,,47711,GS THE FRESH 부산 온천점,구분없음,I,2025-12-15 16:15:28,부산광역시 동래구 차밭골로 6-5 (온천동),정상영업,1,01,0515533130,준대규모점포,389379.732040766    ,192728.27862739     ,부산광역시 동래구 온천동 453-9,2025-05-02 17:37:44
3300000,2023330011007500002,2023-07-19,,영업/정상,,,,,10524.19,,47708,더샵 온천헤리티지스퀘어,그 밖의 대규모점포,I,2025-12-15 16:15:28,"부산광역시 동래구 온천장로119번길 56 (온천동, 더샵 온천헤리티지)",정상영업,1,01,0515520256,대규모점포,389539.18205554     ,193427.379866164    ,부산광역시 동래구 온천동 147-6 더샵 온천헤리티지,2024-01-10 09:29:14
3300000,2024330011007500001,2024-02-05,,영업/정상,,,,,214.87,,47770,GS THE FRESH 동래안락점,구분없음,I,2025-12-15 16:15:28,부산광역시 동래구 명장로127번길 6 (안락동),정상영업,1,01,0515313663,준대규모점포,392347.318042647    ,191031.83071431     ,부산광역시 동래구 안락동 471-99,2025-05-02 17:38:03
3300000,2024330011907500001,2024-09-27,,영업/정상,,,,,495.8,,47851,GS THE FRESH 부산미남역점,구분없음,I,2025-12-15 16:15:28,"부산광역시 동래구 아시아드대로 239-1, 월드메디컬타워 1층 (온천동)",정상영업,1,01,0516345542,준대규모점포,388189.034202454    ,191546.670279537    ,부산광역시 동래구 온천동 1248-4 월드메디컬타워,2024-11-20 10:28:24
3300000,2024330011907500002,2024-09-27,,영업/정상,,,,,495.8,,47851,GS THE FRESH 부산미남역점,구분없음,I,2025-12-15 16:15:28,"부산광역시 동래구 아시아드대로 239-1, 월드메디컬타워 1층 (온천동)",영업개시전,5,01,0516345542,준대규모점포,388189.034202454    ,191546.670279537    ,부산광역시 동래구 온천동 1248-4 월드메디컬타워,2024-11-14 12:58:00
3300000,2024330011907500003,2024-12-02,,영업/정상,,,,,254.54,,47701,GS THE FRESH 온천래미안점,구분없음,I,2025-12-15 16:15:28,"부산광역시 동래구 금강로151번길 2, 1층 (온천동)",정상영업,1,01,0515104672,준대규모점포,389394.888546212    ,193441.356927049    ,부산광역시 동래구 온천동 47-5,2025-05-02 17:35:39
3300000,2024330011907500004,2024-12-19,,영업/정상,,,,,439.7,,47747,GS THE FRESH 부산명륜점,구분없음,I,2025-12-15 16:15:28,"부산광역시 동래구 문화로 7, 1층 (명륜동)",정상영업,1,01,0515589798,준대규모점포,389649.19938709     ,192126.676191516    ,부산광역시 동래구 명륜동 185,2025-05-02 17:34:31
3300000,1970330001607500001,1970-09-07,,영업/정상,,,,,3305,,,동래시장,그 밖의 대규모점포,I,2025-12-15 16:15:28,부산광역시 동래구 동래시장길 14 (복천동),정상영업,1,01,0515521651,대규모점포,389889.163083827    ,191389.243011753    ,부산광역시 동래구 복천동 229번지 28호,2023-01-12 16:13:16
3300000,1971330001607500002,1971-06-23,,영업/정상,,,,,,,,온천시장,그 밖의 대규모점포,I,2025-12-15 16:15:28,,정상영업,1,01,0515558231,,,,부산광역시 동래구 온천동 147호   ,2007-07-14 10:35:50
3300000,1975330001607500003,1975-12-09,,영업/정상,,,,,,,,금정시장,그 밖의 대규모점포,I,2025-12-15 16:15:28,부산광역시 동래구 충렬대로108번길 81 (온천동),정상영업,1,01,0515045714,,388784.456452673    ,191305.04068684     ,부산광역시 동래구 온천동 1459번지 2호   ,2007-07-14 10:35:50
3300000,1976330001607500004,1976-04-02,,영업/정상,,,,,,,,금강시장,그 밖의 대규모점포,I,2025-12-15 16:15:28,부산광역시 동래구 아시아드대로208번길 48 (온천동),정상영업,1,01,0515045714,,388311.578802584    ,191113.68353499     ,부산광역시 동래구 온천동 1376번지 7호   ,2007-07-14 10:35:50
3300000,1976330001607500005,1976-11-12,,영업/정상,,,,,,,,안락시장,그 밖의 대규모점포,I,2025-12-15 16:15:28,부산광역시 동래구 충렬대로410번길 21 (안락동),정상영업,1,01,0515223052,,391486.787090645    ,190515.87993883     ,부산광역시 동래구 안락동 603번지 1호   ,2007-07-14 10:35:50
3300000,1976330001607500006,1976-11-29,,영업/정상,,,,,,,,(사)금성상가시장번영회,그 밖의 대규모점포,I,2025-12-15 16:15:28,,정상영업,1,01,0515551732,,,,부산광역시 동래구 온천동 1407번지 36  호   ,2007-07-14 10:35:50
3300000,1977330001607500007,1977-03-15,,영업/정상,,,,,,,,신정시장,그 밖의 대규모점포,I,2025-12-15 16:15:28,부산광역시 동래구 아시아드대로134번길 62 (사직동),정상영업,1,01,0515020650,,388406.730687338    ,190581.840905473    ,부산광역시 동래구 사직동 128번지 1호   ,2007-07-14 10:35:50
3300000,1977330001607500008,1977-12-29,,영업/정상,,,,,,,,서원시장,그 밖의 대규모점포,I,2025-12-15 16:15:28,부산광역시 동래구 충렬대로359번길 55 (안락동),정상영업,1,01,0515234426,,391089.002279276    ,191036.226267686    ,부산광역시 동래구 안락동 425번지 51호   ,2007-07-14 10:35:50
3300000,1978330001607500009,1978-06-13,,영업/정상,,,,,,,,온천로타리종합시장,그 밖의 대규모점포,I,2025-12-15 16:15:28,부산광역시 동래구 명륜로 260 (명륜동),정상영업,1,01,0515520756,,389799.935600295    ,192771.671506297    ,부산광역시 동래구 명륜동 5번지 5호   ,2007-07-14 10:35:50
3300000,1980330001607500010,1980-08-14,,영업/정상,,,,,,,,명장시장,그 밖의 대규모점포,I,2025-12-15 16:15:28,부산광역시 동래구 명장로64번길 12 (명장동),정상영업,1,01,0515234055,,391849.812840775    ,191455.487924345    ,부산광역시 동래구 명장동 145번지 9호   ,2007-07-14 10:35:50
3300000,1983330001607500011,1983-11-05,,영업/정상,,,,,,,,충렬상가시장,그 밖의 대규모점포,I,2025-12-15 16:15:28,부산광역시 동래구 충렬대로459번길 73-10 (안락동),정상영업,1,01,0515239628,,392091.197198569    ,190803.962047467    ,부산광역시 동래구 안락동 464번지 21호   ,2007-07-14 10:35:50
3300000,1985330001607500012,1985-12-02,,영업/정상,,,,,4162.47,,,럭키동래쇼핑,그 밖의 대규모점포,I,2025-12-15 16:15:28,부산광역시 동래구 충렬대로107번길 54 (온천동),정상영업,1,01,0515525290,대규모점포,388918.011079059    ,191892.623575025    ,부산광역시 동래구 온천동 707호,2014-10-01 10:03:00
3300000,1996330001607500013,1996-11-12,,영업/정상,,,,,,,,부산컴푸터도매상가,그 밖의 대규모점포,I,2025-12-15 16:15:28,부산광역시 동래구 온천장로 20 (온천동),정상영업,1,01,0515568261,,389289.767473942    ,192509.994182307    ,부산광역시 동래구 온천동 456번지 29호   ,2007-07-14 10:35:50
3300000,2005330001607500052,2005-05-11,,휴업,,,,,5563.65,,,부산컴퓨터도매상가,그 밖의 대규모점포,I,2025-12-15 16:15:28,부산광역시 동래구 온천장로 20 (온천동),휴업처리,2,02,0515531472,,389289.767473942    ,192509.994182307    ,부산광역시 동래구 온천동 456번지 29호   ,2007-07-14 10:35:50
3300000,2005330001607500053,2005-05-11,,휴업,,,,,3342,,,온천시장,그 밖의 대규모점포,I,2025-12-15 16:15:28,부산광역시 동래구 온천장로119번길 48 (온천동),휴업처리,2,02,,,389539.18205554     ,193427.379866164    ,부산광역시 동래구 온천동 147번지 6호   ,2007-07-14 10:35:50
3300000,2005330007907500001,2005-03-24,,영업/정상,,,,,0,,,온천인정시장,그 밖의 대규모점포,I,2025-12-15 16:15:28,부산광역시 동래구 온천장로119번길 44-27 (온천동),정상영업,1,01,0515178802,대규모점포,389612.648895356    ,193489.193637487    ,부산광역시 동래구 온천동 147번지 14호,2017-01-17 15:16:53
3300000,2006330006407500001,2006-10-13,,영업/정상,,,,,13895,,,홈플러스(주) 동래점,대형마트,I,2025-12-15 16:15:28,부산광역시 동래구 중앙대로 1523 (온천동),정상영업,1,01,0515598000,대규모점포,389816.233000769    ,193329.605871168    ,부산광역시 동래구 온천동 153번지 8   호,2024-02-29 13:30:26
3300000,2007330006407500001,2007-04-17,,영업/정상,,,,,15651.17,,,에스케이허브스카이위아,쇼핑센터,I,2025-12-15 16:15:28,부산광역시 동래구 중앙대로 1523 (온천동),정상영업,1,01,0515596106,대규모점포,389816.233000769    ,193329.605871168    ,부산광역시 동래구 온천동 153번지 8호,2018-05-08 13:54:41
3300000,2008330006407500001,2008-05-26,,영업/정상,,,,,11436.38,607-060,,롯데쇼핑(주) 롯데마트 동래점,대형마트,U,2026-04-29 03:03:03,부산광역시 동래구 중앙대로 1393 (온천동),정상영업,1,01,,대규모점포,389097.800933845    ,192260.811648263    ,부산광역시 동래구 온천동 502번지 3호,2026-04-28 11:50:36
3300000,1997330001607500014,1997-05-26,,폐업,2025-04-04,,,,3696,,,보림프라자,그 밖의 대규모점포,I,2025-12-15 16:15:28,부산광역시 동래구 안남로 23 (낙민동),폐업처리,3,03,0515240700,대규모점포,390724.427856927    ,190387.205145155    ,부산광역시 동래구 낙민동 84번지 8호,2025-04-04 09:15:51
3300000,2005330001607500054,2005-05-11,,폐업,2019-06-28,,,,3242,,,온천시장,시장,I,2025-12-15 16:15:28,부산광역시 동래구 온천장로119번길 48 (온천동),폐업처리,3,03,0515558231,준대규모점포,389539.18205554     ,193427.379866164    ,부산광역시 동래구 온천동 147번지 6호,2024-06-12 08:49:13
3300000,2005330001607520051,2005-05-11,,폐업,2025-06-27,,,,3598.24,,,부산컴퓨터도매상가,그 밖의 대규모점포,I,2025-12-15 16:15:28,부산광역시 동래구 온천장로 20 (온천동),폐업처리,3,03,0515531472,대규모점포,389289.767473942    ,192509.994182307    ,호,2025-06-27 16:10:31
3300000,2006330001607500001,2006-02-21,,폐업,2019-06-28,,,,3242,,,온천시장,시장,I,2025-12-15 16:15:28,부산광역시 동래구 온천장로119번길 48 (온천동),폐업처리,3,03,0515558231,대규모점포,389539.18205554     ,193427.379866164    ,부산광역시 동래구 온천동 147번지 6호,2024-06-12 08:47:46
3300000,2011330007907500004,2011-09-28,,폐업,2025-10-22,,,,791.93,607-839,,(주)서원유통 탑마트 온천점,구분없음,I,2025-12-15 16:15:28,부산광역시 동래구 아시아드대로 215 (온천동),폐업처리,3,03,0515048100,준대규모점포,388076.155285291    ,191335.618126583    ,부산광역시 동래구 온천3동 1250번지 1호,2025-10-22 20:56:37
3300000,2022330011007500001,2022-03-29,,폐업,2025-08-14,,,,189.74,,47863,GS THE FRESH 사직쌍용점,구분없음,I,2025-12-15 16:15:28,"부산광역시 동래구 사직로 80, 222동 B101,B102,B105호 (사직동, 사직 쌍용 예가)",폐업처리,3,03,0515073511,준대규모점포,387144.17668815     ,190534.020672018    ,부산광역시 동래구 사직동 1017 사직 쌍용 예가,2025-08-14 18:02:25
3300000,2011330007907500001,2011-08-09,,영업/정상,,,,,1733,607-112,,(주)지에스리테일 명장점,구분없음,I,2025-12-15 16:15:28,부산광역시 동래구 반송로 291 (명장동),정상영업,1,01,0515244944,준대규모점포,391333.589418805    ,191690.582020606    ,부산광역시 동래구 명장2동 23번지 2호,2025-05-02 14:35:32
3310000,1975331001607500001,1975-10-27,,영업/정상,,,,,2653,,,용호시장,그 밖의 대규모점포,I,2026-05-06 22:35:18,부산광역시 남구 동명로152번길 93 (용호동),정상영업,1,01,0516233818,대규모점포,392543.912546981    ,181589.698263333    ,부산광역시 남구 용호동 516번지 10호,2025-04-16 16:42:31
3310000,1980331001607500004,1980-01-10,,폐업,2014-08-26,,,,0,,,문현새시장,그 밖의 대규모점포,I,2026-05-06 22:35:18,부산광역시 남구 고동골로78번길 41 (문현동),폐업처리,3,03,0516325714,준대규모점포,388920.004011747    ,184741.938030586    ,부산광역시 남구 문현동 117번지 19  호,2014-08-26 18:01:04
3310000,1979331001607500003,1979-06-30,,휴업,,2026-01-22,2027-01-21,,6324,,,동성하이타운 번영회,그 밖의 대규모점포,I,2026-05-06 22:35:18,부산광역시 남구 천제등로 11 (대연동),휴업처리,2,02,0516377919,대규모점포,390195.849928706    ,183602.493480861    ,부산광역시 남구 대연동 1756번지 9호,2026-02-23 11:29:29
3310000,1982331001607500005,1982-07-01,,영업/정상,,,,,,,,대연시장,그 밖의 대규모점포,I,2026-05-06 22:35:18,부산광역시 남구 못골로 56 (대연동),정상영업,1,01,,,390274.591729987    ,183834.679114521    ,부산광역시 남구 대연동 1760번지 1호   ,2015-04-14 16:05:15
3310000,1990331001607500008,1990-12-29,,영업/정상,,,,,358,,,용당한신아파트상가시장,그 밖의 대규모점포,I,2026-05-06 22:35:18,부산광역시 남구 유엔평화로 150 (용당동),정상영업,1,01,0516242232,준대규모점포,391103.422349355    ,182446.170472991    ,부산광역시 남구 용당동 산42번지 8호,2013-12-27 14:30:04
3310000,2004331001607500001,2004-04-26,,휴업,,,,,11824.84,,,(주)신세계이마트문현점,그 밖의 대규모점포,I,2026-05-06 22:35:18,부산광역시 남구 전포대로91번길 47 (문현동),휴업처리,2,02,0516091234,,388052.381944481    ,184747.385931209    ,부산광역시 남구 문현동 751호   ,2011-05-16 10:54:08
3310000,1984331001607500006,1984-12-21,,폐업,2024-03-26,,,,115,,,새감만종합시장,그 밖의 대규모점포,I,2026-05-06 22:35:18,부산광역시 남구 홍곡로 3 (감만동),폐업처리,3,03,,대규모점포,389699.055973041    ,181675.810892818    ,부산광역시 남구 감만동 163번지 10호,2024-03-26 14:12:09
3310000,1984331001607500007,1984-12-22,,폐업,2020-08-27,,,,209,,48514,대연삼익상가,그 밖의 대규모점포,I,2026-05-06 22:35:18,"부산광역시 남구 황령대로 504 (대연동, 대연삼익비치아파트)",폐업처리,3,03,0516248100,대규모점포,,,,2020-08-28 15:24:24
3310000,1993331001607500009,1993-02-17,,폐업,2005-06-02,,,,4102,,,21센츄리시티상가,그 밖의 대규모점포,I,2026-05-06 22:35:18,부산광역시 남구 수영로 312 (대연동),폐업처리,3,03,0516101234,준대규모점포,391411.179584558    ,184052.403123326    ,부산광역시 남구 대연동 55번지 1호,2020-08-14 15:27:18
3310000,2007331007107500001,2007-08-30,,폐업,2022-09-23,,,,10561.2,608-020,,(주)에센트리 파티몰,그 밖의 대규모점포,I,2026-05-06 22:35:18,부산광역시 수영로 305,폐업처리,3,03,07086502378,대규모점포,391258.869903051    ,184039.539974912    ,부산광역시 남구 대연동 73번지 15호,2022-09-23 11:15:05
3310000,2011331008207500003,2011-08-24,,폐업,2023-10-04,,,,1081.62,608-801,,탑마트 감만점,그 밖의 대규모점포,I,2026-05-06 22:35:18,부산광역시 남구 홍곡로 3 (감만동),폐업처리,3,03,0516358580,준대규모점포,389699.055973041    ,181675.810892818    ,부산광역시 남구 감만1동 163번지 10호,2023-10-04 15:04:38
3310000,2011331008207500005,2011-08-29,,폐업,2021-02-16,,,,1107.8,608-816,,롯데쇼핑(주)롯데슈퍼대연2동점,그 밖의 대규모점포,I,2026-05-06 22:35:19,부산광역시 남구 천제등로 11 (대연동),폐업처리,3,03,0516335601,준대규모점포,390195.849928706    ,183602.493480861    ,부산광역시 남구 대연2동 1756번지 9호,2021-02-16 17:17:48
3310000,2015331008807500003,2015-11-09,,폐업,2019-12-18,,,,974.65,,48515,(주)지에스리테일 부산용호점,구분없음,I,2026-05-06 22:35:19,부산광역시 남구 신선로 566-3 (용호동),폐업처리,3,03,0220062156,준대규모점포,392463.221261721    ,183403.499935071    ,부산광역시 남구 용호동 958번지,2019-12-27 14:45:23
3310000,2022331011907500003,2022-12-21,,폐업,2025-02-11,,,,248.78,,48515,GS THE FRESH 용호빌리브점,그 밖의 대규모점포,I,2026-05-06 22:35:19,"부산광역시 남구 분포로 61, 빌리브센트로 A동 133~139호 (용호동)",폐업처리,3,03,0220062364,준대규모점포,392463.221261721    ,183403.499935071    ,부산광역시 남구 용호동 958 빌리브센트로 A동 133~1호,2025-02-11 17:42:10
3310000,2005331001607500001,2005-04-06,,영업/정상,,,,,12661.45,,,(주) 이마트 문현점,대형마트,I,2026-05-06 22:35:18,부산광역시 남구 전포대로91번길 47 (문현동),정상영업,1,01,0516091052,대규모점포,388052.381944481    ,184747.385931209    ,부산광역시 남구 문현동 751호,2024-12-26 16:04:07
3310000,2006331001607500001,2006-07-13,,휴업,,2026-02-12,2027-02-10,,9882,,,홈플러스(주) 부산감만점,대형마트,I,2026-05-06 22:35:18,부산광역시 남구 우암로 124 (감만동),휴업처리,2,02,0516098124,대규모점포,389751.844562041    ,182245.608330959    ,부산광역시 남구 감만동 8호,2026-02-05 09:39:06
3310000,2011331008207500001,2011-08-04,,영업/정상,,,,,1141.9,608-091,,홈플러스(주) 익스프레스 메트로시티점,그 밖의 대규모점포,I,2026-05-06 22:35:18,"부산광역시 남구 분포로 111, 1005동 201호 (용호동, LG메트로시티)",정상영업,1,01,0516128005,준대규모점포,392474.578116018    ,183052.21115244     ,부산광역시 남구 용호1동 176번지 30호 LG메트로시티 1005동 201호,2024-03-28 13:52:25
3310000,2011331008207500002,2011-08-12,,영업/정상,,,,,383.9,608-821,,홈플러스(주) 익스프레스 문현점,그 밖의 대규모점포,I,2026-05-06 22:35:18,부산광역시 남구 고동골로 66 (문현동),정상영업,1,01,0516388545,준대규모점포,388708.504493627    ,184607.683566291    ,부산광역시 남구 문현1동 127번지 59호,2024-03-28 13:52:52
3310000,2011331008207500004,2011-08-29,,영업/정상,,2025-12-31,2026-01-31,2026-02-01,710.4,608-807,,롯데쇼핑(주)롯데슈퍼 대연점,그 밖의 대규모점포,I,2026-05-06 22:35:19,"부산광역시 남구 못골로 78 (대연동,외 1필지)",정상영업,1,01,,준대규모점포,390512.228639238    ,183862.718098719    ,부산광역시 남구 대연5동 1742번지 4호 외 1필지,2026-03-13 11:48:24
3310000,2011331008207500006,2011-09-02,,영업/정상,,,,,1552.99,608-838,,농협하나로마트 용호점,그 밖의 대규모점포,I,2026-05-06 22:35:19,부산광역시 남구 용호로 228 (용호동),정상영업,1,01,0516213200,준대규모점포,392349.348327263    ,181234.845528669    ,부산광역시 남구 용호4동 541번지 18호,2025-03-07 13:02:55
3310000,2012331008207500001,2012-03-12,,영업/정상,,,,,1832,608-823,,(주)메가마트 문현점,그 밖의 대규모점포,I,2026-05-06 22:35:19,"부산광역시 남구 수영로39번길 2-5 (문현동, (주)메가마트 문현점)",정상영업,1,01,0516338405,준대규모점포,388831.511202782    ,184013.267838581    ,부산광역시 남구 문현3동 205번지 2호,2024-12-23 14:49:50
3310000,2012331008207500002,2012-04-30,,영업/정상,,,,,525.6,608-828,,롯데쇼핑(주)롯데슈퍼 부산문현점,그 밖의 대규모점포,I,2026-05-06 22:35:19,부산광역시 남구 지게골로 45 (문현동),정상영업,1,01,0516365601,준대규모점포,388650.24444681     ,183818.88630021     ,부산광역시 남구 문현4동 358번지 9호,2026-01-14 11:08:36
3310000,2014331008807500001,2014-08-18,,영업/정상,,,,,9643.53,608-042,,비아이에프씨몰(BIFC Mall),그 밖의 대규모점포,I,2026-05-06 22:35:19,부산광역시 남구 문현금융로 40 (문현동),정상영업,1,01,0519135000,대규모점포,388182.381367829    ,185024.662471639    ,부산광역시 남구 문현동 1229번지 1호,2024-11-04 16:31:37
3310000,2015331008807500001,2015-01-08,,영업/정상,,,,,41762.67,608-091,,W 스퀘어,쇼핑센터,I,2026-05-06 22:35:19,,정상영업,1,01,0516305000,대규모점포,392495.046847798    ,183633.944535074    ,부산광역시 남구 용호동 954번지,2024-12-26 16:06:54
3310000,2015331008807500002,2015-02-04,,영업/정상,,,,,3670.35,608-839,,다보네가구,전문점,I,2026-05-06 22:35:19,부산광역시 남구 이기대공원로 450 (용호동),정상영업,1,01,0516252532,대규모점포,392620.767456147    ,180839.195728232    ,부산광역시 남구 용호동 566번지 3호,2018-09-28 15:23:56
3310000,2019331010007500001,2019-01-17,,영업/정상,,,,,24081.39,,48400,IFC부산 오슬로파크,쇼핑센터,I,2026-05-06 22:35:19,부산광역시 남구 전포대로 133 (문현동),정상영업,1,01,0516479620,대규모점포,388150.394268792    ,185188.729710212    ,부산광역시 남구 문현동 1227번지 2호,2024-12-26 16:41:49
3310000,2022331011907500001,2022-05-11,,영업/정상,,,,,557.8,,48515,GS THE FRESH 부산용호점,그 밖의 대규모점포,I,2026-05-06 22:35:19,"부산광역시 남구 신선로 566, 401동 113, 114호 (용호동, GS하이츠자이)",정상영업,1,01,0516256501,준대규모점포,392336.824825275    ,183544.386230822    ,"부산광역시 남구 용호동 197 GS하이츠자이 401동 113, 호",2025-05-20 14:56:18
3310000,2022331011907500002,2022-06-30,,영업/정상,,,,,327.93,,48512,GS THE FRESH 경성부경대점,그 밖의 대규모점포,I,2026-05-06 22:35:19,"부산광역시 남구 수영로322번길 33, 1층 (대연동)",정상영업,1,01,0516241107,준대규모점포,391533.252838371    ,183948.441976479    ,부산광역시 남구 대연동 52-8 1층,2025-05-08 10:48:17
3310000,1977331001607500002,1977-10-31,,영업/정상,,,,,498.3,,,용호 삼성시장,그 밖의 대규모점포,I,2026-05-06 22:35:18,부산광역시 남구 용호로106번길 40 (용호동),정상영업,1,01,0516288783,대규모점포,392318.859818776    ,182567.73733768     ,부산광역시 남구 용호동 128번지 1호,2019-03-25 11:06:00
3320000,2007332007207500001,2007-04-23,,폐업,2009-09-17,,,,0,,,예스아울렛,쇼핑센터,I,2026-05-03 22:39:04,"부산광역시 북구 금곡대로8번길 33 (덕천동,아남프라자상가)",폐업처리,3,03,,,382703.070316607    ,192096.317910797    ,부산광역시 북구 덕천동 397번지 1호 아남프라자상가,2010-01-14 11:38:14
3320000,2012332008807500004,2012-03-23,,폐업,2025-04-16,,,,399.6,616-828,,홈플러스(주) 익스프레스 부산만덕점,그 밖의 대규모점포,I,2026-05-03 22:39:05,부산광역시 북구 덕천로234번길 48 (만덕동),폐업처리,3,03,0513418545,준대규모점포,384776.041134019    ,191712.881178383    ,"부산광역시 북구 만덕1동 216번지 7호 그린코아상가 1,2,3",2025-04-16 17:35:54
3320000,2014332008807500001,2014-10-06,,폐업,2024-06-04,,,,198,616-807,,홈플러스(주)익스프레스 구남점,그 밖의 대규모점포,I,2026-05-03 22:39:05,부산광역시 북구 백양대로 1013 (구포동),폐업처리,3,03,0513338545,준대규모점포,381552.521372783    ,190386.518166956    ,부산광역시 북구 구포동 1091번지,2024-06-07 17:33:17
3320000,2015332008807500001,2015-10-19,,폐업,2019-11-27,,,,495.57,616-112,,(주)지에스리테일 만덕동문점,그 밖의 대규모점포,I,2026-05-03 22:39:05,부산광역시 북구 덕천로276번길 60 (만덕동),폐업처리,3,03,0515104698,준대규모점포,385017.803672063    ,191676.422509467    ,부산광역시 북구 만덕동 834번지,2019-12-04 09:13:39
3320000,1973332004207500001,1973-04-10,,영업/정상,,,,,1010,,,구포시장,그 밖의 대규모점포,I,2026-05-03 22:39:03,,정상영업,1,01,,,382414.614187411    ,191695.671163211    ,부산광역시 북구 구포동 589번지 50호,2009-01-28 11:10:00
3320000,1976332004207500001,1976-09-06,,영업/정상,,,,,,,,만덕시장,그 밖의 대규모점포,I,2026-05-03 22:39:03,부산광역시 북구 만덕1로24번길 8 (만덕동),정상영업,1,01,0513327612,,385260.036828544    ,192478.919358481    ,부산광역시 북구 만덕동 829호   ,2007-07-14 11:26:29
3320000,1980332004207500001,1980-01-19,,영업/정상,,,,,,,,구남시장,그 밖의 대규모점포,I,2026-05-03 22:39:04,,정상영업,1,01,,,,,부산광역시 북구 구포동 1041번지 1   호   ,2007-07-14 11:26:29
3320000,1980332004207500002,1980-02-20,,영업/정상,,,,,1332.9,,,덕천시장,그 밖의 대규모점포,I,2026-05-03 22:39:04,,정상영업,1,01,0513324878,대규모점포,383269.253732541    ,192076.843823184    ,부산광역시 북구 덕천동 411번지 5   호,2015-12-14 11:29:32
3320000,1982332004207500001,1982-03-03,,영업/정상,,,,,,,,새구포종합상가시장,그 밖의 대규모점포,I,2026-05-03 22:39:04,부산광역시 북구 의성로 96 (덕천동),정상영업,1,01,0513352000,,382937.473471161    ,192172.902959874    ,부산광역시 북구 덕천동 355번지 4호   ,2007-07-14 11:26:29
3320000,1997332004207500001,1997-06-07,,영업/정상,,,,,,,,흥아대림상가,그 밖의 대규모점포,I,2026-05-03 22:39:04,,정상영업,1,01,,,,,부산광역시 북구 화명동 1170번지 1   호   ,2007-07-14 11:26:29
3320000,2001332005907500001,2001-03-24,,영업/정상,,,,,8579.51,,,롯데쇼핑(주)롯데마트화명점,대형마트,I,2026-05-03 22:39:04,"부산광역시 북구 화명대로 47 (화명동, 롯데마트(화명점))",정상영업,1,01,0516042552,대규모점포,383175.025396512    ,194733.01249893     ,부산광역시 북구 화명동 2273호,2026-01-06 13:31:05
3320000,2004332005907500001,2004-05-19,,영업/정상,,,,,9790.33,,,(주)농협유통 하나로클럽 부산점,복합쇼핑몰,I,2026-05-03 22:39:04,부산광역시 북구 금곡대로 469 (금곡동),정상영업,1,01,0513309068,대규모점포,382983.91775577     ,196375.470354374    ,부산광역시 북구 금곡동 1874번지 3호,2024-10-28 11:22:03
3320000,2007332007907500001,2007-09-21,,영업/정상,,,,,3909.34,616-100,,예스홈마트,대형마트,I,2026-05-03 22:39:04,"부산광역시 북구 금곡대로8번길 33, 지하1층호 (덕천동,아남프라자)",정상영업,1,01,0519298600,,382703.070316607    ,192096.317910797    ,부산광역시 북구 덕천동 397번지 1호 아남프라자 지하1층호,2015-01-06 17:06:46
3320000,2008332007907500001,2008-04-15,,영업/정상,,,,,5110.52,616-816,,폴라렉스 아울렛,쇼핑센터,I,2026-05-03 22:39:04,"부산광역시 북구 만덕대로 23 (덕천동,외 3필지)",정상영업,1,01,0513410566,,382731.210151804    ,192059.745558294    ,부산광역시 북구 덕천동 398번지 2호 외 3필지,2008-04-16 11:22:58
3320000,2009332007907500001,2009-01-22,,영업/정상,,,,,4785.59,616-817,,덕천지하상가 태아쇼핑,쇼핑센터,I,2026-05-03 22:39:04,부산광역시 북구 만덕대로 지하 39 (덕천동),정상영업,1,01,0513173222,대규모점포,382592.874906377    ,191951.764364841    ,부산광역시 북구 덕천동 327번지 덕천 숙등역간 지하구간,2022-08-05 11:33:35
3320000,2010332007907500001,2010-04-30,,영업/정상,,,,,7653.57,,46548,뉴코아 덕천점,복합쇼핑몰,U,2026-05-07 03:03:03,"부산광역시 북구 만덕대로 23, 폴라렉스 (덕천동)",정상영업,1,01,0513662007,대규모점포,382731.210151804    ,192059.745558294    ,부산광역시 북구 덕천동 398-2 폴라렉스,2026-05-06 18:13:40
3320000,2012332008807500001,2012-03-08,,영업/정상,,,,,1471.47,616-814,,(주)메가마트 덕천점,구분없음,I,2026-05-03 22:39:04,부산광역시 북구 기찰로 164 (덕천동),정상영업,1,01,,준대규모점포,384082.64392147     ,192420.344583399    ,부산광역시 북구 덕천1동 370번지,2024-12-27 14:15:57
3320000,2012332008807500002,2012-03-08,,영업/정상,,,,,916.3,,46587,(주) 지에스리테일 구포점,그 밖의 대규모점포,I,2026-05-03 22:39:05,부산광역시 북구 낙동대로1780번길 106 (구포동),정상영업,1,01,,준대규모점포,382386.55312543     ,191453.197987347    ,부산광역시 북구 구포동 654번지 11호,2025-04-17 17:24:23
3320000,2012332008807500003,2012-03-08,,영업/정상,,,,,1263.7,616-829,,(주)지에스리테일 만덕점,그 밖의 대규모점포,I,2026-05-03 22:39:05,"부산광역시 북구 덕천로 188, 1층 (만덕동)",정상영업,1,01,,준대규모점포,384257.067576796    ,191991.025225857    ,부산광역시 북구 만덕3동 774번지 7호,2025-04-17 18:01:50
3320000,2014332008807500002,2014-10-06,,영업/정상,,,,,862.24,616-806,,탑마트 구포점,그 밖의 대규모점포,I,2026-05-03 22:39:05,부산광역시 북구 백양대로 1052 (구포동),정상영업,1,01,0513313000,준대규모점포,381798.273306626    ,190693.228707938    ,부산광역시 북구 구포동 937번지 28호,2025-04-29 19:11:02
3320000,2021332010707500001,2021-06-21,,영업/정상,,,,,193.94,,46557,(주)지에스리테일 만덕이편한점,그 밖의 대규모점포,I,2026-05-03 22:39:05,"부산광역시 북구 상학로 36, 1층 103~106호 (만덕동, e편한세상금정산)",정상영업,1,01,0513316169,준대규모점포,385505.738718264    ,192740.640994661    ,부산광역시 북구 만덕동 818 e편한세상금정산,2025-04-17 18:04:25
3320000,2024332010707500001,2024-06-24,,영업/정상,,,,,242.5,,46650,GS THE FRESH 부산구남점,그 밖의 대규모점포,I,2026-05-03 22:39:05,부산광역시 북구 백양대로 1013 (구포동),정상영업,1,01,0513436722,준대규모점포,381552.521372783    ,190386.518166956    ,부산광역시 북구 구포동 1091,2024-08-05 09:29:27
3330000,2021333015107500001,2021-02-25,,영업/정상,,,,,28555.44,,48099,엘시티 더 몰,그 밖의 대규모점포,I,2026-05-10 22:54:15,"부산광역시 해운대구 달맞이길 30 (중동, 엘시티)",정상영업,1,01,0517818001,대규모점포,397540.467298187    ,186751.661439715    ,부산광역시 해운대구 중동 1829 엘시티,2024-04-03 10:23:15
3330000,2023333020707500001,2023-12-19,,영업/정상,,,,,190,,48076,GS THE FRESH 해운대동부점,구분없음,I,2026-05-10 22:54:16,"부산광역시 해운대구 세실로 158, 상가동 1층 103호 (좌동, 동부아파트)",정상영업,1,01,0517037666,준대규모점포,398320.448936443    ,188713.364513609    ,부산광역시 해운대구 좌동 1412 동부아파트,2025-05-20 18:21:03
3330000,2024333020707500001,2024-04-03,,영업/정상,,,,,355.7,,48099,GS THE FRESH 해운대엘시티점,구분없음,I,2026-05-10 22:54:16,"부산광역시 해운대구 달맞이길 30, 3008호 (중동, 엘시티)",정상영업,1,01,0517319500,준대규모점포,397540.467298187    ,186751.661439715    ,부산광역시 해운대구 중동 1829 엘시티,2025-05-20 17:45:05
3330000,2025333020707500001,2025-06-30,,영업/정상,,,,,335.2,,48048,GS더프레시 부산센텀점,구분없음,I,2026-05-10 22:54:16,"부산광역시 해운대구 해운대로76번길 65, 1층 (재송동)",영업개시전,5,01,0517833407,준대규모점포,392754.699254485    ,189947.341143994    ,부산광역시 해운대구 재송동 939-18,2025-07-23 09:56:25
3330000,1996333001507500005,1996-12-10,,영업/정상,,,,,,,,삼한상가시장,대형마트,I,2026-05-10 22:54:09,부산광역시 해운대구 신반송로 102 (반송동),정상영업,1,01,05106331307,,396841.065778346    ,194463.478475608    ,부산광역시 해운대구 반송동 872호   ,2007-07-07 10:11:47
3330000,1999333001507500002,1999-03-02,,영업/정상,,,,,4159.89,612-031,,화목데파트상가,쇼핑센터,I,2026-05-10 22:54:09,부산광역시 해운대구 대천로 187 (좌동),정상영업,1,01,0517023703,대규모점포,398320.764293408    ,187928.258297607    ,부산광역시 해운대구 좌1동 1314번지 2호,2014-09-18 16:42:24
3330000,2000333001507500001,2000-04-12,,휴업,,,,,,,,파라다이스명품관,대형마트,I,2026-05-10 22:54:09,,휴업처리,2,02,0517422121,,,,부산광역시 해운대구 중동 1411번지 1   호   ,2007-07-07 10:11:47
3330000,2002333001507500001,2002-05-17,,영업/정상,,,,,,,,시티코아,그 밖의 대규모점포,I,2026-05-10 22:54:09,부산광역시 해운대구 해운대로 799 (좌동),정상영업,1,01,0517091710,,398179.9667568      ,187816.286955829    ,부산광역시 해운대구 좌동 1467번지 2호   ,2007-07-07 10:11:47
3330000,2002333001507500002,2002-06-14,,영업/정상,,,,,4539.76,,,해운대로데오아울렛,그 밖의 대규모점포,I,2026-05-10 22:54:09,부산광역시 해운대구 좌동순환로 473 (중동),정상영업,1,01,0517432234,대규모점포,397589.4275008      ,187097.471409001    ,부산광역시 해운대구 중동 1774번지 5호,2012-04-17 10:17:18
3330000,2004333001507500003,2004-04-30,,휴업,,,,,11256,,,홈플러스센텀시티점,그 밖의 대규모점포,I,2026-05-10 22:54:09,,휴업처리,2,02,0517098000,,,,   호   ,2007-07-07 10:11:47
3330000,2004333001507500019,2004-04-30,,영업/정상,,,,,16645.51,612-721,,(주)세이브존리베라,쇼핑센터,I,2026-05-10 22:54:10,부산광역시 해운대구 구남로29번길 21 (중동),정상영업,1,01,0517409710,대규모점포,396855.45107649     ,186957.424724515    ,부산광역시 해운대구 중1동 1380번지 14호,2014-09-18 16:41:11
3330000,2004333001507500020,2004-04-30,,휴업,,,,,,,,이마트해운대점,대형마트,I,2026-05-10 22:54:10,부산광역시 해운대구 좌동순환로 511 (중동),휴업처리,2,02,0516081234,,397397.832766508    ,187354.835259297    ,부산광역시 해운대구 중동 1767호   ,2007-07-07 10:11:47
3330000,2005333001507500001,2004-04-30,,휴업,,,,,0,,,LG마트 반여점,대형마트,I,2026-05-10 22:54:10,부산광역시 해운대구 선수촌로 146-4 (반여동),휴업처리,2,02,,,393256.458499247    ,191693.260473461    ,부산광역시 해운대구 반여동 1020호   ,2007-07-07 10:11:47
3330000,2006333001507500001,2006-01-24,,영업/정상,,,,,21774.4,,,이랜드 리테일 해운대점,백화점,I,2026-05-10 22:54:10,부산광역시 해운대구 해운대로 813 (좌동),정상영업,1,01,0513230456,대규모점포,398269.05154158     ,187874.778091232    ,부산광역시 해운대구 좌동 1467번지 0004호,2026-02-26 10:01:16
3330000,2007333008207500002,2007-10-31,,영업/정상,,,,,0,612-770,,롯데쇼핑주식회사,백화점,I,2026-05-10 22:54:10,부산광역시 해운대구 센텀남대로 59 (우동),정상영업,1,01,027712500,,394083.501537578    ,187707.586117775    ,부산광역시 해운대구 우동 1496번지,2007-10-31 16:37:23
3330000,2007333008207500003,2007-12-12,,영업/정상,,,,,17827,612-022,,홈플러스 센텀시티점,대형마트,I,2026-05-10 22:54:10,부산광역시 해운대구 센텀동로 6 (우동),정상영업,1,01,0517098123,대규모점포,394314.881157365    ,187833.00164775     ,부산광역시 해운대구 우2동 1499번지,2024-03-05 16:17:10
3330000,2008333008207500001,2008-06-18,,영업/정상,,,,,43777.66,612-022,,롯데백화점 센텀시티점,백화점,I,2026-05-10 22:54:10,부산광역시 해운대구 센텀남대로 59 (우동),정상영업,1,01,0517302500,대규모점포,394083.501537578    ,187707.586117775    ,부산광역시 해운대구 우동 1496번지,2014-09-18 16:29:06
3330000,2010333010307500001,2010-03-02,,영업/정상,,,,,0,612-011,,(주)파라다이스면세점,그 밖의 대규모점포,I,2026-05-10 22:54:10,부산광역시 해운대구 해운대해변로 296 (중동),정상영업,1,01,0517430181,,397114.551436907    ,186672.768207318    ,부산광역시 해운대구 중1동 1411번지 1호,2010-03-02 11:57:15
3330000,2010333010307500002,2009-02-28,,영업/정상,,,,,139892,612-892,,(주)신세계 센텀시티점,백화점,I,2026-05-10 22:54:10,부산광역시 해운대구 센텀남대로 35 (우동),정상영업,1,01,16881234,대규모점포,393952.264486105    ,187602.933160728    ,부산광역시 해운대구 우2동 1495번지,2024-04-24 14:40:32
3330000,2010333010307500003,2010-04-14,,영업/정상,,,,,11193,612-011,,(주)이마트 해운대점,대형마트,I,2026-05-10 22:54:10,부산광역시 해운대구 좌동순환로 511 (중동),정상영업,1,01,0516081053,대규모점포,397397.832766508    ,187354.835259297    ,부산광역시 해운대구 중1동 1767번지,2024-04-24 14:31:09
3330000,2010333010307500004,2010-06-08,,영업/정상,,,,,0,612-021,,대성종합상가시장,그 밖의 대규모점포,I,2026-05-10 22:54:10,부산광역시 해운대구 마린시티3로 1 (우동),정상영업,1,01,0517470211,,395615.201853958    ,186406.750870936    ,부산광역시 해운대구 우1동 1434번지,2010-06-08 11:19:57
3330000,2011333010307500002,2011-08-01,,영업/정상,,,,,540,,48078,GS THE FRESH 대동점,구분없음,I,2026-05-10 22:54:10,"부산광역시 해운대구 대천로103번길 29 (좌동, 대동타운 대동상가)",정상영업,1,01,0517010191,준대규모점포,397869.026215714    ,188558.251043043    ,부산광역시 해운대구 좌동 1228번지 대동타운상가 지하1층,2025-05-20 17:22:54
3330000,2011333010307500004,2011-09-19,,영업/정상,,,,,299.2,612-031,,롯데슈퍼 좌1동점,대형마트,I,2026-05-10 22:54:11,부산광역시 해운대구 좌동순환로 178 (좌동),정상영업,1,01,0517025603,준대규모점포,398114.725350373    ,188646.73136878     ,부산광역시 해운대구 좌1동 1289번지 4호,2014-09-18 16:55:30
3330000,2011333010307500005,2011-09-19,,영업/정상,,,,,1259.5,612-031,,롯데슈퍼 해운대점,대형마트,I,2026-05-10 22:54:12,부산광역시 해운대구 해운대로 799 (좌동),정상영업,1,01,0517035602,준대규모점포,398179.9667568      ,187816.286955829    ,부산광역시 해운대구 좌1동 1467번지 2호,2014-09-18 16:52:27
3330000,2011333010307500006,2011-09-28,,영업/정상,,,,,1241,612-011,,(주)서원유통 탑마트 해운대점,구분없음,I,2026-05-10 22:54:13,부산광역시 해운대구 좌동로 38 (중동),정상영업,1,01,0517049009,준대규모점포,397738.771338927    ,187669.399370135    ,부산광역시 해운대구 중1동 301번지 1호,2025-05-20 17:45:20
3330000,2011333010307500007,2011-09-28,,영업/정상,,,,,1255,612-806,,(주)서원유통 탑마트 반송점,구분없음,I,2026-05-10 22:54:14,부산광역시 해운대구 윗반송로 8 (반송동),정상영업,1,01,0515453200,준대규모점포,395714.790504686    ,194386.451574466    ,부산광역시 해운대구 반송3동 278번지 1호,2025-05-20 17:44:51
3330000,1980333001507500002,1980-06-27,,영업/정상,,,,,,,,해동시장,대형마트,I,2026-05-10 22:54:09,부산광역시 해운대구 좌동순환로433번길 40 (중동),정상영업,1,01,05107460220,,398373.963592261    ,186944.253697909    ,부산광역시 해운대구 중동 1520번지 3호   ,2007-07-07 10:11:47
3330000,1981333001507500001,1981-10-30,,영업/정상,,,,,,,,재송삼익상가시장,대형마트,I,2026-05-10 22:54:09,부산광역시 해운대구 해운대로61번가길 6 (재송동),정상영업,1,01,05107826013,,393140.687808246    ,190048.604696982    ,부산광역시 해운대구 재송동 1023호   ,2007-07-07 10:11:47
3330000,1982333001507500001,1982-12-30,,영업/정상,,,,,,,,재송시장,대형마트,I,2026-05-10 22:54:09,,정상영업,1,01,05107815687,,,,부산광역시 해운대구 재송동 1080번지 5   호   ,2007-07-07 10:11:47
3330000,1991333001507500001,1991-03-15,,영업/정상,,,,,,,,마리나상가시장,대형마트,I,2026-05-10 22:54:09,부산광역시 해운대구 해운대해변로 73 (우동),정상영업,1,01,05107417209,,395045.091352133    ,186841.894363811    ,부산광역시 해운대구 우동 1388호   ,2007-07-07 10:11:47
3330000,1996333001507500001,1996-05-22,,영업/정상,,,,,,,,대성종합상가시장,대형마트,I,2026-05-10 22:54:09,부산광역시 해운대구 마린시티3로 1 (우동),정상영업,1,01,05107441381,,395615.201853958    ,186406.750870936    ,부산광역시 해운대구 우동 1434호   ,2007-07-07 10:11:47
3330000,1996333001507500002,1996-05-22,,영업/정상,,,,,,,,대동상가시장,대형마트,I,2026-05-10 22:54:09,부산광역시 해운대구 대천로103번길 29 (좌동),정상영업,1,01,05107010158,,397869.026215714    ,188558.251043043    ,부산광역시 해운대구 좌동 1288호   ,2007-07-07 10:11:47
3330000,1996333001507500003,1996-05-25,,영업/정상,,,,,,,,삼해대림아파트상가시장,대형마트,I,2026-05-10 22:54:09,,정상영업,1,01,05105239501,,,,부산광역시 해운대구 반여동 1199번지 11  호   ,2007-07-07 10:11:47
3330000,1996333001507500004,1996-10-02,,영업/정상,,,,,,,,L.G 상가시장,대형마트,I,2026-05-10 22:54:09,부산광역시 해운대구 대천로103번길 61 (좌동),정상영업,1,01,05107016461,,397926.518365471    ,188980.774505655    ,부산광역시 해운대구 좌동 1398호   ,2007-07-07 10:11:47
3330000,1999333001507500001,1999-02-22,,폐업,2023-05-31,,,,0,,,신도시시장,그 밖의 대규모점포,I,2026-05-10 22:54:09,부산광역시 해운대구 좌동로 152 (좌동),폐업처리,3,03,05107010202,,398628.503470003    ,188364.542636541    ,부산광역시 해운대구 좌동 1429번지 1   호,2023-05-31 10:34:13
3330000,2004333001507500004,2004-04-30,,폐업,2016-11-30,,,,3937.96,612-811,,롯데마트 반여점,대형마트,I,2026-05-10 22:54:10,부산광역시 해운대구 선수촌로 146-4 (반여동),폐업처리,3,03,0515207019,대규모점포,393256.458499247    ,191693.260473461    ,부산광역시 해운대구 반여1동 1020번지,2016-12-16 17:31:03
3330000,2006333008207500001,2006-10-18,,폐업,2017-11-21,,,,8705,,48058,(주)신세계 면세점 부산점,그 밖의 대규모점포,I,2026-05-10 22:54:10,부산광역시 해운대구 센텀4로 15 (우동),폐업처리,3,03,0517430181,대규모점포,393825.0775182      ,187704.240302956    ,부산광역시 해운대구 우동 1493번지,2017-11-21 11:20:13
3330000,2006333008207500002,2006-10-31,,폐업,2023-09-23,,,,44290,,,홈플러스(주) 해운대점,대형마트,I,2026-05-10 22:54:10,부산광역시 해운대구 해운대해변로 140 (우동),폐업처리,3,03,0515322080,대규모점포,395506.531175571    ,186442.190386792    ,부산광역시 해운대구 우동 1406번지 2호,2023-09-26 09:32:41
3330000,2009333008207500001,2009-02-28,,폐업,2009-02-28,,,,88953.19,612-022,,주)신세계 / 백화점 센텀시티점,백화점,I,2026-05-10 22:54:10,부산광역시 해운대구 센텀남대로 35 (우동),폐업처리,3,03,,대규모점포,393952.264486105    ,187602.933160728    ,부산광역시 해운대구 우2동 1495번지,2021-12-02 13:40:07
3330000,2011333010307500001,2011-06-24,,폐업,2023-12-23,,,,212,612-778,,홈플러스(주) 익스프레스 동부점,대형마트,I,2026-05-10 22:54:10,"부산광역시 해운대구 세실로 158, 상가동 103호 (좌동,동부아파트)",폐업처리,3,03,0517018521,준대규모점포,398320.448936443    ,188713.364513609    ,부산광역시 해운대구 좌4동 1412번지 동부아파트 상가동 103호,2023-12-22 14:41:02
3330000,2011333010307500003,2011-08-01,,폐업,2014-04-03,,,,439,612-832,,(주)지에스리테일 재송점,그 밖의 대규모점포,I,2026-05-10 22:54:10,"부산광역시 해운대구 재반로 150, 202호 (재송동,보라스카이타운)",폐업처리,3,03,0517821666,준대규모점포,393767.387550068    ,190085.274360331    ,부산광역시 해운대구 재송2동 1145번지 1호 보라스카이타운 202호,2014-04-03 10:21:18
3330000,2011333010307500008,2011-12-22,,폐업,2021-09-30,,,,3088.41,612-824,,SSG 마린시티점,그 밖의 대규모점포,I,2026-05-10 22:54:14,"부산광역시 해운대구 마린시티2로 38, 업무동 (우동, 해운대 I'Park 업무동)",폐업처리,3,03,027271381,대규모점포,395164.437852508    ,186231.014715022    ,부산광역시 해운대구 우1동 1408번지 해운대 I'Park 업무동,2021-09-28 18:06:21
3330000,2012333010307500010,2012-04-17,,폐업,2022-09-30,,,,1109.59,612-787,,메가마트 마리나점,복합쇼핑몰,I,2026-05-10 22:54:15,"부산광역시 해운대구 해운대해변로 117, 상가동 지하 101호 (우동, 대우마리나1차아파트)",폐업처리,3,03,0517418256,준대규모점포,395512.736663758    ,186647.018022464    ,부산광역시 해운대구 우1동 1388번지 4호 대우마리나1차아파트 상가동 지하 101호,2022-09-30 10:03:43
3330000,2014333010307500001,2014-06-17,,폐업,2017-11-02,,,,3025.61,,,해동,그 밖의 대규모점포,I,2026-05-10 22:54:15,부산광역시 해운대구 좌동순환로433번길 40-0 (중동),폐업처리,3,03,0517012122,대규모점포,398373.963592261    ,186944.253697909    ,,2017-11-02 14:52:17
3330000,2017333013207500005,2017-04-25,,폐업,2017-08-16,,,,253.6,612-031,,롯데쇼핑(주)롯데슈퍼좌동점,그 밖의 대규모점포,I,2026-05-10 22:54:15,부산광역시 해운대구 좌동순환로 70-0 (좌동),폐업처리,3,03,,준대규모점포,397380.689843168    ,188076.095488517    ,부산광역시 해운대구 좌동 1270번지 6호,2017-08-16 11:27:07
3330000,2017333013207500006,2017-04-25,,폐업,2021-06-11,,,,299.21,612-031,,롯데쇼핑(주) 롯데슈퍼좌1동점,그 밖의 대규모점포,I,2026-05-10 22:54:15,부산광역시 해운대구 좌동순환로 178-0 (좌동),폐업처리,3,03,,준대규모점포,398114.725350373    ,188646.73136878     ,부산광역시 해운대구 좌동 1289번지 4호,2021-06-11 10:58:55
3330000,2017333013207500007,2017-04-25,,폐업,2021-06-11,,,,1259.5,,,롯데쇼핑(주)롯데슈퍼해운대,그 밖의 대규모점포,I,2026-05-10 22:54:15,부산광역시 해운대구 해운대로 799-0 (좌동),폐업처리,3,03,,준대규모점포,398179.9667568      ,187816.286955829    ,,2021-06-11 10:57:44
3330000,2021333015107500002,2021-02-25,,폐업,2021-02-25,,,,37272.89,,48099,(주)엘시티 더 몰,쇼핑센터,I,2026-05-10 22:54:15,"부산광역시 해운대구 달맞이길 30 (중동, 엘시티)",폐업처리,3,03,0517810001,대규모점포,397540.467298187    ,186751.661439715    ,부산광역시 해운대구 중동 1058번지 39호 엘시티,2021-03-08 14:38:39
3330000,2022333015107500001,2022-05-02,,폐업,2025-04-03,,,,118.25,,48060,(주)지에스리테일 센텀시티점,대형마트,I,2026-05-10 22:54:16,"부산광역시 해운대구 센텀2로 19, 센텀코아 1층 102호 (우동)",폐업처리,3,03,,준대규모점포,394224.110299794    ,187441.796374313    ,부산광역시 해운대구 우동 1504 센텀코아,2025-06-04 09:26:26
3330000,1976333001507500001,1976-08-11,,영업/정상,,,,,,,,운봉장터시장,대형마트,I,2026-05-10 22:54:09,,정상영업,1,01,05105214490,,396113.990298061    ,194562.873789865    ,부산광역시 해운대구 반송동 40번지 808호   ,2007-07-07 10:11:47
3330000,1978333001507500001,1978-07-26,,영업/정상,,,,,,,,우동종합상가시장,대형마트,I,2026-05-10 22:54:09,,정상영업,1,01,0517422001,,394796.404666256    ,187781.251617877    ,부산광역시 해운대구 우동 1092번지 16호   ,2007-07-07 10:11:47
3330000,1979333001507500001,1979-03-07,,영업/정상,,,,,945,,,반여시장,시장,I,2026-05-10 22:54:09,부산광역시 해운대구 해운대로61번길 95-47 (반여동),정상영업,1,01,0517823824,대규모점포,393810.163811286    ,190563.411556799    ,부산광역시 해운대구 반여동 1291번지 918호,2015-08-07 18:34:18
3330000,1980333001507500001,1980-06-10,,영업/정상,,,,,,,,삼호동백상가시장,대형마트,I,2026-05-10 22:54:09,부산광역시 해운대구 달맞이길65번길 43 (중동),정상영업,1,01,05107465692,,,,부산광역시 해운대구 중동 1512호   ,2007-07-07 10:11:47
3330000,2012333010307500001,2012-03-16,,영업/정상,,,,,10277,612-815,,홈플러스(주) 부산반여점,대형마트,I,2026-05-10 22:54:14,부산광역시 해운대구 선수촌로21번길 37 (반여동),정상영업,1,01,0515098124,대규모점포,392614.443269229    ,190638.920919108    ,부산광역시 해운대구 반여1동 1406번지 1호,2024-03-06 14:38:44
3330000,2012333010307500002,2012-03-21,,영업/정상,,,,,17471,612-824,,제니스 스퀘어,그 밖의 대규모점포,I,2026-05-10 22:54:14,"부산광역시 해운대구 마린시티2로 33 (우동, 해운대두산위브제니스)",정상영업,1,01,0517477623,대규모점포,395388.715069604    ,186268.853282623    ,부산광역시 해운대구 우1동 1407번지 해운대두산위브제니스,2019-01-30 11:29:29
3330000,2012333010307500003,2012-04-09,,영업/정상,,,,,393.69,612-712,,홈플러스 익스프레스 부산센텀점,구분없음,I,2026-05-10 22:54:14,"부산광역시 해운대구 센텀중앙로 145, 상가7동 101호 (재송동, 더샵센텀파크1차아파트)",정상영업,1,01,0517468547,준대규모점포,393239.237933586    ,188619.149645081    ,부산광역시 해운대구 재송1동 1200번지 더샵센텀파크1차아파트 상가7동 101호,2024-03-20 11:08:17
3330000,2012333010307500004,2012-04-09,,영업/정상,,,,,202,612-842,,홈플러스 익스프레스 좌동2점,구분없음,I,2026-05-10 22:54:14,"부산광역시 해운대구 세실로 33, 1층 (좌동)",정상영업,1,01,0517018545,준대규모점포,398449.974768463    ,187599.341906768    ,부산광역시 해운대구 좌2동 1485번지 5호,2024-03-20 11:08:32
3330000,2012333010307500005,2012-04-09,,영업/정상,,,,,190.1,612-852,,홈플러스 익스프레스 좌동점,구분없음,I,2026-05-10 22:54:14,"부산광역시 해운대구 좌동순환로 78, 1층 (좌동, 건우빌딩)",정상영업,1,01,0517478365,준대규모점포,397398.305792118    ,188158.604800015    ,부산광역시 해운대구 좌3동 1270번지 2호 건우빌딩 1층,2024-03-20 11:07:04
3330000,2012333010307500006,2012-04-09,,영업/정상,,,,,209.55,612-843,,홈플러스 익스프레스 부산좌산점,구분없음,I,2026-05-10 22:54:14,부산광역시 해운대구 좌동순환로 303 (좌동),정상영업,1,01,0517028540,준대규모점포,398838.119963398    ,187718.900138076    ,부산광역시 해운대구 좌2동 1443번지 3호,2024-03-20 11:08:04
3330000,2012333010307500007,2003-03-26,,영업/정상,,,,,11992.85,612-851,,해운대상설할인타운,그 밖의 대규모점포,I,2026-05-10 22:54:14,부산광역시 해운대구 좌동순환로 473 (중동),정상영업,1,01,0517418841,대규모점포,397619.609350381    ,187004.870496308    ,부산광역시 해운대구 중1동 1775번지 7호,2012-04-17 13:18:31
3330000,2012333010307500008,2012-04-17,,영업/정상,,,,,318.81,612-712,,GS THE FRESH 해운대센텀점,구분없음,I,2026-05-10 22:54:15,"부산광역시 해운대구 센텀중앙로 145, 제상가5동 201, 203호 (재송동)",정상영업,1,01,0517445801,준대규모점포,393239.237933586    ,188619.149645081    ,"부산광역시 해운대구 재송1동 1200번지 더샵센텀파크1차아파트 상가5동 201, 203호",2025-05-20 17:22:23
3330000,2012333010307500009,2012-04-17,,영업/정상,,,,,869.69,612-811,,(주)이마트에브리데이 부산반여점,구분없음,I,2026-05-10 22:54:15,부산광역시 해운대구 선수촌로 65-7 (반여동),정상영업,1,01,0517152517,준대규모점포,392860.517537274    ,190969.242928782    ,부산광역시 해운대구 반여1동 1199번지 21호,2024-08-09 15:07:15
3330000,2012333010307500011,2012-05-29,,영업/정상,,,,,253.6,612-852,,롯데슈퍼 좌동점,대형마트,I,2026-05-10 22:54:15,부산광역시 해운대구 좌동순환로 70 (좌동),정상영업,1,01,0517415602,준대규모점포,397380.689843168    ,188076.095488517    ,부산광역시 해운대구 좌3동 1270번지 6호,2014-09-18 16:54:13
3330000,2017333013207500001,2017-02-14,,영업/정상,,,,,16491.58,,,(주)세이브존리베라,쇼핑센터,I,2026-05-10 22:54:15,부산광역시 해운대구 구남로29번길 21-0 (중동),정상영업,1,01,0517409031,대규모점포,396855.45107649     ,186957.424724515    ,,2024-12-23 14:08:39
3330000,2017333013207500002,2017-04-17,,영업/정상,,,,,253.6,612-031,,롯데수퍼 좌동점,그 밖의 대규모점포,I,2026-05-10 22:54:15,부산광역시 해운대구 좌동순환로 70 (좌동),정상영업,1,01,,준대규모점포,397380.689843168    ,188076.095488517    ,부산광역시 해운대구 좌동 1270번지 6호,2017-04-18 11:14:42
3330000,2017333013207500003,2017-04-17,,영업/정상,,,,,299.21,612-031,,롯데슈퍼 좌1동점,그 밖의 대규모점포,I,2026-05-10 22:54:15,부산광역시 해운대구 좌동순환로 178 (좌동),정상영업,1,01,,준대규모점포,398114.725350373    ,188646.73136878     ,부산광역시 해운대구 좌동 1289번지 4호,2017-04-18 11:15:59
3330000,2017333013207500004,2017-04-17,,영업/정상,,,,,1259.5,612-031,,롯데슈퍼 해운대점,그 밖의 대규모점포,I,2026-05-10 22:54:15,부산광역시 해운대구 해운대로 799-0 (좌동),정상영업,1,01,,준대규모점포,398179.9667568      ,187816.286955829    ,부산광역시 해운대구 좌동 1467번지 2호,2017-04-18 11:16:27
3330000,2017333013207500008,2007-10-31,,영업/정상,,,,,43777.66,612-022,,롯데백화점 센텀시티점,복합쇼핑몰,I,2026-05-10 22:54:15,부산광역시 해운대구 센텀남대로 59-0 (우동),정상영업,1,01,0517302212,대규모점포,394083.501537578    ,187707.586117775    ,부산광역시 해운대구 우동 1496번지,2026-04-13 14:04:53
3340000,1996334001707500025,1996-09-16,,폐업,2006-04-14,,,,0,604-811,,신세화백화점괴정점,백화점,I,2026-05-07 22:31:32,부산광역시 사하구 사하로 190 (괴정동),폐업처리,3,03,0512903310,대규모점포,381751.00317294     ,179575.519981971    ,부산광역시 사하구 괴정3동 961번지 1호,2012-10-21 19:14:59
3340000,2023334014507500001,2023-06-01,,영업/정상,,,,,372.16,,49381,GS THE FRESH 사하괴정점,구분없음,I,2026-05-07 22:31:33,"부산광역시 사하구 낙동대로233번길 35, 1층 (괴정동)",정상영업,1,01,0512035494,준대규모점포,381587.478183894    ,179459.905749702    ,부산광역시 사하구 괴정동 879,2023-06-01 17:21:30
3340000,2011334008007500001,2011-08-26,,폐업,2023-04-26,,,,339,604-858,,홈플러스(주)익스프레스 부산하단점,그 밖의 대규모점포,I,2026-05-07 22:31:32,부산광역시 사하구 하신번영로201번길 10 (하단동),폐업처리,3,03,0512075839,준대규모점포,378440.378781483    ,179570.672411706    ,부산광역시 사하구 하단1동 1184번지 1호,2023-04-26 18:17:05
3340000,2012334008007500002,2012-03-21,,폐업,2024-03-11,,,,811.23,604-830,,(주)서원유통 탑마트 당리점,그 밖의 대규모점포,I,2026-05-07 22:31:32,부산광역시 사하구 낙동대로 353 (당리동),폐업처리,3,03,,준대규모점포,380328.503354908    ,179779.764542531    ,부산광역시 사하구 당리동 340번지 1호,2024-03-12 09:06:22
3340000,2012334008007500005,2012-03-23,,폐업,2021-05-18,2015-11-16,2015-12-16,,3834.7,604-807,,롯데쇼핑(주) 롯데슈퍼 괴정점,그 밖의 대규모점포,I,2026-05-07 22:31:33,부산광역시 사하구 낙동대로 123 (괴정동),폐업처리,3,03,,준대규모점포,382500.098676341    ,180032.736246039    ,부산광역시 사하구 괴정2동 358번지 1호,2021-05-18 13:40:18
3340000,2012334008007500006,2012-03-23,,폐업,2021-05-18,,,,765.3,604-840,,롯데쇼핑(주) 롯데슈퍼 장림점,그 밖의 대규모점포,I,2026-05-07 22:31:33,부산광역시 사하구 다대로277번길 12 (장림동),폐업처리,3,03,,준대규모점포,380347.098149637    ,177139.575438556    ,부산광역시 사하구 장림2동 287번지 1호,2021-05-18 13:46:31
3340000,1975334001707500002,1975-09-15,2010-02-04,취소/말소/만료/정지/중지,,,,,0,,,감천시장,시장,I,2026-05-07 22:31:32,부산광역시 사하구 옥천로 8 (감천동),직권취소,4,04,0512919091,대규모점포,382824.456436263    ,178416.560578377    ,부산광역시 사하구 감천동 471호,2013-05-30 15:29:15
3340000,2011334008007500004,2011-08-31,,폐업,2021-05-18,,,,810.9,604-824,,롯데쇼핑(주)롯데슈퍼 다대점,그 밖의 대규모점포,I,2026-05-07 22:31:32,부산광역시 사하구 윤공단로 4 (다대동),폐업처리,3,03,,준대규모점포,379672.134128232    ,174638.869997904    ,부산광역시 사하구 다대1동 649번지,2021-05-18 13:47:33
3340000,2000334001707500001,1969-09-10,2012-04-06,취소/말소/만료/정지/중지,,,,,0,,,괴정시장,시장,I,2026-05-07 22:31:32,부산광역시 사하구 낙동대로 203 (괴정동),직권취소,4,04,05102915091,대규모점포,381811.171878275    ,179710.997499038    ,부산광역시 사하구 괴정동 1016-1호,2014-01-02 10:21:30
3340000,2000334001707500002,1975-09-15,,영업/정상,,,,,0,,,감천시장,시장,I,2026-05-07 22:31:32,부산광역시 옥천로 8,정상영업,1,01,05102919092,대규모점포,382824.456436263    ,178416.560578377    ,부산광역시 사하구 감천동 466-5호,2014-01-02 10:42:27
3340000,2000334001707500003,1976-02-28,2000-02-28,취소/말소/만료/정지/중지,,,,,0,,,장림시장,그 밖의 대규모점포,I,2026-05-07 22:31:32,부산광역시 사하구 장림번영로 24 (장림동),직권취소,4,04,05102615597,대규모점포,379406.514301944    ,177516.635795368    ,부산광역시 사하구 장림동 792-7호,2014-01-02 10:30:08
3340000,2000334001707500004,1977-08-17,,영업/정상,,,,,8.25,,,사하시장,시장,I,2026-05-07 22:31:32,부산광역시 사하구 괴정로 219 (괴정동),정상영업,1,01,05102937545,대규모점포,380976.753080028    ,179413.155629512    ,부산광역시 사하구 괴정동 552-14호,2014-01-02 10:46:21
3340000,2000334001707500005,1978-10-23,,영업/정상,,,,,0,,,하단시장,시장,I,2026-05-07 22:31:32,부산광역시 사하구 승학로2번길 1 (당리동),정상영업,1,01,05102915291,대규모점포,379504.858884703    ,180338.500716043    ,부산광역시 사하구 당리동 302-7호,2014-01-02 10:49:06
3340000,2000334001707500006,1980-09-13,,영업/정상,,,,,0,,,당리시장,시장,I,2026-05-07 22:31:32,부산광역시 사하구 제석로62번길 16 (당리동),정상영업,1,01,05102926660,대규모점포,380031.52369889     ,180266.917103144    ,부산광역시 사하구 당리동 302-7호,2014-01-02 10:52:52
3340000,2000334001707500007,1980-10-06,,영업/정상,,,,,0,,,에덴시장,시장,I,2026-05-07 22:31:32,부산광역시 사하구 낙동대로535번길 28 (하단동),영업개시전,5,01,05102914983,대규모점포,378904.299820296    ,180909.234614279    ,부산광역시 사하구 하단동 487-6호,2026-02-24 13:25:32
3340000,2000334001707500008,1981-01-15,,영업/정상,,,,,0,,,신평종합시장,시장,I,2026-05-07 22:31:32,부산광역시 사하구 다대로134번길 44 (신평동),정상영업,1,01,05102913672,대규모점포,380203.56302577     ,178733.098313152    ,부산광역시 사하구 신평동 111-213호,2014-01-02 10:58:39
3340000,2000334001707500009,1983-11-09,,영업/정상,,,,,1809,,,자유종합상가,그 밖의 대규모점포,I,2026-05-07 22:31:32,부산광역시 사하구 낙동대로 261 (괴정동),정상영업,1,01,05102913347,대규모점포,381263.475802174    ,179570.816415014    ,부산광역시 사하구 괴정동 740-1호,2014-02-24 14:50:16
3340000,2000334001707500010,1989-12-15,,영업/정상,,,,,3782,,,장림현대종합상가,그 밖의 대규모점포,I,2026-05-07 22:31:32,부산광역시 사하구 다대로 305 (장림동),정상영업,1,01,05102615804,대규모점포,380299.690312901    ,176893.324496569    ,부산광역시 사하구 장림동 372-4호,2014-02-24 14:48:52
3340000,2000334001707500011,1992-08-24,,영업/정상,,,,,0,,,가락타운상가시장,시장,I,2026-05-07 22:31:32,부산광역시 사하구 하신중앙로 265 (하단동),정상영업,1,01,05102069865,대규모점포,378592.907593612    ,179817.73255814     ,부산광역시 사하구 하단동 1176호,2013-12-11 11:23:21
3340000,2000334001707500012,1993-11-20,,영업/정상,,,,,11377,,,맘모스프라자,그 밖의 대규모점포,I,2026-05-07 22:31:32,"부산광역시 사하구 다대로 473 (다대동, 현대아파트)",정상영업,1,01,05102640588,대규모점포,380398.062015138    ,175314.286676535    ,부산광역시 사하구 다대동 120-1호,2014-02-24 14:47:02
3340000,2000334001707500013,1995-03-27,,영업/정상,,,,,2684,,,다대자유아파트상가,그 밖의 대규모점포,I,2026-05-07 22:31:32,"부산광역시 사하구 다대로 617 (다대동, 자유아파트)",정상영업,1,01,05102612760,대규모점포,379889.658155967    ,174307.148168245    ,부산광역시 사하구 다대동 382-3호,2014-02-24 14:44:51
3340000,2000334001707500014,1996-11-07,2006-06-27,취소/말소/만료/정지/중지,,,,,3118,,,다대씨파크,그 밖의 대규모점포,I,2026-05-07 22:31:32,부산광역시 사하구 다대동로 20 (다대동),직권취소,4,04,05102620180,대규모점포,379834.721482881    ,174676.412428457    ,부산광역시 사하구 다대동 680-2호,2014-01-02 11:29:34
3340000,2000334001707500015,2000-01-25,,영업/정상,,,,,3793,,,서원유통탑마트신평점,대형마트,I,2026-05-07 22:31:32,부산광역시 사하구 하신중앙로 210 (신평동),정상영업,1,01,05102938484,대규모점포,378825.263743941    ,179326.096542535    ,부산광역시 사하구 신평동 452-1호,2024-06-04 17:19:38
3340000,2000334001707500024,2006-12-27,,휴업,,2026-03-01,2026-06-17,,7485.44,,,홈플러스(주)장림점,대형마트,I,2026-05-07 22:31:32,부산광역시 사하구 다대로 225 (장림동),휴업처리,2,02,0514662080,대규모점포,380356.697150584    ,177733.129142587    ,부산광역시 사하구 장림동 185호,2026-02-23 09:42:26
3340000,2005334001707500002,2005-11-24,,휴업,,,,,10266.8,,,리뷰백화점,백화점,I,2026-05-07 22:31:32,부산광역시 사하구 사하로 190 (괴정동),휴업처리,2,02,0512903310,,381751.00317294     ,179575.519981971    ,부산광역시 사하구 괴정동 961번지 1호   ,2007-07-07 10:06:17
3340000,2006334001707500001,2006-04-19,,영업/정상,,,,,8342.23,,,뉴코아 아울렛 괴정점,그 밖의 대규모점포,I,2026-05-07 22:31:32,부산광역시 사하구 사하로 190 (괴정동),정상영업,1,01,0512095000,대규모점포,381751.00317294     ,179575.519981971    ,부산광역시 사하구 괴정동 961번지 1호,2026-05-04 09:35:39
3340000,2006334001707500002,2006-04-27,,영업/정상,,,,,6688.82,,,수협다대회센터,그 밖의 대규모점포,I,2026-05-07 22:31:32,부산광역시 사하구 다대동로 30 (다대동),정상영업,1,01,0512612655,대규모점포,379838.84991767     ,174797.65636454     ,부산광역시 사하구 다대동 820번지 1   호,2014-02-24 14:35:30
3340000,2006334006607500002,2006-09-05,,영업/정상,,,,,5483.73,,,세정아울렛부산점,쇼핑센터,I,2026-05-07 22:31:32,부산광역시 사하구 다대로 207 (장림동),정상영업,1,01,0512070075,대규모점포,380314.898569747    ,177865.132769233    ,부산광역시 사하구 장림동 1055호,2014-02-24 13:57:23
3340000,2010334006607500001,2010-09-10,2010-09-10,취소/말소/만료/정지/중지,,,,,13140.93,604-811,,뉴코아아울렛 괴정점,쇼핑센터,I,2026-05-07 22:31:32,부산광역시 사하구 사하로 190 (괴정동),직권취소,4,04,,대규모점포,381751.00317294     ,179575.519981971    ,부산광역시 사하구 괴정3동 961번지 1호,2014-01-02 13:35:06
3340000,2011334008007500002,2011-08-31,,영업/정상,,,,,786.92,604-823,,(주)서원유통 탑마트 다대점,그 밖의 대규모점포,I,2026-05-07 22:31:32,부산광역시 사하구 다대로554번길 7 (다대동),정상영업,1,01,0513301501,준대규모점포,379679.239411081    ,174871.825606384    ,부산광역시 사하구 다대1동 943번지 8호,2025-04-26 16:09:10
3340000,2011334008007500003,2011-08-31,,영업/정상,,,,,437.4,604-828,,롯데쇼핑(주)롯데슈퍼 당리점,그 밖의 대규모점포,I,2026-05-07 22:31:32,부산광역시 사하구 제석로 68 (당리동),정상영업,1,01,,준대규모점포,380034.928521695    ,180376.056556666    ,부산광역시 사하구 당리동 115번지,2025-12-22 13:43:28
3340000,2012334008007500001,2012-03-14,,영업/정상,,,,,399.67,604-783,,(주)지에스리테일 다대점,그 밖의 대규모점포,I,2026-05-07 22:31:32,"부산광역시  다대낙조2길 100, 제주상가동 지하1층 (다대롯데캐슬몰운대아파트)",정상영업,1,01,,준대규모점포,379255.918825455    ,174835.290190726    ,부산광역시 사하구 다대1동 1624번지 다대롯데캐슬몰운대아파트 제주상가동 지하1층호,2025-05-13 14:28:39
3340000,2012334008007500003,2012-03-21,,영업/정상,,,,,2471.97,604-844,,(주)서원유통 탑마트 장림점,그 밖의 대규모점포,I,2026-05-07 22:31:32,부산광역시 사하구 다대로 296 (장림동),정상영업,1,01,,준대규모점포,380212.195224684    ,177000.001272676    ,부산광역시 사하구 장림1동 312번지,2025-04-26 16:37:48
3340000,2012334008007500004,2012-03-21,,영업/정상,,,,,1423.28,604-806,,(주)서원유통 탑마트 감천점,복합쇼핑몰,I,2026-05-07 22:31:33,부산광역시 사하구 감천로 29 (감천동),정상영업,1,01,,준대규모점포,381933.755382966    ,178823.420186302    ,부산광역시 사하구 감천1동 577번지,2025-04-26 16:00:55
3340000,2012334008007500007,2012-04-04,,영업/정상,,,,,267.3,604-827,,홈플러스(주) 익스프레스 다대포점,대형마트,I,2026-05-07 22:31:33,부산광역시 사하구 다대낙조2길 3 (다대동),정상영업,1,01,0512668542,준대규모점포,379285.24584426     ,174140.916066183    ,부산광역시 사하구 다대1동 1548번지 18호,2024-03-25 16:46:00
3340000,2012334008007500008,2012-04-06,,영업/정상,,,,,6807.19,604-815,,괴정시장 종합상가,그 밖의 대규모점포,I,2026-05-07 22:31:33,부산광역시 사하구 낙동대로 203 (괴정동),정상영업,1,01,,대규모점포,381811.171878275    ,179710.997499038    ,부산광역시 사하구 괴정1동 1016번지 1호,2013-12-11 11:08:37
3340000,2012334008007500009,2000-09-26,,영업/정상,,,,,9547.15,604-041,,롯데쇼핑(주) 롯데마트 사하점,대형마트,I,2026-05-07 22:31:33,부산광역시 사하구 을숙도대로 610 (장림동),정상영업,1,01,0516032522,대규모점포,379719.031458622    ,177973.843364907    ,부산광역시 사하구 장림1동 1033번지 2호,2025-12-30 10:58:06
3340000,2016334008007500001,2016-11-15,,영업/정상,,,,,23810.3,604-852,,아트몰링 부산점,복합쇼핑몰,I,2026-05-07 22:31:33,부산광역시 사하구 낙동남로 1413 (하단동),영업개시전,5,01,0517108802,대규모점포,379212.079721725    ,180390.068955488    ,부산광역시 사하구 하단동 526번지 6호,2016-11-15 12:02:33
3340000,2016334008007500002,2016-12-02,,영업/정상,,,,,23810.3,,49311,아트몰링 부산점,복합쇼핑몰,I,2026-05-07 22:31:33,부산광역시 사하구 낙동남로 1413 (하단동),정상영업,1,01,0517108802,대규모점포,379212.079721725    ,180390.068955488    ,부산광역시 사하구 하단동 526번지 6호,2017-06-27 20:50:28
3340000,2005334001707500001,2005-07-28,,폐업,2006-04-13,,,,0,,,세인트폴백화점(주),백화점,I,2026-05-07 22:31:32,부산광역시 사하구 사하로 190 (괴정동),폐업처리,3,03,0512903310,,381751.00317294     ,179575.519981971    ,부산광역시 사하구 괴정동 961번지 1호,2008-03-13 11:12:59
3350000,2005335001507500002,2005-06-30,,폐업,2021-01-12,2020-09-28,2021-09-27,,12953,,,롯데쇼핑(주) 롯데마트 금정점,대형마트,I,2025-12-15 16:15:28,부산광역시 금정구 중앙대로 1731 (부곡동),폐업처리,3,03,0515807711,대규모점포,390319.153767106    ,195305.783615841    ,부산광역시 금정구 부곡동 223번지 1호,2021-01-13 09:48:47
3350000,2011335008507500003,2011-09-07,,폐업,2017-11-17,,,,982.1,609-340,,탑마트 에누리장터 남산점,구분없음,I,2025-12-15 16:15:28,"부산광역시 금정구 중앙대로 1989, 1층 (남산동)",폐업처리,3,03,0515159696,준대규모점포,390243.955026194    ,197876.850318508    ,부산광역시 금정구 남산동 68번지 1호 남산프라자 1층,2023-02-07 19:06:45
3350000,2003335001507500001,2003-06-02,,폐업,2026-04-13,,,,3198.24,,,동산오차드힐 상가,그 밖의 대규모점포,U,2026-04-15 03:03:03,부산광역시 금정구 청룡예전로 17 (청룡동),폐업처리,3,03,,대규모점포,390158.945016973    ,199237.917206525    ,부산광역시 금정구 청룡동 33번지 4호,2026-04-14 09:45:48
3350000,2005335001507500001,2005-04-15,,영업/정상,,,,,14644.91,,,(주)이마트 금정점,대형마트,I,2025-12-15 16:15:28,부산광역시 금정구 중앙대로1841번길 24 (구서동),정상영업,1,01,0516061052,대규모점포,390208.09260128     ,196546.356333373    ,부산광역시 금정구 구서동 368호,2024-05-01 15:42:30
3350000,2009335008007500001,2009-07-24,,영업/정상,,,,,44990.18,,46241,NC 부산대점,쇼핑센터,U,2026-05-04 03:03:03,부산광역시 금정구 부산대학로63번길 2(장전동),정상영업,1,01,0515097005,대규모점포,389314.662086382    ,194669.898821674    ,부산광역시 금정구 장전동 40,2026-05-03 18:21:57
3350000,2021335014607500001,2021-10-22,,영업/정상,,,,,277.3,,46277,(주)GS리테일 부산금정점,구분없음,I,2025-12-15 16:15:28,"부산광역시 금정구 중앙대로1719번길 47, 골든웨딩프라자예식장 (부곡동)",정상영업,1,01,0515146506,준대규모점포,390131.012671533    ,195111.082376592    ,부산광역시 금정구 부곡동 225-58 골든웨딩프라자예식장,2025-08-22 16:33:07
3350000,2011335008507500002,2011-09-07,,영업/정상,,,,,4546.16,609-410,,(주)서원유통 탑마트 금사점,구분없음,I,2025-12-15 16:15:28,부산광역시 금정구 공단서로 22 (금사동),정상영업,1,01,0515272222,준대규모점포,392147.885346321    ,192919.364133221    ,부산광역시 금정구 금사동 85번지 7호,2025-04-30 17:00:17
3350000,2016335010007500001,2016-10-06,,영업/정상,,,,,4477.24,609-340,,남산(농수산)시장,그 밖의 대규모점포,I,2025-12-15 16:15:28,부산광역시 금정구  금강로  700 (남산동),정상영업,1,01,0515835670,대규모점포,390031.323015507    ,198770.905117783    ,부산광역시 금정구 남산동 93번지 1호,2023-06-26 16:02:33
3350000,2017335010007500001,2017-12-01,,영업/정상,,,,,227,,46294,(주)GS리테일 부산장전점,구분없음,I,2025-12-15 16:15:28,부산광역시 금정구 금강로 209 (장전동),정상영업,1,01,0515104698,준대규모점포,389544.633123958    ,193974.835419157    ,부산광역시 금정구 장전동 538번지 1호 한신시티빌,2025-04-30 17:44:43
3350000,2021335013507500001,2021-10-22,,영업/정상,,,,,277.3,,46277,(주)지에스리테일 부산금정점,구분없음,I,2025-12-15 16:15:28,"부산광역시 금정구 중앙대로1719번길 47, 골든웨딩프라자예식장 (부곡동)",정상영업,1,01,0220062364,준대규모점포,390131.012671533    ,195111.082376592    ,부산광역시 금정구 부곡동 225-58 골든웨딩프라자예식장,2023-02-07 19:05:41
3350000,2011335008507500001,2011-07-25,,영업/정상,,,,,1495,609-320,,(주)서원유통 부곡점,구분없음,I,2025-12-15 16:15:28,부산광역시 금정구 부곡로 79 (부곡동),정상영업,1,01,0515831501,준대규모점포,390264.860389309    ,193541.558799919    ,부산광역시 금정구 부곡동 333번지 1호,2025-04-30 17:48:10
3360000,1933336001307500001,1933-05-09,,영업/정상,,,,,0,,,사덕시장,그 밖의 대규모점포,I,2026-03-26 22:47:52,부산광역시 강서구 대저로277번길 7-13 (대저1동),정상영업,1,01,0519704472,준대규모점포,380459.980792956    ,192214.615705687    ,부산광역시 강서구 대저1동 2343번지 20호,2017-04-07 09:07:37
3360000,1940336001307500001,1940-09-09,,영업/정상,,,,,0,,,덕두시장,그 밖의 대규모점포,I,2026-03-26 22:47:52,부산광역시 강서구 공항로811번다길 7 (대저2동),정상영업,1,01,0519704472,준대규모점포,378133.281586931    ,188443.751415799    ,부산광역시 강서구 대저2동 2014번지 29호,2011-11-22 10:22:02
3360000,1945336001307500001,1945-03-03,,영업/정상,,,,,0,,,(주)명지시장,시장,I,2026-03-26 22:47:52,부산광역시 강서구 신포길 13-2 (명지동),정상영업,1,01,0512712234,준대규모점포,376034.049571333    ,181003.845427074    ,"부산광역시 강서구 명지동 1-377,1-381호",2017-04-07 09:05:59
3360000,2025336018707500001,2025-07-08,,영업/정상,,,,,99069.69,,,더현대 부산,쇼핑센터,I,2026-03-26 22:47:52,,영업개시전,5,01,0269041436,대규모점포,,,"부산광역시 강서구 대저2동 에코델타시티 특별계획구역2 C5(유통판매시설용지 판매 1,2,5)",2025-07-08 13:12:25
3360000,2013336010507500002,2013-12-31,,영업/정상,,,,,53530.86,,46721,BMCO,전문점,I,2026-03-26 22:47:52,부산광역시 강서구 유통단지1로 76 (대저2동),정상영업,1,01,0513114434,대규모점포,377830.639751847    ,187153.695178996    ,부산광역시 강서구 대저2동 3141번지 8호,2023-09-08 10:47:57
3360000,2014336010507500001,2014-05-12,,영업/정상,,,,,68225.93,618-899,,부산 자동차부품 유통단지,전문점,I,2026-03-26 22:47:52,부산광역시 강서구 유통단지1로57번길 34 (대저2동),정상영업,1,01,0513131818,대규모점포,377990.540923002    ,186717.509501627    ,부산광역시 강서구 대저2동 3154번지 2호,2023-12-07 10:57:09
3360000,2018336014507500001,2018-08-30,,영업/정상,,,,,30550,,46726,스타필드 시티 명지점,쇼핑센터,I,2026-03-26 22:47:52,"부산광역시 강서구 명지국제6로 168, 스타필드 시티 명지점 (명지동)",정상영업,1,01,0519900100,대규모점포,374851.695086603    ,178805.753601576    ,부산광역시 강서구 명지동 3438번지 스타필드 시티 명지,2024-04-17 17:36:26
3360000,2013336010507500001,2013-04-17,,영업/정상,,,,,97127.46,618-899,,부산 T-plex 산업용품단지,전문점,I,2026-03-26 22:47:52,부산광역시 강서구 유통단지1로 41 (대저2동),정상영업,1,01,0517961100,대규모점포,378260.668627298    ,186989.385407114    ,부산광역시 강서구 대저2동 3153번지 1호,2023-04-03 09:18:26
3370000,2000337001407500010,1999-10-13,,폐업,2009-07-14,,,,2771.87,,,한창정보타운,그 밖의 대규모점포,I,2026-05-04 22:36:26,부산광역시 연제구 고분로13번길 25 (연산동),폐업처리,3,03,0518607200,,389796.453846771    ,189535.801850121    ,부산광역시 연제구 연산동 603번지 7호,2009-07-24 16:45:24
3370000,2005337001407500001,2001-11-17,,영업/정상,,,,,13800,,,(주)이마트 연제점,대형마트,I,2026-05-04 22:36:26,부산광역시 연제구 연수로 89 (연산동),정상영업,1,01,0518601050,대규모점포,389532.511756755    ,188309.453546847    ,부산광역시 연제구 연산동 822-7호,2024-04-17 09:57:05
3370000,2012337006907500002,2012-05-18,,폐업,2020-09-11,,,,429,611-820,,롯데쇼핑(주)롯데슈퍼 연제점,그 밖의 대규모점포,I,2026-05-04 22:36:26,부산광역시 연제구 세병로 29 (연산동),폐업처리,3,03,0518615602,준대규모점포,389718.978472285    ,189961.75119876     ,부산광역시 연제구 연산4동 579번지 8호,2020-09-14 14:00:28
3370000,2012337006907500003,2012-08-23,,폐업,2025-12-10,2023-08-10,2025-08-09,,6299,611-803,,한양프라자 부산점,쇼핑센터,I,2026-05-04 22:36:26,"부산광역시 연제구 명륜로 3 (거제동, 한양프라자)",폐업처리,3,03,0515039011,대규모점포,389336.200242979    ,190744.312973542    ,부산광역시 연제구 거제1동 125번지 5호 한양프라자,2025-12-10 17:44:54
3370000,2011337006907500001,2011-06-20,,영업/정상,,,,,375,611-836,,홈플러스(주) 익스프레스 부산연제점,구분없음,I,2026-05-04 22:36:26,부산광역시 연제구 배산로 10 (연산동),정상영업,1,01,0518678548,준대규모점포,390616.441119873    ,188113.291136994    ,부산광역시 연제구 연산6동 2133번지 8호,2024-03-15 14:02:05
3370000,2011337006907500002,2011-06-23,,영업/정상,,,,,224.3,611-817,,홈플러스(주) 익스프레스 토곡점,그 밖의 대규모점포,I,2026-05-04 22:36:26,부산광역시 연제구 과정로 226 (연산동),정상영업,1,01,0517518565,준대규모점포,391426.197700912    ,189675.658843247    ,부산광역시 연제구 연산9동 399번지 10호,2024-03-19 18:31:37
3370000,2011337006907500003,2018-06-11,,영업/정상,,,,,987,,47515,(주)서원유통 탑마트 연제점,복합쇼핑몰,I,2026-05-04 22:36:26,부산광역시 연제구 중앙대로 1174 (거제동),정상영업,1,01,0513302555,준대규모점포,389450.735998777    ,190122.249554921    ,부산광역시 연제구 거제동 1470번지 14호,2025-05-16 16:47:57
3370000,2012337006907500001,2012-05-09,,영업/정상,,,,,1369.9,611-812,,롯데쇼핑(주)롯데슈퍼 연산점,복합쇼핑몰,I,2026-05-04 22:36:26,부산광역시 연제구 과정로 115 (연산동),정상영업,1,01,0517565601,준대규모점포,391834.757220277    ,188995.13829877     ,부산광역시 연제구 연산9동 490번지 7호,2026-04-20 18:11:32
3370000,2017337006907500001,2017-06-01,,영업/정상,,,,,17145.55,,47569,트레이더스 홀세일 클럽 연산점,대형마트,I,2026-05-04 22:36:26,부산광역시 연제구 좌수영로 241 (연산동),정상영업,1,01,0519685652,대규모점포,392308.475150846    ,189367.663906888    ,부산광역시 연제구 연산동 2374,2024-04-17 10:00:18
3370000,2024337013407500001,2024-01-08,,영업/정상,,,,,452.45,,47529,GS THE FRESH 부산레이카운티점,복합쇼핑몰,I,2026-05-04 22:36:26,"부산광역시 연제구 아시아드대로 39, 레이카운티 2단지 상가동 1층 101호 (거제동)",정상영업,1,01,0515071993,준대규모점포,388241.263983196    ,189548.920435228    ,부산광역시 연제구 거제동 802,2025-08-25 13:05:47
3370000,2024337013407500002,2024-03-26,,영업/정상,,,,,363.63,,47599,GS THE FRESH 부산시청점,구분없음,I,2026-05-04 22:36:26,부산광역시 연제구 중앙천로 81-17 (연산동),정상영업,1,01,0518527440,준대규모점포,389335.954387053    ,188754.45415331     ,부산광역시 연제구 연산동 1597-4,2025-03-12 17:50:49
3370000,2024337015007500001,2024-08-14,,영업/정상,,,,,495.86,,47539,GS THE FRESH 부산연산점,구분없음,I,2026-05-04 22:36:27,부산광역시 연제구 거제천로 142 (연산동),영업개시전,5,01,0518627400,준대규모점포,389089.698331526    ,189395.97864283     ,부산광역시 연제구 연산동 1290-4,2024-08-14 17:49:30
3370000,1997337001407500001,1997-12-22,,휴업,,,,,,,,㈜아람마트수퍼센터 연산점,그 밖의 대규모점포,I,2026-05-04 22:36:24,,휴업처리,2,02,,,,,부산광역시 연제구 연산동 590번지 6   호   ,2007-07-07 10:19:37
3370000,2000337001407500001,1975-01-25,,영업/정상,,,,,0,,,연산시장,그 밖의 대규모점포,I,2026-05-04 22:36:24,부산광역시 연제구 월드컵대로3번길 24 (연산동),정상영업,1,01,,대규모점포,389926.059811955    ,188279.306774377    ,부산광역시 연제구 연산동 787번지 3   호,2011-11-04 14:08:44
3370000,2000337001407500002,1970-05-14,,영업/정상,,,,,1986.6,,,거제시장,그 밖의 대규모점포,I,2026-05-04 22:36:25,부산광역시 연제구 거제시장로14번길 28 (거제동),정상영업,1,01,0518526133,대규모점포,388745.432070087    ,188934.356377584    ,부산광역시 연제구 거제동 486번지 1호,2023-02-03 09:43:30
3370000,2000337001407500003,1977-05-19,,영업/정상,,,,,0,,,연미새시장,그 밖의 대규모점포,I,2026-05-04 22:36:25,부산광역시 연제구 배산로23번길 3 (연산동),정상영업,1,01,0518657918,대규모점포,390744.593013804    ,188146.054763645    ,부산광역시 연제구 연산동 2124번지 16호,2025-02-15 15:44:52
3370000,2000337001407500004,1978-05-16,,영업/정상,,,,,0,,,연동시장,그 밖의 대규모점포,I,2026-05-04 22:36:25,부산광역시 연제구 연동로8번길 22 (연산동),정상영업,1,01,0518538952,대규모점포,390526.647073215    ,189746.152458796    ,부산광역시 연제구 연산동 312번지 18호,2017-06-28 15:00:05
3370000,2000337001407500005,1978-07-24,,영업/정상,,,,,0,,,거성시장,그 밖의 대규모점포,I,2026-05-04 22:36:26,부산광역시 연제구 아시아드대로 56 (거제동),정상영업,1,01,0515034507,대규모점포,388303.136487734    ,189795.649431296    ,부산광역시 연제구 거제동 987번지 10호,2021-03-24 11:37:01
3370000,2000337001407500006,1978-08-19,,영업/정상,,,,,0,,,연일시장,그 밖의 대규모점포,I,2026-05-04 22:36:26,부산광역시 연제구 고분로 24 (연산동),정상영업,1,01,0518635550,대규모점포,389835.587522962    ,189349.814323306    ,부산광역시 연제구 연산동 636번지 28호,2025-06-07 13:00:30
3370000,2000337001407500007,1978-09-04,,영업/정상,,,,,0,,,연산로타리종합시장,그 밖의 대규모점포,I,2026-05-04 22:36:26,부산광역시 연제구 월드컵대로111번길 6-16 (연산동),정상영업,1,01,0518537201,대규모점포,389558.034825118    ,189244.150651679    ,부산광역시 연제구 연산동 709번지 17호,2011-11-04 13:55:39
3370000,2000337001407500008,1978-09-14,,영업/정상,,,,,0,,,영남종합시장,그 밖의 대규모점포,I,2026-05-04 22:36:26,부산광역시 연제구 중앙대로 1030-1 (연산동),정상영업,1,01,0518520049,대규모점포,389199.493829815    ,188785.567117566    ,부산광역시 연제구 연산동 1328번지 15호,2017-06-28 14:54:28
3370000,2000337001407500009,1980-09-05,,영업/정상,,,,,0,,,연천시장,그 밖의 대규모점포,I,2026-05-04 22:36:26,부산광역시 연제구 과정로276번길 28 (연산동),정상영업,1,01,0518624749,대규모점포,391025.396581604    ,189821.044244511    ,부산광역시 연제구 연산동 364번지 1호,2017-06-28 14:49:13
3370000,2001337001407500002,2001-11-17,,휴업,,,,,,,,이-마트 연제점,그 밖의 대규모점포,I,2026-05-04 22:36:26,,휴업처리,2,02,,,,,부산광역시 연제구 연산동 822번지 7   호   ,2007-07-07 10:19:37
3370000,2003337001407500003,2003-03-26,,영업/정상,,,,,32040,,,홈플러스 주식회사 아시아드점,대형마트,I,2026-05-04 22:36:26,부산광역시 연제구 종합운동장로 7 (거제동),정상영업,1,01,0515008000,대규모점포,387686.194940483    ,189911.430545728    ,부산광역시 연제구 거제동 1208호,2024-02-27 10:42:00
3370000,2004337001407500001,2004-09-09,,영업/정상,,,,,6299.51,,,한양프라자 부산점,쇼핑센터,I,2026-05-04 22:36:26,부산광역시 연제구 명륜로 3 (거제동),정상영업,1,01,0515039011,대규모점포,389432.148270227    ,190572.818373279    ,부산광역시 연제구 거제동 129-5호,2017-09-05 13:44:58
3370000,2010337006907500001,2010-12-17,,폐업,2023-06-15,,,,20510,611-811,,홈플러스 부산 연산점,대형마트,I,2026-05-04 22:36:26,"부산광역시 연제구 반송로 88 (연산동,외19필지)",폐업처리,3,03,0518678580,대규모점포,390220.95452402     ,189976.508572936    ,부산광역시 연제구 연산1동 105번지 1호 외19필지,2023-06-15 17:39:03
3380000,2004338001507500001,2004-04-30,,폐업,2024-06-04,,,,19000.58,,48313,메가마트 남천점,복합쇼핑몰,I,2025-12-15 16:15:28,부산광역시 수영구 황령대로 521 (남천동),폐업처리,3,03,0516086022,대규모점포,392321.102334852    ,184041.758684038    ,부산광역시 수영구 남천동 545번지 2호 메가마트 남천점,2024-06-07 09:36:52
3380000,2011338006207500001,2011-08-10,,폐업,2018-11-15,,,,685,,48225,(주)지에스리테일 수영점,구분없음,I,2025-12-15 16:15:28,부산광역시 수영구 구락로 61 (수영동),폐업처리,3,03,0517112206,준대규모점포,392819.209113096    ,187998.404942507    ,부산광역시 수영구 수영동 483번지 7호,2018-11-16 15:51:50
3380000,2011338006207500002,2011-09-07,,폐업,2016-01-19,,,,1739.1,613-807,,홈플러스(주) 익스프레스 광안점,그 밖의 대규모점포,I,2025-12-15 16:15:28,부산광역시 수영구 수영로 625 (광안동),폐업처리,3,03,0517565015,준대규모점포,392508.316542961    ,186777.560618109    ,부산광역시 수영구 광안1동 491번지 1호,2016-01-19 14:20:20
3380000,2004338001507500002,2004-04-30,,휴업,,,,,13931,,,메가마트 남천점,대형마트,I,2025-12-15 16:15:28,,휴업처리,2,02,0516086022,,,,부산광역시 수영구 남천동 545-2호   ,2007-07-21 10:49:51
3380000,2024338009407500001,2024-10-07,,영업/정상,,,,,253.5,,48312,GS THE FRESH 부산남천역점,구분없음,I,2025-12-15 16:15:28,"부산광역시 수영구 수영로384번길 8, 남천오피스 (남천동)",정상영업,1,01,,준대규모점포,391940.915455362    ,184397.43642228     ,부산광역시 수영구 남천동 258-4 남천오피스,2025-05-21 13:40:16
3380000,2005338001507500002,2005-12-23,,휴업,,,,,19226.83,,,메가마트 남천점,대형마트,I,2025-12-15 16:15:28,,휴업처리,2,02,,,392321.102334852    ,184041.758684038    ,부산광역시 수영구 남천동 545번지 2호   ,2007-07-21 10:49:51
3380000,2009338006207500001,2009-06-26,,영업/정상,,,,,11001.87,,48212,코스트코 홀세일 부산점,대형마트,I,2025-12-15 16:15:28,"부산광역시 수영구 구락로 137 (망미동, 코스트코홀세일 부산점)",정상영업,1,01,0517577100,대규모점포,392622.306077375    ,188645.622106447    ,부산광역시 수영구 망미동 195번지 1호,2015-12-08 12:58:50
3380000,2013338006207500001,2011-09-07,,영업/정상,,,,,1739,,48253,홈플러스(주) 광안점,복합쇼핑몰,I,2025-12-15 16:15:28,부산광역시 수영구 수영로 625 (광안동),정상영업,1,01,0517562277,준대규모점포,392508.316542961    ,186777.560618109    ,부산광역시 수영구 광안동 491번지 1호,2024-04-12 13:13:46
3380000,2023338009407500001,2023-12-18,,영업/정상,,,,,244.07,,48297,GS THE FRESH 광안역점,구분없음,I,2025-12-15 16:15:28,"부산광역시 수영구 수영로582번길 19, 대왕빌딩 (광안동)",정상영업,1,01,,준대규모점포,392568.787551499    ,186329.071303209    ,부산광역시 수영구 광안동 145-3 대왕빌딩,2024-04-11 16:13:50
3380000,2005338001507500001,2005-01-18,,휴업,,,,,5873.75,,,(주)남천해변시장,그 밖의 대규모점포,I,2025-12-15 16:15:28,,휴업처리,2,02,,,,,부산광역시 수영구 남천동 호 556  ,2007-07-21 10:49:51
3390000,2000339001507500004,1978-05-04,,폐업,2005-09-15,,,,95.2,,,냉정시장,그 밖의 대규모점포,I,2025-12-15 16:15:28,부산광역시 사상구 냉정로 120 (주례동),폐업처리,3,03,0513165043,,383394.643145604    ,185210.631075375    ,부산광역시 사상구 주례동 55번지 139 호,2007-08-10 18:08:45
3390000,2011339008307500005,2011-09-21,,영업/정상,,,,,1230.24,617-833,,(주)농협유통 하나로마트 주례점,복합쇼핑몰,I,2025-12-15 16:15:28,부산광역시 사상구 냉정로 120 (주례동),정상영업,1,01,0513258585,준대규모점포,383394.643145604    ,185210.631075375    ,부산광역시 사상구 주례2동 55번지 139호,2025-03-12 19:34:44
3390000,2005339001507500003,2005-04-06,,폐업,2019-10-29,,,,8306,617-723,,(주)이마트 서부산점,대형마트,I,2025-12-15 16:15:28,부산광역시 사상구 낙동대로 910 (감전동),폐업처리,3,03,0513101051,대규모점포,379554.826788489    ,184301.128962727    ,부산광역시 사상구 감전동 502번지 1호,2020-04-22 16:11:50
3390000,1995339001507500015,1995-07-18,,취소/말소/만료/정지/중지,,,,,0,,,부산광역시건축자재판매업협동조합,그 밖의 대규모점포,I,2025-12-15 16:15:28,"부산광역시 사상구 강변대로 570, H동 6호 (엄궁동)",직권취소,4,04,0513114434,,379121.358659294    ,183459.900435184    ,부산광역시 사상구 엄궁동 642호  H 6,2007-08-10 18:19:53
3390000,1998339001507500017,1998-10-10,,취소/말소/만료/정지/중지,,,,,0,,,부산산업용품상협동조합,그 밖의 대규모점포,I,2025-12-15 16:15:28,부산광역시 사상구 괘감로 37 (괘법동),직권취소,4,04,0513190900,,380291.656000926    ,186303.922053702    ,부산광역시 사상구 괘법동 578호,2007-08-10 18:15:57
3390000,2000339001507500001,1976-11-18,,취소/말소/만료/정지/중지,,,,,0,,,사상시장,그 밖의 대규모점포,I,2025-12-15 16:15:28,부산광역시 사상구 사상로162번길 27 (괘법동),직권취소,4,04,0513104472,,381035.353797712    ,186465.687264635    ,부산광역시 사상구 괘법동 550번지 2   호,2007-08-10 18:29:18
3390000,2000339001507500002,1977-05-12,,영업/정상,,,,,113.6,,,감전제일상가,그 밖의 대규모점포,I,2025-12-15 16:15:28,부산광역시 사상구 새벽로168번길 21 (감전동),정상영업,1,01,0513283917,대규모점포,380765.119551746    ,185930.433662507    ,부산광역시 사상구 감전동 121번지 12호,2011-12-14 15:52:51
3390000,2000339001507500003,1978-02-04,,영업/정상,,,,,78.4,,,북부산시장,그 밖의 대규모점포,I,2025-12-15 16:15:28,부산광역시 사상구 사상로285번길 8-3 (덕포동),정상영업,1,01,05103032127,대규모점포,380490.857056408    ,187518.082393732    ,부산광역시 사상구 덕포동 422번지 16  호,2011-11-14 15:56:11
3390000,2000339001507500005,1978-11-14,,취소/말소/만료/정지/중지,,,,,125,,,모라새시장,그 밖의 대규모점포,I,2025-12-15 16:15:28,부산광역시 사상구 모라로51번길 42 (모라동),직권취소,4,04,05103021800,,381060.355224823    ,189805.487733274    ,부산광역시 사상구 모라동 647번지 7호,2007-08-10 18:05:32
3390000,2000339001507500006,1980-10-31,,취소/말소/만료/정지/중지,,,,,0,617-010,,주례종합시장,그 밖의 대규모점포,I,2025-12-15 16:15:28,부산광역시 사상구 학장로324번길 11 (주례동),직권취소,4,04,0518989760,,382232.319967059    ,185207.573770901    ,부산광역시 사상구 주례동 1162번지 27호,2007-08-10 18:06:27
3390000,2000339001507500007,1985-03-29,,영업/정상,,,,,9331.32,617-727,,고려쇼핑센터,복합쇼핑몰,I,2025-12-15 16:15:28,부산광역시 사상구 사상로 201 (괘법동),정상영업,1,01,05105591022,대규모점포,380509.783074122    ,186704.067271609    ,부산광역시 사상구 괘법동 533번지 1호,2014-10-01 16:44:54
3390000,2000339001507500008,1992-06-18,,영업/정상,,,,,4137.34,,,우신상가,그 밖의 대규모점포,I,2025-12-15 16:15:28,부산광역시 사상구 백양대로 884 (모라동),정상영업,1,01,0513127400,대규모점포,381376.053716185    ,189006.221241803    ,부산광역시 사상구 모라동 1362호,2016-01-25 13:58:24
3390000,2000339001507500009,1992-09-01,,영업/정상,,,,,326.5,,,구덕대림상가,그 밖의 대규모점포,I,2025-12-15 16:15:28,부산광역시 사상구 학감대로49번길 56 (학장동),정상영업,1,01,0513127960,대규모점포,381506.552252139    ,183534.872535211    ,부산광역시 사상구 학장동 167번지 3호,2011-11-14 15:32:17
3390000,2000339001507500010,1994-10-07,,영업/정상,,,,,4856.96,,,학장반도아파트상가,그 밖의 대규모점포,I,2025-12-15 16:15:28,부산광역시 사상구 대동로 98 (학장동),정상영업,1,01,0513236453,대규모점포,380301.405897075    ,183841.243710233    ,부산광역시 사상구 학장동 573번지 1호,2019-09-24 17:45:04
3390000,2000339001507500011,1995-06-29,,영업/정상,,,,,957.7,,,(주)영해종합시장,그 밖의 대규모점포,I,2025-12-15 16:15:28,부산광역시 사상구 학감대로 109-10 (학장동),정상영업,1,01,0513271150,대규모점포,381107.436680001    ,184203.598938232    ,부산광역시 사상구 학장동 570번지 2호,2011-11-14 15:34:13
3390000,2000339001507500012,1997-09-13,,영업/정상,,,,,14105.77,,,부산산업용재 유통상가,복합쇼핑몰,I,2025-12-15 16:15:28,부산광역시 사상구 새벽로 131 (감전동),정상영업,1,01,0513243913,대규모점포,380482.767624189    ,185582.274947583    ,부산광역시 사상구 감전동 152번지 2호,2017-01-09 09:53:18
3390000,2000339001507500013,1996-09-20,,영업/정상,,,,,2746.95,617-010,,주례현대무지개 상가,그 밖의 대규모점포,I,2025-12-15 16:15:28,부산광역시 사상구 주례로 101 (주례동),정상영업,1,01,05103248891,대규모점포,382696.80654055     ,184731.028529187    ,부산광역시 사상구 주례동 530번지 5호,2011-11-14 15:48:45
3390000,2000339001507500014,1998-04-07,,영업/정상,,,,,0,617-831,,부산광역시철강판매업협동조합,전문점,I,2025-12-15 16:15:28,부산광역시 사상구 강변대로532번길 17-49 (엄궁동),정상영업,1,01,05103234670,대규모점포,379171.834448177    ,183495.894355047    ,부산광역시 사상구 엄궁동 642번지 3호,2011-11-14 15:13:07
3390000,2000339001507500015,1998-05-06,2004-06-19,취소/말소/만료/정지/중지,,,,,0,,,부산건재집배송,그 밖의 대규모점포,I,2025-12-15 16:15:28,부산광역시 사상구 강변대로 570 (엄궁동),직권취소,4,04,05103165511,대규모점포,379121.358659294    ,183459.900435184    ,부산광역시 사상구 엄궁동 642호,2011-11-14 14:38:05
3390000,2000339001507500016,1997-09-05,,영업/정상,,,,,25321.54,,,마트월드,구분없음,I,2025-12-15 16:15:28,부산광역시 사상구 낙동대로 910 (감전동),정상영업,1,01,0513100701,대규모점포,379554.826788489    ,184301.128962727    ,부산광역시 사상구 감전동 502번지 1호,2024-08-01 15:32:47
3390000,2000339001507500017,1998-10-10,,영업/정상,,,,,57094.72,,,부산산업용품상 협동조합,그 밖의 대규모점포,I,2025-12-15 16:15:28,부산광역시 사상구 괘감로 37 (괘법동),정상영업,1,01,0513190900,대규모점포,380291.656000926    ,186303.922053702    ,부산광역시 사상구 괘법동 578호,2011-11-14 14:34:30
3390000,2000339001507500018,1999-01-08,,취소/말소/만료/정지/중지,,,,,2494.7,,,르네시떼,그 밖의 대규모점포,I,2025-12-15 16:15:28,부산광역시 사상구 광장로 7 (괘법동),직권취소,4,04,05103195000,대규모점포,380128.339808992    ,186803.363627799    ,부산광역시 사상구 괘법동 529번지 1   호,2011-11-14 15:36:04
3390000,2000339001507500019,1999-01-08,,영업/정상,,,,,10310,,,홈플러스(주)서부산점,대형마트,I,2025-12-15 16:15:28,부산광역시 사상구 광장로 7 (괘법동),정상영업,1,01,0516098094,대규모점포,380128.339808992    ,186803.363627799    ,부산광역시 사상구 괘법동 529번지 1   호,2024-02-27 10:54:30
3390000,2000339001507500021,2000-01-25,,영업/정상,,,,,42.96,,,성황리마트,그 밖의 대규모점포,I,2025-12-15 16:15:28,부산광역시 사상구 대동로 95 (학장동),정상영업,1,01,0513121500,대규모점포,380187.188805508    ,183935.965594738    ,부산광역시 사상구 학장동 797번지 1   호,2011-11-14 14:28:28
3390000,2004339001507500001,1995-07-18,,영업/정상,,,,,20350,617-831,,관리단대표회의,그 밖의 대규모점포,I,2025-12-15 16:15:28,부산광역시 사상구 강변대로 570 (엄궁동),정상영업,1,01,0513157400,대규모점포,379121.358659294    ,183459.900435184    ,부산광역시 사상구 엄궁동 642번지,2023-02-09 13:33:38
3390000,2005339001507500001,1999-01-08,,영업/정상,,,,,23091.56,,,(주)르네시떼,그 밖의 대규모점포,I,2025-12-15 16:15:28,부산광역시 사상구 광장로 7 (괘법동),정상영업,1,01,0513195000,대규모점포,380128.339808992    ,186803.363627799    ,부산광역시 사상구 괘법동 529번지 1호,2024-04-08 17:35:15
3390000,2005339001507500002,2005-04-06,,영업/정상,,,,,17652,617-808,,(주)이마트 사상점,구분없음,I,2025-12-15 16:15:28,부산광역시 사상구 광장로 17 (괘법동),정상영업,1,01,0513291053,대규모점포,380225.635402132    ,186791.51940672     ,부산광역시 사상구 괘법동 531번지 2호,2024-04-18 15:57:49
3390000,2005339001507500004,2005-09-30,,영업/정상,,,,,565.76,,,(주)미래도시(경동윈츠빌),그 밖의 대규모점포,I,2025-12-15 16:15:28,부산광역시 사상구 냉정로 120 (주례동),정상영업,1,01,0513221871,대규모점포,383394.643145604    ,185210.631075375    ,부산광역시 사상구 주례동 55번지 139호,2011-11-14 14:24:31
3390000,2006339001507500001,2006-05-16,,영업/정상,,,,,14645,617-830,,롯데쇼핑(주)롯데마트사상점,복합쇼핑몰,I,2026-01-13 22:18:10,부산광역시 사상구 낙동대로 733 (엄궁동),정상영업,1,01,0513292511,대규모점포,379352.805619145    ,182712.079140728    ,부산광역시 사상구 엄궁동 690번지,2026-01-12 14:33:15
3390000,2011339008307500001,2011-07-07,,영업/정상,,,,,1928,617-081,,홈플러스(주)익스프레스모라점,그 밖의 대규모점포,I,2025-12-15 16:15:28,부산광역시 사상구 모라로 116 (모라동),정상영업,1,01,0513282862,준대규모점포,381395.589872007    ,189216.398760621    ,부산광역시 사상구 모라1동 425번지 2호,2024-03-26 11:25:41
3390000,2011339008307500002,2011-07-26,,영업/정상,,,,,745,617-010,,(주)지에스리테일주례점,복합쇼핑몰,I,2025-12-15 16:15:28,"부산광역시 사상구 가야대로284번길 2, 18동 지하층 (주례동, 럭키종합상가)",정상영업,1,01,,준대규모점포,382436.672627765    ,185119.096733246    ,부산광역시 사상구 주례동 595번지 럭키종합상가 제18동 제지하층,2025-04-20 16:17:08
3390000,2011339008307500003,2011-07-26,,영업/정상,,,,,558,617-832,,(주)지에스리테일신주례점,복합쇼핑몰,I,2025-12-15 16:15:28,"부산광역시 사상구 백양대로342번길 17, 상가동 지하1호 (주례동, 신주례엘지아파트)",정상영업,1,01,0513266690,준대규모점포,383384.19405997     ,185715.842995396    ,부산광역시 사상구 주례2동 10번지 4호 엘지신주례아파트 상가동 제지하층 제1호,2025-04-20 16:08:45
3390000,2000339001507500020,1999-05-28,,폐업,2003-04-30,,,,3506.93,,,콘티코,그 밖의 대규모점포,I,2025-12-15 16:15:28,부산광역시 사상구 광장로 17 (괘법동),폐업처리,3,03,0236680300,,380225.635402132    ,186791.51940672     ,부산광역시 사상구 괘법동 531번지 2호,2009-02-20 17:35:59
3400000,2016340007207500001,2016-06-29,,영업/정상,,,,,12916.78,,46078,판타지오스퀘어,그 밖의 대규모점포,I,2026-05-03 22:38:29,부산광역시 기장군 기장읍 기장해안로 98,정상영업,1,01,0234560000,대규모점포,401472.222155142    ,189850.695819127    ,부산광역시 기장군 기장읍 시랑리 489번지 9호,2023-02-23 11:27:40
3400000,2015340007207500001,2015-11-24,,영업/정상,,,,,9474.97,,46029,힐탑 프리미엄 아울렛,전문점,I,2026-05-03 22:38:29,부산광역시 기장군 장안읍 정관로 1142 (힐탑 프리미엄 아울렛),정상영업,1,01,0512012734,대규모점포,403231.72054208     ,204710.416636969    ,,2023-10-04 10:33:28
3400000,2014340004407500001,2014-10-21,,영업/정상,,,,,81233.42,619-902,,롯데몰 동부산점,복합쇼핑몰,I,2026-05-03 22:38:29,부산광역시 기장군 기장읍 기장해안로 147 (동부산관광단지내),정상영업,1,01,027712500,대규모점포,401473.950698586    ,190354.255834345    ,부산광역시 기장군 기장읍 당사리 64번지 외 106필지 (동부산관광단지 내),2026-04-09 09:24:33
3400000,2012340004407500006,2012-10-17,,영업/정상,,,,,53233.98,619-953,,신세계사이먼,전문점,I,2026-05-03 22:38:29,부산광역시 기장군 장안읍 정관로 1133,정상영업,1,01,0221851230,대규모점포,403214.458027912    ,204878.049675429    ,부산광역시 기장군 장안읍 좌동리 산 32번지 일원,2023-11-01 14:31:08
3400000,2012340004407500004,2012-02-07,,영업/정상,,,,,1785.56,619-906,,주식회사 서원유통 탑마트 기장점,대형마트,I,2026-05-03 22:38:29,부산광역시 기장군 기장읍 대청로71번길 5,정상영업,1,01,0517221001,준대규모점포,401768.079655105    ,195341.887485194    ,부산광역시 기장군 기장읍 청강리 297번지,2025-04-24 14:36:52
3400000,2012340004407500003,2012-02-07,,영업/정상,,,,,1345.42,619-905,,주식회사 서원유통 탑마트 기장서부점,대형마트,I,2026-05-03 22:38:29,부산광역시 기장군 기장읍 읍내로 49,정상영업,1,01,0517242828,준대규모점포,401087.048808535    ,196279.241951554    ,부산광역시 기장군 기장읍 서부리 76번지 1호,2025-04-24 14:33:30
3400000,2018340010907500001,2018-03-26,,영업/정상,,,,,35299.92,,46015,탑스퀘어,그 밖의 대규모점포,I,2026-05-03 22:38:29,부산광역시 기장군 정관읍 정관중앙로 45,정상영업,1,01,0517100056,대규모점포,398024.244821605    ,204621.655738547    ,부산광역시 기장군 정관읍 매학리 717번지 6호,2026-03-30 10:32:11
3400000,2012340004407500005,2012-02-14,,폐업,2018-03-15,,,,1316,619-903,,홈플러스(주) 익스프레스 기장점,대형마트,I,2026-05-03 22:38:29,부산광역시 기장군 기장읍 차성동로 63,폐업처리,3,03,0517244500,준대규모점포,401671.555424286    ,196027.510818284    ,부산광역시 기장군 기장읍 대라리 57번지,2018-03-15 13:43:30
3400000,2010340004407500001,2010-05-07,,영업/정상,,,,,7372.53,,46048,(주)메가마트 기장점,대형마트,U,2026-05-07 03:03:03,부산광역시 기장군 일광읍 기장대로 673,정상영업,1,01,0512906000,대규모점포,402168.69425719     ,197304.274454258    ,부산광역시 기장군 일광읍 삼성리 547-6,2026-05-06 10:38:57
3400000,2004340002507500001,2004-08-25,,영업/정상,,,,,6763,619-903,,기장시장번영회,시장,I,2026-05-03 22:38:28,부산광역시 기장군 기장읍 읍내로104번길 16,정상영업,1,01,0517213963,대규모점포,401565.298367879    ,196053.021231446    ,부산광역시 기장군 기장읍 대라리 72번지 1호,2024-04-08 13:37:07
3400000,2024340013207500001,2024-04-26,,영업/정상,,,,,0,,46029,노브랜드 부산아울렛점,구분없음,I,2026-05-03 22:38:29,"부산광역시 기장군 장안읍 정관로 1133, 부산프리미엄아울렛 700동 102호",정상영업,1,01,0519401102,준대규모점포,403214.458027912    ,204878.049675429    ,부산광역시 기장군 장안읍 좌천리 545 부산프리미엄아울렛,2024-04-26 13:49:44
3400000,2021340010907500001,2021-03-31,,영업/정상,,,,,18430.51,,,부산 오시리아 테마파크 판매시설,쇼핑센터,I,2026-05-03 22:38:29,,정상영업,1,01,0269597869,대규모점포,401648.172377821    ,190623.521052889    ,부산광역시 기장군 기장읍 시랑리 산 46,2021-07-13 20:35:21
3400000,2019340010907500001,2019-04-25,,영업/정상,,,,,22654.44,,46084,이케아 동부산점,전문점,I,2026-05-03 22:38:29,"부산광역시 기장군 기장읍 동부산관광3로 17, 이케아 동부산점",정상영업,1,01,023108700,대규모점포,401263.933189653    ,190196.173106958    ,부산광역시 기장군 기장읍 당사리 52번지 2호 이케아 동부산점,2024-02-13 15:50:12
3400000,2010340004407500002,2010-12-02,,영업/정상,,,,,7556.89,,46015,홈플러스 부산정관점,대형마트,I,2026-05-03 22:38:29,"부산광역시 기장군 정관읍 정관5로 50, 정관 홈플러스",정상영업,1,01,0515198224,대규모점포,397835.275062345    ,204802.042928644    ,부산광역시 기장군 정관읍 매학리 712-1 정관 홈플러스,2024-03-05 11:38:17
3410000,1977341004607500001,1977-12-29,,영업/정상,,,,,,,,서문시장제5지구시장,그 밖의 대규모점포,I,2026-05-08 22:34:09,,정상영업,1,01,0532551059,,,,대구광역시 중구 대신동 115번지 400 호   ,2007-07-14 13:31:56
3410000,1977341004607500002,1977-12-14,,영업/정상,,,,,10799.72,,41926,동산상가번영회,그 밖의 대규모점포,I,2026-05-08 22:34:09,"대구광역시 중구 큰장로26길 65, 동산상가 (대신동)",정상영업,1,01,0532573562,대규모점포,342780.445664667    ,264345.364395955    ,대구광역시 중구 대신동 115-30 동산상가,2026-03-31 15:35:55
3410000,1977341004607500003,1977-01-14,,영업/정상,,,,,3699,,,(주)대현프리몰 대구점,시장,I,2026-05-08 22:34:09,대구광역시 중구 국채보상로 지하 580 (동성로2가),정상영업,1,01,0532552427,대규모점포,344058.72601522     ,264583.431967341    ,대구광역시 중구 동성로2가 41번지 8호,2025-03-19 14:16:20
3410000,1985341004607500001,1985-01-17,,영업/정상,,,,,3368,,41925,대신지하상가,그 밖의 대규모점포,I,2026-05-08 22:34:09,"대구광역시 중구 국채보상로 지하470, 대신지하상가 (대신동)",정상영업,1,01,0536572560,대규모점포,342797.374532252    ,264457.420146092    ,대구광역시 중구 대신동 115-1 대신지하상가,2025-04-10 14:46:57
3410000,1988341004607500001,1988-01-12,,영업/정상,,,,,,,,번개시장,그 밖의 대규모점포,I,2026-05-08 22:34:09,대구광역시 중구 태평로 177-2 (태평로1가),정상영업,1,01,0534233460,,344182.487426437    ,265065.535110709    ,대구광역시 중구 태평로1가 1번지 186호   ,2007-07-14 13:31:56
3410000,1993341004607500001,1993-04-09,,영업/정상,,,,,,,,보성황실시장,그 밖의 대규모점포,I,2026-05-08 22:34:09,,정상영업,1,01,0532567314,,,,대구광역시 중구 남산동 2466번지 1   호   ,2007-07-14 13:31:56
3410000,1997341010507500001,1997-09-03,,영업/정상,,,,,46625.73,,,대백프라자,백화점,I,2026-05-08 22:34:09,대구광역시 중구 명덕로 333 (대봉동),정상영업,1,01,0534208700,대규모점포,345032.238220744    ,262949.871621315    ,,2014-10-15 10:44:08
3410000,2000341004607500001,2000-11-22,,영업/정상,,,,,,,,베네시움,그 밖의 대규모점포,I,2026-05-08 22:34:09,대구광역시 중구 달성로 18 (동산동),정상영업,1,01,0532110001,,342873.708751435    ,264097.482094432    ,대구광역시 중구 동산동 562호   ,2007-07-14 13:31:56
3410000,2004341001307500001,2004-02-24,,휴업,,,,,,,,(주)동부시장,그 밖의 대규모점포,I,2026-05-08 22:34:09,,휴업처리,2,02,,,,,대구광역시 중구 동인동2가 470-2호   ,2007-07-14 13:31:56
3410000,2005341001307500001,2005-03-24,,휴업,,,,,13089,,,메트로센터,그 밖의 대규모점포,I,2026-05-08 22:34:09,,휴업처리,2,02,0534229733,,343820.407679695    ,264018.876070282    ,대구광역시 중구 덕산동 88호 번지외  ,2007-07-14 13:31:56
3410000,2005341001307500002,2005-06-20,,영업/정상,,,,,4319.4,700-823,,메트로프라자,그 밖의 대규모점포,I,2026-05-08 22:34:09,"대구광역시 중구 달구벌대로 지하 2160 (봉산동,외)",정상영업,1,01,0536572560,대규모점포,344083.488662959    ,263931.20586801     ,대구광역시 중구 봉산동 127번지 1호 외,2025-04-10 14:51:08
3410000,2005341001307500003,2005-03-24,,영업/정상,,,,,13085.83,,41957,메트로센터,그 밖의 대규모점포,I,2026-05-08 22:34:09,"대구광역시 중구 달구벌대로 지하 2100, 반월당역 (덕산동)",정상영업,1,01,0536572560,대규모점포,343820.407679695    ,264018.876070282    ,대구광역시 중구 덕산동 88 반월당역,2025-04-10 14:50:25
3410000,2006341001307500002,2006-09-15,2020-10-08,취소/말소/만료/정지/중지,,,,,3804.08,,,유플러스,전문점,I,2026-05-08 22:34:09,대구광역시 중구 동성로5길 25 (삼덕동1가),직권취소,4,04,0534219323,대규모점포,344075.95360592     ,264266.216086833    ,대구광역시 중구 삼덕동1가 5번지 2   호,2020-10-08 17:57:24
3410000,2009341007107500001,2009-11-30,,영업/정상,,,,,4194,700-739,,흥구삼덕빌딩,전문점,I,2026-05-08 22:34:09,대구광역시 중구 동성로3길 35 (삼덕동1가),정상영업,1,01,0534245585,대규모점포,344203.891808536    ,264147.064731126    ,"대구광역시 중구 삼덕동1가 15-1, 3",2022-12-13 11:24:06
3410000,2010341007107500002,1997-09-03,,영업/정상,,,,,25138.34,,41936,동아쇼핑점,쇼핑센터,I,2026-05-08 22:34:09,"대구광역시 중구 달구벌대로 2085, 동아쇼핑 (덕산동)",정상영업,1,01,0532513391,대규모점포,343705.561002201    ,264056.630948974    ,대구광역시 중구 덕산동 53-3 동아쇼핑,2026-04-28 13:18:51
3410000,2011341007107500001,2011-03-08,,영업/정상,,,,,36820,,41936,현대백화점 대구점,복합쇼핑몰,I,2026-05-08 22:34:09,대구광역시 중구 달구벌대로 2077 (계산동2가),정상영업,1,01,0532452233,대규모점포,343588.735554802    ,264119.010750105    ,대구광역시 중구 계산동2가 200 현대백화점,2024-03-26 13:55:11
3410000,2011341007107500002,2011-08-17,,영업/정상,,,,,870.7,700-808,,롯데쇼핑(주) 롯데슈퍼남산점,복합쇼핑몰,I,2026-05-08 22:34:09,대구광역시 중구 달구벌대로 1936 (남산동),정상영업,1,01,0532525601,준대규모점포,342303.123487642    ,263634.294525217    ,대구광역시 중구 남산4동 2971번지 11호,2026-04-17 10:40:05
3410000,2013341007107500001,2013-03-11,,영업/정상,,,,,11435.71,700-750,,서문시장2지구종합상가,그 밖의 대규모점포,I,2026-05-08 22:34:09,대구광역시 중구  큰장로26길  25 (대신동),정상영업,1,01,0532572289,대규모점포,342582.197988377    ,264326.558135053    ,대구광역시 중구 대신동 2105번지,2024-01-31 16:58:00
3410000,1997341005107500001,2001-03-30,,폐업,2008-05-22,,,,0,,,프라이비트 대구점,그 밖의 대규모점포,I,2026-05-08 22:34:09,대구광역시 중구 동성로 17 (동성로2가),폐업처리,3,03,0534283000,,343957.894411338    ,264325.130246658    ,대구광역시 중구 동성로2가 125호,2010-11-02 14:43:54
3410000,1998341010507500001,1998-03-30,,폐업,2022-02-23,2021-09-15,2022-09-14,,22026.27,,,대구백화점,백화점,I,2026-05-08 22:34:09,대구광역시 중구 동성로 30 (동성로2가),폐업처리,3,03,0534231234,대규모점포,344047.979265366    ,264405.128695786    ,,2022-02-23 13:10:49
3410000,2000341005107500001,2000-12-07,,폐업,2010-05-10,,,,0,,,한일밀라노존,전문점,I,2026-05-08 22:34:09,,폐업처리,3,03,0534215658,,,,대구광역시 중구 동성로2가 88-22호,2011-03-11 15:07:22
3410000,2001341001307500012,2001-08-20,,폐업,2007-09-04,,,,0,,,대구밀리오레,그 밖의 대규모점포,I,2026-05-08 22:34:09,대구광역시 중구 국채보상로 611 (문화동),폐업처리,3,03,0263731117,,344223.636477027    ,264597.611088657    ,대구광역시 중구 문화동 11번지 1호,2010-11-02 14:59:06
3410000,2001341001307520011,2001-07-04,,폐업,2007-02-07,,,,0,,,이스테이션,그 밖의 대규모점포,I,2026-05-08 22:34:09,대구광역시 중구 동성로6길 36 (공평동),폐업처리,3,03,0534284300,,344182.11757593     ,264325.505091991    ,대구광역시 중구 공평동 55번지 54  호,2010-11-02 15:13:35
3410000,2006341001307500001,2000-12-07,,폐업,2010-05-10,,,,3238.4,,,한일밀라노존,전문점,I,2026-05-08 22:34:09,대구광역시 중구 동성로 39 (동성로2가),폐업처리,3,03,0534215658,,344009.240935636    ,264537.611181944    ,대구광역시 중구 동성로2가 88번지 22호,2010-05-11 10:08:42
3410000,2007341007107500001,2007-08-23,,폐업,2020-12-18,,,,15668.17,,41909,동성로 파티,쇼핑센터,I,2026-05-08 22:34:09,대구광역시 중구 국채보상로 585 (사일동),폐업처리,3,03,0536091400,대규모점포,343932.188380264    ,264630.94487331     ,대구광역시 중구 사일동 15번지 1호 동성로파티,2020-12-18 17:16:32
3410000,1976341004607500001,1976-08-02,,영업/정상,,,,,,,,남문시장,그 밖의 대규모점포,I,2026-05-08 22:34:09,,정상영업,1,01,0532572415,,,,대구광역시 중구 남산동 698번지 22  호   ,2007-07-14 13:31:56
3410000,1975341004607500001,1975-03-17,,휴업,,,,,,,,동부시장,그 밖의 대규모점포,I,2026-05-08 22:34:08,,휴업처리,2,02,0534259561,,,,대구광역시 중구 동인동4가 460호   ,2007-07-14 13:31:56
3410000,1974341004607500003,1974-12-04,,영업/정상,,,,,,,,서문시장제4지구시장,그 밖의 대규모점포,I,2026-05-08 22:34:08,,정상영업,1,01,0532552915,,,,대구광역시 중구 대신동 115번지 377 호   ,2007-07-14 13:31:56
3410000,1974341004607500002,1974-10-07,,영업/정상,,,,,2752.81,,41926,서문시장제1지구포목시장,그 밖의 대규모점포,I,2026-05-08 22:34:08,"대구광역시 중구 큰장로28길 10, 서문시장 1지구 (대신동)",정상영업,1,01,0532547924,대규모점포,342609.226128903    ,264390.352075673    ,대구광역시 중구 대신동 115-379 서문시장 1지구,2023-10-12 16:08:25
3410000,1974341004607500001,1974-03-04,,영업/정상,,,,,,,,서문시장제1지구직물시장,그 밖의 대규모점포,I,2026-05-08 22:34:08,,정상영업,1,01,0532549870,,,,   호   ,2007-07-14 13:31:56
3410000,1972341004607500001,1972-11-24,,영업/정상,,,,,,,,중앙시장,그 밖의 대규모점포,I,2026-05-08 22:34:08,,정상영업,1,01,0532573630,,,,대구광역시 중구 동인동4가 460호   ,2007-07-14 13:31:56
3410000,1971341004607500002,1971-11-12,,영업/정상,,,,,,,,대구맨션마켓,그 밖의 대규모점포,I,2026-05-08 22:34:08,,정상영업,1,01,0534274378,,,,대구광역시 중구 대봉동 55번지 61  호   ,2007-07-14 13:31:56
3410000,1971341004607500001,1971-01-20,,영업/정상,,,,,1924.5,,41912,교동시장,그 밖의 대규모점포,I,2026-05-08 22:34:08,"대구광역시 중구 교동길 40, 교동시장 (교동)",정상영업,1,01,0534245008,대규모점포,344114.196249566    ,264837.581655233    ,대구광역시 중구 교동 67-12 교동시장,2023-10-27 13:04:34
3410000,1969341004607500001,1969-02-01,,영업/정상,,,,,,,,동국철물시장,그 밖의 대규모점포,I,2026-05-08 22:34:08,,정상영업,1,01,0532550675,,,,대구광역시 중구 동인동4가 460호   ,2007-07-14 13:31:56
3410000,1962341004607500001,1962-08-27,,영업/정상,,,,,,,,덕산시장,그 밖의 대규모점포,I,2026-05-08 22:34:08,대구광역시 중구 종로 8 (덕산동),정상영업,1,01,0532523831,,343755.726909523    ,264103.249705854    ,대구광역시 중구 덕산동 38호   ,2007-07-14 13:31:56
3410000,2024341016307500001,2024-01-17,,영업/정상,,,,,136.4,,41920,GS THE FRESH 대구역풍경채점,구분없음,I,2026-05-08 22:34:09,"대구광역시 중구 달성로26길 70, 상가동 106호, 108~110호 (수창동, 대구역 제일풍경채 위너스카이)",정상영업,1,01,,준대규모점포,,,대구광역시 중구 수창동 178 대구역 제일풍경채 위너스카이,2025-04-11 10:25:51
3410000,2019341013007500001,2019-09-25,,영업/정상,,,,,13179.89,,41938,태왕스파크,그 밖의 대규모점포,I,2026-05-08 22:34:09,대구광역시 중구 동성로6길 61 (공평동),정상영업,1,01,0537661860,대규모점포,344317.219568243    ,264349.485185736    ,대구광역시 중구 공평동 58번지 6호,2020-07-09 10:07:21
3410000,2010341007107500001,1997-08-26,,폐업,2021-12-30,,,,9364.27,700-711,,동아아울렛 동문본점,백화점,I,2026-05-08 22:34:09,"대구광역시 중구 경상감영길 171 (동문동,외 6필지)",폐업처리,3,03,0534294230,대규모점포,344148.3520334      ,264812.353730496    ,대구광역시 중구 동문동 20번지 4호 외 6필지,2021-12-31 11:08:20
3410000,2026341018207500001,2026-03-03,,영업/정상,,,,,233.3,,41911,GS THE FRESH 대구동인점,구분없음,I,2026-05-08 22:34:09,"대구광역시 중구 태평로 240, 근린생활시설 135~138호 (동인동1가, 힐스테이트 동인 더 스카이)",영업개시전,5,01,,준대규모점포,,,대구광역시 중구 동인동1가 420 힐스테이트 동인 더 스카이,2026-03-03 09:29:02
3410000,2017341012007500001,2017-04-26,,영업/정상,,,,2017-09-01,7643,,41961,탑마트 대구점,대형마트,I,2026-05-08 22:34:09,"대구광역시 중구 중앙대로66길 20 (남산동, 반월당효성해링턴플레이스)",정상영업,1,01,0513302583,대규모점포,343902.080116286    ,263530.80993882     ,대구광역시 중구 남산동 3006 반월당효성해링턴플레이스,2025-04-25 10:45:17
3420000,1998342005807500001,1998-11-02,,휴업,,,,,0,,,까르푸 동촌 하이퍼마켓,대형마트,I,2026-04-30 22:30:10,,휴업처리,2,02,0539845415,,349426.805402323    ,266377.854783573    ,대구광역시 동구 검사동 908번지 5호   ,2007-07-14 11:21:18
3420000,2000342000007500001,2000-05-18,,영업/정상,,,,,200,,,확산대형마트,대형마트,I,2026-04-30 22:30:10,,정상영업,1,01,,,,,대구광역시 동구 각산동 호   ,2007-07-14 11:21:18
3420000,2000342000007500002,2000-05-18,,영업/정상,,,,,8,,,동대구,그 밖의 대규모점포,I,2026-04-30 22:30:10,,정상영업,1,01,,,,,대구광역시 동구 각산동 호   ,2007-07-14 11:21:18
3420000,2000342000007500003,2000-05-18,,영업/정상,,,,,200,,,확산마트,대형마트,I,2026-04-30 22:30:10,,정상영업,1,01,,,,,대구광역시 동구 각산동 호   ,2007-07-14 11:21:18
3420000,2004342005807500001,2004-08-21,,영업/정상,,,,,16445.98,701-868,,(주)이마트 반야월점,대형마트,I,2026-04-30 22:30:10,대구광역시 동구 안심로 389-2 (신서동),정상영업,1,01,0536651052,대규모점포,355939.362329351    ,264777.243597576    ,대구광역시 동구 신서동 520번지 1호,2024-05-08 16:44:30
3420000,2004342005807500002,2004-12-10,,영업/정상,,,,,0,,41083,더블럭(The Block),그 밖의 대규모점포,I,2026-04-30 22:30:10,"대구광역시 동구 안심로 389-5, 더블럭 (신서동)",정상영업,1,01,0532135225,대규모점포,355855.955513013    ,264865.695919751    ,대구광역시 동구 신서동 521번지 36호 더블럭,2018-05-08 09:14:19
3420000,2004342005807500003,2004-12-14,,영업/정상,,,,,0,,41083,제이에스인터내셔날,그 밖의 대규모점포,I,2026-04-30 22:30:10,대구광역시 동구 안심로 389-3 (신서동),정상영업,1,01,0532135225,대규모점포,355857.357218327    ,264781.41070211     ,대구광역시 동구 신서동 521번지 39호,2018-05-08 09:13:10
3420000,2008342009007500001,2008-10-28,,휴업,,2026-02-01,2027-01-31,,11787.54,701-860,,홈플러스 주식회사 동촌점,대형마트,I,2026-04-30 22:30:10,대구광역시 동구 동촌로 127 (검사동),휴업처리,2,02,0535592080,대규모점포,349426.805402323    ,266377.854783573    ,대구광역시 동구 검사동 908번지 5호,2026-02-06 14:13:21
3420000,2010342009007500001,2010-07-13,,영업/정상,,,,,25448.82,701-220,,롯데쇼핑프라자 율하점,쇼핑센터,U,2026-05-05 03:03:03,대구광역시 동구 안심로 80 (율하동),정상영업,1,01,0539659250,대규모점포,352868.53664899     ,264480.565484064    ,대구광역시 동구 율하동 1117번지,2026-05-04 18:06:08
3420000,2011342011107500001,2011-04-26,,영업/정상,,,,,27231.15,701-170,,롯데아울렛 이시아폴리스점,복합쇼핑몰,I,2026-04-30 22:30:10,대구광역시 동구 팔공로49길 16 (봉무동),정상영업,1,01,,대규모점포,347690.434441289    ,270271.225719383    ,대구광역시 동구 봉무동 1545번지,2026-04-14 15:16:43
3420000,2011342011107500003,2011-10-10,,영업/정상,,,,,1466.29,701-801,,(주)이마트에브리데이 방촌동점,쇼핑센터,I,2026-04-30 22:30:10,대구광역시 동구 동촌로45길 5 (방촌동),정상영업,1,01,0539858661,준대규모점포,350282.049754039    ,265973.967993354    ,대구광역시 동구 방촌동 907번지 7호,2024-07-30 16:06:44
3420000,2015342013507500001,2015-05-22,,영업/정상,,,,,34772.76,,,(주)현대백화점 현대시티아울렛 대구점,쇼핑센터,I,2026-04-30 22:30:10,대구광역시 동구 동대구로 454 (신천동),정상영업,1,01,0534302612,대규모점포,346807.086927073    ,264654.357512466    ,대구광역시 동구 신천동 294번지 5호,2024-04-02 09:09:41
3420000,2016342013507500001,2016-10-10,,영업/정상,,,,,105538.69,,41229,(주)신세계 동대구복합환승센터,백화점,I,2026-04-30 22:30:10,대구광역시 동구 동부로 149 (신천동),정상영업,1,01,0537493593,대규모점포,347037.241970286    ,265407.404336831    ,대구광역시 동구 신천동 329번지 3호,2024-05-08 17:58:12
3420000,2016342013507500002,2016-10-21,,영업/정상,,,,,12921,701-300,,코스트코 홀세일 대구점,대형마트,I,2026-04-30 22:30:10,,정상영업,1,01,0226302828,대규모점포,356223.244084316    ,265495.669079208    ,대구광역시 동구 신서동 1187번지,2018-09-27 10:06:35
3420000,2019342013507500001,1989-01-18,,영업/정상,,,,,4626,,41187,큰고개종합시장,그 밖의 대규모점포,I,2026-04-30 22:30:10,"대구광역시 동구 신암북로 101 (신암동, 큰고개상가아파트)",정상영업,1,01,0539575563,대규모점포,346783.882397535    ,266596.575928777    ,대구광역시 동구 신암동 681번지 6호 큰고개상가아파트,2019-03-29 10:29:46
3420000,2021342015707500001,2021-05-17,,영업/정상,,,,,925.62,,41106,(주)이마트에브리데이 율하점,구분없음,I,2026-04-30 22:30:10,대구광역시 동구 안심로22길 60-23 (율하동),정상영업,1,01,0539649000,준대규모점포,352986.591397707    ,263876.474625126    ,대구광역시 동구 율하동 1418,2021-05-17 16:42:34
3420000,2024342020707500001,2024-02-06,,영업/정상,,,,,186.1,,41252,GS THE FRESH 대구화랑로점,대형마트,I,2026-04-30 22:30:10,"대구광역시 동구 화랑로 33, 301동 113호~117호 (신천동)",정상영업,1,01,0803457700,준대규모점포,347242.984723099    ,264478.808435214    ,대구광역시 동구 신천동 353-1,2025-04-11 09:27:19
3420000,2024342020707500002,2024-04-01,,영업/정상,,,,,192.7,,41189,GS THE FRESH 대구파크드림점,대형마트,I,2026-04-30 22:30:10,"대구광역시 동구 아양로 133, 301동 101호~105호 (신암동, 동대구역센텀화성파크드림아파트)",정상영업,1,01,0803457700,준대규모점포,346871.643997829    ,266386.010736354    ,대구광역시 동구 신암동 139-69 동대구역센텀화성파크드림아파트,2025-04-10 11:51:02
3420000,2011342011107500002,1995-06-01,,폐업,2011-06-21,,,,0,701-746,,팔공보성2차상가아파트,시장,I,2026-04-30 22:30:10,,폐업처리,3,03,,,348108.884172648    ,272394.00290408     ,대구광역시 동구 지묘동 327번지 팔공보성2차아파트 208동,2011-06-21 16:45:06
3420000,2011342011107500004,2011-10-18,,폐업,2022-10-01,,,,560.7,701-847,,롯데슈퍼 율하점,쇼핑센터,I,2026-04-30 22:30:10,대구광역시 동구 안심로22길 60-1 (율하동),폐업처리,3,03,0539655602,준대규모점포,353326.345101284    ,263851.357610807    ,대구광역시 동구 율하동 1431번지,2022-09-30 17:06:00
3420000,2011342011107500005,2018-06-05,,폐업,2019-07-26,,,,384.5,701-817,,DISCOUNT STORE 신암점,쇼핑센터,I,2026-04-30 22:30:10,대구광역시 동구 신암로16길 7 (신암동),폐업처리,3,03,0539515601,준대규모점포,345290.781625105    ,265401.054571334    ,대구광역시 동구 신암2동 1286번지 4호,2019-07-26 11:59:51
3420000,2011342011107500006,2011-10-18,,폐업,2021-12-15,,,,595.2,701-853,,롯데슈퍼 지저점,쇼핑센터,I,2026-04-30 22:30:10,대구광역시 동구 해동로 30 (지저동),폐업처리,3,03,0539865601,준대규모점포,347754.954655961    ,267380.602771824    ,대구광역시 동구 지저동 770번지 3호,2021-12-15 14:56:21
3430000,1968343001007500001,1968-09-17,,영업/정상,,,,,,,,원대신시장,그 밖의 대규모점포,I,2026-05-06 22:35:24,대구광역시 서구 달서로54길 6 (원대동3가),정상영업,1,01,0533585037,,342125.377639034    ,266183.738324128    ,대구광역시 서구 원대동3가 1434번지 4호   ,2007-06-30 11:12:41
3430000,1970343001007500000,1970-07-10,,영업/정상,,,,,,,,새길시장,그 밖의 대규모점포,I,2026-05-06 22:35:24,,정상영업,1,01,0535719106,,,,대구광역시 서구 내당동 968호   ,2007-06-30 11:12:41
3430000,2011343006707500001,2011-09-05,,폐업,2013-09-30,,,,213.6,703-090,,홈플러스 익스프레스 중리점,대형마트,I,2026-05-06 22:35:25,"대구광역시 서구 국채보상로34길 12 (중리동,중리롯데캐슬아파트 상가)",폐업처리,3,03,0535248593,준대규모점포,339735.102655433    ,264105.413123567    ,대구광역시 서구 중리동 26번지 1호 중리롯데캐슬아파트 상가,2013-10-08 12:33:34
3430000,2005343005007500002,2005-04-19,,폐업,2025-08-13,,,,8916.96,,,홈플러스(주),그 밖의 대규모점포,I,2026-05-06 22:35:25,대구광역시 서구 달구벌대로 1821 (내당동),폐업처리,3,03,0535672080,대규모점포,341183.300058144    ,263371.670936427    ,대구광역시 서구 내당동 65번지 8   호,2025-09-01 12:58:13
3430000,1972343001007500000,1972-05-25,,영업/정상,,,,,,,,서부시장,그 밖의 대규모점포,I,2026-05-06 22:35:24,,정상영업,1,01,0535564377,,,,대구광역시 서구 비산동 434호   ,2007-06-30 11:12:41
3430000,1976343001007500000,1976-03-24,,영업/정상,,,,,,,,원대시장,그 밖의 대규모점포,I,2026-05-06 22:35:24,,정상영업,1,01,0533550571,,,,대구광역시 서구 원대동3가 1223번지 13  호   ,2007-06-30 11:12:41
3430000,1977343001007500001,1977-01-28,,영업/정상,,,,,,,,만평시장,그 밖의 대규모점포,I,2026-05-06 22:35:24,,정상영업,1,01,0533582147,,,,대구광역시 서구 비산동 1247번지 1  호   ,2007-06-30 11:12:41
3430000,1979343001007500000,1979-10-29,,영업/정상,,,,,,,,서구시장,그 밖의 대규모점포,I,2026-05-06 22:35:24,,정상영업,1,01,0535670395,,,,대구광역시 서구 평리동 1085번지 1   호   ,2007-06-30 11:12:41
3430000,1980343001007500000,1980-12-04,,영업/정상,,,,,,,,신평리시장,그 밖의 대규모점포,I,2026-05-06 22:35:24,대구광역시 서구 국채보상로52길 33 (평리동),정상영업,1,01,0535596391,,340886.100617506    ,264225.457402251    ,대구광역시 서구 평리동 1205호   ,2007-06-30 11:12:41
3430000,1981343001007500000,1981-01-13,,영업/정상,,,,,,,,대평리시장,그 밖의 대규모점포,I,2026-05-06 22:35:24,,정상영업,1,01,0535679106,,,,대구광역시 서구 평리동 676번지 1  호   ,2007-06-30 11:12:41
3430000,1981343001007500001,1981-06-15,,영업/정상,,,,,,,,밤고개시장,그 밖의 대규모점포,I,2026-05-06 22:35:24,대구광역시 서구 서대구로8길 64 (내당동),정상영업,1,01,0535525070,,341172.092393178    ,263548.78656326     ,대구광역시 서구 내당동 13번지 1호   ,2007-06-30 11:12:41
3430000,1982343001007500000,1982-01-12,,영업/정상,,,,,,,,중리시장,그 밖의 대규모점포,I,2026-05-06 22:35:24,,정상영업,1,01,0535651653,,,,대구광역시 서구 평리동 1538번지 3   호   ,2007-06-30 11:12:41
3430000,1982343001007500001,1982-09-15,,영업/정상,,,,,,,,중평시장,그 밖의 대규모점포,I,2026-05-06 22:35:24,,정상영업,1,01,0535666301,,,,대구광역시 서구 평리동 1437번지 5  호   ,2007-06-30 11:12:41
3430000,1982343001007500002,1982-10-01,,영업/정상,,,,,,,,삼익상가,그 밖의 대규모점포,I,2026-05-06 22:35:24,,정상영업,1,01,0535669602,,,,대구광역시 서구 내당동 308번지 1  호   ,2007-06-30 11:12:41
3430000,1983343001007500000,1983-09-20,,영업/정상,,,,,,,,이현시장,그 밖의 대규모점포,I,2026-05-06 22:35:24,,정상영업,1,01,0535637164,,,,대구광역시 서구 평리동 606번지 8  호   ,2007-06-30 11:12:41
3430000,1988343001007500000,1988-04-08,,영업/정상,,,,,,,,광장코아,대형마트,I,2026-05-06 22:35:25,대구광역시 서구 달구벌대로 1703 (내당동),정상영업,1,01,0535572243,,340080.755582906    ,262885.728739918    ,대구광역시 서구 내당동 463번지 34호   ,2007-06-30 11:12:41
3430000,2000343001007500001,2003-05-14,,휴업,,,,,,,,롯데쇼핑(주)마그넷서대구점,대형마트,I,2026-05-06 22:35:25,,휴업처리,2,02,0536072500,,,,대구광역시 서구 내당동 호 965  ,2007-06-30 11:12:41
3430000,2001343001007500001,2001-08-27,,영업/정상,,,,,9375,,,월마트 비산점,대형마트,I,2026-05-06 22:35:25,,,BBBB,01,0536089130,,,,대구광역시 서구 비산동 1612번지 3호 외9필지  ,2007-06-30 11:12:41
3430000,2003343005007500001,2003-05-30,,휴업,,,,,7675,,,(주)서원유통 탑마트대구점,대형마트,I,2026-05-06 22:35:25,,휴업처리,2,02,0535553000,,,,대구광역시 서구 내당동 65-8호   ,2007-06-30 11:12:41
3430000,2004343005007500001,2004-05-14,,휴업,,,,,9375.95,,,월마트비산점,그 밖의 대규모점포,I,2026-05-06 22:35:25,,휴업처리,2,02,0536089130,,,,대구광역시 서구 비산동 1612-3번지 9호   ,2007-06-30 11:12:41
3430000,2004343005007500002,2004-05-14,,휴업,,,,,7675,,,(주)서원유통 탑마트대구점,그 밖의 대규모점포,I,2026-05-06 22:35:25,,휴업처리,2,02,,,,,대구광역시 서구 내당동 65-8호   ,2007-06-30 11:12:41
3430000,2004343005007500003,2004-05-14,,휴업,,,,,6699.3,,,롯데쇼핑(주)롯데마트 서대구점,그 밖의 대규모점포,I,2026-05-06 22:35:25,대구광역시 서구 달서로 42 (내당동),휴업처리,2,02,0536072510,,341860.419648281    ,264004.459308992    ,대구광역시 서구 내당동 965호   ,2007-06-30 11:12:41
3430000,2005343005007500001,2005-01-28,,영업/정상,,,,,6395.12,,41855,두류1번가,대형마트,I,2026-05-06 22:35:25,대구광역시 서구 달구벌대로 1760 (내당동),정상영업,1,01,0536568232,대규모점포,340869.708954376    ,263229.33695147     ,대구광역시 서구 내당동 1290번지외1번지,2025-09-15 15:04:53
3430000,2005343005007500003,2005-05-03,,휴업,,,,2006-10-12,9375.95,,,(주)신세계마트이마트 비산점,대형마트,I,2026-05-06 22:35:25,,휴업처리,2,02,0536089114,,,,대구광역시 서구 비산동 1612번지 3호   ,2007-06-30 11:12:41
3430000,2006343005007500001,2006-05-17,,영업/정상,,,,,0,,,서문시장2지구종합상가,시장,I,2026-05-06 22:35:25,대구광역시 서구 달서로 42 (내당동),정상영업,1,01,0532520843,,341860.419648281    ,264004.459308992    ,대구광역시 서구 내당동 965호,2007-09-18 14:37:35
3430000,2006343006707500001,2006-05-17,,영업/정상,,,,,6367.08,,,서문시장2지구종합상가,시장,I,2026-05-06 22:35:25,대구광역시 서구 달서로 42 (내당동),정상영업,1,01,0532520843,,341860.419648281    ,264004.459308992    ,대구광역시 서구 내당동 965번지,2009-11-13 15:32:12
3430000,2007343006707500001,2006-10-12,,영업/정상,,,,,9375.95,703-047,,트레이더스 홀세일 클럽 비산점,복합쇼핑몰,I,2026-05-06 22:35:25,대구광역시 서구 팔달로 54 (비산동),정상영업,1,01,0537141052,대규모점포,340409.451859605    ,266639.73934924     ,대구광역시 서구 비산7동 1610번지 3호,2024-04-23 15:02:26
3430000,2012343006707500001,2011-10-19,,휴업,,2025-01-02,2025-12-27,,1115.8,703-752,,롯데쇼핑(주) 롯데슈퍼 내당점,복합쇼핑몰,I,2026-05-06 22:35:25,"대구광역시 서구 평리로 236 (내당동,삼익뉴타운아파트 지하상가동)",휴업처리,2,02,,준대규모점포,339846.030385296    ,263397.323073622    ,대구광역시 서구 내당4동 308번지 11호 삼익뉴타운아파트 지하상가동,2025-12-22 18:06:40
3440000,2000344001407500014,1997-09-05,,폐업,2003-04-16,,,,0,,,홀마트,대형마트,I,2025-12-15 16:15:28,대구광역시 남구 두류공원로 55 (대명동),폐업처리,3,03,0536526800,대규모점포,341891.279802184    ,261372.777670635    ,대구광역시 남구 대명동 1647-3호,2014-03-20 13:00:45
3440000,2005344001407500001,2005-01-12,,영업/정상,,,,,8262,,,홈플러스(주)남대구점,대형마트,I,2025-12-15 16:15:28,대구광역시 남구 대명로 116 (대명동),정상영업,1,01,0536598000,대규모점포,341799.016824881    ,261012.250978533    ,대구광역시 남구 대명동 959번지 1호,2024-03-06 09:45:34
3440000,2002344001407500001,2002-12-17,,폐업,2004-11-03,,,,0,,,필마트,대형마트,I,2025-12-15 16:15:28,대구광역시 남구 대명로 116 (대명동),폐업처리,3,03,0536099000,대규모점포,341799.016824881    ,261012.250978533    ,대구광역시 남구 대명동 959번지 1호,2014-03-20 12:55:18
3450000,2007345009907500003,2007-10-22,,영업/정상,,,,,16272.6,702-250,,세븐밸리,그 밖의 대규모점포,I,2026-05-03 22:36:11,대구광역시 북구 동암로 90 (동천동),정상영업,1,01,,대규모점포,340718.253608761    ,272659.975074019    ,대구광역시 북구 동천동 894번지 1호,2012-05-24 17:23:33
3450000,2008345009907500001,2008-11-03,,영업/정상,,,,,14925.65,702-716,,대구종합유통단지 일반의류관,그 밖의 대규모점포,I,2026-05-03 22:36:11,대구광역시 북구 유통단지로14길 22 (산격동),정상영업,1,01,0536012000,대규모점포,345320.332290336    ,268402.372721347    ,대구광역시 북구 산격2동 1668번지 일반의류관,2024-04-11 09:33:49
3450000,2008345009907500002,2008-07-31,,영업/정상,,,,,10519.8,702-012,,전자상가협동조합,그 밖의 대규모점포,I,2026-05-03 22:36:11,대구광역시 북구 유통단지로 25 (산격동),정상영업,1,01,,대규모점포,344879.421493561    ,268476.874902975    ,대구광역시 북구 산격동 1626번지,2020-06-15 09:18:50
3450000,2008345009907500003,2002-05-27,,영업/정상,,,,,12333.11,702-062,,스펙트럼시티,시장,I,2026-05-03 22:36:11,대구광역시 북구 침산로 93 (칠성동2가),정상영업,1,01,,대규모점포,343510.573192364    ,266134.259920881    ,대구광역시 북구 칠성동2가 20번지 1호,2017-07-17 18:18:32
3450000,2012345009907500002,2011-09-30,,영업/정상,,,,,1082.3,702-022,,롯데쇼핑(주)롯데슈퍼 복현점,구분없음,I,2026-05-03 22:36:12,대구광역시 북구 검단로 8 (복현동),정상영업,1,01,0533815602,준대규모점포,345790.118385766    ,267617.116875016    ,대구광역시 북구 복현2동 539번지 123호,2026-04-22 13:08:23
3450000,2012345009907500004,2012-04-10,,영업/정상,,,,,280,702-280,,홈플러스(주)익스프레스 구암2점,그 밖의 대규모점포,I,2026-05-03 22:36:12,대구광역시 북구 구암로32길 6-10 (구암동),정상영업,1,01,0533268545,준대규모점포,340442.592281843    ,271224.037571953    ,대구광역시 북구 구암동 652번지 1호,2024-04-04 08:57:38
3450000,2025345016307500001,2025-08-11,,영업/정상,,,,,1120,,41477,롯데쇼핑(주)롯데슈퍼 대구서변점,구분없음,I,2026-05-03 22:36:12,대구광역시 북구 호국로51길 35 (서변동),정상영업,1,01,0539555601,준대규모점포,343888.62865782     ,270482.992481914    ,대구광역시 북구 서변동 899-1,2026-04-22 13:06:51
3450000,2013345009907500001,2013-08-13,,폐업,2021-02-25,,,,13878,702-062,,롯데쇼핑(주)롯데마트 칠성점,대형마트,I,2026-05-03 22:36:12,대구광역시 북구 호암로 1 (칠성동2가),폐업처리,3,03,0221458454,대규모점포,343627.713997116    ,265993.98420734     ,대구광역시 북구 칠성동2가 725번지,2021-02-26 17:01:47
3450000,2000345000007500001,2000-11-03,,휴업,,,,,14926,,,대구종합유통단지 일반의류관,그 밖의 대규모점포,I,2026-05-03 22:36:09,대구광역시 북구 유통단지로14길 22 (산격동),휴업처리,2,02,0533811700,,345320.332290336    ,268402.372721347    ,대구광역시 북구 산격동 1668호   ,2007-07-07 12:21:29
3450000,2000345001207500001,1974-07-30,,영업/정상,,,,,0,,41583,칠성시장,그 밖의 대규모점포,I,2026-05-03 22:36:09,대구광역시 북구 칠성남로 229(칠성동1가),정상영업,1,01,0534233480,대규모점포,344933.863930849    ,265180.783587117    ,대구광역시 북구 칠성동1가 276-163,2022-07-18 11:48:52
3450000,2000345001207500002,1980-11-27,,영업/정상,,,,,0,,,경명시장,그 밖의 대규모점포,I,2026-05-03 22:36:09,대구광역시 북구 칠성시장로 19 (칠성동1가),정상영업,1,01,0534260983,대규모점포,344814.602421764    ,265105.753758049    ,대구광역시 북구 칠성동1가 89호,2013-07-08 09:10:31
3450000,2000345001207500003,1976-09-06,,영업/정상,,,,,,,,삼성시장,그 밖의 대규모점포,I,2026-05-03 22:36:09,,정상영업,1,01,0534254073,,,,대구광역시 북구 칠성동1가 276-108호   ,2007-07-07 12:21:29
3450000,2000345001207500004,1969-07-07,,영업/정상,,,,,,,,팔달시장,그 밖의 대규모점포,I,2026-05-03 22:36:09,대구광역시 북구 팔달로37길 11 (노원동2가),정상영업,1,01,0533578715,,341785.154044623    ,266528.353631089    ,대구광역시 북구 노원동2가 375호   ,2007-07-07 12:21:29
3450000,2000345001207500005,1976-05-14,,영업/정상,,,,,0,,41557,팔달신시장,시장,I,2026-05-03 22:36:09,대구광역시 북구 팔달로33길 59 (노원동3가),정상영업,1,01,0533574953,대규모점포,341344.574741049    ,266702.609656376    ,대구광역시 북구 노원동3가 750,2023-11-29 10:53:36
3450000,2000345001207500006,1976-04-20,,영업/정상,,,,,,,,대성시장,그 밖의 대규모점포,I,2026-05-03 22:36:09,,정상영업,1,01,0534260419,,,,대구광역시 북구 칠성동1가 302-98호   ,2007-07-07 12:21:29
3450000,2000345001207500007,1960-10-27,,영업/정상,,,,,,,,동대구시장,그 밖의 대규모점포,I,2026-05-03 22:36:09,대구광역시 북구 대현로20길 30 (대현동),정상영업,1,01,0539427125,,345243.894718851    ,265723.133899691    ,대구광역시 북구 대현동 390호   ,2016-05-04 12:11:39
3450000,2000345001207500008,1981-05-02,,영업/정상,,,,,,,,산격종합시장,그 밖의 대규모점포,I,2026-05-03 22:36:09,대구광역시 북구 대동로1길 34 (산격동),정상영업,1,01,0539598596,,345348.050145499    ,267644.21974525     ,대구광역시 북구 산격동 1258호   ,2007-07-07 12:21:29
3450000,2000345001207500009,1983-07-04,,영업/정상,,,,,,,,복현종합시장,,I,2026-05-03 22:36:10,대구광역시 북구 경진로1길 78 (복현동),정상영업,1,01,0539555477,,346206.549416769    ,267011.715272701    ,대구광역시 북구 복현동 462호   ,2007-07-07 12:21:29
3450000,2000345001207500011,1997-08-07,,휴업,,,,,0,,,홈플러스 대구점,그 밖의 대규모점포,I,2026-05-03 22:36:10,대구광역시 북구 중앙대로 543 (칠성동2가),휴업처리,2,02,0533508000,,344041.493561539    ,265698.789666102    ,대구광역시 북구 칠성동2가 378번지 23호   ,2007-07-07 12:21:29
3450000,2000345001207500012,1998-03-28,,영업/정상,,,,,8723,,,동아아울렛 강북점,복합쇼핑몰,I,2026-05-03 22:36:10,대구광역시 북구 칠곡중앙대로 416 (읍내동),정상영업,1,01,0533203202,대규모점포,339731.40434905     ,271557.940207262    ,대구광역시 북구 읍내동 1343-6호,2026-04-30 16:31:52
3450000,2000345001207500013,1996-10-10,,영업/정상,,,,,0,,,홈플러스 칠곡IC점,그 밖의 대규모점포,I,2026-05-03 22:36:10,,정상영업,1,01,0533203000,,338928.829648415    ,271647.094222276    ,대구광역시 북구 관음동 1369-1호,2008-11-03 14:29:29
3450000,2000345001207500014,1997-06-30,,영업/정상,,,,,11525.46,,,코스트코 홀세일,대형마트,I,2026-05-03 22:36:10,대구광역시 북구 검단로 97 (산격동),정상영업,1,01,0533831234,대규모점포,346013.651465394    ,268532.189935562    ,대구광역시 북구 산격동 1817호,2015-12-02 09:53:07
3450000,2000345001207500015,1999-02-11,,영업/정상,,,,,,,,하나프러스,그 밖의 대규모점포,I,2026-05-03 22:36:10,대구광역시 북구 팔달로 183 (노원동2가),정상영업,1,01,,,341722.529953022    ,266512.649171281    ,대구광역시 북구 노원동2가 381호   ,2007-07-07 12:21:29
3450000,2000345001207500016,1999-06-12,,영업/정상,,,,2019-04-15,200.49,,,대구기계공구상협동조합,시장,I,2026-05-03 22:36:10,대구광역시 북구 유통단지로 16 (산격동),정상영업,1,01,0536040700,대규모점포,344912.358902194    ,268253.830252935    ,대구광역시 북구 산격동 1629호,2019-04-16 10:22:35
3450000,2000345001207500017,1999-07-12,,영업/정상,,,,,10568.69,702-845,,대구종합유통단지 전기재료관,그 밖의 대규모점포,I,2026-05-03 22:36:10,대구광역시 북구 유통단지로 38 (산격동),정상영업,1,01,0536044114,대규모점포,345062.754181615    ,268408.951404422    ,대구광역시 북구 산격2동 1665번지,2020-07-17 10:18:38
3450000,2000345001207500018,1999-10-05,,영업/정상,,,,,0,,,네오시티프라자,시장,I,2026-05-03 22:36:11,대구광역시 북구 칠곡중앙대로 412 (태전동),정상영업,1,01,,,339707.01597482     ,271331.088251183    ,대구광역시 북구 태전동 993호,2008-04-02 09:17:17
3450000,2000345001207500019,1999-11-15,,영업/정상,,,,,18869.54,,41505,대구종합유통단지 전자관,그 밖의 대규모점포,I,2026-05-03 22:36:11,"대구광역시 북구 유통단지로 45 (산격동, 유통단지전자관)",정상영업,1,01,0536042000,대규모점포,344997.585301435    ,268604.350565685    ,대구광역시 북구 산격동 1621번지,2021-03-31 15:57:20
3450000,2001345007307500028,2001-10-22,,영업/정상,,,,,14022,,,(주)홈플러스 칠곡점,대형마트,I,2026-05-03 22:36:11,대구광역시 북구 동암로12길 8 (동천동),정상영업,1,01,0536078000,대규모점포,340320.722709596    ,272735.675659876    ,대구광역시 북구 동천동 968호,2024-03-07 16:00:34
3450000,2001345007307500032,2001-05-22,,영업/정상,,,,,12937.27,,,대구종합유통단지 섬유제품관,그 밖의 대규모점포,I,2026-05-03 22:36:11,대구광역시 북구 유통단지로 60 (산격동),정상영업,1,01,0536011500,대규모점포,345250.756579118    ,268519.387279206    ,대구광역시 북구 산격동 1667호,2025-05-19 16:32:33
3450000,2002345007307500001,2002-02-08,,영업/정상,,,,,8651.61,702-851,,신세계이마트 칠성점,대형마트,I,2026-05-03 22:36:11,대구광역시 북구 침산로 93 (칠성동2가),정상영업,1,01,0536091052,,343510.573192364    ,266134.259920881    ,대구광역시 북구 칠성동2가 20번지 1호,2010-06-04 13:55:00
3450000,2002345007307500002,2002-09-06,,휴업,,,,,12333,,,스펙트럼시티,그 밖의 대규모점포,I,2026-05-03 22:36:11,,휴업처리,2,02,,,,,대구광역시 북구 칠성동2가 20-1호   ,2007-07-07 12:21:29
3450000,2002345007307500003,2002-09-06,,영업/정상,,,,,4488,,,노원휴먼프라자,그 밖의 대규모점포,I,2026-05-03 22:36:11,대구광역시 북구 팔달로35길 69 (노원동3가),,BBBB,01,,,341718.457695127    ,266864.901911211    ,대구광역시 북구 노원동3가 1022호   ,2007-07-07 12:21:29
3450000,2002345009907500001,2002-05-27,,영업/정상,,,,,12588.21,702-062,,(주)스펙트럼시티,그 밖의 대규모점포,I,2026-05-03 22:36:11,대구광역시 북구 침산로 93 (칠성동2가),정상영업,1,01,,대규모점포,343510.573192364    ,266134.259920881    ,대구광역시 북구 칠성동2가 20번지 1호,2017-07-17 17:58:37
3450000,2003345007307500001,2003-12-16,,영업/정상,,,,,6393.6,,,대구종합유통단지 전기조명관사업협동조합,복합쇼핑몰,I,2026-05-03 22:36:11,대구광역시 북구 유통단지로 50 (산격동),정상영업,1,01,0536046114,대규모점포,345130.313235816    ,268448.723535185    ,대구광역시 북구 산격동 1666호,2018-07-10 18:09:46
3450000,2005345008907500001,2002-02-08,,영업/정상,,,,,8651.61,,,(주)이마트 칠성점,대형마트,I,2026-05-03 22:36:11,대구광역시 북구 침산로 93 (칠성동2가),정상영업,1,01,0536091050,대규모점포,343510.573192364    ,266134.259920881    ,대구광역시 북구 칠성동2가 20번지 1호,2024-04-30 16:09:16
3450000,2005345008907500002,2005-06-10,,휴업,,,,,4680.75,,,한국까르푸(주) 강북점,그 밖의 대규모점포,I,2026-05-03 22:36:11,대구광역시 북구 관음로 43 (관음동),휴업처리,2,02,,,338898.15784325     ,271593.897503132    ,대구광역시 북구 관음동 1369번지 1호   ,2007-07-07 12:21:29
3450000,2005345008907500003,2005-06-27,,휴업,,,,,4680.75,,,한국까르푸칠곡점,대형마트,I,2026-05-03 22:36:11,대구광역시 북구 관음로 43 (관음동),휴업처리,2,02,,,338898.15784325     ,271593.897503132    ,대구광역시 북구 관음동 1369번지 1호   ,2007-07-07 12:21:29
3450000,2005345008907500004,2003-02-05,,영업/정상,,,,,34827.86,702-746,,롯데백화점 대구점,쇼핑센터,I,2026-05-03 22:36:11,대구광역시 북구 태평로 161 (칠성동2가),정상영업,1,01,0536601610,대규모점포,344052.576927614    ,265131.653371228    ,대구광역시 북구 칠성동2가 302번지 155호 롯데백화점,2026-04-21 16:18:02
3450000,2005345008907500005,2005-11-17,,휴업,,,,,11525,,,코스트코홀세일,대형마트,I,2026-05-03 22:36:11,대구광역시 북구 검단로 97 (산격동),휴업처리,2,02,0533801050,,346013.651465394    ,268532.189935562    ,대구광역시 북구 산격동 1817호   ,2007-07-07 12:21:29
3450000,2006345008907500001,2006-04-17,,휴업,,,,,14022,,,삼성테스코(주)홈프러스 칠곡점,대형마트,I,2026-05-03 22:36:11,대구광역시 북구 동암로12길 8 (동천동),휴업처리,2,02,0536078000,,340320.722709596    ,272735.675659876    ,대구광역시 북구 동천동 968호   ,2007-07-07 12:21:29
3450000,2006345008907500002,2006-04-17,,휴업,,,,,9441,,,홈프러스대구점,대형마트,I,2026-05-03 22:36:11,대구광역시 북구 중앙대로 543 (칠성동2가),휴업처리,2,02,0533508124,,344041.493561539    ,265698.789666102    ,대구광역시 북구 칠성동2가 378번지 23호   ,2011-04-25 09:46:37
3450000,2007345009907500001,2000-12-01,,영업/정상,,,,,5600,,41515,EXCO Mall,그 밖의 대규모점포,I,2026-05-03 22:36:11,"대구광역시 북구 엑스코로 10, 대구전시컨벤션센터 (산격동)",정상영업,1,01,,대규모점포,345549.110170479    ,268620.845678103    ,대구광역시 북구 산격동 1676 대구전시컨벤션센터,2025-07-14 15:42:41
3450000,2007345009907500002,2007-12-20,,영업/정상,,,,,16272.6,702-250,,한신공영(주),그 밖의 대규모점포,I,2026-05-03 22:36:11,대구광역시 북구 동암로 90 (동천동),정상영업,1,01,0533108891,대규모점포,340718.253608761    ,272659.975074019    ,대구광역시 북구 동천동 894번지 1호,2024-04-19 14:56:45
3450000,1997345009907500001,1997-08-07,,폐업,2021-12-24,,,,20207.18,,,홈플러스(주) 대구점,대형마트,I,2026-05-03 22:36:08,대구광역시 북구 중앙대로 543 (칠성동2가),폐업처리,3,03,0533508104,대규모점포,344056.668545503    ,265774.185888783    ,,2021-12-28 11:25:52
3450000,2012345009907500001,2011-09-30,,폐업,2018-06-08,,,,764.6,702-250,,롯데쇼핑(주)롯데슈퍼동천점,그 밖의 대규모점포,I,2026-05-03 22:36:11,대구광역시 북구 대천로17길 5 (동천동),폐업처리,3,03,0533125602,준대규모점포,340547.780848207    ,271944.939697366    ,대구광역시 북구 동천동 927번지,2018-06-11 16:41:52
3450000,2012345009907500003,2011-09-30,,폐업,2023-02-28,,,,357.2,702-250,,롯데프레시 대구칠곡가맹점,그 밖의 대규모점포,I,2026-05-03 22:36:12,대구광역시 북구 동천로 5-7 (동천동),폐업처리,3,03,0533235607,준대규모점포,340486.873110598    ,271332.920191127    ,대구광역시 북구 동천동 876번지 5호,2023-03-02 08:46:34
3460000,1970346005507500005,1970-02-09,,영업/정상,,,,,,,,신천시장,그 밖의 대규모점포,I,2026-05-03 22:40:50,,정상영업,1,01,05307557774,,,,대구광역시 수성구 범어동 1004호   ,2007-07-14 11:13:31
3460000,2025346019707500002,2025-07-17,,영업/정상,,,,,294.2,,42278,GS THE FRESH(대구사월역점),구분없음,I,2026-05-03 22:40:52,"대구광역시 수성구 달구벌대로 3280 (신매동, 시지 효성 백년가약 1단지)",영업개시전,5,01,,준대규모점포,354859.878411554    ,260997.43642367     ,대구광역시 수성구 신매동 30-5 시지 효성 백년가약 1단지,2025-07-21 09:25:51
3460000,1971346005507500003,1971-04-15,,영업/정상,,,,,,,,동성시장,그 밖의 대규모점포,I,2026-05-03 22:40:50,,정상영업,1,01,0537549291,,,,대구광역시 수성구 수성동2가 39-1호   ,2007-07-14 11:13:31
3460000,1972346005507500004,1972-03-20,,영업/정상,,,,,,,,로타리시장,그 밖의 대규모점포,I,2026-05-03 22:40:50,,정상영업,1,01,0537542814,,,,대구광역시 수성구 범어동 29-1호   ,2007-07-14 11:13:31
3460000,1974346005507500006,1974-03-29,,영업/정상,,,,,,,,만촌시장,그 밖의 대규모점포,I,2026-05-03 22:40:50,,정상영업,1,01,05307516753,,,,대구광역시 수성구 만촌동 640호   ,2007-07-14 11:13:31
3460000,1974346005507500007,1974-12-09,,영업/정상,,,,,728.44,,42124,태백시장,그 밖의 대규모점포,I,2026-05-03 22:40:50,"대구광역시 수성구 들안로 281, 태백시장 (수성동2가)",정상영업,1,01,05307554250,대규모점포,345973.900997038    ,262874.677491731    ,대구광역시 수성구 수성동2가 39-4 수성종합시장,2023-09-21 18:33:29
3460000,1980346005507500008,1980-01-11,,영업/정상,,,,,,,,청구시장,그 밖의 대규모점포,I,2026-05-03 22:40:50,,정상영업,1,01,05307565553,,,,대구광역시 수성구 만촌동 984-1호   ,2025-06-25 10:49:41
3460000,1981346005507500009,1981-05-18,,영업/정상,,,,,,,,황금시장,그 밖의 대규모점포,I,2026-05-03 22:40:50,,정상영업,1,01,05307650541,,,,대구광역시 수성구 만촌동 984-1호   ,2007-07-14 11:13:31
3460000,1981346014007500001,1981-05-18,,영업/정상,,,,,2384.83,,42143,황금시장,그 밖의 대규모점포,I,2026-05-03 22:40:50,"대구광역시 수성구 청솔로 19 (황금동, 황금시장)",정상영업,1,01,,대규모점포,346282.198324117    ,262132.399591504    ,대구광역시 수성구 황금동 746번지,2023-05-18 10:33:52
3460000,1982 46005507500010,1982-08-16,,영업/정상,,,,,,,,새범어종합시장,그 밖의 대규모점포,I,2026-05-03 22:40:50,,정상영업,1,01,05307410501,,,,대구광역시 수성구 범어동 432-1호   ,2007-07-14 11:13:31
3460000,1983346005507500011,1982-05-04,,영업/정상,,,,,,,,수성현대시장,그 밖의 대규모점포,I,2026-05-03 22:40:50,,정상영업,1,01,05307625917,,,,대구광역시 수성구 수성동1가 649-76호   ,2007-07-14 11:13:31
3460000,1983346005507500012,1983-07-01,,영업/정상,,,,,,,,대공원시장,그 밖의 대규모점포,I,2026-05-03 22:40:50,,정상영업,1,01,05307434318,,,,대구광역시 수성구 수성동1가 649-76호   ,2007-07-14 11:13:31
3460000,1986346005507500013,1986-03-19,,영업/정상,,,,,,,,만촌종합시장,그 밖의 대규모점포,I,2026-05-03 22:40:50,대구광역시 수성구 교학로2길 23 (만촌동),정상영업,1,01,05309849800,,349116.480326912    ,262914.681099323    ,대구광역시 수성구 만촌동 858호   ,2007-07-14 11:13:31
3460000,1995346005507500017,1995-06-02,,영업/정상,,,,,,,,선스포츠프라자,그 밖의 대규모점포,I,2026-05-03 22:40:51,대구광역시 수성구 교학로5길 92-5 (만촌동),정상영업,1,01,05307515500,,,,대구광역시 수성구 만촌동 881호   ,2007-07-14 11:13:31
3460000,1996346005507500018,1996-01-17,,영업/정상,,,,,,,,메가플러스,그 밖의 대규모점포,I,2026-05-03 22:40:51,,정상영업,1,01,05307814037,,,,대구광역시 수성구 두산동 743-5호   ,2007-07-14 11:13:31
3460000,1997346005507500020,1997-12-05,,영업/정상,,,,,,,,두원시장,그 밖의 대규모점포,I,2026-05-03 22:40:51,대구광역시 수성구 동대구로12안길 10 (지산동),정상영업,1,01,05307610204,,346786.913860354    ,260749.39945393     ,대구광역시 수성구 지산동 994호   ,2007-07-14 11:13:31
3460000,2001346010207500001,2001-02-12,,영업/정상,,,,,10578.56,706-803,,(주)이마트 만촌점,대형마트,I,2026-05-03 22:40:51,대구광역시 수성구 동원로 136 (만촌동),정상영업,1,01,0536021052,대규모점포,347757.985568431    ,264692.744180043    ,대구광역시 수성구 만촌1동 1356번지 5호,2024-04-22 15:51:43
3460000,1967346005507500001,1967-06-28,,폐업,2007-07-14,,,,0,,42117,범어시장,시장,I,2026-05-03 22:40:50,대구광역시 수성구 동대구로59길 14-19 (범어동),폐업처리,3,03,05305365000,대규모점포,346578.139386288    ,263225.721574273    ,대구광역시 수성구 범어동 792번지 43호,2015-09-18 17:07:27
3460000,1989346005507500014,1990-02-28,,폐업,2008-02-27,,,,735,,,지산목련시장,그 밖의 대규모점포,I,2026-05-03 22:40:51,대구광역시 수성구 용학로42길 9 (지산동),폐업처리,3,03,0537841543,대규모점포,347420.400131212    ,259103.97403926     ,대구광역시 수성구 지산동 1199번지 10호,2015-09-18 16:33:28
3460000,1992346005507500015,1992-03-25,,폐업,2007-07-14,,,,0,,,대자연시장,시장,I,2026-05-03 22:40:51,대구광역시 수성구 동대구로29길 24 (황금동),폐업처리,3,03,05305567796,대규모점포,346561.761435991    ,261625.052067447    ,대구광역시 수성구 황금동 837호,2015-09-18 17:05:01
3460000,1992346005507500016,1993-08-13,,폐업,2016-03-23,,,,0,,,만촌중앙시장,그 밖의 대규모점포,I,2026-05-03 22:40:51,대구광역시 수성구 교학로5길 92-5 (만촌동),폐업처리,3,03,05307415858,대규모점포,,,대구광역시 수성구 만촌동 881호,2022-01-11 14:06:31
3460000,1992346006507500025,1992-07-29,,폐업,2007-07-14,,,,0,,,대백가구본점,대형마트,I,2026-05-03 22:40:51,,폐업처리,3,03,0537561234,대규모점포,,,대구광역시 수성구 범어동 559-5호,2015-09-18 16:16:36
3460000,1992346006807500016,1992-07-29,,폐업,2007-07-14,,,,0,,,대백동점,그 밖의 대규모점포,I,2026-05-03 22:40:51,,폐업처리,3,03,,대규모점포,,,대구광역시 수성구 범어동 559번지 5   호,2015-09-18 16:34:48
3460000,2000346005507500019,2000-01-21,,폐업,2000-01-21,,,,1669,,,수성하이츠쇼핑몰,그 밖의 대규모점포,I,2026-05-03 22:40:51,,폐업처리,3,03,05302522111,대규모점포,,,대구광역시 수성구 수성동4가 1090-8호,2015-09-18 16:48:27
3460000,2001346005507500020,2000-09-22,,폐업,2007-07-14,,,2006-12-15,0,,,주식회사 신세계마트,대형마트,I,2026-05-03 22:40:51,서울특별시 중구 퇴계로 173 (충무로3가),폐업처리,3,03,0234681034,대규모점포,199145.32420106     ,451040.432662092    ,서울특별시 중구 충무로3가 60번지 1호,2015-09-18 16:14:36
3460000,2001346005507500021,2001-02-19,,폐업,2001-02-19,,,,0,,,(주)이마트만촌점,대형마트,I,2026-05-03 22:40:51,대구광역시 수성구 동원로 136 (만촌동),폐업처리,3,03,0536021050,대규모점포,347499.572047759    ,264675.115032709    ,"대구광역시 수성구 만촌동 1356-5, 1343-3호",2015-09-18 16:22:50
3460000,2005346006807500002,2005-03-25,,폐업,2007-07-14,,,,0,,,(주)신세계이마트만촌점,대형마트,I,2026-05-03 22:40:51,대구광역시 수성구 동원로 136 (만촌동),폐업처리,3,03,0536021052,대규모점포,347757.985568431    ,264692.744180043    ,대구광역시 수성구 만촌동 1356번지 5호,2015-09-18 16:06:47
3460000,2005346006807500003,2005-04-25,,폐업,2005-04-25,,,,0,,,월마트코리아(주)시지점,대형마트,I,2026-05-03 22:40:51,대구광역시 수성구 고산로 101 (신매동),폐업처리,3,03,0537901190,대규모점포,353893.90529968     ,261327.132869664    ,대구광역시 수성구 신매동 566번지 3호,2015-09-18 16:08:59
3460000,2008346008107500001,2006-10-12,,폐업,2018-05-16,,,,13043,706-170,,(주)이마트 시지점,전문점,I,2026-05-03 22:40:51,대구광역시 수성구 고산로 101 (신매동),폐업처리,3,03,05307181234,대규모점포,353893.90529968     ,261327.132869664    ,대구광역시 수성구 신매동 566번지 3호,2018-06-08 17:25:01
3460000,2011346011707500001,2011-07-06,,폐업,2021-07-01,,,,11065,706-130,,홈플러스 대구스타디움점,대형마트,I,2026-05-03 22:40:51,대구광역시 수성구 유니버시아드로 140 (대흥동),폐업처리,3,03,0536648124,대규모점포,352335.045028381    ,260158.750203679    ,대구광역시 수성구 대흥동 504번지,2021-07-06 17:04:25
3460000,2011346011707500003,2011-12-07,,폐업,2015-08-31,,,,736.7,706-833,,롯데쇼핑(주)롯데슈퍼 수성캐슬점,구분없음,I,2026-05-03 22:40:52,"대구광역시 수성구 명덕로 455 (수성동3가,롯데캐슬 101동)",폐업처리,3,03,0537435601,준대규모점포,346260.237351806    ,262934.149950466    ,대구광역시 수성구 수성동3가 57번지 롯데캐슬 101동,2016-08-30 14:49:54
3460000,2011346011707500004,2011-12-08,,폐업,2015-08-10,,,,679.7,706-091,,롯데쇼핑(주) 롯데슈퍼 대구지산점,구분없음,I,2026-05-03 22:40:52,"대구광역시 수성구 용학로 313, 409동 (지산동,지산서한이다음아파트 상가)",폐업처리,3,03,0537815602,준대규모점포,348304.264728808    ,259445.17112843     ,대구광역시 수성구 지산1동 1297번지 3호 지산서한이다음아파트 상가 409동,2016-08-30 14:52:34
3460000,2011346011707500005,2011-12-08,,폐업,2020-08-30,,,,408.11,706-092,,롯데쇼핑(주) 롯데슈퍼 지산2동점,구분없음,I,2026-05-03 22:40:52,대구광역시 수성구 지범로 59 (지산동),폐업처리,3,03,0537845601,준대규모점포,347202.247919901    ,259665.92368622     ,대구광역시 수성구 지산2동 1160번지 74호,2021-06-11 14:40:36
3460000,2012346011707500001,2012-04-06,,폐업,2020-03-28,,,,439.68,706-101,,(주)지에스리테일 GS수퍼 대구범물점,구분없음,I,2026-05-03 22:40:52,대구광역시 수성구 지범로 190 (범물동),폐업처리,3,03,0537838201,준대규모점포,348134.986751381    ,259096.453320675    ,대구광역시 수성구 범물1동 1334번지 1호,2021-02-17 17:29:56
3460000,2015346014007500001,2015-12-10,,폐업,2016-12-26,,,,1005.3,,42278,(주)대구백화점 디마켓 프라임,구분없음,I,2026-05-03 22:40:52,"대구광역시 수성구 달구벌대로 3280, 301동 130,131,132,133,134호 (신매동, 시지효성백년가약1단지아파트)",폐업처리,3,03,0534208172,준대규모점포,354859.878411554    ,260997.43642367     ,"대구광역시 수성구 신매동 30번지 5호 시지효성백년가약1단지 301동 130,1호",2018-03-08 17:16:47
3460000,2008346010207500001,2008-02-27,,영업/정상,,,,,735,706-090,,지산목련시장,그 밖의 대규모점포,I,2026-05-03 22:40:51,대구광역시 수성구 용학로42길 9 (지산동),정상영업,1,01,,대규모점포,347420.400131212    ,259103.97403926     ,대구광역시 수성구 지산동 1199번지 10호,2015-09-18 16:24:32
3460000,2010346010207500001,2010-05-14,,영업/정상,,,,2010-05-14,14398,706-723,,동아백화점 수성점,복합쇼핑몰,I,2026-05-03 22:40:51,"대구광역시 수성구 지범로 191 (범물동,동아백화점수성점)",정상영업,1,01,0537802210,대규모점포,348194.499420792    ,259144.519321173    ,대구광역시 수성구 범물1동 1273번지 동아백화점수성점,2026-04-30 11:12:06
3460000,2010346010207500002,2010-05-14,,영업/정상,,,,2010-05-14,10707,706-777,,수성하이츠 쇼핑몰,복합쇼핑몰,I,2026-05-03 22:40:51,"대구광역시 수성구 수성로 393 (수성동4가,수성하이츠 쇼핑몰)",정상영업,1,01,0537542031,대규모점포,345663.599838521    ,263506.500129769    ,대구광역시 수성구 수성동4가 1090번지 8호 수성하이츠 쇼핑몰,2024-10-23 17:17:55
3460000,2010346011707500001,2010-10-14,,영업/정상,,,,,7281,706-080,,홈플러스 대구 수성점,대형마트,I,2026-05-03 22:40:51,대구광역시 수성구 동대구로 95 (두산동),정상영업,1,01,,대규모점포,346586.097961164    ,261066.09520777     ,대구광역시 수성구 두산동 113호  SK리더스뷰 지하1층,2024-03-04 13:22:21
3460000,2011346011707500002,2011-12-07,,취소/말소/만료/정지/중지,,,,,15582.44,706-130,,칼라스퀘어,쇼핑센터,I,2026-05-03 22:40:52,대구광역시 수성구 유니버시아드로 140 (대흥동),직권취소,4,04,0532226203,대규모점포,352335.045028381    ,260158.750203679    ,"대구광역시 수성구 대흥동 504번지 지하2층, 지상1층",2024-05-28 14:00:41
3460000,2011346011707500006,2011-12-08,,영업/정상,,,,,1368.4,,42113,롯데 프리미엄 푸드마켓 황금점,구분없음,I,2026-05-03 22:40:52,"대구광역시 수성구 청수로 235, 종합상가동 (황금동, 캐슬골드파크 2단지)",정상영업,1,01,0537625601,준대규모점포,347544.089245298    ,261408.21288721     ,대구광역시 수성구 황금동 366번지 캐슬골드파크 2단지,2026-04-30 11:16:13
3460000,2011346011707500007,2011-12-07,,영업/정상,,,,,2534.6,706-838,,롯데쇼핑(주)롯데슈퍼 수성점,구분없음,I,2026-05-03 22:40:52,대구광역시 수성구 수성로 227 (중동),정상영업,1,01,0537645601,준대규모점포,345582.781827589    ,261837.875953958    ,대구광역시 수성구 중동 333번지 7호,2026-04-20 11:12:28
3460000,2021346017707500001,2021-03-16,,영업/정상,,,,,16113.81,,42009,범어더리브스퀘어,그 밖의 대규모점포,I,2026-05-03 22:40:52,대구광역시 수성구 범어천로 214 (범어동),영업개시전,5,01,0537518171,대규모점포,346156.236130463    ,263891.010201724    ,대구광역시 수성구 범어동 2262,2021-03-16 13:35:14
3460000,2024346017707500001,2024-03-21,,영업/정상,,,,,152.4,,42085,GS THE FRESH 대구범어역점,구분없음,I,2026-05-03 22:40:52,"대구광역시 수성구 달구벌대로 2436, 1층 110~112호 (범어동, 수성 범어W)",정상영업,1,01,0515104672,준대규모점포,,,대구광역시 수성구 범어동 2291 수성 범어W,2025-04-25 11:20:22
3460000,2024346019707500001,2024-12-09,,영업/정상,,,,,270.7,,42258,GS THE FRESH(대구노변점),구분없음,I,2026-05-03 22:40:52,대구광역시 수성구 노변공원로 85 (노변동),정상영업,1,01,,준대규모점포,353394.618500842    ,260767.94269704     ,대구광역시 수성구 노변동 452-2,2025-04-16 13:09:28
3460000,2024346019707500002,2024-12-09,,영업/정상,,,,,270.7,,42258,GS THE FRSH(대구노변점),구분없음,I,2026-05-03 22:40:52,대구광역시 수성구 노변공원로 85 (노변동),정상영업,1,01,,준대규모점포,353394.618500842    ,260767.94269704     ,대구광역시 수성구 노변동 452-2,2024-12-10 10:59:35
3460000,2025346019707500001,2025-02-06,,취소/말소/만료/정지/중지,,,,,185.2,,42257,롯데슈퍼 대구신매 가맹점,구분없음,I,2026-05-03 22:40:52,"대구광역시 수성구 고산로 101, 시지 코오롱하늘채 스카이뷰 1-14,15.16호 (신매동)",직권취소,4,04,,준대규모점포,353893.90529968     ,261327.132869664    ,대구광역시 수성구 신매동 566-3 시지 코오롱하늘채 스카이뷰,2026-02-09 09:07:24
3460000,1971346005507500002,1971-02-04,,영업/정상,,,,,1629,,42124,수성시장,그 밖의 대규모점포,I,2026-05-03 22:40:50,"대구광역시 수성구 들안로 281, 수성종합시장 (수성동2가)",정상영업,1,01,05307553218,대규모점포,345973.900997038    ,262874.677491731    ,대구광역시 수성구 수성동2가 39번지 4호 수성종합시장,2019-11-25 13:18:08
3470000,2000347000007500019,1994-05-07,,영업/정상,,,,,,,,보성은하상가시장,그 밖의 대규모점포,I,2025-12-15 16:15:28,대구광역시 달서구 월곡로 320 (상인동),정상영업,1,01,0536383232,,338692.161634264    ,259135.243156101    ,대구광역시 달서구 상인동 42호   ,2007-07-14 12:20:22
3470000,2000347000007500018,1993-08-06,,영업/정상,,,,,,,,상인영남화성시장,그 밖의 대규모점포,I,2025-12-15 16:15:28,대구광역시 달서구 상인서로 76 (상인동),정상영업,1,01,0536370483,,339393.012573076    ,258572.019825526    ,대구광역시 달서구 상인동 1517호   ,2007-07-14 12:20:22
3470000,2000347000007500022,1999-11-05,,영업/정상,,,,,10162.4,,,(주)이마트 성서점,대형마트,I,2025-12-15 16:15:28,대구광역시 달서구 이곡동로 24 (이곡동),정상영업,1,01,,대규모점포,336343.945542934    ,262554.743800908    ,대구광역시 달서구 이곡동 1254호,2024-04-18 18:40:50
3470000,2001347001307500001,2001-10-16,,휴업,,,,,5022,,,주식회사지마트(G-MART),대형마트,I,2025-12-15 16:15:28,대구광역시 달서구 와룡로5길 20 (본동),휴업처리,2,02,0536296768,,338678.797272666    ,260540.364298043    ,대구광역시 달서구 본동 881호   ,2007-07-14 12:20:22
3470000,2002347001307500002,2002-10-18,,영업/정상,,,,,8423.26,,42714,모다아울렛(MODAoutlet),전문점,I,2025-12-15 16:15:28,"대구광역시 달서구 달서대로 411 (호림동, 모다아울렛)",정상영업,1,01,0535896015,대규모점포,334682.626097655    ,260547.895903711    ,대구광역시 달서구 호림동 16번지,2024-05-10 11:22:19
3470000,2002347001307500003,2002-12-04,,영업/정상,,,,,18179,,,홈플러스(주) 성서점,대형마트,I,2025-12-15 16:15:28,대구광역시 달서구 달구벌대로 1467 (용산동),정상영업,1,01,,대규모점포,337916.079938251    ,262111.061697986    ,대구광역시 달서구 용산동 230번지 11호,2024-03-07 18:34:53
3470000,2005347007507500001,2005-07-22,,휴업,,,,,6239,,,메이드아울렛,대형마트,I,2025-12-15 16:15:28,,휴업처리,2,02,0535218370,,338560.694882634    ,261656.240623114    ,대구광역시 달서구 감삼동 521호   ,2007-07-14 12:20:22
3470000,2007347011707500001,2007-08-14,,영업/정상,,,,,12332,704-370,,홈플러스(주)  상인점,대형마트,I,2025-12-15 16:15:28,대구광역시 달서구 월배로 183 (상인동),정상영업,1,01,0533808124,대규모점포,338508.039690504    ,258645.860959228    ,대구광역시 달서구 상인동 171번지 1호,2024-03-07 18:43:07
3470000,2011347011707500001,2001-04-14,,영업/정상,,,,,16163.35,704-330,,(주)이마트 월배점,대형마트,I,2025-12-15 16:15:28,대구광역시 달서구 진천로 92 (대천동),정상영업,1,01,,대규모점포,337647.188646821    ,258512.316695219    ,대구광역시 달서구 대천동 555번지,2024-04-18 18:34:31
3470000,2013347011707500002,2011-06-22,,영업/정상,,,,,308,704-131,,홈플러스(주) 익스프레스 용산2점,대형마트,I,2025-12-15 16:15:28,대구광역시 달서구 성지로 27 (용산동),정상영업,1,01,0535868545,준대규모점포,337097.037439529    ,262588.592202503    ,대구광역시 달서구 용산1동 414번지 5호,2024-03-29 14:07:36
3470000,2013347011707500003,2011-06-22,,영업/정상,,,,,211.24,704-371,,홈플러스(주) 익스프레스 상인점,대형마트,I,2025-12-15 16:15:28,대구광역시 달서구 송현로7길 19 (상인동),정상영업,1,01,0536318545,준대규모점포,339717.020272848    ,258942.835947393    ,대구광역시 달서구 상인1동 860번지 3호,2024-04-01 17:46:34
3470000,2013347011707500004,2011-06-22,,영업/정상,,,,,282.2,704-936,,홈플러스(주) 익스프레스 용산점,대형마트,I,2025-12-15 16:15:28,대구광역시 달서구 용산로 220 (용산동),정상영업,1,01,0535258546,준대규모점포,338205.215347484    ,262968.826072739    ,대구광역시 달서구 용산동 934번지 1호,2024-03-29 14:12:17
3470000,2013347011707500005,2011-06-22,,영업/정상,,,,,339.1,,42653,홈플러스(주) 익스프레스 감삼점,대형마트,I,2025-12-15 16:15:28,대구광역시 달서구 당산로 83 (감삼동),정상영업,1,01,0535538546,준대규모점포,339440.669923424    ,261637.957403825    ,대구광역시 달서구 감삼동 206-75,2024-04-01 17:49:25
3470000,2013347011707500008,2011-06-17,,영업/정상,,,,,567.74,704-802,,홈플러스(주) 익스프레스 도원점,복합쇼핑몰,I,2025-12-15 16:15:28,대구광역시 달서구 도원로 36 (도원동),정상영업,1,01,0536328544,준대규모점포,338706.883294401    ,257347.594572499    ,대구광역시 달서구 도원동 1442번지 1호,2024-03-30 17:43:54
3470000,2014347011707500004,2011-07-21,,영업/정상,,,,,311,704-912,,(주)지에스리테일 GS수퍼 본리점,대형마트,I,2025-12-15 16:15:28,"대구광역시 달서구 장기로 167, 223동 118~122호 (본리동, 성당래미안이편한세상)",정상영업,1,01,,준대규모점포,339230.845140453    ,261410.555121064    ,대구광역시 달서구 본리동 76번지 2호,2025-05-29 11:08:23
3470000,2014347011707500007,2011-07-21,,영업/정상,,,,,313,704-818,,(주)지에스리테일 GS수퍼 대구월곡점,대형마트,I,2025-12-15 16:15:28,대구광역시 달서구 상화북로 187 (상인동),정상영업,1,01,,준대규모점포,339656.946917105    ,258136.225468779    ,대구광역시 달서구 상인동 1527번지 3호,2025-05-29 11:18:51
3470000,2017347011707500001,2004-02-02,,영업/정상,,,,,21194.09,,42809,롯데백화점 상인점,백화점,U,2026-04-18 03:03:03,"대구광역시 달서구 월배로 232 (상인동, 롯데백화점상인점)",정상영업,1,01,0532581606,대규모점포,339047.793378934    ,258741.902180368    ,,2026-04-17 15:42:02
3470000,2018347017807500001,2018-05-28,,영업/정상,,,,,459.86,,42801,노브랜드 대구월배시장점,대형마트,I,2025-12-15 16:15:28,"대구광역시 달서구 월배로24길 13, 월배시장 (진천동)",정상영업,1,01,0536379330,준대규모점포,337994.319909559    ,258171.802787206    ,대구광역시 달서구 진천동 241번지 3호 월배시장,2024-04-22 18:22:30
3470000,2022347018107500001,2022-08-04,,영업/정상,,,,,216.17,,42751,GS THE FRESH 월성삼정점,구분없음,I,2025-12-15 16:15:28,"대구광역시 달서구 월성로 100, 501동 107,108,109,110호 (월성동, 월성 삼정그린코아 에듀파크)",정상영업,1,01,0220062364,준대규모점포,337668.155531145    ,259973.032583626    ,대구광역시 달서구 월성동 682 월성 삼정그린코아 에듀파크,2025-05-29 11:17:57
3470000,2002347001307500001,2002-10-14,,폐업,2021-08-09,,,,9013.42,704-735,,(주)이마트 감삼점,대형마트,I,2025-12-15 16:15:28,대구광역시 달서구 와룡로 143 (감삼동),폐업처리,3,03,,대규모점포,338560.694882634    ,261656.240623114    ,대구광역시 달서구 감삼동 521번지,2021-08-09 16:06:29
3470000,2013347011707500001,2011-06-22,,폐업,2025-06-24,,,,189,704-401,,홈플러스(주)익스프레스 월성점,대형마트,I,2025-12-15 16:15:28,대구광역시 달서구 학산로 17 (월성동),폐업처리,3,03,0536428545,준대규모점포,338293.861580158    ,259678.714163609    ,대구광역시 달서구 월성1동 89번지 2호,2025-09-26 10:06:29
3470000,2013347011707500006,2011-06-22,,폐업,2015-11-29,,,,464.42,704-939,,홈플러스(주) 익스프레스 이곡점,대형마트,I,2025-12-15 16:15:28,대구광역시 달서구 계대동문로 102 (이곡동),폐업처리,3,03,0535918547,준대규모점포,335728.273516917    ,262684.165543172    ,대구광역시 달서구 이곡동 1196번지 3호,2015-12-11 17:37:18
3470000,2013347011707500007,2011-06-22,,폐업,2013-10-02,,,,428.9,704-371,,홈플러스(주) 익스프레스 대구월촌점,대형마트,I,2025-12-15 16:15:28,대구광역시 달서구 월곡로 219 (상인동),폐업처리,3,03,0536390434,준대규모점포,339246.994532553    ,258241.360670906    ,대구광역시 달서구 상인1동 518번지 2호,2013-10-04 10:49:30
3470000,2014347011707500002,2011-08-18,,폐업,2018-05-08,,,,275.5,704-953,,롯데쇼핑(주)롯데슈퍼 감삼점,대형마트,I,2025-12-15 16:15:28,대구광역시 달서구 달구벌대로 1599 (감삼동),폐업처리,3,03,,준대규모점포,339153.892739569    ,262422.712704336    ,대구광역시 달서구 감삼동 69번지 8호,2018-05-08 17:35:13
3470000,2014347011707500003,2012-03-09,,폐업,2015-04-02,,,,326.1,704-837,,롯데쇼핑(주)롯데슈퍼 대구진천점,대형마트,I,2025-12-15 16:15:28,대구광역시 달서구 상화로 33 (진천동),폐업처리,3,03,0536315601,준대규모점포,337191.345792727    ,257587.994732084    ,대구광역시 달서구 진천동 731번지 13호,2015-04-02 15:47:56
3470000,2014347011707500005,2011-07-21,,폐업,2017-10-24,,,,676,704-758,,(주)지에스리테일 GS수퍼 대구상인점,대형마트,I,2025-12-15 16:15:28,"대구광역시 달서구 상화북로 160, A동 101호 (상인동, 백조아파트상가)",폐업처리,3,03,,준대규모점포,,,대구광역시 달서구 상인동 1475번지,2017-10-26 13:47:20
3470000,2014347011707500006,2011-07-21,,폐업,2017-10-24,,,,718,704-819,,(주)지에스리테일 GS수퍼 대구월서점,대형마트,I,2025-12-15 16:15:28,"대구광역시 달서구 조암남로 17, 101~103호 (상인동)",폐업처리,3,03,,준대규모점포,338300.745101101    ,259066.123687973    ,대구광역시 달서구 상인동 1595번지,2017-10-26 13:47:40
3470000,2014347011707500008,2011-07-21,,폐업,2021-07-22,,,,611,704-828,,(주)지에스리테일 GS수퍼 월성점,대형마트,I,2025-12-15 16:15:28,"대구광역시 달서구 월성로 42, 115호 117호 (월성동)",폐업처리,3,03,,준대규모점포,338254.888490236    ,260132.208009865    ,대구광역시 달서구 월성동 273번지 4호,2021-07-22 11:09:52
3470000,2014347011707500009,2011-08-16,,폐업,2023-02-15,,,,1412.83,704-905,,(주)이마트에브리데이 감삼동점,대형마트,I,2025-12-15 16:15:28,대구광역시 달서구 장기로 238 (감삼동),폐업처리,3,03,,준대규모점포,338567.066452569    ,261520.851015673    ,대구광역시 달서구 감삼동 507번지 1호,2023-02-15 14:57:15
3470000,1970347007507500008,1970-12-18,,휴업,,,,,,,,서대구시장,그 밖의 대규모점포,I,2025-12-15 16:15:28,,휴업처리,2,02,0536210401,,,,대구광역시 달서구 두류동 1216번지 1   호   ,2007-07-14 12:20:22
3470000,2000347000007500001,1984-06-08,,영업/정상,,,,,0,,,두류종합시장,그 밖의 대규모점포,I,2025-12-15 16:15:28,대구광역시 달서구 당산동길 9 (성당동),정상영업,1,01,0536511301,,339519.887300731    ,261695.267410465    ,대구광역시 달서구 성당동 704번지 5호,2009-06-22 15:35:45
3470000,2000347000007500002,1998-08-03,,영업/정상,,,,,,,,서남시장,그 밖의 대규모점포,I,2025-12-15 16:15:28,대구광역시 달서구 달구벌대로329길 17 (감삼동),정상영업,1,01,0535653226,,339503.176610374    ,262680.244837841    ,대구광역시 달서구 감삼동 55번지 5호   ,2007-07-14 12:20:22
3470000,2000347000007500003,1993-07-11,,영업/정상,,,,,,,,본리시장,그 밖의 대규모점포,I,2025-12-15 16:15:28,,정상영업,1,01,0536275416,,,,대구광역시 달서구 본리동 65번지 3   호   ,2007-07-14 12:20:22
3470000,2000347000007500005,1982-06-30,,영업/정상,,,,,,,,구마종합시장,그 밖의 대규모점포,I,2025-12-15 16:15:28,대구광역시 달서구 장기로5길 29 (성당동),정상영업,1,01,0536252900,,340387.887394525    ,261250.603876314    ,대구광역시 달서구 성당동 440호   ,2007-07-14 12:20:22
3470000,2000347000007500009,1982-09-13,,영업/정상,,,,,,,,송현시장,그 밖의 대규모점포,I,2025-12-15 16:15:28,,정상영업,1,01,0536293197,,,,대구광역시 달서구 송현동 185번지 8   호   ,2007-07-14 12:20:22
3470000,2000347000007500010,1984-03-15,,영업/정상,,,,,,,,월배시장,그 밖의 대규모점포,I,2025-12-15 16:15:28,,정상영업,1,01,0536323665,,,,대구광역시 달서구 진천동 241번지 3   호   ,2007-07-14 12:20:22
3470000,2000347000007500011,1983-11-01,,영업/정상,,,,,,,,달서송림시장,그 밖의 대규모점포,I,2025-12-15 16:15:28,,정상영업,1,01,0536241272,,,,대구광역시 달서구 본동 225번지 1   호   ,2007-07-14 12:20:22
3470000,2000347000007500012,1988-10-24,,영업/정상,,,,,,,,송경종합시장,그 밖의 대규모점포,I,2025-12-15 16:15:28,,정상영업,1,01,0536287515,,,,대구광역시 달서구 본동 225번지 1   호   ,2007-07-14 12:20:22
3470000,2000347000007500014,1991-12-16,,영업/정상,,,,,,,,죽전시장,그 밖의 대규모점포,I,2025-12-15 16:15:28,,정상영업,1,01,0535581998,,,,대구광역시 달서구 죽전동 410번지 1   호   ,2007-07-14 12:20:22
3470000,2000347000007500015,1992-09-26,,영업/정상,,,,,,,,송남시장,그 밖의 대규모점포,I,2025-12-15 16:15:28,,정상영업,1,01,0536553248,,,,대구광역시 달서구 송현동 1995번지 3   호   ,2007-07-14 12:20:22
3470000,2000347000007500016,1993-02-19,,영업/정상,,,,,,,,월성청구시장,그 밖의 대규모점포,I,2025-12-15 16:15:28,,정상영업,1,01,0536335131,,,,대구광역시 달서구 월성동 89번지 3   호   ,2007-07-14 12:20:22
3470000,2000347000007500021,1994-11-10,,영업/정상,,,,,,,,성서보성화성상가시장,그 밖의 대규모점포,I,2025-12-15 16:15:28,대구광역시 달서구 계대동문로 99 (이곡동),정상영업,1,01,0535841630,,335707.743212212    ,262821.993376825    ,대구광역시 달서구 이곡동 1191호   ,2007-07-14 12:20:22
3480000,2012348031207500001,2012-03-22,,영업/정상,,,,,950.29,,43004,(주)서원유통 탑마트 현풍점,대형마트,I,2026-05-07 22:34:43,대구광역시 달성군 현풍읍 현풍로10길 74,정상영업,1,01,0536177557,준대규모점포,330601.335825737    ,244543.552402647    ,대구광역시 달성군 현풍읍 원교리 113번지,2025-05-08 14:37:40
3480000,2020348036507500001,2020-10-21,,영업/정상,,,,,336,,43008,롯데프레시 대구구지점,쇼핑센터,I,2026-05-07 22:34:43,"대구광역시 달성군 구지면 국가산단북로60길 59, 131동 지하1층 101~112호 (대구국가산단 반도유보라 아이비파크 2)",정상영업,1,01,0536153705,준대규모점포,328501.384301002    ,240739.938522968    ,대구광역시 달성군 구지면 응암리 1251 대구국가산단 반도유보라 아이비파크 2,2021-08-04 08:59:50
3480000,2016348032607500002,2016-05-30,,영업/정상,,,,,8626.12,,43018,M SQUARE +,쇼핑센터,I,2026-05-07 22:34:43,"대구광역시 달성군 유가읍 테크노상업로 120, 테크노폴리스 M스퀘어+",정상영업,1,01,0536170068,대규모점포,332209.678232161    ,244660.404545869    ,대구광역시 달성군 유가읍 봉리 619번지 테크노폴리스 M스퀘어+,2019-01-03 19:48:07
3490000,2001349001207500012,2001-01-06,,영업/정상,,,,,10337,,,(주)이마트  동인천점,대형마트,I,2026-05-06 22:48:27,인천광역시 중구 인중로 134 (신생동),정상영업,1,01,0324511053,대규모점포,167064.283437375    ,440556.281252162    ,인천광역시 중구 신생동 38호,2024-04-18 09:55:24
3490000,2007349007507500001,2007-09-12,,폐업,2021-01-18,,,,18182,400-037,,롯데쇼핑(주) 팩토리아울렛인천점,복합쇼핑몰,I,2026-05-06 22:48:27,인천광역시 중구 서해대로209번길 2 (항동7가),폐업처리,3,03,0327282508,대규모점포,166499.001463662    ,438496.19428903     ,인천광역시 중구 항동7가 76번지 2호,2021-01-18 14:10:26
3490000,2007349006707500001,2007-01-02,,영업/정상,,,,,8621.42,,,롯데쇼핑(주)롯데마트 영종도점,구분없음,U,2026-05-08 03:03:03,인천광역시 중구 흰바위로 51 (운서동),정상영업,1,01,0327462501,대규모점포,154937.313906603    ,443507.416060983    ,인천광역시 중구 운서동 2803번지 2호,2026-05-07 17:09:28
3490000,2012349007507500001,2012-05-10,,영업/정상,,,,,1847.68,400-180,,중앙로지하상가,그 밖의 대규모점포,I,2026-05-06 22:48:28,인천광역시 중구 참외전로 지하 123 (인현동),정상영업,1,01,0327728679,대규모점포,167318.28834806     ,441550.166661446    ,인천광역시 중구 인현동 1번지,2018-03-09 16:21:37
3490000,2018349014907500001,2017-07-31,,영업/정상,,,,,4217,,22322,개항누리길 상점가 상인회,그 밖의 대규모점포,I,2026-05-06 22:48:28,인천광역시 중구 우현로39번길 8-1 (신포동),정상영업,1,01,0327655222,준대규모점포,166939.223509039    ,441039.200140219    ,인천광역시 중구 신포동 12번지 26호,2018-01-03 10:57:16
3490000,2021349019107500001,2021-06-29,,영업/정상,,,,,6296.89,,22371,버터플라이시티,그 밖의 대규모점포,I,2026-05-06 22:48:28,"인천광역시 중구 흰바위로59번길 8, 1~2층 (운서동)",정상영업,1,01,,대규모점포,155043.212248761    ,443462.941663413    ,인천광역시 중구 운서동 2807-4 1~2층,2021-07-27 13:19:41
3490000,2021349019107500002,2021-08-31,,취소/말소/만료/정지/중지,,,,,787.7,,22402,롯데프레쉬 인천중산가맹점,구분없음,I,2026-05-06 22:48:28,인천광역시 중구 하늘달빛로 90-27(중산동),직권취소,4,04,0517040142,준대규모점포,161018.718166721    ,442767.919323744    ,인천광역시 중구 중산동 1876-8,2021-12-20 13:17:56
3490000,2023349019107500001,2023-10-27,,영업/정상,,,,,81176.59,,22382,인스파이어 인티그레이티드 리조트,쇼핑센터,I,2026-05-06 22:48:29,인천광역시 중구 용유로 700 (운서동),정상영업,1,01,0327170207,대규모점포,145795.71564294     ,440225.472800033    ,인천광역시 중구 운서동 2955,2025-12-05 16:54:29
3490000,1971349001207500002,1971-01-29,,영업/정상,,,,,,,,(합)구지하자유시장,그 밖의 대규모점포,I,2026-05-06 22:48:23,,정상영업,1,01,0327735938,,,,인천광역시 중구 인현동 1호   ,2007-06-23 14:01:57
3490000,1974349001207500010,1974-12-02,,영업/정상,,,,,0,,,동인천지하아케이트,그 밖의 대규모점포,I,2026-05-06 22:48:23,인천광역시 중구 참외전로 지하 123 (인현동),정상영업,1,01,0327628011,대규모점포,167318.28834806     ,441550.166661446    ,인천광역시 중구 인현동 1호,2013-12-24 10:25:02
3490000,1978349001207500021,1978-03-23,,영업/정상,,,,,1847,,,중앙로지하상가,그 밖의 대규모점포,I,2026-05-06 22:48:23,인천광역시 중구 참외전로 지하 123 (인현동),정상영업,1,01,0327728678,대규모점포,167318.28834806     ,441550.166661446    ,인천광역시 중구 인현동 1호,2013-12-24 10:22:30
3490000,1981349001207500004,1981-10-19,,영업/정상,,,,,7626.2,400-037,,인천종합어시장사업협동조합,시장,I,2026-05-06 22:48:23,인천광역시 중구 연안부두로33번길 37 (항동7가),정상영업,1,01,0328884241,대규모점포,165118.168985939    ,439179.655659632    ,인천광역시 중구 항동7가 27번지 69호,2020-05-01 13:19:54
3490000,1982349001207500008,1982-04-21,,영업/정상,,,,,1315,400-180,,인현지하상가,그 밖의 대규모점포,I,2026-05-06 22:48:24,인천광역시 중구 참외전로 지하 123 (인현동),정상영업,1,01,0327730063,대규모점포,167318.28834806     ,441550.166661446    ,인천광역시 중구 인현동 1번지,2013-12-24 10:20:57
3490000,1988349001207500001,1988-01-28,,영업/정상,,,,,,,,신포지하상가,그 밖의 대규모점포,I,2026-05-06 22:48:24,,,BBBB,01,0327631717,,,,인천광역시 중구 답동 24호   ,2017-11-10 14:04:09
3490000,1995349001207500001,1995-08-17,,영업/정상,,,,,606.26,,22329,신흥시장,시장,I,2026-05-06 22:48:26,인천광역시 중구 서해대로464번길 10 (선화동),정상영업,1,01,0328831213,준대규모점포,167762.913960036    ,440598.440324372    ,인천광역시 중구 선화동 1번지 10호,2018-08-21 11:44:20
3490000,1975349001207500007,1975-08-14,,폐업,2019-07-08,,,,0,,,새동인천지하상가,그 밖의 대규모점포,I,2026-05-06 22:48:23,인천광역시 중구 참외전로 지하 123 (인현동),폐업처리,3,03,0327729643,대규모점포,167318.28834806     ,441550.166661446    ,인천광역시 중구 인현동 1호,2019-07-11 10:18:56
3490000,1989349001207500000,2010-12-28,,폐업,2022-05-17,,,,15072,400-706,,롯데쇼핑(주) 롯데마트 동인천역점,쇼핑센터,I,2026-05-06 22:48:25,"인천광역시 중구 참외전로 125-0 (인현동, 엔조이쇼핑몰)",폐업처리,3,03,0327639211,대규모점포,167330.284120856    ,441531.477293536    ,인천광역시 중구 인현동 1번지 13호 동인천역사,2022-05-17 10:36:50
3490000,2005349001207500001,2005-04-25,2021-05-04,취소/말소/만료/정지/중지,,,,,26359.24,,,주식회사 에어포트로얄프라자,쇼핑센터,I,2026-05-06 22:48:27,"인천광역시 중구 공항로424번길 47 (운서동,국제업무단지 씨블럭)",직권취소,4,04,0327439000,대규모점포,152264.138138651    ,437747.292660783    ,인천광역시 중구 운서동 2850번지 국제업무단지 씨블럭,2024-02-07 17:09:13
3500000,1965350000907500001,1965-12-30,,영업/정상,,,,,0,,,송현자유시장,시장,I,2025-12-15 16:15:28,,정상영업,1,01,0327722126,준대규모점포,,,인천광역시 동구 송현동 100호,2022-09-01 14:05:36
3500000,1971350000907500001,1972-02-22,,영업/정상,,,,,1024,401-060,,동부시장,시장,I,2025-12-15 16:15:28,인천광역시 동구 송림로 107 (금곡동),정상영업,1,01,,준대규모점포,168659.651183791    ,441660.386373344    ,인천광역시 동구 송림동 50번지 48호,2024-06-05 15:39:23
3500000,1994350000907500001,1994-06-28,,영업/정상,,,,,10757.3,401-721,,인천송림공구시장,그 밖의 대규모점포,I,2025-12-15 16:15:28,인천광역시 동구 봉수대로 98 (송림동),정상영업,1,01,0325824057,대규모점포,169978.453261346    ,442479.916786829    ,인천광역시 동구 송림동 296번지 송림동공구상가,2024-05-14 10:51:38
3500000,1996350005107500001,1996-01-13,,영업/정상,,,,,12123,401-074,,트레이더스 홀세일 클럽 송림점,대형마트,I,2025-12-15 16:15:28,인천광역시 동구 봉수대로 82 (송림동),정상영업,1,01,0327721234,대규모점포,169908.403027925    ,442376.726872044    ,인천광역시 동구 송림동 296번지 2호,2024-04-12 13:37:42
3500000,2008350005107500001,2008-01-09,,폐업,2011-05-23,,,,0,401-070,,(주)신세계마트 이마트 송림점,대형마트,I,2025-12-15 16:15:28,인천광역시 동구 봉수대로 82 (송림동),폐업처리,3,03,0327221234,대규모점포,169908.403027925    ,442376.726872044    ,인천광역시 동구 송림동 296번지 2호,2012-04-19 11:32:41
3500000,2002350000907500001,2002-05-10,,휴업,,,,,10757,,,인천송림공구시장,그 밖의 대규모점포,I,2025-12-15 16:15:28,,휴업처리,2,02,0325824057,,169978.453261346    ,442479.916786829    ,인천광역시 동구 송림동 296호   ,2007-06-23 09:54:21
3500000,2005350000907500001,2005-04-27,,휴업,,,,,0,,,(주)신세계마트 이마트 송림점,대형마트,I,2025-12-15 16:15:28,,휴업처리,2,02,0325801190,,169908.403027925    ,442376.726872044    ,인천광역시 동구 송림동 296번지 2호   ,2007-06-23 09:54:21
3500000,2005350008307500001,2005-06-15,,영업/정상,,,,,3864,,22551,송현시장,시장,I,2025-12-15 16:15:28,"인천광역시 동구 화도진로44번길 18, 3층 (송현동)",정상영업,1,01,0327732368,대규모점포,167614.368213641    ,441622.051909361    ,인천광역시 동구 송현동 88-19,2024-04-30 17:46:14
3500000,2010350013207500001,2010-07-05,,영업/정상,,,,,0,,22522,홈플러스 익스프레스 송현점,그 밖의 대규모점포,I,2025-12-15 16:15:28,"인천광역시 동구 화수로 18, 동부센트레빌 상가 (송현동)",정상영업,1,01,,준대규모점포,167677.583672822    ,442293.700243775    ,인천광역시 동구 송현동 66-26 동부센트레빌 상가,2022-05-11 16:01:15
3500000,1997350000907500001,1997-08-14,,영업/정상,,,,,197568.01,,,인천산업유통사업협동조합,그 밖의 대규모점포,I,2025-12-15 16:15:28,인천광역시 동구 방축로83번길 23 (송림동),정상영업,1,01,0325890909,대규모점포,169424.109924844    ,442692.722669138    ,인천광역시 동구 송림동 294호,2024-02-02 15:49:40
3510500,2000351001307500007,1989-04-18,,영업/정상,,,,,5056,402-835,,주안역지하도상가,그 밖의 대규모점포,I,2026-03-26 22:48:21,인천광역시 남구 주안로 지하 86 (주안동),정상영업,1,01,0328649776,대규모점포,171659.459026694    ,440299.018820333    ,인천광역시 남구 주안1동 235번지,2025-10-01 13:28:13
3510500,2000351001307500006,1992-02-21,,영업/정상,,,,,,,,신성쇼핑센타,쇼핑센터,I,2026-03-26 22:48:21,인천광역시 남구 주안중로 25 (주안동),정상영업,1,01,0324200440,,171822.184162467    ,439874.368860222    ,인천광역시 남구 주안동 169호   ,2007-06-30 12:25:07
3510500,2000351001307500009,1985-07-02,,영업/정상,,,,,,,,통일종합시장,그 밖의 대규모점포,I,2026-03-26 22:48:21,,정상영업,1,01,0327732616,,,,인천광역시 남구 주안동 1461번지 4   호   ,2007-06-30 12:25:07
3510500,2000351001307500010,2000-08-16,,영업/정상,,,,,,,,(주)아이존,그 밖의 대규모점포,I,2026-03-26 22:48:21,,정상영업,1,01,0328767321,,,,인천광역시 남구 주안동 30번지 1   호   ,2007-06-30 12:25:07
3510500,2000351001307500011,1971-07-26,,영업/정상,,,,,,,,숭의자유시장,그 밖의 대규모점포,I,2026-03-26 22:48:21,,정상영업,1,01,,,,,인천광역시 남구 숭의동 124번지 37  호   ,2007-06-30 12:25:07
3510500,2000351001307500012,1971-04-12,,영업/정상,,,,,,,,평화자유시장,그 밖의 대규모점포,I,2026-03-26 22:48:21,,정상영업,1,01,,,,,인천광역시 남구 숭의동 124호   ,2007-06-30 12:25:07
3510500,2000351001307500013,1975-06-10,,영업/정상,,,,,1200,,,용남시장,시장,I,2026-03-26 22:48:21,인천광역시 남구 인주대로266번길 17-1 (용현동),정상영업,1,01,,대규모점포,170371.837071403    ,438909.534365555    ,인천광역시 남구 용현동 4번지 2   호,2014-06-09 11:24:18
3510500,2000351001307500014,1972-07-10,,영업/정상,,,,,,,,용일시장,그 밖의 대규모점포,I,2026-03-26 22:48:21,,정상영업,1,01,,,,,인천광역시 남구 용현동 140호   ,2007-06-30 12:25:07
3510500,2000351001307500015,1963-05-09,,휴업,,,,,,,,용현시장,그 밖의 대규모점포,I,2026-03-26 22:48:21,,휴업처리,2,02,,,,,인천광역시 남구 용현동 492호   ,2007-06-30 12:25:07
3510500,2000351001307500016,1972-06-24,,영업/정상,,,,,,,,용학시장,그 밖의 대규모점포,I,2026-03-26 22:48:21,,정상영업,1,01,,,,,인천광역시 남구 학익동 293호   ,2007-06-30 12:25:07
3510500,2000351001307500017,1970-06-20,,영업/정상,,,,,,,,주안자유시장,그 밖의 대규모점포,I,2026-03-26 22:48:21,,정상영업,1,01,,,,,인천광역시 남구 주안동 549번지 1   호   ,2007-06-30 12:25:07
3510500,2000351001307500018,1993-11-22,,영업/정상,,,,,,,,현대프라자,그 밖의 대규모점포,I,2026-03-26 22:48:21,,정상영업,1,01,,,,,인천광역시 남구 주안동 1472번지 1   호   ,2007-06-30 12:25:07
3510500,2000351001307500019,1975-05-28,,영업/정상,,,,,,,,재흥시장,그 밖의 대규모점포,I,2026-03-26 22:48:21,인천광역시 남구 동주길29번길 67 (주안동),정상영업,1,01,,,171703.458006986    ,438968.002703605    ,인천광역시 남구 주안동 1472호   ,2007-06-30 12:25:07
3510500,2000351001307500020,1981-06-17,,영업/정상,,,,,,,,공단시장,그 밖의 대규모점포,I,2026-03-26 22:48:21,,정상영업,1,01,,,,,인천광역시 남구 주안동 15번지 43  호   ,2007-06-30 12:25:07
3510500,2000351001307500021,1977-06-22,,영업/정상,,,,,,,,신주안종합시장,그 밖의 대규모점포,I,2026-03-26 22:48:21,,정상영업,1,01,,,,,인천광역시 남구 주안동 929호   ,2007-06-30 12:25:07
3510500,2004351006107500001,2004-01-27,,영업/정상,,,,,3513.73,402-206,,석바위역지하도상가(주),그 밖의 대규모점포,I,2026-03-26 22:48:21,인천광역시 남구 경원대로 지하 848 (주안동),정상영업,1,01,0324224976,대규모점포,172484.939980327    ,439167.452346601    ,인천광역시 남구 주안6동 1541번지,2015-02-04 14:46:38
3510500,2005351007107500002,2005-10-11,,휴업,,,,,15197.55,,,(주)이랜드리테일홈에버인하점,그 밖의 대규모점포,I,2026-03-26 22:48:21,인천광역시 남구 소성로 6 (용현동),휴업처리,2,02,0328764108,,169028.062637712    ,438450.444079289    ,인천광역시 남구 용현동 648호   ,2007-06-30 12:25:07
3510500,2008351009207500001,2008-07-03,,영업/정상,,,,,2230.46,402-206,,태흥프라자,그 밖의 대규모점포,I,2026-03-26 22:48:21,인천광역시 남구 경원대로 848 (주안동),정상영업,1,01,0324337219,대규모점포,172489.409517819    ,439631.056179383    ,"인천광역시 남구 주안동 956번지 1호 지하1층,지하2층",2020-01-07 15:27:25
3510500,2008351009207500002,2008-11-06,,영업/정상,,,,,15198,402-024,,홈플러스(주) 인하점,대형마트,I,2026-03-26 22:48:22,인천광역시 남구 소성로 6 (용현동),정상영업,1,01,0327632080,대규모점포,169028.062637712    ,438450.444079289    ,인천광역시 남구 용현동 648번지,2021-06-04 16:28:16
3510500,2010351009207500001,1997-11-08,,영업/정상,,,,,59168.33,,22242,롯데쇼핑(주)인천점,백화점,U,2026-04-21 03:03:03,인천광역시 미추홀구 연남로 35 (관교동),정상영업,1,01,0327282221,대규모점포,173499.267314606    ,437739.32138498     ,인천광역시 미추홀구 관교동 15번지,2026-04-20 14:52:38
3510500,2011351009207500001,2011-06-30,,영업/정상,,,,,501,,22144,홈플러스(주)익스프레스 주안점,그 밖의 대규모점포,I,2026-03-26 22:48:22,"인천광역시 미추홀구 석산로 42 (주안동, 두산주상복합아파트)",정상영업,1,01,0324418546,준대규모점포,173092.342931106    ,439957.957398464    ,인천광역시 미추홀구 주안동 892-1 두산주상복합아파트,2024-04-01 11:25:55
3510500,2011351009207500003,2011-08-05,,영업/정상,,,,,1489,,22224,GS THE FRESH 학익점,그 밖의 대규모점포,I,2026-03-26 22:48:22,인천광역시 미추홀구 소성로 146 (학익동),정상영업,1,01,0328741476,준대규모점포,170216.500357923    ,437843.275382345    ,인천광역시 미추홀구 학익동 256-19,2025-04-21 15:26:06
3510500,2011351009207500004,2011-09-26,,영업/정상,,,,,19460.55,402-010,,홈플러스 인천숭의점,대형마트,I,2026-03-26 22:48:22,인천광역시 남구 석정로 51 (숭의동),정상영업,1,01,0327192000,대규모점포,,,인천광역시 남구 숭의동 393번지 3호,2021-06-04 16:19:01
3510500,2011351009207500005,2011-10-05,,영업/정상,,,,,165,402-820,,롯데쇼핑(주)롯데슈퍼 인하대점,그 밖의 대규모점포,I,2026-03-26 22:48:22,인천광역시 남구 인하로 107 (용현동),정상영업,1,01,,준대규모점포,169860.034040713    ,438759.181290214    ,"인천광역시 남구 용현1,4동 92번지 17호",2022-04-29 13:04:33
3510500,2012351009207500001,2012-01-27,,영업/정상,,,,,438.9,402-042,,홈플러스 익스프레스 인천학익점,그 밖의 대규모점포,I,2026-03-26 22:48:22,인천광역시 남구 매소홀로488번길 6-32 (학익동),정상영업,1,01,0328738561,준대규모점포,171184.306327126    ,437467.24635828     ,인천광역시 남구 학익2동 663번지 1호,2025-12-08 10:51:36
3510500,2012351009207500002,2012-01-26,,영업/정상,,,,,227.37,402-860,,홈플러스익스프레스 인천주안2점,복합쇼핑몰,I,2026-03-26 22:48:22,인천광역시 남구 인하로352번길 4 (주안동),정상영업,1,01,0324378542,준대규모점포,172251.725613377    ,438462.266356905    ,인천광역시 남구 주안8동 1523번지 7호,2024-12-13 12:58:09
3510500,2013351013107500001,2013-01-22,,영업/정상,,,,,4033.64,,,보미리즌빌,그 밖의 대규모점포,I,2026-03-26 22:48:22,인천광역시 남구  경원대로  890 (주안동),정상영업,1,01,0324398143,대규모점포,172527.500008351    ,440045.06513816     ,인천광역시 남구 주안동 929번지 16호,2018-04-21 10:58:26
3510500,2020351057907500001,2020-08-25,,영업/정상,,,,,20973.16,,22101,앨리웨이 인천,그 밖의 대규모점포,I,2026-03-26 22:48:22,"인천광역시 미추홀구 숙골로87번길 5 (도화동, 더샵 인천스카이타워 2단지)",영업개시전,5,01,0328660611,대규모점포,170160.347561945    ,440825.360762333    ,인천광역시 미추홀구 도화동 1002 더샵 인천스카이타워 2단지,2025-06-30 13:15:03
3510500,2021351057907500001,2021-03-23,,영업/정상,,,,,884.37,,22101,(주)이마트에브리데이 인천도화점,대형마트,I,2026-03-26 22:48:22,"인천광역시 미추홀구 숙골로88번길 12, 지1층 비20호 (도화동, 더샵 인천스카이타워 1단지)",정상영업,1,01,,준대규모점포,170309.660233767    ,440927.748196756    ,인천광역시 미추홀구 도화동 1011 더샵 인천스카이타워 1단지,2024-08-22 10:46:05
3510500,2023351057907500001,2023-02-27,,영업/정상,,,,,17282.8,,22205,스타오씨엘 에비뉴I,그 밖의 대규모점포,I,2026-03-26 22:48:22,인천광역시 미추홀구 독배로 230(학익동),정상영업,1,01,0328302512,대규모점포,169123.759948513    ,437732.772860437    ,인천광역시 미추홀구 학익동 580-1,2023-10-31 11:00:15
3510500,2023351057907500002,2023-05-02,,영업/정상,,,,,165,,22208,롯데쇼핑(주)롯데슈퍼 인하대점,복합쇼핑몰,U,2026-04-21 03:03:03,인천광역시 미추홀구 인하로 107 (용현동),정상영업,1,01,,준대규모점포,169860.034040713    ,438759.181290214    ,인천광역시 미추홀구 용현동 92-17,2026-04-20 14:55:49
3510500,2023351057907500003,2023-10-16,,영업/정상,,,,,183.61,,22159,GS THE FRESH 인천주안점,그 밖의 대규모점포,I,2026-03-26 22:48:22,"인천광역시 미추홀구 남주길 150 (주안동, 힐스테이트 푸르지오 주안)",정상영업,1,01,0328748121,준대규모점포,171496.759700802    ,439044.001071504    ,인천광역시 미추홀구 주안동 1452-2 힐스테이트 푸르지오 주안,2025-04-30 13:39:51
3510500,2023351057907500006,2023-12-18,,영업/정상,,,,,6472.96,,22148,아인애비뉴 메디&라이프 복합몰,그 밖의 대규모점포,I,2026-03-26 22:48:22,"인천광역시 미추홀구 경인로 372 (주안동, 포레나 미추홀)",정상영업,1,01,0324596002,대규모점포,,,인천광역시 미추홀구 주안동 0 포레나 미추홀,2024-02-21 17:51:41
3510500,2024351057907500001,2024-01-22,,영업/정상,,,,,231.83,,22176,GS THE FRESH 인천용현점,구분없음,I,2026-03-26 22:48:22,"인천광역시 미추홀구 낙섬중로 138, 미추홀프라자 (용현동)",영업개시전,5,01,0222062364,준대규모점포,,,인천광역시 미추홀구 용현동 0 미추홀프라자,2024-01-23 11:17:56
3510500,2024351057907500002,2024-01-22,,영업/정상,,,,,226.98,,22184,GS THE FRESH 용현자이점,구분없음,I,2026-03-26 22:48:22,"인천광역시 미추홀구 독배로 383, 자이타워 (용현동)",영업개시전,5,01,0220062364,준대규모점포,,,인천광역시 미추홀구 용현동 0 자이타워,2024-01-23 13:51:24
3510500,2024351057907500003,2024-01-22,,영업/정상,,,,,231.83,,22176,GS THE FRESH 인천용현점,구분없음,I,2026-03-26 22:48:22,"인천광역시 미추홀구 낙섬중로 138, 미추홀프라자 (용현동)",영업개시전,5,01,0220062364,준대규모점포,,,인천광역시 미추홀구 용현동 0 미추홀프라자,2025-04-21 15:34:26
3510500,2024351057907500004,2024-01-22,,영업/정상,,,,,226.98,,22184,GS THE FRESH 용현자이점,그 밖의 대규모점포,I,2026-03-26 22:48:22,"인천광역시 미추홀구 독배로 383, 자이타워 (용현동)",정상영업,1,01,0328887314,준대규모점포,,,인천광역시 미추홀구 용현동 0 자이타워,2025-04-22 09:31:02
3510500,2024351057907500005,2024-02-26,,영업/정상,,,,,34492,,22148,아인애비뉴 메디&라이프 복합몰,그 밖의 대규모점포,I,2026-03-26 22:48:22,"인천광역시 미추홀구 경인로 372 (주안동, 포레나 미추홀)",정상영업,1,01,0324596002,대규모점포,,,인천광역시 미추홀구 주안동 0 포레나 미추홀,2024-12-19 11:36:58
3510500,2024351057907500006,2024-03-04,,영업/정상,,,,,15498,,22201,홈플러스 (주) 인하점,대형마트,I,2026-03-26 22:48:22,"인천광역시 미추홀구 소성로 6, 홈플러스 (학익동)",정상영업,1,01,,대규모점포,169028.062637712    ,438450.444079289    ,인천광역시 미추홀구 학익동 720-16 홈플러스,2025-01-13 17:08:25
3510500,2024351057907500007,2024-03-04,,영업/정상,,,,,19460.55,,22160,홈플러스 인천 숭의점,대형마트,I,2026-03-26 22:48:22,"인천광역시 미추홀구 석정로 51, 홈플러스 (숭의동)",정상영업,1,01,0327192020,대규모점포,,,인천광역시 미추홀구 숭의동 180-6,2024-03-04 11:14:32
3510500,2024351057907500008,2024-06-28,,영업/정상,,,,,193.52,,22146,GS THE FRESH 인천석바위점,구분없음,I,2026-03-26 22:48:22,인천광역시 미추홀구 구월로8번길 18-62 (주안동),정상영업,1,01,0220062364,준대규모점포,172657.490901483    ,439438.481562346    ,인천광역시 미추홀구 주안동 1545-2,2025-04-30 13:42:02
3510500,2024351057907500009,2024-10-03,,영업/정상,,,,,3712.99,,,스타오씨엘 에비뉴Ⅱ,그 밖의 대규모점포,I,2026-03-26 22:48:22,,영업개시전,5,01,0328302551,대규모점포,169093.303698974    ,437603.768515412    ,인천광역시 미추홀구 학익동 595-28,2024-10-03 10:48:01
3510500,2025351057907500002,2025-04-22,,영업/정상,,,,,1489,,22224,GS THE FRESH 학익점,그 밖의 대규모점포,I,2026-03-26 22:48:22,인천광역시 미추홀구 소성로 146 (학익동),정상영업,1,01,,준대규모점포,170216.500357923    ,437843.275382345    ,인천광역시 미추홀구 학익동 256-19,2025-04-22 09:28:07
3510500,2025351057907500003,2025-04-22,,영업/정상,,,,,231.83,,22176,GS THE FRESH 인천용현점,그 밖의 대규모점포,I,2026-03-26 22:48:23,"인천광역시 미추홀구 낙섬중로 138, 미추홀프라자 (용현동)",정상영업,1,01,0328885211,준대규모점포,,,인천광역시 미추홀구 용현동 691 미추홀프라자,2025-04-22 09:28:27
3510500,2025351057907500004,2025-04-22,,영업/정상,,,,,226.98,,22184,GS THE FRESH 용현자이점,그 밖의 대규모점포,I,2026-03-26 22:48:23,"인천광역시 미추홀구 독배로 383, 자이타워 (용현동)",정상영업,1,01,0328887314,준대규모점포,,,인천광역시 미추홀구 용현동 0 자이타워,2025-04-22 09:28:38
3510500,2025351057907500005,2025-04-24,,영업/정상,,,,,59168.33,,22242,롯데쇼핑(주)인천점,백화점,I,2026-03-26 22:48:23,"인천광역시 미추홀구 연남로 35, 인천종합터미널,롯데백화점 (관교동)",정상영업,1,01,0322422805,대규모점포,173499.267314606    ,437739.32138498     ,"인천광역시 미추홀구 관교동 15 인천종합터미널,롯데백화점",2025-04-24 12:58:24
3510500,2025351057907500006,2025-08-20,,영업/정상,,,,,181.8,,22163,GS더프레쉬 미추홀구청점,그 밖의 대규모점포,I,2026-03-26 22:48:23,"인천광역시 미추홀구 독정이로 82, 두산위브더제니스 센트럴여의 상가2동 101호~104호 (숭의동)",정상영업,1,01,0328878885,준대규모점포,,,인천광역시 미추홀구 숭의동 0,2025-09-15 10:04:36
3510500,1994351009207500001,1994-11-17,,영업/정상,,,,,5473,,,주안시민지하상가,그 밖의 대규모점포,I,2026-03-26 22:48:21,인천광역시 남구 경인로 지하 343 (주안동),정상영업,1,01,0328727111,대규모점포,171639.582162043    ,439947.418490958    ,인천광역시 남구 주안동 188호,2016-03-10 16:53:55
3510500,2000351001307500003,1984-02-14,,폐업,2002-07-18,,,,0,,,하나로쇼핑센타,쇼핑센터,I,2026-03-26 22:48:21,,폐업처리,3,03,0328831896,대규모점포,167688.085613053    ,439146.239331465    ,인천광역시 남구 용현동 628번지 62  호,2019-01-10 17:05:42
3510500,2005351007107500001,2005-05-03,,폐업,2008-10-27,,,2007-03-09,15197.55,,,(주)이랜드리테일 홈에버인하점,대형마트,I,2026-03-26 22:48:21,인천광역시 남구 소성로 6 (용현동),폐업처리,3,03,0328703300,대규모점포,169028.062637712    ,438450.444079289    ,인천광역시 남구 용현동 648번지,2014-07-07 13:33:04
3510500,2011351009207500002,2011-07-05,,폐업,2012-04-12,,,,242.52,402-835,,농협중앙회 옹진군지부 하나로마트,,I,2026-03-26 22:48:22,,폐업처리,3,03,0328603560,준대규모점포,,,인천광역시 남구 주안1동 195번지,2012-04-12 14:08:57
3510500,2011351009207500006,2011-10-05,,폐업,2012-09-07,,,,1416.22,402-848,,(주)에브리데이주안동점,그 밖의 대규모점포,I,2026-03-26 22:48:22,인천광역시 남구 경원대로 848 (주안동),폐업처리,3,03,0324243655,준대규모점포,172489.409517819    ,439631.056179383    ,"인천광역시 남구 주안6동 956번지 1호 주안태흥프라자 지하1-01호, 02호",2012-09-07 17:30:08
3510500,2025351057907500001,2025-04-02,,폐업,2025-12-22,,,,126,,,GS THE FRESH 숭의역점,그 밖의 대규모점포,I,2026-03-26 22:48:22,,폐업처리,3,03,0320000000,준대규모점포,168066.488372837    ,439990.139451996    ,인천광역시 미추홀구 숭의동 360-2,2025-12-22 16:17:29
3510500,2000351001307500001,1998-02-10,,영업/정상,,,,,,,,동아탑월드,그 밖의 대규모점포,I,2026-03-26 22:48:21,,정상영업,1,01,0328888441,,,,인천광역시 남구 숭의동 294번지 11  호   ,2007-06-30 12:25:07
3510500,2000351001307500002,1978-02-20,,영업/정상,,,,,1961.36,402-806,,제물포지하상가,그 밖의 대규모점포,I,2026-03-26 22:48:21,인천광역시 남구 경인로 129 (도화동),정상영업,1,01,0328830091,,169536.039652568    ,440596.943417253    ,인천광역시 남구 도화2동 81번지 1호,2016-12-30 11:22:27
3510500,2000351001307500004,1962-03-05,,영업/정상,,,,,,,,학익시장,그 밖의 대규모점포,I,2026-03-26 22:48:21,,정상영업,1,01,0328643233,,,,인천광역시 남구 학익동 273번지 3   호   ,2020-08-04 16:26:10
3510500,2000351001307500005,1969-12-31,,영업/정상,,,,,,,,제일시장,그 밖의 대규모점포,I,2026-03-26 22:48:21,,정상영업,1,01,0328752023,,170530.81661744     ,441487.912694495    ,인천광역시 남구 도화동 263호   ,2007-06-30 12:25:07
3510500,2000351001307500008,1994-11-17,,영업/정상,,,,,5743,,,주안로지하상가,그 밖의 대규모점포,I,2026-03-26 22:48:21,인천광역시 남구 경인로 지하 343 (주안동),,BBBB,01,0328727111,,171639.582162043    ,439947.418490958    ,인천광역시 남구 주안동 188호   ,2007-06-30 12:25:07
3520000,2012352006807500002,2012-04-30,,영업/정상,,,,,162,406-111,,롯데마켓999 연수1동점,,I,2026-05-11 23:16:51,인천광역시 연수구 새말로 70 (연수동),정상영업,1,01,0328155601,준대규모점포,171392.537370186    ,435325.772980459    ,인천광역시 연수구 연수1동 568번지,2012-04-30 13:55:22
3520000,2013352010507500001,2013-04-11,,폐업,2021-12-31,,,,1992.92,406-082,,NC큐브 커넬워크점,복합쇼핑몰,I,2026-05-11 23:16:52,인천광역시 연수구 아트센터대로 87 (송도동),폐업처리,3,03,0327236313,대규모점포,168082.874459247    ,433416.378156392    ,인천광역시 연수구 송도2동 17번지 1호 외 11필지,2022-08-08 14:34:37
3520000,2012352006807500004,2012-04-30,,영업/정상,,,,,162,406-111,,롯데마켓999 연수1동점,,I,2026-05-11 23:16:51,인천광역시 연수구 새말로 70 (연수동),정상영업,1,01,0328155601,준대규모점포,171392.537370186    ,435325.772980459    ,인천광역시 연수구 연수1동 568번지,2012-05-01 10:09:18
3520000,2012352006807500005,2012-06-11,,영업/정상,,,,,88350.7,406-140,,스퀘어원,복합쇼핑몰,I,2026-05-11 23:16:52,인천광역시 연수구 청능대로 210 (동춘동),정상영업,1,01,0226890035,대규모점포,171926.076708191    ,433811.136423145    ,인천광역시 연수구 동춘3동 926번지,2013-06-22 13:22:15
3520000,2013352010507500002,2013-12-02,,영업/정상,,,,,10874,406-081,,롯데쇼핑(주) 롯데마트 송도점,대형마트,I,2026-05-11 23:16:52,인천광역시 연수구 컨벤시아대로 177 (송도동),정상영업,1,01,0322222523,대규모점포,168348.646973511    ,431855.205739156    ,인천광역시 연수구 송도1동 6번지 11호,2022-04-28 16:21:10
3520000,2014352010507500001,2014-06-27,,영업/정상,,,,,29337,406-081,,홈플러스 인천송도점,쇼핑센터,I,2026-05-11 23:16:52,인천광역시 연수구 송도국제대로 165-0 (송도동),정상영업,1,01,0234591720,대규모점포,169499.618663809    ,430950.250482797    ,인천광역시 연수구 송도동 168번지 3호,2024-02-29 12:14:10
3520000,2014352010507500002,2014-12-01,,영업/정상,,,,,44642.85,,21984,현대백화점 프리미엄 아울렛 송도점,쇼핑센터,I,2026-05-11 23:16:52,"인천광역시 연수구 송도국제대로 123, 현대프리미엄 아울렛 송도점 (송도동)",정상영업,1,01,0327272711,대규모점포,169690.265503087    ,431199.593676188    ,인천광역시 연수구 송도동 168번지 1호 현대프리미엄 아울렛 송도점,2024-05-07 10:52:46
3520000,2016352012507500001,2016-01-13,,영업/정상,,,,,13875.64,,,코스트코 홀세일 송도점,대형마트,I,2026-05-11 23:16:52,,정상영업,1,01,0226302784,대규모점포,167456.668495982    ,432023.341827917    ,인천광역시 연수구 송도동 98번지,2017-03-07 16:45:21
3520000,2017352012507500001,2017-03-13,,영업/정상,,,,,73019.58,406-082,,트리플 스트리트,쇼핑센터,I,2026-05-11 23:16:52,인천광역시 연수구 송도과학로16번길 33-1 (송도동),정상영업,1,01,0322601291,대규모점포,169744.688401816    ,431034.673654182    ,인천광역시 연수구 송도동 170번지 1호,2022-02-17 09:36:08
3520000,2020352017507500001,2020-02-26,,영업/정상,,,,,0,,21926,롯데쇼핑(주) 롯데마트 연수점,대형마트,I,2026-05-11 23:16:52,"인천광역시 연수구 청능대로 87, 롯데마트 연수점 (청학동)",정상영업,1,01,0328102525,대규모점포,171173.885129435    ,434824.628551534    ,인천광역시 연수구 청학동 502번지 4호 롯데마트 연수점,2024-03-12 16:55:31
3520000,2020352017507500002,2020-10-28,,영업/정상,,,,,16105.88,,22004,인천 스타트업파크,그 밖의 대규모점포,I,2026-05-11 23:16:52,인천광역시 연수구 컨벤시아대로 204 (송도동),정상영업,1,01,0322281218,대규모점포,168034.064747116    ,431810.029413724    ,인천광역시 연수구 송도동 93,2024-02-13 17:07:15
3520000,2025352024107500001,2025-05-12,,영업/정상,,,,,9196.74,,21926,롯데마트 연수점,대형마트,I,2026-05-11 23:16:52,"인천광역시 연수구 청능대로 87, 롯데마트 연수점 (청학동)",정상영업,1,01,0328102500,대규모점포,171173.885129435    ,434824.628551534    ,인천광역시 연수구 청학동 502-4 롯데마트 연수점,2026-01-02 15:34:30
3520000,2025352024107500002,2025-05-12,,영업/정상,,,,,10874,,21998,롯데마트 송도점,대형마트,I,2026-05-11 23:16:52,"인천광역시 연수구 컨벤시아대로 177, 롯데마트 (송도동)",정상영업,1,01,0322222523,대규모점포,168348.646973511    ,431855.205739156    ,인천광역시 연수구 송도동 6-11 롯데마트,2026-01-02 15:34:10
3520000,2004352004707500001,2004-05-06,,영업/정상,,,,,634,,,롯데슈퍼연수점,구분없음,I,2026-05-11 23:16:50,,정상영업,1,01,0328156114,준대규모점포,170938.652786429    ,433755.427480694    ,인천광역시 연수구 동춘동 932호,2017-04-19 11:20:08
3520000,2005352004707500001,2005-04-15,,영업/정상,,,,,18016,,,이마트 연수점,대형마트,I,2026-05-11 23:16:50,인천광역시 연수구 경원대로 184 (동춘동),정상영업,1,01,0328201052,대규모점포,171698.988312684    ,433623.667155133    ,인천광역시 연수구 동춘동 926번지 9호,2024-04-18 10:30:43
3520000,2005352004707500002,2005-09-26,,영업/정상,,,,,0,,,연수구옥련시장,시장,I,2026-05-11 23:16:51,,정상영업,1,01,0328338640,대규모점포,,,인천광역시 연수구 동춘동 462번지 32호,2012-04-30 17:41:54
3520000,2005352004707500003,2005-09-26,,영업/정상,,,,,3673,406-774,,연수구옥련시장상점가사업협동조합,시장,I,2026-05-11 23:16:51,인천광역시 연수구 독배로40번길 35 (옥련동),정상영업,1,01,0328338640,대규모점포,168668.458147027    ,435891.753284698    ,인천광역시 연수구 옥련2동 462번지 32호,2018-03-09 09:06:42
3520000,2008352006807500001,2008-01-26,,영업/정상,,,,,13540,406-120,,(주)LF네트웍스 연수점,전문점,I,2026-05-11 23:16:51,인천광역시 연수구 청능대로23번길 11 (청학동),정상영업,1,01,0328192330,대규모점포,170626.761484147    ,435307.361190444    ,인천광역시 연수구 청학동 455번지 연수1차 하나아파트 상가동,2011-10-30 13:38:46
3520000,2011352006807500001,2011-05-30,,영업/정상,,,,,27543,406-827,,홈플러스 인천연수점,대형마트,I,2026-05-11 23:16:51,인천광역시 연수구 청능대로 210 (동춘동),정상영업,1,01,0324308123,대규모점포,171926.076708191    ,433811.136423145    ,인천광역시 연수구 동춘3동 926번지,2024-02-29 12:16:31
3520000,2012352006807500001,2003-05-16,,영업/정상,,,,,9196.74,406-120,,롯데마트연수점,대형마트,I,2026-05-11 23:16:51,인천광역시 연수구 청능대로 87 (청학동),정상영업,1,01,0328102500,대규모점포,171173.885129435    ,434824.628551534    ,인천광역시 연수구 청학동 502번지 4호,2012-04-30 13:55:55
3520000,2012352006807500003,2012-04-30,,영업/정상,,,,,9196.74,406-120,,롯데마트 연수점,대형마트,I,2026-05-11 23:16:51,인천광역시 연수구 청능대로 87 (청학동),정상영업,1,01,0328102501,대규모점포,171173.885129435    ,434824.628551534    ,인천광역시 연수구 청학동 502번지 4호,2026-04-30 13:17:21
3530000,2000353000007500001,1970-11-04,,영업/정상,,,,,418,,,간석자유시장,그 밖의 대규모점포,I,2026-03-26 22:49:55,인천광역시 남동구 백범로 312-44 (간석동),정상영업,1,01,0324220401,대규모점포,174722.451711653    ,440258.823829012    ,인천광역시 남동구 간석동 224호,2013-12-26 14:13:36
3530000,2019353017907500003,2017-10-30,,폐업,2019-11-13,,,,0,,21557,마켓999프랜차이즈,그 밖의 대규모점포,I,2026-03-26 22:49:56,"인천광역시 남동구 정각로 14, 가온누리 (구월동)",폐업처리,3,03,0324410999,준대규모점포,173683.74443341     ,439222.847274805    ,인천광역시 남동구 구월동 1136번지 가온누리,2019-11-14 16:02:59
3530000,2000353000007500004,1980-06-27,,영업/정상,,,,,,,,석천종합시장,그 밖의 대규모점포,I,2026-03-26 22:49:55,,정상영업,1,01,0324270950,,174013.360195399    ,440268.138163799    ,인천광역시 남동구 간석동 313번지 1호   ,2007-07-14 10:42:02
3530000,2000353000007500005,1980-09-29,,영업/정상,,,,,,,,신사상가,그 밖의 대규모점포,I,2026-03-26 22:49:55,인천광역시 남동구 석산로 159 (간석동),정상영업,1,01,0324225127,,174251.604516879    ,439885.278849634    ,인천광역시 남동구 간석동 195번지 1호   ,2007-07-14 10:42:02
3530000,2000353000007500006,1981-06-18,,영업/정상,,,,,,,,구월종합상가(주),그 밖의 대규모점포,I,2026-03-26 22:49:55,,정상영업,1,01,0324696108,,,,인천광역시 남동구 구월동 8번지 2호   ,2007-07-14 10:42:02
3530000,2000353000007500007,1981-07-13,,영업/정상,,,,,,,,만수종합쇼핑,쇼핑센터,I,2026-03-26 22:49:55,,정상영업,1,01,0324715131,,,,인천광역시 남동구 구월동 8번지 2호   ,2007-07-14 10:42:02
3530000,2000353000007500008,1981-07-30,,영업/정상,,,,,435,,,동서종합시장,그 밖의 대규모점포,I,2026-03-26 22:49:55,인천광역시 남동구 석산로 167 (간석동),정상영업,1,01,0324396696,준대규모점포,174324.97486278     ,439886.258455617    ,인천광역시 남동구 간석동 194호,2013-12-30 15:43:55
3530000,2000353000007500010,1990-04-14,,영업/정상,,,,,1.25,,,만수중앙시장,그 밖의 대규모점포,I,2026-03-26 22:49:55,인천광역시 남동구 만경로28번길 24 (만수동),정상영업,1,01,0324627004,대규모점포,175879.490715335    ,439475.330166714    ,인천광역시 남동구 만수동 878호,2012-10-17 14:01:22
3530000,2000353000007500012,1990-11-12,,영업/정상,,,,,991,,,간석종합시장,그 밖의 대규모점포,I,2026-03-26 22:49:55,인천광역시 남동구 석정로565번길 20-4 (간석동),정상영업,1,01,0324389202,준대규모점포,173223.975812806    ,440622.812399812    ,인천광역시 남동구 간석동 611번지 8   호,2013-12-30 15:41:42
3530000,2000353000007500013,1991-09-13,2007-05-03,취소/말소/만료/정지/중지,,,,,611,,,드림랜드프라자,그 밖의 대규모점포,I,2026-03-26 22:49:55,인천광역시 남동구 복개서로35번길 27-17 (구월동),직권취소,4,04,0324711681,준대규모점포,175782.429653535    ,438650.694768545    ,인천광역시 남동구 구월동 1316번지 8   호,2017-07-10 20:48:23
3530000,2000353000007500014,1992-01-08,,영업/정상,,,,,3.02,,,청실프라자,그 밖의 대규모점포,I,2026-03-26 22:49:55,인천광역시 남동구 동암남로26번길 39 (간석동),정상영업,1,01,0324282828,준대규모점포,173946.323388675    ,440801.417109007    ,인천광역시 남동구 간석동 229번지 1   호,2013-12-30 15:40:18
3530000,2000353000007500015,1994-03-16,,영업/정상,,,,,786,,,형진프라자,그 밖의 대규모점포,I,2026-03-26 22:49:55,인천광역시 남동구 남동대로915번길 25 (간석동),정상영업,1,01,0324380333,준대규모점포,173968.46714416     ,440277.353534774    ,인천광역시 남동구 간석동 313번지 2   호,2013-12-30 15:38:31
3530000,2000353000007500016,1997-12-03,,영업/정상,,2007-02-03,2007-03-12,2007-03-13,12117.34,,,홈플러스(주)구월점,복합쇼핑몰,I,2026-03-26 22:49:55,인천광역시 남동구 예술로 198 (구월동),정상영업,1,01,0324282080,대규모점포,173552.310556009    ,438905.868022571    ,인천광역시 남동구 구월동 1130호,2024-02-29 13:45:12
3530000,2000353000007500017,2010-03-24,,영업/정상,,,,,3269.88,,,공장용품상가,그 밖의 대규모점포,I,2026-03-26 22:49:55,인천광역시 남동구 남동서로 226 (논현동),정상영업,1,01,0328191345,대규모점포,172845.980584101    ,434224.322056537    ,인천광역시 남동구 논현동 450호,2023-01-13 15:19:14
3530000,2000353000007500018,1995-07-05,,영업/정상,,,,,5.16,,,남동공단산업용품상가,그 밖의 대규모점포,I,2026-03-26 22:49:55,인천광역시 남동구 은청로 4-7 (고잔동),정상영업,1,01,0328167133,대규모점포,172797.122604371    ,433931.185296708    ,"인천광역시 남동구 고잔동 630,631호",2013-12-26 14:20:54
3530000,2000353000007500019,1995-07-18,,영업/정상,,,,,0,,,남동후생시설,그 밖의 대규모점포,I,2026-03-26 22:49:55,인천광역시 남동구 남동대로239번길 68 (논현동),정상영업,1,01,0328172712,준대규모점포,173010.470921381    ,434072.007471081    ,인천광역시 남동구 고잔동 447번지 1   호,2013-12-30 15:36:15
3530000,2001353004907500002,2001-06-13,,휴업,,,,,17373,,,삼성테스코(주)홈플러스간석점,그 밖의 대규모점포,I,2026-03-26 22:49:55,"인천광역시 남동구 경원대로 971 (간석동,외 2)",휴업처리,2,02,0328708124,,172419.743721009    ,440865.63488269     ,인천광역시 남동구 간석동 616번지 3호 외 2  ,2007-07-14 10:42:02
3530000,2003353004907500001,2003-01-22,,휴업,,,,,7681.47,,,지오디페,그 밖의 대규모점포,I,2026-03-26 22:49:55,인천광역시 남동구 호구포로 818 (구월동),휴업처리,2,02,,,175127.311445245    ,439299.829381154    ,인천광역시 남동구 구월동 1264호   ,2007-07-14 10:42:02
3530000,2004353004907500003,2004-10-01,,영업/정상,,,,,29033.02,,,뉴코아아울렛인천점,복합쇼핑몰,U,2026-05-09 03:03:03,인천광역시 남동구 인하로 485 (구월동),정상영업,1,01,0324305000,대규모점포,173449.265308514    ,438055.718667539    ,인천광역시 남동구 구월동 1465번지 1호,2026-05-08 10:24:31
3530000,2004353004907500005,2004-12-27,,영업/정상,,,,,15746.86,,,(주)동보올리브백화점,백화점,I,2026-03-26 22:49:55,인천광역시 남동구 남동대로 880 (간석동),정상영업,1,01,0324341234,대규모점포,174172.521279       ,439905.780965785    ,인천광역시 남동구 간석동 205번지 1호,2017-05-08 09:43:11
3530000,2005353004907500001,2005-09-13,,휴업,,,,,8076.4,,,만수종합쇼핑,그 밖의 대규모점포,I,2026-03-26 22:49:55,,휴업처리,2,02,0320000000,,176260.455257872    ,439821.045270727    ,인천광역시 남동구 만수동 73번지 18호   ,2007-07-14 10:42:02
3530000,2009353007007500001,2013-06-03,,영업/정상,,,,,32550.72,405-230,,홈플러스(주) 간석점,대형마트,I,2026-03-26 22:49:56,"인천광역시 남동구 경원대로 971 (간석동,외 2필지)",정상영업,1,01,0328708124,대규모점포,172419.743721009    ,440865.63488269     ,인천광역시 남동구 간석동 616번지 3호 외 2필지,2024-02-29 13:43:48
3530000,2010353007007500001,2010-06-24,,영업/정상,,,,,8147.48,405-300,,리빙파워센터 인천논현점,전문점,I,2026-03-26 22:49:56,인천광역시 남동구 청능대로 596 (논현동),정상영업,1,01,0262637500,대규모점포,175633.883082614    ,433196.453155142    ,인천광역시 남동구 논현동 650번지 1호,2025-10-14 15:30:52
3530000,2010353007007500002,2013-06-03,,영업/정상,,,,,17949.92,405-825,,홈플러스(주) 인천논현점,쇼핑센터,I,2026-03-26 22:49:56,인천광역시 남동구 청능대로 596 (논현동),정상영업,1,01,0324558121,대규모점포,175633.883082614    ,433196.453155142    ,인천광역시 남동구 논현동 650번지 1호,2024-02-29 13:46:32
3530000,2011353010407500001,2011-08-12,,영업/정상,,,,,356.08,405-854,,GS더프레시 만수점,구분없음,I,2026-03-26 22:49:56,"인천광역시 남동구 만수로50번길 53 (만수동,제가동 제121호 제207호 제109호 제119호)",정상영업,1,01,0324613417,준대규모점포,176600.648268113    ,439685.968559441    ,인천광역시 남동구 만수4동 18번지 제가동 제121호 제207호 제109호 제119호,2025-05-13 15:31:10
3530000,2011353010407500002,2011-09-16,,영업/정상,,,,,639,,21561,GS더프레시 구월점,구분없음,I,2026-03-26 22:49:56,"인천광역시 남동구 구월로 212, 힐캐슬프라자 지하층 (구월동)",정상영업,1,01,0327105300,준대규모점포,174431.49712362     ,439194.306759719    ,인천광역시 남동구 구월동 23번지 힐캐슬프라자,2025-05-13 15:15:43
3530000,2011353010407500003,2011-09-23,,영업/정상,,,,,12219.02,405-825,,소래포구종합어시장,그 밖의 대규모점포,I,2026-03-26 22:49:56,인천광역시 남동구 소래역로 12 (논현동),정상영업,1,01,0324217100,대규모점포,176653.982245213    ,432995.634967439    ,인천광역시 남동구 논현동 680번지 1호,2023-12-07 14:50:12
3530000,2011353010407500004,2013-06-03,,영업/정상,,,,,232.8,405-837,,홈플러스(주)익스프레스 구월점,구분없음,I,2026-03-26 22:49:56,인천광역시 남동구 구월남로 198 (구월동),정상영업,1,01,0324638547,준대규모점포,174401.042628505    ,438978.615575738    ,인천광역시 남동구 구월1동 1214번지 1호,2024-03-26 09:53:12
3530000,2012353010407500003,2012-04-30,,영업/정상,,,,,246.6,405-241,,롯데슈퍼 인천만수가맹점,구분없음,I,2026-03-26 22:49:56,인천광역시 남동구 복개동로34번길 25 (만수동),정상영업,1,01,0324635887,준대규모점포,175850.901141261    ,438788.702527975    ,인천광역시 남동구 만수1동 935번지 1호,2017-07-10 20:57:01
3530000,2012353017907500004,2012-02-14,,영업/정상,,,,,0,,21645,(주)지에스리테일 인천도림점,구분없음,I,2026-03-26 22:49:56,"인천광역시 남동구 논고개로 331, 도림상가 (도림동)",정상영업,1,01,,준대규모점포,175981.287977694    ,435302.344499432    ,인천광역시 남동구 도림동 663-4 도림상가,2025-04-29 19:26:28
3530000,2012353017907500005,2012-10-29,,영업/정상,,,,,327,,21521,GS더프레시 만수2점,구분없음,I,2026-03-26 22:49:56,인천광역시 남동구 만수로 107 (만수동),정상영업,1,01,0324728889,준대규모점포,176730.177139444    ,440318.943388459    ,인천광역시 남동구 만수동 1-190,2025-05-13 15:14:06
3530000,2019353017907500001,2019-10-10,,영업/정상,,,,,510,,21591,노브랜드 인천장승백이시장점,구분없음,I,2026-03-26 22:49:56,"인천광역시 남동구 인주대로888번길 27, 창대장터상가 1동 B1층 B01~B06호 (만수동)",정상영업,1,01,,준대규모점포,176533.985015893    ,438341.641936655    ,인천광역시 남동구 만수동 1082번지 창대장터상가,2019-10-10 09:30:43
3530000,2019353017907500002,2019-10-10,,영업/정상,,,,,510,,21591,노브랜드인천장승백이시장점,구분없음,I,2026-03-26 22:49:56,"인천광역시 남동구 인주대로888번길 27, 창대장터상가 1동 b01~b06호 (만수동)",영업개시전,5,01,023809461,준대규모점포,176533.985015893    ,438341.641936655    ,인천광역시 남동구 만수동 1082번지 창대장터상가,2019-10-10 17:39:12
3530000,2020353017907500001,2020-07-22,,영업/정상,,,,,3706,,21672,소래포구어시장,그 밖의 대규모점포,I,2026-03-26 22:49:56,인천광역시 남동구 장도로 86-14 (논현동),영업개시전,5,01,0324467536,대규모점포,176846.365143598    ,432902.368426872    ,인천광역시 남동구 논현동 111-168 쌍둥이네,2020-07-22 16:56:46
3530000,2023353017907500001,2023-06-12,,영업/정상,,,,,19686.36,,,(주)이마트 트레이더스 구월점,대형마트,I,2026-03-26 22:49:56,,정상영업,1,01,023809843,대규모점포,174074.002286488    ,437545.395950524    ,인천광역시 남동구 구월동 1549,2024-04-29 13:03:56
3530000,2024353017907500001,2024-03-04,,영업/정상,,,,,661.15,,,노브랜드 트레이더스 구월점,구분없음,I,2026-03-26 22:49:56,,정상영업,1,01,023809843,준대규모점포,174074.002286488    ,437545.395950524    ,인천광역시 남동구 구월동 1549,2024-04-29 13:04:42
3530000,2024353017907500002,2024-03-04,,영업/정상,,,,,183.38,,,GS TEH FRESH 구월용천로점,복합쇼핑몰,I,2026-03-26 22:49:56,,정상영업,1,01,,준대규모점포,174674.220592143    ,439719.804934686    ,인천광역시 남동구 구월동 69-7,2025-05-13 15:11:17
3530000,2000353000007500003,1995-01-01,,폐업,2016-12-19,,,,0,,,뉴코아백화점,백화점,I,2026-03-26 22:49:55,인천광역시 남동구 인하로 485 (구월동),폐업처리,3,03,0324305000,준대규모점포,173449.265308514    ,438055.718667539    ,인천광역시 남동구 구월동 1465번지 1   호,2016-12-19 15:38:27
3530000,2000353000007500009,1987-12-21,,폐업,2007-05-03,,,,953,,21524,만수종합아케이트,그 밖의 대규모점포,I,2026-03-26 22:49:55,인천광역시 남동구 만수로27번길 22-1 (만수동),폐업처리,3,03,0324635749,대규모점포,,,인천광역시 남동구 만수동 81번지 38호,2017-07-10 20:49:56
3530000,2000353000007500011,1990-06-27,,폐업,2011-02-01,,,,1.04,,,온누리종합시장,그 밖의 대규모점포,I,2026-03-26 22:49:55,인천광역시 남동구 방축로 491 (간석동),폐업처리,3,03,0324284191,준대규모점포,172902.73437438     ,440558.877445301    ,인천광역시 남동구 간석동 893번지 1호,2016-12-19 13:56:31
3530000,2004353004907500001,2004-08-24,,폐업,2004-08-24,,,,3357688,,,올리브백화점,대형마트,I,2026-03-26 22:49:55,인천광역시 남동구 남동대로 880 (간석동),폐업처리,3,03,0324341234,,174172.521279       ,439905.780965785    ,인천광역시 남동구 간석동 205번지 1호,2008-12-08 15:58:46
3530000,2004353004907500002,2004-08-24,,폐업,2004-08-24,,,,3357688,,,올리브백화점,대형마트,I,2026-03-26 22:49:55,인천광역시 남동구 남동대로 880 (간석동),폐업처리,3,03,0324341234,,174172.521279       ,439905.780965785    ,인천광역시 남동구 간석동 205번지 1호,2008-12-08 16:00:40
3530000,2004353004907500004,2004-10-01,,폐업,2004-10-01,,,,3357.68,,,올리브백화점,백화점,I,2026-03-26 22:49:55,인천광역시 남동구 남동대로 880 (간석동),폐업처리,3,03,0324341234,,174172.521279       ,439905.780965785    ,인천광역시 남동구 간석동 205번지 1호,2008-12-08 16:02:56
3530000,2007353007007500001,2007-03-21,,폐업,2025-07-02,,,,35636,,,엘리오스구월,쇼핑센터,I,2026-03-26 22:49:55,인천광역시 남동구 예술로 148 (구월동),폐업처리,3,03,0324503903,대규모점포,173523.274957491    ,438366.029400914    ,인천광역시 남동구 구월동 1455호,2025-07-02 16:52:42
3530000,2012353010407500001,2012-03-29,,폐업,2014-09-19,,,,1541.2,405-803,,롯데쇼핑(주)롯데슈퍼 간석점,그 밖의 대규모점포,I,2026-03-26 22:49:56,인천광역시 남동구 남동대로 880 (간석동),폐업처리,3,03,0324425601,준대규모점포,174172.521279       ,439905.780965785    ,인천광역시 남동구 간석2동 205번지 1호  올리브백화점 c동,2014-09-19 11:35:28
3530000,2012353010407500002,2012-03-29,,폐업,2024-09-05,,,,299.5,405-245,,롯데슈퍼 만수점,구분없음,I,2026-03-26 22:49:56,인천광역시 남동구 구월남로 341 (만수동),폐업처리,3,03,0324655040,준대규모점포,175859.218891914    ,438899.405361004    ,인천광역시 남동구 만수5동 938번지 13호,2024-09-05 11:35:56
3530000,2000353000007500002,1980-03-11,2004-08-24,취소/말소/만료/정지/중지,,,,,0,,,희망백화점,백화점,I,2026-03-26 22:49:55,인천광역시 남동구 남동대로 880 (간석동),직권취소,4,04,0324212021,대규모점포,174172.521279       ,439905.780965785    ,인천광역시 남동구 간석동 205번지 1   호,2017-11-08 16:47:01
3540000,2005354006107500003,2005-05-30,,영업/정상,,,,,4989.27,,,부평중앙지하상가,그 밖의 대규모점포,I,2026-05-06 22:48:30,,정상영업,1,01,0325239992,대규모점포,,,인천광역시 부평구 부평동 224번지 1호,2015-12-22 16:22:37
3540000,2006354006107500001,2006-12-22,,영업/정상,,,,,1606.6,,21362,롯데쇼핑(주)롯데마트부평점,대형마트,I,2026-05-06 22:48:30,"인천광역시 부평구 마장로 296, 롯데마트 부평점 (산곡동)",정상영업,1,01,0325092500,대규모점포,173767.426219215    ,444794.439991356    ,인천광역시 부평구 산곡동 159-52 롯데마트 부평점,2026-01-13 14:54:19
3540000,2007354006107500001,2014-10-01,,영업/정상,,,,,18601.4,,21387,롯데백화점 부평점,백화점,I,2026-05-06 22:48:30,"인천광역시 부평구 부평문화로 35 (부평동, 롯데백화점)",정상영업,1,01,0324522812,대규모점포,175119.872281497    ,443502.318221991    ,인천광역시 부평구 부평동 70번지 127호,2017-06-13 10:04:09
3540000,2007354006107500002,2014-10-01,,영업/정상,,,,,15652.92,,21344,롯데쇼핑(주)롯데마트 삼산점,대형마트,I,2026-05-06 22:48:30,"인천광역시 부평구 길주로 623 (삼산동, 대덕리치아노)",정상영업,1,01,0323632500,대규모점포,176238.624820895    ,445107.924835985    ,인천광역시 부평구 삼산동 465번지 1호,2020-02-13 09:25:31
3540000,2007354006107500003,2007-12-20,,영업/정상,,,,,15652.92,,21344,롯데쇼핑(주)롯데마트삼산점,대형마트,I,2026-05-06 22:48:30,"인천광역시 부평구 길주로 623, 대덕리치아노 (삼산동)",정상영업,1,01,,대규모점포,176238.624820895    ,445107.924835985    ,인천광역시 부평구 삼산동 465-1 대덕리치아노,2026-01-13 14:55:57
3540000,2008354006107500001,2008-02-19,,영업/정상,,,,,3209,403-010,,시장로타리 지하상가,그 밖의 대규모점포,I,2026-05-06 22:48:30,,정상영업,1,01,0325067766,대규모점포,,,인천광역시 부평구 부평동 224번지 1호,2015-12-15 16:18:18
3540000,2009354006107500001,2004-12-16,,영업/정상,,,,,10506.81,403-020,,(주)이랜드리테일,쇼핑센터,I,2026-05-06 22:48:30,,정상영업,1,01,,,174296.583284585    ,443196.9838165      ,인천광역시 부평구 산곡동 311번지 151호,2010-09-26 15:08:25
3540000,2012354011907500001,2012-03-06,,영업/정상,,,,,185.5,,21401,홈플러스 익스프레스 부개역점,그 밖의 대규모점포,I,2026-05-06 22:48:30,인천광역시 부평구 부일로 87 (부개동),정상영업,1,01,0325218545,준대규모점포,176907.460015287    ,443010.109379065    ,인천광역시 부평구 부개동 210번지 송신빌딩,2021-06-15 09:40:04
3540000,2014354011907500001,2014-10-15,,영업/정상,,,,,8695,403-011,,롯데쇼핑(주)롯데마트 부평역점,대형마트,I,2026-05-06 22:48:30,인천광역시 부평구 광장로 16-0 (부평동),정상영업,1,01,,대규모점포,175405.11373693     ,443089.591009306    ,인천광역시 부평구 부평동 16번지,2021-12-24 13:42:58
3540000,2014354011907500002,2014-07-01,,영업/정상,,,,,13763,,21362,롯데쇼핑(주)롯데마트 부평점,대형마트,I,2026-05-06 22:48:30,"인천광역시 부평구 마장로 296-0 (산곡동, 롯데마트 부평점)",정상영업,1,01,,대규모점포,173767.426219215    ,444794.439991356    ,,2020-02-13 09:20:44
3540000,2014354011907500003,2014-10-01,,영업/정상,,,,,18601.4,,21387,모다이노칩 부평점,백화점,I,2026-05-06 22:48:30,인천광역시 부평구 부평문화로 35 (부평동),정상영업,1,01,0220735111,대규모점포,175119.872281497    ,443502.318221991    ,인천광역시 부평구 부평동 70번지 127호,2026-02-25 09:21:39
3540000,2014354011907500004,2014-10-01,,영업/정상,,,,,282.3,403-815,,홈플러스 익스프레스 부개점,그 밖의 대규모점포,I,2026-05-06 22:48:30,인천광역시 부평구 부개로 73 (부개동),정상영업,1,01,0323308545,준대규모점포,176912.147054188    ,444705.062542123    ,인천광역시 부평구 부개동 496번지 17호,2024-04-09 17:58:15
3540000,2014354011907500005,2014-12-26,,영업/정상,,,,,21470.56,,21384,이천일아울렛부평점,복합쇼핑몰,I,2026-05-06 22:48:30,인천광역시 부평구 경원대로 1277 (산곡동),정상영업,1,01,0325732001,대규모점포,174296.583284585    ,443196.9838165      ,인천광역시 부평구 산곡동 311번지 151호,2026-02-03 16:45:58
3540000,2022354016107500001,2022-04-15,,영업/정상,,,,,210.06,,21443,GS THE FRESH 부평열우물점,대형마트,I,2026-05-06 22:48:30,"인천광역시 부평구 열우물로 90, 더샵부평센트럴시티 B동 1층 101~104호 (십정동)",정상영업,1,01,0220062364,준대규모점포,173203.244129782    ,441511.67815385     ,인천광역시 부평구 십정동 289-8,2025-05-12 14:44:31
3540000,2022354016107500002,2022-04-15,,영업/정상,,,,,338.98,,21443,GS THE FRESH 부평더샵점,대형마트,I,2026-05-06 22:48:30,"인천광역시 부평구 열우물로 90, 더샵부평센트럴시티 E동 1층 101호 (십정동)",정상영업,1,01,0220062364,준대규모점포,173203.244129782    ,441511.67815385     ,인천광역시 부평구 십정동 289-8,2025-05-12 15:50:47
3540000,2025354016107500001,2025-02-05,,영업/정상,,,,,210.4,,21430,GS THE FRESH 부평해링턴점,구분없음,I,2026-05-06 22:48:30,"인천광역시 부평구 동수로 36 (부평동, 부평역해링턴플레이스)",정상영업,1,01,0220062364,준대규모점포,175406.984590886    ,442427.409794067    ,인천광역시 부평구 부평동 665-2 부평역해링턴플레이스,2025-05-12 14:45:35
3540000,1979354004707500001,1979-01-26,,영업/정상,,,,,,,,진흥종합시장,그 밖의 대규모점포,I,2026-05-06 22:48:24,,정상영업,1,01,0325028874,,175759.712089269    ,443897.95359347     ,인천광역시 부평구 부평동 252번지 52호   ,2007-06-23 11:59:41
3540000,1979354004707500002,1979-12-15,,영업/정상,,,,,1232,,,신부평로지하상가,그 밖의 대규모점포,I,2026-05-06 22:48:25,,정상영업,1,01,0325270460,,,,인천광역시 부평구 부평동 224번지 1호,2008-03-27 17:34:24
3540000,1981354004707500001,1981-06-05,,영업/정상,,,,,3209,,,시장로타리지하상가,그 밖의 대규모점포,I,2026-05-06 22:48:27,,정상영업,1,01,0325033859,,,,인천광역시 부평구 부평동 224번지 1호,2008-03-27 16:39:45
3540000,1982354004707500001,1982-01-29,,영업/정상,,,,,0,,,십정종합시장,시장,I,2026-05-06 22:48:27,,정상영업,1,01,0324237294,,173004.559185393    ,441296.896591553    ,인천광역시 부평구 십정동 321번지 6호,2008-12-22 11:11:51
3540000,1982354004707500002,1982-11-17,,영업/정상,,,,,2732,,,부일종합시장,그 밖의 대규모점포,I,2026-05-06 22:48:27,,정상영업,1,01,0325283187,,177225.381904477    ,442532.281078928    ,인천광역시 부평구 일신동 107호,2008-03-27 16:32:23
3540000,1989354004707500001,1989-06-07,,영업/정상,,,,,0,,,부평역지하상가,그 밖의 대규모점포,I,2026-05-06 22:48:28,,정상영업,1,01,0325239991,대규모점포,,,인천광역시 부평구 부평동 224번지 1호,2012-02-10 14:16:27
3540000,1991354004707500002,1991-07-06,,영업/정상,,,,,5345.26,,,대아지하상가,그 밖의 대규모점포,I,2026-05-06 22:48:28,,정상영업,1,01,0325134911,,,,인천광역시 부평구 부평동 224번지 1호,2008-03-27 16:09:13
3540000,1992354004707500002,1992-11-19,,영업/정상,,,,,5133,,,부평경남종합상가,그 밖의 대규모점포,I,2026-05-06 22:48:29,,정상영업,1,01,0325261716,대규모점포,174309.872152391    ,444589.076180356    ,인천광역시 부평구 산곡동 142번지 3호,2012-07-04 10:50:22
3540000,1998354004707500001,1998-11-27,,영업/정상,,,,,0,,,부평민자역사지하매장,그 밖의 대규모점포,I,2026-05-06 22:48:29,,정상영업,1,01,0325150151,,175405.11373693     ,443089.591009306    ,인천광역시 부평구 부평동 738번지 21호,2008-03-27 14:54:14
3540000,1999354004707500001,1999-12-21,,휴업,,,,,,,,이마트부평점,대형마트,I,2026-05-06 22:48:29,,휴업처리,2,02,0325801234,,175692.267024162    ,446088.959564706    ,인천광역시 부평구 갈산동 171호   ,2007-06-23 11:59:41
3540000,2000354004707500001,2000-02-08,,영업/정상,,,,,8082,,21404,롯데쇼핑(주)롯데마트부평역점,대형마트,I,2026-05-06 22:48:29,인천광역시 부평구 광장로 16(부평동),정상영업,1,01,0325062500,대규모점포,175405.11373693     ,443089.591009306    ,인천광역시 부평구 부평동 738-21 부평민자역사,2026-01-13 14:55:21
3540000,2002354004707500002,2002-09-04,,영업/정상,,,,,7425.33,,,아울렛 아이즈빌,그 밖의 대규모점포,I,2026-05-06 22:48:29,,정상영업,1,01,0325227621,대규모점포,,,"인천광역시 부평구 청천동 386, 386-1,2호",2012-05-02 13:40:33
3540000,2005354006107500001,2005-04-14,,영업/정상,,,,,0,,,(주)이마트 부평점,대형마트,I,2026-05-06 22:48:30,,정상영업,1,01,0325001052,,175692.267024162    ,446088.959564706    ,인천광역시 부평구 갈산동 171호,2011-05-20 15:06:43
3540000,2005354006107500002,2005-05-07,,영업/정상,,,,,0,,,진흥종합시장,그 밖의 대규모점포,I,2026-05-06 22:48:30,,정상영업,1,01,0325028874,,175759.712089269    ,443897.95359347     ,인천광역시 부평구 부평동 252번지 52호,2011-06-01 17:25:08
3540000,1980354004707500001,1980-06-25,,폐업,2018-06-19,,,,878,403-014,,부평자유시장,시장,I,2026-05-06 22:48:26,,폐업처리,3,03,0325035922,,175674.229793136    ,443649.011789996    ,인천광역시 부평구 부평동 210번지 2호,2018-06-19 17:20:22
3540000,1981354004707500002,1981-12-15,,폐업,2005-12-31,,,,0,,,동수종합시장,그 밖의 대규모점포,I,2026-05-06 22:48:27,,폐업처리,3,03,0325012060,,,,인천광역시 부평구 부평동 224번지 1호,2008-03-27 16:36:35
3540000,1987354004707500001,1987-10-22,,폐업,2005-12-31,,,,0,,,현대백화점부평점,백화점,I,2026-05-06 22:48:28,,폐업처리,3,03,0325292233,,174296.583284585    ,443196.9838165      ,인천광역시 부평구 산곡동 311번지 151호,2008-03-27 16:29:31
3540000,1990354004707500001,1990-02-26,,폐업,2007-02-12,,,,0,,,동암프라자,쇼핑센터,I,2026-05-06 22:48:28,,폐업처리,3,03,0324315000,,173428.597988352    ,441043.126432677    ,인천광역시 부평구 십정동 406번지 3호,2008-03-27 16:19:55
3540000,1991354004707500001,1991-03-28,,폐업,2008-10-20,,,,4538,,,한남시티프라자,쇼핑센터,I,2026-05-06 22:48:28,,폐업처리,3,03,0325181961,,175676.403086718    ,443569.387717134    ,인천광역시 부평구 부평동 192번지 6호,2008-10-20 16:06:07
3540000,1992354004707500001,1992-10-15,,폐업,2015-12-22,,,,1951,,21332,대동상가,그 밖의 대규모점포,I,2026-05-06 22:48:29,"인천광역시 부평구 주부토로 193 (갈산동, 대동1차아파트)",폐업처리,3,03,0328688381,대규모점포,175574.369283876    ,445603.688666197    ,인천광역시 부평구 갈산동 361번지 4호,2015-12-22 10:32:37
3540000,1995354004707500001,1995-12-27,,폐업,1996-12-27,,,,0,,,무학베스코아,쇼핑센터,I,2026-05-06 22:48:29,,폐업처리,3,03,0325170090,,175503.629077789    ,443757.838665163    ,인천광역시 부평구 부평동 205번지 2호,2008-03-27 15:35:55
3540000,1996354004707500001,1996-04-03,,폐업,2006-04-25,,,,0,,,국제프라자,쇼핑센터,I,2026-05-06 22:48:29,,폐업처리,3,03,0325282600,,175798.122322022    ,443881.134836658    ,인천광역시 부평구 부평동 240번지 7호,2008-03-27 11:45:27
3540000,1997354004707500001,2004-03-22,,폐업,2006-01-06,,,,1938.78,403-022,,롯데슈퍼센터,대형마트,I,2026-05-06 22:48:29,,폐업처리,3,03,0325095102,,173767.426219215    ,444794.439991356    ,인천광역시 부평구 산곡동 159번지 52호,2008-03-27 15:21:36
3540000,2002354004707500001,2002-06-11,,폐업,2006-07-27,,,,0,,,부평건영상가,그 밖의 대규모점포,I,2026-05-06 22:48:29,,폐업처리,3,03,023697114,,,,인천광역시 부평구 부평동 252-39호,2008-03-27 14:35:53
3540000,2004354006107500001,2004-12-28,,폐업,2005-12-31,,,,4278.46,,,현대부평몰,백화점,I,2026-05-06 22:48:30,,폐업처리,3,03,0325213777,,174296.583284585    ,443196.9838165      ,인천광역시 부평구 산곡동 311번지 151호,2008-03-27 14:24:22
3540000,2012354016107500003,2012-08-18,,폐업,2022-07-20,,,,0,,21363,주식회사 이마트에브리데이 청천동점,그 밖의 대규모점포,I,2026-05-06 22:48:30,인천광역시 부평구 원길로21번길 7(청천동),폐업처리,3,03,023809673,준대규모점포,174647.823138062    ,444847.16193179     ,인천광역시 부평구 청천동 234-1,2022-11-22 09:34:41
3540000,2013354011907500001,2013-01-23,,폐업,2018-08-01,,,,2175459,403-800,,(주)이마트부평점,대형마트,I,2026-05-06 22:48:30,인천광역시 부평구 주부토로 241 (갈산동),폐업처리,3,03,,대규모점포,175692.267024162    ,446088.959564706    ,인천광역시 부평구 갈산1동 171번지,2018-08-01 13:33:17
3540000,2018354016107500001,2018-08-24,,폐업,2020-05-01,,,,512.21,,21361,(주)이마트 노브랜드 인천산곡점,그 밖의 대규모점포,I,2026-05-06 22:48:30,"인천광역시 부평구 마장로 338, 산곡행복의집 1층 (산곡동)",폐업처리,3,03,023809349,준대규모점포,173756.634921872    ,445134.894368273    ,인천광역시 부평구 산곡동 99-15 산곡행복의집,2020-06-29 16:15:46
3550000,1990355001207500001,1990-01-31,,폐업,2006-07-27,,,,0,,,새나드리프라자,그 밖의 대규모점포,I,2026-05-10 23:19:02,인천광역시 계양구 하느재로 14 (계산동),폐업처리,3,03,0325430223,,175658.268315376    ,449209.149467316    ,인천광역시 계양구 계산동 926번지 27  호,2010-11-23 22:49:20
3550000,2024355012707500001,2024-04-01,,영업/정상,,,,,200.3,,21046,GS THE FRESH 인천작전역점,구분없음,I,2026-05-10 23:19:02,"인천광역시 계양구 봉오대로651번길 9, 상가동 107-109호 (작전동, 힐스테이트자이계양)",정상영업,1,01,0220062364,준대규모점포,,,인천광역시 계양구 작전동 0 힐스테이트자이계양,2025-04-24 17:22:17
3550000,1995355001207500001,1995-05-12,,폐업,2003-04-11,,,,0,,,작전동보아파트상가,그 밖의 대규모점포,I,2026-05-10 23:19:02,,폐업처리,3,03,0325467466,,175891.757466625    ,447146.070622545    ,인천광역시 계양구 작전동 388번지 2   호,2010-11-23 22:47:44
3550000,1996355001207500001,1996-05-12,,폐업,2002-11-29,,,,0,,,서해상가,그 밖의 대규모점포,I,2026-05-10 23:19:02,인천광역시 계양구 장제로 894 (병방동),폐업처리,3,03,0325537402,,176990.53220739     ,449326.569131567    ,인천광역시 계양구 병방동 432번지 2   호,2010-11-23 22:51:32
3550000,20061,2006-09-11,,폐업,2010-05-07,,,,8013.81,407-063,,패션메카브(주),전문점,I,2026-05-10 23:19:02,인천광역시 계양구 장제로 738 (작전동),폐업처리,3,03,,,176465.263097413    ,447989.64173985     ,인천광역시 계양구 작전동 899번지 1호,2011-02-22 13:21:39
3550000,2010355005907500001,2010-04-26,,폐업,2021-11-16,2021-04-06,2022-04-05,2022-04-06,11966,407-061,,(주)농협하나로유통 하나로마트 인천점,대형마트,I,2026-05-10 23:19:02,인천광역시 계양구 아나지로 341 (작전동),폐업처리,3,03,0325009000,대규모점포,176114.824512262    ,447137.570329776    ,인천광역시 계양구 작전1동 286번지 2호 외 3필지,2021-11-22 15:23:48
3550000,2010355005907500002,2010-06-21,,폐업,2022-02-17,2016-09-01,2017-08-31,2017-01-27,11548.75,407-060,,주식회사 메트로몰,쇼핑센터,I,2026-05-10 23:19:02,인천광역시 계양구 장제로 738 (작전동),폐업처리,3,03,0325505000,대규모점포,176465.263097413    ,447989.64173985     ,인천광역시 계양구 작전동 899번지 1호 외 1필지,2022-05-30 16:01:10
3550000,2011355005907500001,2011-07-18,,폐업,2016-11-21,,,,988,407-320,,(주)지에스리테일GS수퍼 인천병방점,그 밖의 대규모점포,I,2026-05-10 23:19:02,인천광역시 계양구 병방로 27 (병방동),폐업처리,3,03,0325429552,준대규모점포,177256.178239344    ,449391.039560674    ,인천광역시 계양구 병방동 167번지 2호,2016-11-21 09:48:19
3550000,2012355005907500001,2012-03-02,,폐업,2021-06-25,,,,841,407-330,,(주)지에스리테일GS수퍼인천박촌점,그 밖의 대규모점포,I,2026-05-10 23:19:02,,폐업처리,3,03,0325152727,준대규모점포,177412.592097626    ,450372.046041025    ,인천광역시 계양구 박촌동 59번지,2021-06-30 13:03:28
3550000,1985355001207500001,1985-05-24,,영업/정상,,,,,,,,작전현대백화점,그 밖의 대규모점포,I,2026-05-10 23:19:02,,정상영업,1,01,0325479636,,,,인천광역시 계양구 작전동 444번지 2   호   ,2007-06-30 11:07:50
3550000,1987355001207500001,1987-12-17,,영업/정상,,,,,,,,작전종합시장,그 밖의 대규모점포,I,2026-05-10 23:19:02,,정상영업,1,01,0325492525,,,,인천광역시 계양구 작전동 857번지 117 호   ,2007-06-30 11:07:50
3550000,19981,1998-01-08,,영업/정상,,,,,16072,407-050,,홈플러스스토어즈(주) 계산점,대형마트,I,2026-05-10 23:19:02,인천광역시 계양구 오조산공원로 14 (계산동),정상영업,1,01,,대규모점포,176616.682613356    ,448616.432509265    ,인천광역시 계양구 계산동 1061번지,2017-11-27 17:32:08
3550000,19982,2012-08-01,,영업/정상,,,,,19418,407-050,,롯데쇼핑(주) 롯데마트 계양점,대형마트,I,2026-05-10 23:19:02,인천광역시 계양구 장제로 822 (계산동),정상영업,1,01,0325502521,대규모점포,176599.816295302    ,448767.427225648    ,인천광역시 계양구 계산동 1059번지 1호,2026-04-30 13:43:43
3550000,19983550059075,1998-01-08,,휴업,,2026-02-01,2027-01-31,,16072,407-050,,홈플러스(주) 계산점,대형마트,I,2026-05-10 23:19:02,인천광역시 계양구 오조산공원로 14 (계산동),휴업처리,2,02,,대규모점포,176616.682613356    ,448616.432509265    ,인천광역시 계양구 계산동 1061번지,2026-01-25 07:56:18
3550000,20013,2001-06-27,,영업/정상,,,,,18735,407-062,,홈플러스(주) 작전점,대형마트,I,2026-05-10 23:19:02,인천광역시 계양구 계양대로 27 (작전동),정상영업,1,01,0325408124,대규모점포,175291.982296046    ,447141.041163927    ,인천광역시 계양구 작전동 448번지 7호,2024-02-28 17:19:13
3550000,20021,2002-04-19,,영업/정상,,,,,13534,407-063,,(주)이마트 계양점,대형마트,I,2026-05-10 23:19:02,인천광역시 계양구 봉오대로 785 (작전동),정상영업,1,01,0327171052,대규모점포,176674.935225112    ,447677.795056986    ,인천광역시 계양구 작전동 911번지 1호,2024-04-25 15:53:07
3550000,20023550127075,2002-04-19,,영업/정상,,,,,13534,407-063,,(주)이마트 계양점,대형마트,I,2026-05-10 23:19:02,인천광역시 계양구 봉오대로 785 (작전동),정상영업,1,01,0327171052,대규모점포,176674.935225112    ,447677.795056986    ,인천광역시 계양구 작전동 911번지 1호,2020-05-01 11:38:09
3550000,200235501270750001,2002-04-19,,영업/정상,,,,,13534,407-063,,(주)이마트 계양점,대형마트,I,2026-05-10 23:19:02,인천광역시 계양구 봉오대로 785 (작전동),정상영업,1,01,0327171052,대규모점포,176674.935225112    ,447677.795056986    ,인천광역시 계양구 작전동 911번지 1호,2020-05-01 13:24:00
3550000,200235501270751,2002-04-19,,영업/정상,,,,,13534,407-063,,(주)이마트 계양점,대형마트,I,2026-05-10 23:19:02,인천광역시 계양구 봉오대로 785 (작전동),정상영업,1,01,0327171052,대규모점포,176674.935225112    ,447677.795056986    ,인천광역시 계양구 작전동 911번지 1호,2020-05-01 12:57:04
3550000,2013355005907500001,2013-04-15,,영업/정상,,,,,867,407-821,,(주)이마트에브리데이 작전점,그 밖의 대규모점포,I,2026-05-10 23:19:02,인천광역시 계양구 효서로 348-1 (작전동),정상영업,1,01,0325442100,준대규모점포,176503.549136687    ,447291.218565441    ,인천광역시 계양구 작전서운동 648번지 5호,2024-08-05 16:46:42
3550000,1994355001207500001,1994-09-07,,폐업,2003-04-11,,,,0,,,훼밀리코아,그 밖의 대규모점포,I,2026-05-10 23:19:02,인천광역시 계양구 임학동로 38 (임학동),폐업처리,3,03,0325433055,,176694.119479296    ,449254.861161551    ,인천광역시 계양구 임학동 67호,2010-11-23 22:48:27
3560000,2026356028507500002,2026-04-28,,영업/정상,,,,,181633.89,,,스타필드 청라,복합쇼핑몰,I,2026-05-09 23:18:42,,영업개시전,5,01,0269211681,대규모점포,166159.437648329    ,449676.927057417    ,인천광역시 서구 청라동 6-16 등 2필지,2026-04-28 18:02:49
3560000,2005356005407500001,2005-08-05,,영업/정상,,,,,0,,,탑스빌웰빙타운,쇼핑센터,I,2026-05-09 23:18:39,,정상영업,1,01,0328738341,대규모점포,,,인천광역시 서구 마전동 호 검단2지구 24블럭 18롯트,2022-12-25 14:04:54
3560000,2010356006807500001,2010-05-25,,영업/정상,,,,,9649.88,,22769,주식회사 케이씨씨글라스 홈씨씨 인천점,전문점,I,2026-05-09 23:18:40,인천광역시 서구 중봉대로393번길 16 (원창동),정상영업,1,01,0325707031,대규모점포,168732.756201711    ,445970.833890771    ,인천광역시 서구 원창동 379번지 1호,2024-05-31 15:34:56
3560000,2011356010207500001,2011-06-27,,영업/정상,,,,,1369.7,,22810,(주)농협유통 하나로마트 가좌점,그 밖의 대규모점포,I,2026-05-09 23:18:40,"인천광역시 서구 장고개로337번길 16 (가좌동, 가좌한신 휴아파트 상가)",정상영업,1,01,0325738288,준대규모점포,172212.183752703    ,443573.477562263    ,인천광역시 서구 가좌동 가좌한신휴플러스2차아파트 단지내상가,2024-09-10 14:58:45
3560000,2011356010207500002,2011-06-27,,영업/정상,,,,,1579,404-240,,롯데쇼핑(주)롯데슈퍼신현점,그 밖의 대규모점포,I,2026-05-09 23:18:40,인천광역시 서구 염곡로 351 (신현동),정상영업,1,01,,준대규모점포,170594.509911901    ,446044.209926329    ,인천광역시 서구 신현동 134번지 25호,2026-05-04 13:54:10
3560000,2012356010207500001,2012-01-06,,영업/정상,,,,,10761.59,,22637,롯데마트 검단점,대형마트,I,2026-05-09 23:18:40,"인천광역시 서구 원당대로 581, 롯데마트 (마전동)",정상영업,1,01,0221458474,대규모점포,170301.890390416    ,454745.482573844    ,인천광역시 서구 마전동 1031-1 롯데마트,2026-05-06 17:41:18
3560000,2012356010207500002,2012-06-11,,영업/정상,,,,,25820.01,,22762,홈플러스 인천 청라점,복합쇼핑몰,I,2026-05-09 23:18:40,"인천광역시 서구 중봉대로 587, 홈플러스 인천청라점 (청라동)",정상영업,1,01,0234598000,대규모점포,168873.669817217    ,447844.121764937    ,인천광역시 서구 청라동 157-22 홈플러스 인천청라점,2024-03-06 09:26:01
3560000,2012356010207500003,2012-12-28,,영업/정상,,,,,4912.37,,22666,검단공구상가,그 밖의 대규모점포,I,2026-05-09 23:18:40,"인천광역시 서구 보듬5로 13, 검단종합공구상가 (오류동)",정상영업,1,01,,대규모점포,165726.000299708    ,454699.392364437    ,인천광역시 서구 오류동 1640-2 검단종합공구상가,2021-11-18 18:36:57
3560000,2015356013707500001,2015-11-05,,영업/정상,,,,,21447.6,,22769,(주)대명화학 유통사업부 인천점,대형마트,I,2026-05-09 23:18:40,"인천광역시 서구 북항로32번안길 50 (원창동, 모다아울렛인천점)",정상영업,1,01,0322885000,대규모점포,168787.60512663     ,445399.258471248    ,인천광역시 서구 원창동 381번지 69호,2021-12-16 11:21:19
3560000,2018356013707500001,2018-06-22,,영업/정상,,,,,38642.78,,22761,청라스퀘어세븐,쇼핑센터,I,2026-05-09 23:18:41,"인천광역시 서구 청라루비로 76, 청라 스퀘어7 (경서동)",정상영업,1,01,03256748235,대규모점포,168257.170229336    ,447843.844166864    ,인천광역시 서구 경서동 953번지 7호 청라 스퀘어7,2018-06-27 16:43:32
3560000,2022356022207500001,2022-05-17,,영업/정상,,,,,476,,22775,(주)이마트에브리데이 인천sk리더스뷰점,구분없음,I,2026-05-09 23:18:41,"인천광역시 서구 가정로 437, 303동 지하2층 B242~B250호 (가정동, 루원시티 SK Leaders' VIEW)",정상영업,1,01,023805042,준대규모점포,,,인천광역시 서구 가정동 0 루원시티 SK Leaders' VIEW,2024-08-06 15:44:58
3560000,2022356022207500002,1994-03-16,,영업/정상,,,,,7769,,22778,서경백화점,백화점,I,2026-05-09 23:18:41,"인천광역시 서구 가정로 369, 서경 플러스 존 (신현동)",정상영업,1,01,0325833377,대규모점포,170983.786720678    ,446238.633155912    ,인천광역시 서구 신현동 272-1 서경 플러스 존,2022-12-25 13:50:28
3560000,2023356022207500001,2023-01-12,,영업/정상,,,,,13476.89,,,코스트코 홀세일 청라점,대형마트,I,2026-05-09 23:18:41,,정상영업,1,01,0226302671,대규모점포,166063.431383773    ,448666.223800277    ,인천광역시 서구 청라동 12-2 (투자유치용지 5-1블록),2024-09-24 09:55:01
3560000,2023356022207500002,2023-06-29,,영업/정상,,,,,368.51,,22776,GS THE FRESH 루원리더스뷰점,그 밖의 대규모점포,I,2026-05-09 23:18:41,"인천광역시 서구 봉오대로 270, 302동 B239~B245호 (가정동, 루원시티2차 SK Leaders' VIEW)",정상영업,1,01,0220062747,준대규모점포,,,인천광역시 서구 가정동 0 루원시티2차 SK Leaders' VIEW,2025-04-18 13:52:07
3560000,2024356022207500001,2024-06-27,,영업/정상,,,,,3139.28,,22738,주식회사 청라지젤엠,그 밖의 대규모점포,I,2026-05-09 23:18:41,"인천광역시 서구 청라에메랄드로 99, 지젤엠청라 (청라동)",정상영업,1,01,,대규모점포,169500              ,447993.88           ,인천광역시 서구 청라동 165-12 지젤엠청라,2024-06-27 13:36:07
3560000,2006356005407500001,2006-01-24,,휴업,,,,,3933.58,,,탑스빌웰빙타운,쇼핑센터,I,2026-05-09 23:18:39,,휴업처리,2,02,0328738341,,,,인천광역시 서구 마전동 호 검단2지구 24블럭 18롯트  ,2007-07-14 10:13:03
3560000,2006356005407500002,2006-01-24,,휴업,,,,,3933.58,,,탑스빌웰빙타운,쇼핑센터,I,2026-05-09 23:18:39,,휴업처리,2,02,0328738341,,,,인천광역시 서구 마전동 호 검단2지구 24블럭 18롯트  ,2007-07-14 10:13:03
3560000,2006356006807500001,2006-08-29,,영업/정상,,,,,9722.72,,22686,(주) 이마트 검단점,대형마트,I,2026-05-09 23:18:39,인천광역시 서구 서곶로 754(당하동),정상영업,1,01,0324401054,대규모점포,171367.172682423    ,453724.353616205    ,인천광역시 서구 당하동 1065-1,2024-07-12 14:33:38
3560000,2009356006807500001,2002-08-01,,영업/정상,,,,,14700.94,404-251,,홈플러스 가좌점,대형마트,I,2026-05-09 23:18:39,인천광역시 서구 가정로151번길 11 (가좌동),정상영업,1,01,0324538124,대규모점포,170813.26483128     ,443985.945396357    ,인천광역시 서구 가좌1동 118번지,2024-03-06 08:47:07
3560000,2009356006807500002,2009-12-22,,취소/말소/만료/정지/중지,,,,,10964.68,,22637,롯데쇼핑 (주) 롯데마트 검단점,대형마트,I,2026-05-09 23:18:39,"인천광역시 서구 원당대로 581, 롯데마트 (마전동)",직권취소,4,04,0325602500,대규모점포,170301.890390416    ,454745.482573844    ,인천광역시 서구 마전동 1031번지 1호 롯데마트,2022-12-25 14:11:24
3560000,2009356021707500001,2009-12-22,,영업/정상,,,,,10964.68,,22637,롯데마트 검단점,대형마트,I,2026-05-09 23:18:39,"인천광역시 서구 원당대로 581, 롯데마트 (마전동)",정상영업,1,01,,대규모점포,170301.890390416    ,454745.482573844    ,인천광역시 서구 마전동 1031-1 롯데마트,2026-03-09 16:26:02
3560000,2026356028507500001,2026-04-06,,영업/정상,,,,,275.84,,22823,GS THE FRESH 인천가좌점,구분없음,I,2026-05-09 23:18:41,"인천광역시 서구 열우물로240번길 20, 단지상가동 B124~B128호 (가좌동, 가재울역트루엘에코시티아파트)",영업개시전,5,01,0220062364,준대규모점포,,,인천광역시 서구 가좌동 627 가재울역트루엘에코시티아파트,2026-04-06 11:21:29
3570000,2008357003507500001,1981-04-21,,영업/정상,,,,,4987,417-807,,강화중앙시장,시장,I,2026-03-26 22:48:23,인천광역시 강화군 강화읍 강화대로 429,정상영업,1,01,,대규모점포,154378.141902035    ,471819.364242807    ,인천광역시 강화군 강화읍 신문리 205번지 5호,2021-01-06 16:17:21
3570000,2007357003507500001,2007-05-01,,영업/정상,,,,,3797,,23027,강화풍물시장,그 밖의 대규모점포,I,2026-03-26 22:48:23,"인천광역시 강화군 강화읍 중앙로 17-9, 강화풍물시장",정상영업,1,01,,대규모점포,155147.449793177    ,471189.321483902    ,인천광역시 강화군 강화읍 갑곳리 849번지 강화풍물시장,2018-03-20 14:25:47
3590000,1984359008107500001,1984-06-15,,영업/정상,,,,,8334.32,,61483,더보이저 광주,쇼핑센터,I,2025-12-15 16:15:28,광주광역시 동구 충장로 72 (충장로3가),정상영업,1,01,0317053332,대규모점포,192195.476988591    ,183258.272322312    ,광주광역시 동구 충장로3가 24,2023-05-15 08:36:59
3590000,2011359008107500001,2011-05-16,,폐업,2021-04-28,,,,6100,501-802,,(주)이마트,대형마트,I,2025-12-15 16:15:28,광주광역시 동구 중앙로 358 (계림동),폐업처리,3,03,,대규모점포,192659.77458798     ,184961.882216707    ,광주광역시 동구 계림2동 100번지 11호,2021-06-07 10:03:38
3590000,2000359001107500001,1974-09-10,,영업/정상,,,,,0,,,산수시장,시장,I,2025-12-15 16:15:28,광주광역시 동구 필문대로192번길 9 (산수동),정상영업,1,01,0622248651,준대규모점포,193588.089472235    ,183838.897325261    ,호,2014-01-02 17:12:02
3590000,2000359001107500002,1976-03-22,,영업/정상,,,,,8930,501-030,,대인시장,시장,I,2025-12-15 16:15:28,광주광역시 동구 제봉로194번길 7-1 (대인동),정상영업,1,01,0622324020,대규모점포,192330.825746453    ,183887.135980547    ,광주광역시 동구 대인동 310번지 9호,2013-10-28 14:54:09
3590000,2000359001107500003,1976-12-14,,영업/정상,,,,,,,,호남시장,그 밖의 대규모점포,I,2025-12-15 16:15:28,광주광역시 동구 산수길39번길 21 (계림동),정상영업,1,01,0622235965,,193212.675948627    ,184413.586290125    ,광주광역시 동구 계림동 520번지 5호   ,2007-06-23 10:57:03
3590000,2000359001107500004,1975-08-01,,영업/정상,,,,,0,,,남광주종합상가,시장,I,2025-12-15 16:15:28,광주광역시 동구 제봉로17번길 13-6 (학동),정상영업,1,01,0622269051,준대규모점포,192746.538187516    ,182205.453635748    ,광주광역시 동구 학동 55번지 57호,2014-03-14 14:15:23
3590000,2000359001107500005,1980-11-04,,영업/정상,,,,,0,,,충금지하상가,전문점,I,2025-12-15 16:15:28,광주광역시 동구 중앙로 지하 187 (충장로3가),정상영업,1,01,0622240591,준대규모점포,192191.334234724    ,183303.308047019    ,광주광역시 동구 충장로3가 43호,2024-04-18 14:43:05
3590000,2000359001107500006,1989-10-11,,영업/정상,,,,,0,,,금남상가타운,그 밖의 대규모점포,I,2025-12-15 16:15:28,광주광역시 동구 독립로264번길 12 (금남로5가),정상영업,1,01,0622245030,대규모점포,191914.677747311    ,183854.207009456    ,광주광역시 동구 금남로5가 1번지 5호,2014-10-02 11:32:53
3590000,2000359001107500007,1991-10-21,,영업/정상,,,,,0,,,금남지하상가,그 밖의 대규모점포,I,2025-12-15 16:15:28,,정상영업,1,01,0622271535,대규모점포,192491.399296278    ,183217.497229694    ,광주광역시 동구 금남로1가 23호,2014-01-04 13:29:19
3590000,2000359001107500010,1995-11-18,,영업/정상,,,,,0,,,현대코아,그 밖의 대규모점포,I,2025-12-15 16:15:28,광주광역시 동구 충장로46번길 3 (충장로4가),정상영업,1,01,0622340411,준대규모점포,192018.138618295    ,183425.902011735    ,광주광역시 동구 충장로4가 53호,2011-11-21 20:36:42
3590000,2000359001107500011,1996-05-02,,영업/정상,,,,,0,,,미즈프라자,그 밖의 대규모점포,I,2025-12-15 16:15:28,광주광역시 동구 중앙로 239 (계림동),정상영업,1,01,0622330447,준대규모점포,192566.737504643    ,183839.644910603    ,광주광역시 동구 계림동 386번지 20호,2014-05-12 10:20:38
3590000,2000359001107500012,1996-09-09,,영업/정상,,,,,0,,,대림테크노랜드,그 밖의 대규모점포,I,2025-12-15 16:15:28,광주광역시 동구 중앙로 239 (계림동),정상영업,1,01,0622318501,준대규모점포,192566.737504643    ,183839.644910603    ,광주광역시 동구 계림동 386번지 20호,2011-11-21 20:34:57
3590000,2000359001107500013,1997-01-10,,영업/정상,,,,,0,,,남광주농수산물종합상가,그 밖의 대규모점포,I,2025-12-15 16:15:28,광주광역시 동구 양림로 110 (학동),정상영업,1,01,0622259050,준대규모점포,192676.062082224    ,182255.968736103    ,"광주광역시 동구 학동 85번지 13호 학동 85-13, 84-20",2013-07-25 10:29:19
3590000,2000359001107500014,1998-07-15,,휴업,,,,,0,,,금호계림주상복합상가,쇼핑센터,I,2025-12-15 16:15:28,"광주광역시 동구 중앙로 358 (계림동,계림동 100의 11외5필지)",휴업처리,2,02,0625191234,,192659.77458798     ,184961.882216707    ,광주광역시 동구 계림동 100번지 11호 계림동 100의 11외5필지  ,2007-06-23 10:57:03
3590000,2000359001107500015,1999-10-08,,영업/정상,,,,,,,,코리아밀라노,그 밖의 대규모점포,I,2025-12-15 16:15:28,"광주광역시 동구 천변우로 453 (금동,금동 211-10, 211-11)",정상영업,1,01,0622269000,,192398.498903508    ,182578.610869629    ,"광주광역시 동구 금동 211번지 11호 금동 211-10, 211-11  ",2007-06-23 10:57:03
3590000,2000359001107500303,1996-03-13,,영업/정상,,,,,3066.12,,,플라마프라자,백화점,I,2025-12-15 16:15:28,광주광역시 동구 충장로 67 (충장로3가),정상영업,1,01,0622349100,대규모점포,192198.038722339    ,183353.909711267    ,광주광역시 동구 충장로3가 6번지 3호,2014-05-12 09:29:38
3590000,2000359001107500304,1998-03-13,,영업/정상,,,,,38394.6,,,롯데백화점 광주점,백화점,U,2026-04-16 03:03:03,광주광역시 동구 독립로 268 (대인동),정상영업,1,01,0622210313,대규모점포,191913.038277945    ,183968.019861937    ,광주광역시 동구 대인동 호 71의1 외2필지,2026-04-15 08:54:15
3590000,2001359001107500001,2001-10-10,,영업/정상,,,,,18487,,,NC WAVE 충장점,쇼핑센터,I,2026-01-14 22:18:10,광주광역시 동구 중앙로 163 (충장로4가),정상영업,1,01,0627189331,대규모점포,192005.763977005    ,183296.861295777    ,광주광역시 동구 충장로4가 29번지 2호 외3필지,2026-01-13 14:13:18
3590000,2005359001107500001,2005-03-29,,휴업,,,,,11391.17,,,(주)신세계이마트 동광주점,대형마트,I,2025-12-15 16:15:28,광주광역시 동구 중앙로 358 (계림동),휴업처리,2,02,0625191054,,192659.77458798     ,184961.882216707    ,광주광역시 동구 계림동 100번지 11호   ,2007-06-23 10:57:03
3590000,2007359006007500001,2007-12-06,,영업/정상,,,,,11182,501-080,,삼성테스코(주) 홈플러스 계림점,대형마트,I,2025-12-15 16:15:28,광주광역시 동구 무등로 314 (계림동),정상영업,1,01,,대규모점포,192333.816487533    ,184703.518867664    ,광주광역시 동구 계림동 505번지 900호,2013-05-24 13:48:19
3590000,2008359006007500001,2008-02-14,,영업/정상,,,,,3916.73,501-014,,알파와오메가(주),쇼핑센터,I,2025-12-15 16:15:28,,정상영업,1,01,0622220600,대규모점포,192137.42359477     ,183426.517448351    ,광주광역시 동구 충장로4가 14번지,2013-12-31 09:38:14
3590000,2010359008107500001,2010-04-05,,영업/정상,,,,,6100,501-081,,(주)이마트 동광주점,그 밖의 대규모점포,I,2025-12-15 16:15:28,광주광역시 동구 중앙로 358 (계림동),정상영업,1,01,,준대규모점포,192659.77458798     ,184961.882216707    ,광주광역시 동구 계림1동 100번지 11호,2014-10-10 15:10:54
3590000,2000359001107500301,1978-04-17,,폐업,1997-09-30,,,,0,,,화니백화점,백화점,I,2025-12-15 16:15:28,,폐업처리,3,03,0622237611,대규모점포,192137.42359477     ,183426.517448351    ,광주광역시 동구 충장로4가 14호,2020-12-03 16:41:25
3590000,2000359001107500302,1984-06-15,,폐업,1998-03-31,,,,8430,,,가든백화점,백화점,I,2025-12-15 16:15:28,광주광역시 동구 충장로 72 (충장로3가),폐업처리,3,03,0622327711,대규모점포,192195.476988591    ,183258.272322312    ,광주광역시 동구 충장로3가 23호,2020-12-03 16:40:30
3590000,2003359001107500001,2003-09-29,,폐업,2020-09-23,,,,7682.3,,,광주갤러리존,쇼핑센터,I,2025-12-15 16:15:28,광주광역시 동구 충장로 90 (충장로2가),폐업처리,3,03,0622363311,대규모점포,192326.527727459    ,183184.269414163    ,광주광역시 동구 충장로2가 18호,2020-09-24 09:18:22
3590000,2005359001107500002,2005-04-13,,폐업,2025-05-01,,,,4707,,,(주)금호계림주상복합상가,쇼핑센터,I,2025-12-15 16:15:28,"광주광역시 동구 중앙로 358 (계림동,(2층))",폐업처리,3,03,0625225522,대규모점포,192659.77458798     ,184961.882216707    ,광주광역시 동구 계림동 100번지 11호 (2층),2025-04-29 10:44:30
3590000,2009359008107500001,2009-04-23,,폐업,2024-12-07,,,,11182,501-081,,홈플러스(주)계림점,복합쇼핑몰,I,2025-12-15 16:15:28,광주광역시 동구 무등로 314 (계림동),폐업처리,3,03,0625308124,대규모점포,192333.816487533    ,184703.518867664    ,광주광역시 동구 계림1동 505번지 900호,2024-12-26 14:33:36
3590000,1998359001107500001,1998-07-15,,영업/정상,,,,,0,,,(주)신세계이마트동광주점,그 밖의 대규모점포,I,2025-12-15 16:15:28,광주광역시 동구 중앙로 358 (계림동),정상영업,1,01,0625191234,,192659.77458798     ,184961.882216707    ,광주광역시 동구 계림동 100번지 11호,2010-03-24 15:30:31
3600000,1973360001207500001,1973-11-29,,영업/정상,,,,,,,,양동시장,그 밖의 대규모점포,I,2026-05-09 22:44:54,,정상영업,1,01,0623630815,,,,광주광역시 서구 양동 5번지 101 호   ,2007-07-21 10:15:34
3600000,2005360010607500001,2005-03-28,,폐업,2020-03-05,,,,15306.29,,,(주)이마트상무점,대형마트,I,2026-05-09 22:44:57,광주광역시 서구 운천로 263-0 (치평동),폐업처리,3,03,0626101252,대규모점포,186638.794934674    ,184073.933211657    ,광주광역시 서구 치평동 1208번지 5호,2020-03-05 16:42:35
3600000,1997360001207500003,1997-05-20,,휴업,,,,,,,,(주)상무쇼핑프라자,그 밖의 대규모점포,I,2026-05-09 22:44:54,,휴업처리,2,02,0623830050,,185877.657855715    ,183914.671543206    ,광주광역시 서구 치평동 1168번지 1호   ,2007-07-21 10:15:34
3600000,1999360000007500002,1994-12-24,,영업/정상,,,,,9198793,,,문구완구종합상가,대형마트,I,2026-05-09 22:44:54,광주광역시 서구 내방로343번길 19 (화정동),,BBBB,01,0623664756,,188802.92189322     ,184425.51065458     ,광주광역시 서구 화정동 23번지 15호   ,2018-03-16 13:17:34
3600000,1999360000007500004,1998-10-15,,영업/정상,,,,,24490.56,,,금호월드,전문점,I,2026-05-09 22:44:55,광주광역시 서구 군분2로 54 (화정동),정상영업,1,01,0623670608,대규모점포,189131.91112875     ,184300.049544546    ,광주광역시 서구 화정동 12번지 17호,2020-10-05 17:41:26
3600000,1999360000007500008,1983-08-22,,휴업,,,,,,,,(주)상무시장,그 밖의 대규모점포,I,2026-05-09 22:44:55,광주광역시 서구 쌍촌로 61 (쌍촌동),휴업처리,2,02,0623739082,,187558.078186172    ,183478.125629171    ,광주광역시 서구 쌍촌동 988호   ,2007-07-21 10:15:34
3600000,1999360000007500009,1993-12-28,,영업/정상,,,,,3087.63,,,서부코아,대형마트,I,2026-05-09 22:44:55,광주광역시 서구 화운로156번길 29 (화정동),,BBBB,01,0623632362,,188975.873219315    ,183821.474590052    ,광주광역시 서구 화정동 780호   ,2007-07-21 10:15:34
3600000,1999360000007500011,1997-02-04,,영업/정상,,,,,,,,파워마트,대형마트,I,2026-05-09 22:44:56,,정상영업,1,01,0623802611,,,,광주광역시 서구 쌍촌동 885-11호   ,2007-07-21 10:15:34
3600000,2000360001207500001,2000-09-04,,영업/정상,,,,,14073,,,롯데쇼핑(주)롯데마트맥스 상무점,그 밖의 대규모점포,I,2026-05-09 22:44:56,"광주광역시 서구 시청로 40 (치평동, 롯데마트 상무점)",정상영업,1,01,06206022520,대규모점포,186476.010874769    ,183702.292924632    ,광주광역시 서구 치평동 1239호,2026-05-07 17:13:46
3600000,2001360001207500001,2001-07-24,,영업/정상,,,,,15306,,,신세계이마트상무점,대형마트,I,2026-05-09 22:44:56,광주광역시 서구 운천로 263 (치평동),정상영업,1,01,0626101050,,186638.794934674    ,184073.933211657    ,광주광역시 서구 치평동 1208번지 5호,2010-04-05 14:22:56
3600000,2001360001207500002,2001-08-22,,영업/정상,,,,,3596,,,E-PLAZA,그 밖의 대규모점포,I,2026-05-09 22:44:56,광주광역시 서구 운천로 263 (치평동),,BBBB,01,0623752032,,186638.794934674    ,184073.933211657    ,광주광역시 서구 치평동 1208번지 5호   ,2007-07-21 10:15:34
3600000,2003360001207500001,2003-04-17,,휴업,,,,,6629.79,,,(주)빅마트풍암점,그 밖의 대규모점포,I,2026-05-09 22:44:56,광주광역시 서구 풍암2로 2 (풍암동),휴업처리,2,02,0626502281,,188875.632035508    ,180897.678717452    ,광주광역시 서구 풍암동 1109호   ,2018-05-02 15:24:57
3600000,2003360001207500002,2003-08-11,,영업/정상,,,,,20462,502-270,,주식회사 광주세정아울렛,쇼핑센터,I,2026-05-09 22:44:57,광주광역시 서구 상무대로 773 (치평동),정상영업,1,01,0623709000,대규모점포,186012.472117748    ,183075.354820897    ,광주광역시 서구 치평동 1326번지,2016-06-27 08:31:14
3600000,2003360008407500001,2003-08-11,,영업/정상,,,,,20461.51,502-270,,주식회사 광주 세정아울렛,쇼핑센터,I,2026-05-09 22:44:57,"광주광역시 서구 상무대로 773 (치평동, 지하관리사무소)",정상영업,1,01,0623709000,대규모점포,186012.472117748    ,183075.354820897    ,광주광역시 서구 치평동 1326번지,2016-06-25 16:34:52
3600000,2004360001207500001,2004-12-06,,휴업,,,,,9970.99,,,광주프리미엄아울렛,대형마트,I,2026-05-09 22:44:57,광주광역시 서구 시청로 67 (치평동),휴업처리,2,02,0623759339,,186350.816422951    ,183915.870052556    ,광주광역시 서구 치평동 1218번지 1호   ,2007-07-21 10:15:34
3600000,2006360001207500001,2006-03-23,,영업/정상,,,,,26906,,,(주)광주신세계,백화점,I,2026-05-09 22:44:57,"광주광역시 서구 무진대로 932 (광천동, 외1필지)",정상영업,1,01,0623601042,대규모점포,189004.968212655    ,184579.553645425    ,광주광역시 서구 광천동 49번지 1   호,2016-04-14 22:38:47
3600000,2006360001207500002,2006-06-27,,영업/정상,,,,,13309,,,(주)광주신세계이마트,대형마트,I,2026-05-09 22:44:57,광주광역시 서구 죽봉대로 61 (화정동),정상영업,1,01,0623601042,대규모점포,189175.074193215    ,184413.56266082     ,광주광역시 서구 화정동 12번지 13 호,2016-04-14 22:40:13
3600000,2006360010607500001,2006-03-23,,영업/정상,,,,,13309,,61937,(주)광주신세계이마트,대형마트,I,2026-05-09 22:44:57,"광주광역시 서구 죽봉대로 61 (화정동, 광주 이마트)",정상영업,1,01,,대규모점포,189175.074193215    ,184413.56266082     ,광주광역시 서구 화정동 12번지 13호,2016-04-15 13:59:05
3600000,2006360010607500002,2006-03-23,,영업/정상,,,,,0,,61937,(주)광주신세계,백화점,I,2026-05-09 22:44:57,"광주광역시 서구 무진대로 932 (광천동, 신세계백화점)",정상영업,1,01,,대규모점포,189004.968212655    ,184579.553645425    ,,2016-04-15 16:41:09
3600000,2006360010607500003,2006-03-23,,영업/정상,,,,,26906,,61937,(주)광주신세계,백화점,I,2026-05-09 22:44:57,"광주광역시 서구 무진대로 932, 신세계백화점 (광천동)",정상영업,1,01,0623601042,대규모점포,189004.968212655    ,184579.553645425    ,광주광역시 서구 광천동 49번지 1호 신세계백화점,2020-05-06 14:25:42
3600000,2006360010607500004,2006-06-27,,영업/정상,,,,,13309,,61937,이마트 광주점,그 밖의 대규모점포,I,2026-05-09 22:44:57,"광주광역시 서구 죽봉대로 61, 광주 이마트 (화정동)",정상영업,1,01,0623601042,대규모점포,189175.074193215    ,184413.56266082     ,광주광역시 서구 화정동 12번지 13호 광주 이마트,2024-04-22 09:20:23
3600000,2007360006807500001,2007-01-11,,영업/정상,,,,,13031,,,롯데쇼핑(주)롯데마트 월드컵점,그 밖의 대규모점포,I,2026-05-09 22:44:57,광주광역시 서구 금화로 240 (풍암동),정상영업,1,01,0626102500,대규모점포,188791.275961965    ,181590.099672513    ,광주광역시 서구 풍암동 423번지 2   호 월드컵경기장내,2026-05-07 17:15:25
3600000,2012360008407500001,2012-04-20,,영업/정상,,,,,17553.8,502-831,,롯데아울렛 광주 월드컵점,쇼핑센터,I,2026-05-09 22:44:58,광주광역시 서구 금화로 240 (풍암동),정상영업,1,01,0626062500,대규모점포,188791.275961965    ,181590.099672513    ,광주광역시 서구 풍암동 423번지 2호,2026-04-09 09:45:38
3600000,1999360000007500003,1997-12-10,,폐업,2022-01-28,,,,8234.15,,,학교법인 송원대학교 송원홈센터,전문점,I,2026-05-09 22:44:54,광주광역시 서구 상무대로 964 (쌍촌동),폐업처리,3,03,0623807000,대규모점포,187913.223111061    ,183567.413219229    ,광주광역시 서구 쌍촌동 997번지 71호,2022-02-03 09:59:52
3600000,1999360000007500010,1997-01-27,,폐업,2013-05-09,,,,2840,,,상일연금마트,그 밖의 대규모점포,I,2026-05-09 22:44:56,광주광역시 서구 상무대로 1147 (농성동),폐업처리,3,03,0623525511,준대규모점포,,,광주광역시 서구 농성동 260호,2013-05-29 10:34:57
3600000,2005360001207500001,2005-03-28,,폐업,2020-03-05,,,,15306.29,502-270,,(주)이마트 상무점,대형마트,I,2026-05-09 22:44:57,"광주광역시 서구 운천로 263 (치평동, 이마트 상무점)",폐업처리,3,03,0626101052,대규모점포,186638.794934674    ,184073.933211657    ,광주광역시 서구 치평동 1208번지 5호,2020-03-05 16:26:42
3600000,1975360001207500001,1975-01-24,,영업/정상,,,,,,,,복개상가,그 밖의 대규모점포,I,2026-05-09 22:44:54,광주광역시 서구 천변좌로 226 (양동),정상영업,1,01,,,191326.53434806     ,183689.600204135    ,광주광역시 서구 양동 441호   ,2007-07-21 10:15:34
3610000,2000361001207500001,1978-09-05,,영업/정상,,,,,0,,,무등시장(합자),전문점,I,2025-12-15 16:15:28,광주광역시 남구 군분로 27 (주월동),정상영업,1,01,0626525549,대규모점포,190310.940546416    ,181901.078854856    ,광주광역시 남구 주월동 974번지 107호,2020-04-20 11:45:23
3610000,2000361001207500002,1983-11-26,,영업/정상,,,,,,,,(주)무진시장,그 밖의 대규모점포,I,2025-12-15 16:15:28,,정상영업,1,01,0626751355,,,,광주광역시 남구 주월동 1275-1호   ,2007-07-14 11:05:22
3610000,2000361001207500003,1995-05-27,,영업/정상,,,,1995-05-27,3558,,,빅마트,대형마트,I,2025-12-15 16:15:28,광주광역시 남구 서문대로 745 (주월동),,BBBB,01,0626502281,,190571.312577428    ,180762.465501101    ,광주광역시 남구 주월동 408번지 1호   ,2007-07-14 11:05:22
3610000,2000361001207500004,1996-09-17,,영업/정상,,,,,0,,,(주)킴스클럽마트 광주점,대형마트,I,2025-12-15 16:15:28,"광주광역시 남구 서문대로 706 (진월동,외 5필지)",,BBBB,01,024400785,,190716.713745603    ,180400.03104037     ,광주광역시 남구 진월동 294호 외 5필지  ,2007-07-14 11:05:22
3610000,2006361001207500001,2006-03-21,,휴업,,,,,5035.59,,,빅시티,대형마트,I,2025-12-15 16:15:28,광주광역시 남구 서문대로 729 (진월동),휴업처리,2,02,0626502281,,190591.067479962    ,180601.219288553    ,광주광역시 남구 진월동 313호   ,2013-12-23 17:56:22
3610000,2022361023507500001,2022-05-02,,폐업,2024-01-01,,,,1872.1,,61675,롯데쇼핑(주)롯데슈퍼 봉선점,구분없음,I,2025-12-15 16:15:28,"광주광역시 남구 유안초등북길 1, 롯데 슈퍼 센터 (봉선동)",폐업처리,3,03,0626540077,준대규모점포,192086.725915166    ,180784.787884665    ,광주광역시 남구 봉선동 161 롯데 슈퍼 센터,2024-01-04 08:36:00
3610000,2017361015607500001,2017-10-30,,영업/정상,,,,,6602,,61687,메가아울렛,쇼핑센터,I,2025-12-15 16:15:28,"광주광역시 남구 봉선로 1 (주월동, 남구청)",정상영업,1,01,0626507400,대규모점포,191036.225621204    ,181532.775962088    ,,2019-11-04 17:05:32
3610000,2007361012607500001,2007-06-08,,폐업,2024-01-01,,,,1872.1,,,롯데쇼핑(주) 롯데슈퍼 봉선점,대형마트,I,2025-12-15 16:15:28,광주광역시 남구 유안초등북길 1 (봉선동),폐업처리,3,03,0626540077,준대규모점포,192086.725915166    ,180784.787884665    ,,2024-01-05 10:36:42
3610000,2012361010707500001,2012-04-18,,폐업,2021-06-09,,,,5042.5,503-330,,롯데쇼핑(주)롯데수퍼 진월점,쇼핑센터,I,2025-12-15 16:15:28,광주광역시 남구 서문대로 729 (진월동),폐업처리,3,03,0626745601,대규모점포,190591.067479962    ,180601.219288553    ,광주광역시 남구 진월동 313번지,2021-06-09 15:13:17
3610000,2012361010707500002,2012-09-24,,폐업,2013-05-03,,,,7127.48,503-840,,신진마트,쇼핑센터,I,2025-12-15 16:15:28,광주광역시 남구 서문대로 706 (진월동),폐업처리,3,03,,대규모점포,190716.713745603    ,180400.03104037     ,광주광역시 남구 진월동 299번지 3호,2013-05-08 16:32:33
3610000,2007361006407500001,2007-06-27,,영업/정상,,,,,10855.91,,,이마트 봉선점,대형마트,I,2025-12-15 16:15:28,광주광역시 남구 봉선로 198 (봉선동),정상영업,1,01,0626111234,대규모점포,192271.788165678    ,180371.789080786    ,광주광역시 남구 봉선동 1064호,2024-11-20 18:14:35
3620000,1987362001207500005,1981-09-10,,영업/정상,,,,,1294.18,,,동부시장,시장,I,2026-04-26 22:30:15,광주광역시 북구 중문로9번길 39 (중흥동),정상영업,1,01,0622643430,대규모점포,192304.843148098    ,186080.240871386    ,광주광역시 북구 중흥동 272번지 6호,2017-03-20 09:24:41
3620000,2012362007907500001,2012-01-31,,폐업,2017-06-26,2015-06-01,2018-06-01,,2907.1,500-856,,롯데쇼핑(주)롯데슈퍼운암점,구분없음,I,2026-04-26 22:30:15,광주광역시 북구 북문대로 92 (운암동),폐업처리,3,03,0625115614,준대규모점포,,,광주광역시 북구 운암3동 66번지 1호,2017-06-26 16:36:19
3620000,1991362001207500008,1991-04-08,,영업/정상,,,,,,,,오치상설시장,그 밖의 대규모점포,I,2026-04-26 22:30:15,광주광역시 북구 오산정길 15 (오치동),정상영업,1,01,06202619768,,191541.330248277    ,187701.383895867    ,광주광역시 북구 오치동 940번지 1호   ,2007-06-16 11:13:33
3620000,1992362001207500009,1992-01-04,,영업/정상,,,,,0,,,용봉시장,그 밖의 대규모점포,I,2026-04-26 22:30:15,광주광역시 북구 용주로30번길 16 (용봉동),정상영업,1,01,06205244742,준대규모점포,190902.562459741    ,186849.509100461    ,광주광역시 북구 용봉동 1225번지 1   호,2013-12-23 09:45:55
3620000,1993362001207500010,1993-07-16,,영업/정상,,,,,0,,,우미프라자,그 밖의 대규모점포,I,2026-04-26 22:30:15,광주광역시 북구 평교로18번길 50 (우산동),정상영업,1,01,06202649620,준대규모점포,193307.218180438    ,186544.10260087     ,광주광역시 북구 우산동 4번지 1   호,2013-12-30 16:57:04
3620000,1993362001207500011,1993-09-21,,영업/정상,,,,,,,,평화프라자,그 밖의 대규모점포,I,2026-04-26 22:30:15,광주광역시 북구 우치로27번길 33 (중흥동),정상영업,1,01,06205110679,,191654.603512472    ,185688.713411874    ,광주광역시 북구 중흥동 341번지 6호   ,2007-06-16 11:13:33
3620000,1993362001207500012,1993-10-13,,영업/정상,,,,,6960.43,,,운암훼밀리코아,그 밖의 대규모점포,I,2026-04-26 22:30:15,광주광역시 북구 북문대로 92 (운암동),정상영업,1,01,0622311081,대규모점포,,,광주광역시 북구 운암동 66번지 1호,2018-05-24 10:42:56
3620000,1995362001207500013,1995-12-16,,영업/정상,,,,,,,,샛터코아,그 밖의 대규모점포,I,2026-04-26 22:30:15,광주광역시 북구 서하로 369 (문흥동),정상영업,1,01,06202662566,,192721.765648479    ,187459.477636264    ,광주광역시 북구 문흥동 998번지 1호   ,2007-06-16 11:13:33
3620000,1996362001207500014,1996-12-31,,영업/정상,,,,,,,,삼각그린타운상가,그 밖의 대규모점포,I,2026-04-26 22:30:15,,정상영업,1,01,06205734648,,,,광주광역시 북구 삼각동 536호   ,2013-12-23 09:39:39
3620000,1997362001207500015,1997-01-24,2014-09-04,취소/말소/만료/정지/중지,,,,,5850,500-150,,빅마트수퍼센타,대형마트,I,2026-04-26 22:30:15,광주광역시 북구 서하로 97 (매곡동),직권취소,4,04,06205702400,대규모점포,,,광주광역시 북구 매곡동 45번지 25호,2014-09-01 16:00:37
3620000,1997362001207500016,1997-08-20,,영업/정상,,,,,,,,나산클레프,그 밖의 대규모점포,I,2026-04-26 22:30:15,광주광역시 북구 태봉로 10 (유동),정상영업,1,01,06205197000,,,,광주광역시 북구 유동 87번지 1호   ,2007-06-16 11:13:33
3620000,2000362001207500017,2000-03-28,,영업/정상,,,,,,,,(주)마트앤마트,그 밖의 대규모점포,I,2026-04-26 22:30:15,광주광역시 북구 설죽로 490 (일곡동),정상영업,1,01,06205749368,,190724.076411401    ,189336.911607023    ,광주광역시 북구 일곡동 839번지 1호   ,2007-06-16 11:13:33
3620000,2002362001207500001,2002-10-24,,휴업,,,,,12724.02,,,삼성홈플러스 동광주점,대형마트,I,2026-04-26 22:30:15,광주광역시 북구 동문대로 200 (두암동),휴업처리,2,02,,,193592.366836384    ,186709.260367801    ,광주광역시 북구 두암동 575번지 1호   ,2013-12-30 10:42:33
3620000,2004362007207500001,2002-10-23,,영업/정상,,,,,15111,500-102,,홈플러스(주) 동광주점,대형마트,I,2026-04-26 22:30:15,광주광역시 북구 동문대로 200 (두암동),정상영업,1,01,0622508015,대규모점포,193592.366836384    ,186709.260367801    ,광주광역시 북구 두암2동 575번지 1호,2024-02-29 13:53:21
3620000,2007362007207500001,2007-08-02,,영업/정상,,,,,3104.84,500-120,,에이치에스인베스트먼트(주),그 밖의 대규모점포,I,2026-04-26 22:30:15,광주광역시 북구 동문대로248번길 39 (각화동),정상영업,1,01,0626758900,대규모점포,194195.312327268    ,187128.395406826    ,광주광역시 북구 각화동 320번지 6호,2022-06-27 16:36:13
3620000,2011362007907500001,1995-03-09,,영업/정상,,,,,21532.45,500-827,,NC백화점 광주점,복합쇼핑몰,U,2026-05-07 03:03:03,광주광역시 북구 경열로 249 (신안동),정상영업,1,01,0625192233,대규모점포,191482.021147695    ,184739.201719547    ,광주광역시 북구 신안동 6번지 1호,2026-05-06 10:34:58
3620000,2012362007907500002,2012-01-31,,영업/정상,,,,,1483.7,500-100,,롯데쇼핑(주)롯데슈퍼두암점,복합쇼핑몰,U,2026-05-07 03:03:03,광주광역시 북구 삼정로3번길 21 (두암동),정상영업,1,01,0622630011,준대규모점포,193999.034505249    ,184817.707884727    ,광주광역시 북구 두암동 985번지 1호,2026-05-06 09:46:17
3620000,198736201560753,1980-02-08,,폐업,2020-03-30,,,,1571.73,,61249,대원시장,그 밖의 대규모점포,I,2026-04-26 22:30:15,광주광역시 북구 자동차로47번길 50 (임동),폐업처리,3,03,0625292288,대규모점포,190705.852333313    ,185003.281195377    ,광주광역시 북구 임동 190번지 1호,2020-03-30 18:20:28
3620000,1987362001207500007,1987-04-22,,영업/정상,,,,,0,,,동아시장,그 밖의 대규모점포,I,2026-04-26 22:30:15,광주광역시 북구 서방로172번길 10-7 (두암동),정상영업,1,01,06205278866,준대규모점포,193580.155442228    ,185472.860629539    ,광주광역시 북구 두암동 895번지 2   호,2013-12-23 09:47:34
3630000,2007363008007500002,2007-11-14,,영업/정상,,,,,9993,506-250,,삼성테스코(주)홈플러스 광주하남점,그 밖의 대규모점포,I,2026-05-07 22:40:15,광주광역시 광산구 용아로 390 (하남동),정상영업,1,01,0626168125,대규모점포,182200.812320705    ,186547.650146985    ,광주광역시 광산구 하남동 831번지,2011-10-30 14:16:35
3630000,2009363008007500002,2009-09-22,,영업/정상,,,,,8499,506-251,,롯데쇼핑(주) 롯데마트 수완점,대형마트,I,2026-05-07 22:40:15,광주광역시 광산구 장신로 98 (장덕동),정상영업,1,01,0629752522,대규모점포,183530.641093884    ,187845.528746071    ,광주광역시 광산구 장덕동 1678번지 1호,2026-05-04 16:02:17
3630000,2009363015207500001,2011-03-02,,영업/정상,,,,,10086,506-250,,홈플러스(주) 광주하남점,대형마트,I,2026-05-07 22:40:15,광주광역시 광산구 용아로 390 (하남동),정상영업,1,01,0626168125,대규모점포,182200.812320705    ,186547.650146985    ,광주광역시 광산구 하남동 831번지,2024-08-09 10:02:45
3630000,2012363017007500001,2012-02-23,,영업/정상,,,,,24715.98,506-251,,롯데쇼핑(주)롯데아울렛 수완점,쇼핑센터,I,2026-05-07 22:40:15,광주광역시 광산구 장신로 98 (장덕동),정상영업,1,01,0626162013,대규모점포,183530.641093884    ,187845.528746071    ,광주광역시 광산구 장덕동 1678번지,2026-04-20 11:14:04
3630000,2012363017007500002,2012-03-21,,영업/정상,,,,,501.8,506-307,,롯데쇼핑(주) 롯데슈퍼 신가점,그 밖의 대규모점포,I,2026-05-07 22:40:15,광주광역시 광산구 수등로258번길 10 (신가동),정상영업,1,01,0629625555,준대규모점포,184974.430043787    ,187238.355812578    ,광주광역시 광산구 신가동 1012번지 우미이노스빌 상가동,2022-04-29 09:44:07
3630000,2002363004107500001,2002-10-18,,영업/정상,,,,,8467.14,,62279,롯데쇼핑(주)롯데마트첨단점,복합쇼핑몰,I,2026-05-07 22:40:15,"광주광역시 광산구 첨단강변로99번길 22 (쌍암동, 롯데마트)",정상영업,1,01,0629622500,대규모점포,186442.331564071    ,190821.237685395    ,광주광역시 광산구 쌍암동 694번지 3호,2026-05-04 16:00:12
3630000,2000363004107500002,1999-06-30,,폐업,2006-02-28,,,,0,,62364,(주)하남거평마트,대형마트,I,2026-05-07 22:40:15,"광주광역시 광산구 무진대로 282 (우산동, 광주무역회관빌딩)",폐업처리,3,03,0629408800,대규모점포,182750.09823146     ,184628.072601633    ,광주광역시 광산구 우산동 1589번지 1호,2017-04-19 11:22:41
3630000,2005363004107500001,2005-04-01,,휴업,,,,,9342.19,,,신세계 이마트 광산점,대형마트,I,2026-05-07 22:40:15,,휴업처리,2,02,0629491052,,182489.563842998    ,184569.695359578    ,광주광역시 광산구 우산동 1598번지 3호   ,2007-07-14 10:49:00
3630000,2005363012107500001,2005-04-01,,영업/정상,,,,,9342,506-813,,주식회사 이마트 광산점,대형마트,I,2026-05-07 22:40:15,광주광역시 광산구 사암로 172 (우산동),정상영업,1,01,0629491051,대규모점포,182489.563842998    ,184569.695359578    ,광주광역시 광산구 우산동 1598번지 3호,2024-04-23 11:17:44
3630000,2006363004107500001,2006-08-09,,취소/말소/만료/정지/중지,,,,,0,,62278,폭스존 첨단점,전문점,I,2026-05-07 22:40:15,"광주광역시 광산구 앰코로 35, 폭스존 (쌍암동)",직권취소,4,04,0626118156,대규모점포,186484.103902583    ,191340.95957597     ,광주광역시 광산구 쌍암동 688번지 4호 폭스존,2018-03-05 10:31:46
3630000,2007363008007500001,2007-11-09,,영업/정상,,,,,9993,506-250,,삼성테스코(주) 홈플러스 광주하남점,그 밖의 대규모점포,I,2026-05-07 22:40:15,광주광역시 광산구 용아로 390 (하남동),정상영업,1,01,0626168000,대규모점포,182200.812320705    ,186547.650146985    ,광주광역시 광산구 하남동 하남2지구 택지개발사업지구 3-1블록,2011-10-30 14:18:47
3630000,2000363004107500001,1999-06-23,,폐업,2007-03-15,,,,0,,62274,(주)빅마트첨단점,대형마트,I,2026-05-07 22:40:15,"광주광역시 광산구 첨단중앙로182번길 8 (쌍암동, 롯데슈퍼)",폐업처리,3,03,0629726900,대규모점포,185535.301050736    ,191365.241058844    ,광주광역시 광산구 쌍암동 654번지 2호,2017-04-13 21:35:17
3630000,2004363004107500001,2004-05-08,,휴업,,,,,9342.19,,,신세계 이마트 광산점,대형마트,I,2026-05-07 22:40:15,,휴업처리,2,02,023805231,,182489.563842998    ,184569.695359578    ,광주광역시 광산구 우산동 1598번지 3호   ,2007-07-14 10:49:00
3640000,1962364005807500002,1962-10-08,,영업/정상,,,,,,,,대전도매시장,그 밖의 대규모점포,I,2026-05-03 22:32:20,,정상영업,1,01,0422572410,,,,대전광역시 동구 중동 76호   ,2007-06-30 10:25:41
3640000,1973364005807500009,1973-08-17,,영업/정상,,,,,1380.17,,,대전상가,그 밖의 대규모점포,I,2026-05-03 22:32:20,대전광역시 동구 충무로 185 (인동),정상영업,1,01,0422846562,대규모점포,239135.725694523    ,313533.610123343    ,대전광역시 동구 신인동 52번지 1호,2014-09-30 14:18:25
3640000,1973364005807500010,1973-06-04,,영업/정상,,,,,5655.56,,,(주)중앙메가프라자,그 밖의 대규모점포,I,2026-05-03 22:32:20,대전광역시 동구 중앙로200번길 99 (원동),정상영업,1,01,0422531550,대규모점포,238893.804328151    ,314079.734599578    ,대전광역시 동구 원동 42번지 1호,2022-04-08 13:35:19
3640000,1973364018107500001,1973-08-17,,영업/정상,,,,,1380.17,,34633,(주)대전상가,시장,I,2026-05-03 22:32:20,대전광역시 동구 충무로 185(인동),정상영업,1,01,0422846562,대규모점포,239135.725694523    ,313533.610123343    ,대전광역시 동구 인동 52-1,2023-03-03 17:40:06
3640000,1974364005807500002,1974-12-28,,휴업,,,,,,,,홍명산업,그 밖의 대규모점포,I,2026-05-03 22:32:20,,휴업처리,2,02,0422547384,,238392.327746889    ,314532.983017399    ,대전광역시 동구 중동 318호   ,2007-06-30 10:25:41
3640000,2007364008907500001,2007-10-19,,폐업,2018-06-29,,,,2328.9,300-010,,(주)패션플러스,전문점,I,2026-05-03 22:32:20,대전광역시 동구 대전천동로 528 (원동),폐업처리,3,03,0422557711,대규모점포,238672.425808478    ,314248.04947107     ,대전광역시 동구 원동 62번지 4호,2018-06-19 17:15:04
3640000,2009364010407500005,1974-12-27,,폐업,2009-08-03,,,,7209,300-160,,홍명산업,시장,I,2026-05-03 22:32:20,,폐업처리,3,03,0422547384,,238392.327746889    ,314532.983017399    ,대전광역시 동구 중동 318번지,2009-08-04 10:51:15
3640000,2012364011407500001,2017-04-27,,폐업,2018-07-30,,,,7994.19,300-070,,롯데쇼핑(주) 롯데마트 동대전점,쇼핑센터,I,2026-05-03 22:32:21,대전광역시 동구 동대전로 67 (대동),폐업처리,3,03,0426077701,대규모점포,239596.386064403    ,314379.091676888    ,대전광역시 동구 대동 160번지 1호,2018-07-31 17:08:28
3640000,2014364011407500003,2017-04-17,,폐업,2019-01-17,,,,818.3,300-822,,롯데쇼핑(주) 롯데슈퍼 용방점,대형마트,I,2026-05-03 22:32:21,대전광역시 동구 계족로140번길 183 (용운동),폐업처리,3,03,0422865601,준대규모점포,240750.46513665     ,314288.284698506    ,대전광역시 동구 용운동 432번지,2024-11-21 09:17:40
3640000,2017364011407500002,2021-02-22,,폐업,2022-10-15,,,,16908.55,,34549,홈플러스(주)동대전점,대형마트,I,2026-05-03 22:32:21,대전광역시 동구 한밭대로 1282 (용전동),폐업처리,3,03,0426088002,대규모점포,239185.900858619    ,317088.412646934    ,대전광역시 동구 용전동 65번지 1호 (주)홈플러스 (주)동대전점,2022-10-21 14:30:18
3640000,1975364005807500007,1975-09-05,,영업/정상,,,,,4089.32,,,신 중앙시장,복합쇼핑몰,I,2026-05-03 22:32:20,대전광역시 동구 중앙로200번길 85 (원동),정상영업,1,01,0422562157,대규모점포,238864.463500619    ,314142.703940045    ,대전광역시 동구 원동 40번지 1호,2024-04-19 15:43:55
3640000,1979364005807500027,1979-12-31,,영업/정상,,,,,5168.87,,,가양시장,그 밖의 대규모점포,I,2026-05-03 22:32:20,대전광역시 동구 매봉로 18 (가양동),정상영업,1,01,0426723783,대규모점포,239714.448642719    ,316248.352027402    ,대전광역시 동구 가양동 434호,2014-09-30 12:56:51
3640000,1981364005807500035,1981-01-08,,영업/정상,,,,,3041,,,자유도매시장,시장,I,2026-05-03 22:32:20,,정상영업,1,01,0422260706,대규모점포,,,대전광역시 동구 원동 64호,2015-07-10 10:21:21
3640000,1981364005807500037,1981-07-10,,영업/정상,,,,,,,,지하상가,그 밖의 대규모점포,I,2026-05-03 22:32:20,,정상영업,1,01,0428630762,,238648.755454003    ,314509.147747802    ,대전광역시 동구 중동 317호   ,2007-06-30 10:25:41
3640000,1981364011407500001,1981-01-08,,영업/정상,,,,,3041,300-010,,자유도매시장,그 밖의 대규모점포,I,2026-05-03 22:32:20,대전광역시 동구 중앙로200번길 40 (원동),정상영업,1,01,,대규모점포,238721.710530402    ,314353.214325941    ,대전광역시 동구 원동 64번지 1호,2026-04-06 17:12:05
3640000,1989364005807500001,1989-12-23,,영업/정상,,,,,,,,(주) 동아종합시장,그 밖의 대규모점포,I,2026-05-03 22:32:20,,정상영업,1,01,0426247571,,,,대전광역시 동구 가양동 170번지 1   호   ,2007-06-30 10:25:41
3640000,1993364005807500001,1993-05-12,,휴업,,,,,,,,아리랑프라자,그 밖의 대규모점포,I,2026-05-03 22:32:20,대전광역시 동구 홍도로 11 (홍도동),휴업처리,2,02,0426278161,,238503.547815942    ,316361.20859374     ,대전광역시 동구 홍도동 12호   ,2007-06-30 10:25:41
3640000,1993364005807500002,1993-12-20,,영업/정상,,,,,,,,평화시장,그 밖의 대규모점포,I,2026-05-03 22:32:20,,정상영업,1,01,0426301004,,,,대전광역시 동구 성남동 157번지 6   호   ,2007-06-30 10:25:41
3640000,1993364005807500003,1993-03-04,,휴업,,,,,,,,패션마트104,그 밖의 대규모점포,I,2026-05-03 22:32:20,,휴업처리,2,02,0422557711,,,,대전광역시 동구 원동 62번지 4   호   ,2007-06-30 10:25:41
3640000,1997364005807500001,1998-05-16,,영업/정상,,,,,,,,삼우프라자,그 밖의 대규모점포,I,2026-05-03 22:32:20,,정상영업,1,01,0426725661,,,,대전광역시 동구 가양동 170번지 1   호   ,2007-06-30 10:25:41
3640000,1999364005807500004,1999-09-17,,휴업,,,,,,,,동방마트,대형마트,I,2026-05-03 22:32:20,,휴업처리,2,02,0426064520,,238392.327746889    ,314532.983017399    ,대전광역시 동구 중동 318호   ,2007-06-30 10:25:41
3640000,2002364005807500001,2002-06-11,,휴업,,,,,4464.1,,,대동LG마트,그 밖의 대규모점포,I,2026-05-03 22:32:20,,휴업처리,2,02,0426287633,,,,대전광역시 동구 대동 160번지 7호   ,2007-06-30 10:25:41
3640000,2002364005807500019,2002-10-15,,영업/정상,,,,,11572.63,,,삼성테스코(주) 홈플러스 동대전점,대형마트,I,2026-05-03 22:32:20,"대전광역시 동구 한밭대로 1282 (용전동,외 25필지)",정상영업,1,01,0426088124,,239185.900858619    ,317088.412646934    ,대전광역시 동구 용전동 65번지 1호 외 25필지,2009-04-21 14:45:43
3640000,2005364005807500001,2005-11-22,,휴업,,,,,2547.6,,,중앙도매시장,그 밖의 대규모점포,I,2026-05-03 22:32:20,,휴업처리,2,02,0422575513,,,,대전광역시 동구 가양동 38-1호   ,2007-06-30 10:25:41
3640000,2008364008907500001,2008-01-25,,취소/말소/만료/정지/중지,,,,,6326,300-720,,중앙데파트,대형마트,I,2026-05-03 22:32:20,,직권취소,4,04,0426064522,,238439.32948411     ,314486.941893639    ,대전광역시 동구 중동 318번지 1호 중앙데파트,2010-01-13 11:24:43
3640000,2008364008907500002,2008-08-19,,영업/정상,,,,,8435.05,300-050,,홈플러스(주) 대전가오점,대형마트,I,2026-05-03 22:32:20,대전광역시 동구 은어송로 72 (가오동),정상영업,1,01,0422818120,대규모점포,241064.767614979    ,311893.45796323     ,대전광역시 동구 가오동 557번지 토마토쇼핑센터 지하 1층,2011-10-30 15:28:34
3640000,2008364010407500001,2010-01-26,,영업/정상,,2010-01-10,2010-02-25,2010-02-01,9678.76,300-050,,패션아일랜드 대전점,전문점,I,2026-05-03 22:32:20,대전광역시 동구 은어송로 72 (가오동),정상영업,1,01,0422809004,,241064.767614979    ,311893.45796323     ,대전광역시 동구 가오동 557번지,2010-01-29 16:30:20
3640000,2009364010407500001,1979-12-31,,영업/정상,,,,,2975.6,300-091,,가양시장,시장,I,2026-05-03 22:32:20,대전광역시 동구 매봉로 18 (가양동),정상영업,1,01,0426723783,,239714.448642719    ,316248.352027402    ,대전광역시 동구 가양1동 434번지,2009-06-09 09:42:36
3640000,2009364010407500002,1962-10-08,,영업/정상,,,,,1779.64,300-160,,대전도매시장,시장,I,2026-05-03 22:32:20,대전광역시 동구 대전로785번길 10 (중동),정상영업,1,01,0422572410,대규모점포,238788.111931179    ,314446.016722727    ,대전광역시 동구 중동 76번지 28호,2024-04-22 12:44:55
3640000,2009364010407500003,2010-06-01,,영업/정상,,,,,4464.1,300-070,,롯데쇼핑(주) 롯데마트 동대전점,쇼핑센터,I,2026-05-03 22:32:20,대전광역시 동구 동대전로 67 (대동),정상영업,1,01,0426077700,,239596.386064403    ,314379.091676888    ,대전광역시 동구 대동 160번지 1호,2010-06-01 18:04:29
3640000,2009364010407500004,1993-05-12,,영업/정상,,,,,5915,300-190,,아리랑프라자,시장,I,2026-05-03 22:32:20,대전광역시 동구 홍도로 11 (홍도동),정상영업,1,01,0426276181,,238503.547815942    ,316361.20859374     ,대전광역시 동구 홍도동 12번지,2009-06-09 10:25:52
3640000,2009364010407500006,1973-06-03,,영업/정상,,,,,1710.8,300-010,,중앙메가프라자,시장,I,2026-05-03 22:32:20,대전광역시 동구 중앙로200번길 99 (원동),정상영업,1,01,0422531550,,238893.804328151    ,314079.734599578    ,대전광역시 동구 원동 42번지 1호,2010-03-29 11:19:33
3640000,2009364010407500007,1993-05-12,,영업/정상,,,,,5352,300-190,,아리랑프라자,시장,I,2026-05-03 22:32:20,대전광역시 동구 홍도로 11 (홍도동),정상영업,1,01,0426335889,대규모점포,238503.547815942    ,316361.20859374     ,대전광역시 동구 홍도동 12번지,2013-02-20 09:17:53
3640000,2009364010407500008,1993-12-20,,영업/정상,,,,,3852,300-180,,평화시장,시장,I,2026-05-03 22:32:20,대전광역시 동구 동서대로1572번길 173 (성남동),정상영업,1,01,0426301010,,238934.669454891    ,315679.2586707      ,대전광역시 동구 성남동 157번지 6호,2009-06-09 10:20:20
3640000,2009364010407500009,1973-08-17,,영업/정상,,,,,1380,300-020,,대전상가,시장,I,2026-05-03 22:32:20,대전광역시 동구 충무로 185 (인동),정상영업,1,01,0422546562,,239135.725694523    ,313533.610123343    ,대전광역시 동구 인동 52번지 1호,2009-06-09 14:45:59
3640000,2009364010407500010,1985-08-30,,영업/정상,,,,,1128,300-091,,신가양종합시장,시장,I,2026-05-03 22:32:20,대전광역시 동구 가양로80번길 23 (가양동),정상영업,1,01,0426258933,,239706.260791682    ,315839.436861872    ,대전광역시 동구 가양1동 295번지 8호,2009-06-09 15:00:01
3640000,2009364010407500011,1981-07-10,,영업/정상,,,,,2615.83,300-733,,대전역전지하상가,시장,I,2026-05-03 22:32:20,대전광역시 동구 중앙로 지하 200 (중동),정상영업,1,01,0422260768,대규모점포,238648.755454003    ,314509.147747802    ,대전광역시 동구 중동 317번지,2016-09-29 09:24:55
3640000,2009364010407500012,1973-10-18,,영업/정상,,,,,2547.6,300-010,,중앙도매시장,시장,I,2026-05-03 22:32:20,대전광역시 동구 중앙로200번길 73 (원동),정상영업,1,01,0422577093,대규모점포,238839.909698722    ,314195.58059324     ,대전광역시 동구 원동 38번지 1호,2013-04-18 16:33:13
3640000,2009364010407500013,2009-12-30,,영업/정상,,,,,23787,300-200,,(주)이마트 대전터미널점,대형마트,I,2026-05-03 22:32:21,대전광역시 동구 동서대로 1689 (용전동),정상영업,1,01,,대규모점포,239122.638390937    ,316705.693668735    ,대전광역시 동구 용전동 63번지 3호 외 2필지,2012-01-11 18:13:11
3640000,2009364010407500014,2010-05-17,,영업/정상,,,,,23787.54,300-200,,이마트 대전터미널점,대형마트,I,2026-05-03 22:32:21,"대전광역시 동구 동서대로 1689 (용전동,외 2필지)",정상영업,1,01,0426151234,대규모점포,239122.638390937    ,316705.693668735    ,대전광역시 동구 용전동 63번지 3호 외 2필지,2020-04-23 16:18:46
3640000,2010364010407500001,2010-07-16,,영업/정상,,,,,14657.44,300-050,,패션아일랜드 대전점,전문점,U,2026-05-07 03:03:03,대전광역시 동구 은어송로 72 (가오동),정상영업,1,01,0422809073,대규모점포,241064.767614979    ,311893.45796323     ,대전광역시 동구 가오동 557번지,2026-05-06 13:38:01
3640000,2011364010307500001,2011-03-17,,영업/정상,,,,,16908.55,300-824,,홈플러스(주) 동대전점,대형마트,I,2026-05-03 22:32:21,대전광역시 동구 한밭대로 1282 (용전동),정상영업,1,01,0426088124,대규모점포,239185.900858619    ,317088.412646934    ,대전광역시 동구 용전동 65번지 1호,2016-02-11 17:44:44
3640000,2011364010307500002,2016-02-11,,영업/정상,,,,,8435.05,300-050,,홈플러스(주)대전가오점,대형마트,I,2026-05-03 22:32:21,대전광역시 동구 은어송로 72 (가오동),정상영업,1,01,,대규모점포,241064.767614979    ,311893.45796323     ,대전광역시 동구 가오동 557번지,2016-02-11 17:44:03
3640000,2013364011407500001,2013-01-14,,영업/정상,,,,,23787.54,300-200,,(주)이마트 대전터미널점,,I,2026-05-03 22:32:21,대전광역시 동구 동서대로 1689 (용전동),정상영업,1,01,0426151234,대규모점포,239122.638390937    ,316705.693668735    ,대전광역시 동구 용전동 63번지 3호,2013-01-14 11:52:05
3640000,2014364011407500001,2014-04-07,,영업/정상,,,,,23787.54,300-725,,(주)이마트 대전터미널점,복합쇼핑몰,I,2026-05-03 22:32:21,대전광역시 동구 동서대로 1689-0 (용전동),정상영업,1,01,,대규모점포,239122.638390937    ,316705.693668735    ,1689번지,2024-04-22 12:46:23
3640000,2014364011407500004,2017-04-17,,영업/정상,,,,,764.4,300-820,,(주)롯데프레시용운점,구분없음,I,2026-05-03 22:32:21,대전광역시 동구 동부로85번길 19-8 (용운동),정상영업,1,01,0422716001,준대규모점포,241338.994706152    ,313683.583707525    ,대전광역시 동구 용운동 322번지,2022-10-27 10:02:14
3640000,2017364011407500001,2021-02-22,,영업/정상,,,,,8435.05,,34681,홈플러스(주)대전가오점,대형마트,I,2026-05-03 22:32:21,대전광역시 동구 은어송로 72 (가오동),정상영업,1,01,0422818001,대규모점포,241064.767614979    ,311893.45796323     ,대전광역시 동구 가오동 557번지 패션아일랜드,2024-02-27 17:01:38
3640000,2019364011407500001,2019-01-17,,영업/정상,,,,,818.3,,34526,(주)이마트에브리데이 용방점,복합쇼핑몰,I,2026-05-03 22:32:21,"대전광역시 동구 계족로140번길 183, 덕림코아빌딩 (용운동)",정상영업,1,01,023805789,준대규모점포,240750.46513665     ,314288.284698506    ,대전광역시 동구 용운동 432번지 덕림코아빌딩,2024-07-23 10:51:43
3650000,2011365011507500004,2011-09-02,,영업/정상,,,,,373.8,,34887,홈플러스(주)익스프레스 유천점,구분없음,I,2026-05-03 22:38:33,"대전광역시 중구 평촌로 58, 동양빌딩 (유천동)",정상영업,1,01,0425288543,준대규모점포,235271.554635198    ,313449.152345815    ,대전광역시 중구 유천동 322번지 13호 동양빌딩,2024-03-22 09:24:59
3650000,1984365001507500006,1984-01-23,,영업/정상,,,,,4085.84,,,서부종합시장,그 밖의 대규모점포,I,2026-05-03 22:38:32,,,BBBB,01,,,,,대전광역시 중구 유천동 335-17호   ,2007-06-30 10:58:52
3650000,2016365011507500001,2016-08-29,,영업/정상,,,,,10976.99,,34885,뉴 삼부프라자,그 밖의 대규모점포,I,2026-05-03 22:38:33,"대전광역시 중구 태평로 71 (태평동, 삼부프라자)",정상영업,1,01,0425260090,대규모점포,235249.085595717    ,313681.079573387    ,,2018-05-14 09:33:09
3650000,2019365011507500001,2019-10-15,,영업/정상,,,,,273.31,,35012,노브랜드 대전중구산성시장점,구분없음,I,2026-05-03 22:38:33,대전광역시 중구 보문산로63번길 23 (산성동),정상영업,1,01,0425879007,준대규모점포,234725.127157672    ,311777.54578969     ,대전광역시 중구 산성동 284번지 2호,2024-04-23 11:31:50
3650000,2022365011507500001,2022-01-26,,영업/정상,,,,,807.9,,34908,(주) 농협유통 하나로마트 오룡점,구분없음,I,2026-05-03 22:38:33,대전광역시 중구 계룡로 832(오류동),정상영업,1,01,0425376000,준대규모점포,236543.049230101    ,313979.571405238    ,대전광역시 중구 오류동 175-3,2022-02-11 15:33:31
3650000,1986365001507500008,1986-12-02,,영업/정상,,,,,10976.99,,34885,뉴삼부프라자,그 밖의 대규모점포,I,2026-05-03 22:38:32,대전광역시 중구 태평로 71 (태평동),정상영업,1,01,0425260090,대규모점포,235249.085595717    ,313681.079573387    ,대전광역시 중구 태평동 395-1번지,2024-08-29 10:22:37
3650000,1987365001507500007,1987-02-21,,영업/정상,,,,,5881.34,,,새서울종합시장,그 밖의 대규모점포,I,2026-05-03 22:38:32,대전광역시 중구 평촌로 84 (유천동),정상영업,1,01,0425231172,대규모점포,235551.453072937    ,313526.538289997    ,대전광역시 중구 유천동 196호,2014-09-30 13:38:45
3650000,1987365001507500009,1987-01-06,,영업/정상,,,,,,,,삼성슈퍼,그 밖의 대규모점포,I,2026-05-03 22:38:32,,정상영업,1,01,,,,,대전광역시 중구 오류동 175-1호   ,2007-06-30 10:58:52
3650000,1990365001507500010,1990-12-22,,영업/정상,,,,,,,,중앙로1번가지하상가,쇼핑센터,I,2026-05-03 22:38:32,,정상영업,1,01,,,,,대전광역시 중구 은행동 330-216호   ,2007-06-30 10:58:52
3650000,1994365011507500001,1994-12-09,,영업/정상,,,,,6075.7,301-060,,패션엔비,쇼핑센터,I,2026-05-03 22:38:32,대전광역시 중구 중앙로156번길 16 (은행동),정상영업,1,01,0422579328,대규모점포,238281.412103474    ,314245.245763956    ,대전광역시 중구 은행동 143번지 1호,2024-05-09 09:56:11
3650000,1996365001507500012,1996-04-08,,영업/정상,,,,,8983.38,,,제일가구프라자,쇼핑센터,I,2026-05-03 22:38:32,,,BBBB,01,,,,,대전광역시 중구 오류동 152-1호   ,2007-06-30 10:58:52
3650000,1996365001507500013,1996-09-30,,영업/정상,,,,,,,,대전코아,백화점,I,2026-05-03 22:38:32,,정상영업,1,01,,,,,대전광역시 중구 대흥동 4-458호   ,2007-06-30 10:58:52
3650000,1996365009107500001,1996-08-19,,영업/정상,,,,,50499.08,,,백화점 세이,백화점,I,2026-05-03 22:38:32,대전광역시 중구 계백로 1700 (문화동),정상영업,1,01,07040102700,대규모점포,236652.169401097    ,313435.556285727    ,대전광역시 중구 문화동 1번지 16호,2025-09-25 20:02:50
3650000,1996365011507500001,1996-04-08,,영업/정상,,,,,8938.38,301-740,,제일가구프라자,전문점,I,2026-05-03 22:38:32,대전광역시 중구 계백로 1731 (오류동),정상영업,1,01,0425347837,대규모점포,236882.000944548    ,313611.288455296    ,대전광역시 중구 오류동 152호,2021-02-02 17:47:57
3650000,1998365009107500001,2010-11-09,,영업/정상,,,,,5502.07,301-830,,대림가구타워,전문점,I,2026-05-03 22:38:32,"대전광역시 중구 계룡로 861 (용두동,골든타워빌딩 10층)",정상영업,1,01,0422242599,대규모점포,236803.283781057    ,313821.111537942    ,대전광역시 중구 용두동 23번지 1호 골든타워빌딩 10층,2014-09-30 08:52:05
3650000,1998365011507500001,1998-05-15,,영업/정상,,,,,13103.77,301-827,,코스트코 홀세일 대전점,대형마트,I,2026-05-03 22:38:32,대전광역시 중구  오류로  41 (오류동),정상영업,1,01,0425391060,대규모점포,236159.496426288    ,313764.672556515    ,대전광역시 중구 오류동 116번지 3호,2016-06-16 21:55:48
3650000,2001365001507500001,2001-11-10,,영업/정상,,2011-01-18,2012-01-15,,3375,,34921,밀라노21 운영관리위원회,그 밖의 대규모점포,I,2026-05-03 22:38:32,"대전광역시 중구 중앙로 160 (은행동, 밀라노21)",정상영업,1,01,,대규모점포,238293.956646246    ,314320.979241088    ,대전광역시 중구 은행동 48번지 1호,2016-06-16 21:45:59
3650000,2002365001507500001,2002-08-29,,영업/정상,,,,,4061.38,,,가구갤러리,전문점,I,2026-05-03 22:38:32,대전광역시 중구 중앙로 8 (문화동),정상영업,1,01,0422239736,대규모점포,237039.506909715    ,313572.660234705    ,대전광역시 중구 문화동 1번지 19호,2025-11-05 13:43:31
3650000,2002365007907500001,2002-10-15,,휴업,,2026-02-12,2027-02-11,,11745.57,,,홈플러스(주) 문화점,대형마트,I,2026-05-03 22:38:32,대전광역시 중구 계백로 1690 (문화동),휴업처리,2,02,0422262080,대규모점포,236541.282086201    ,313349.96682002     ,대전광역시 중구 문화동 1번지 17  호,2026-02-10 22:11:28
3650000,2002365007907500002,2014-01-08,,영업/정상,,,,,13994.16,,,이랜드리테일 NC 중앙로역점,쇼핑센터,U,2026-05-07 03:03:03,대전광역시 중구 중앙로 141 (선화동),정상영업,1,01,,대규모점포,238117.420454614    ,314301.953643137    ,대전광역시 중구 선화동 3번지 14  호,2026-05-06 14:49:13
3650000,2006365007907500001,2006-09-20,,영업/정상,,,,,3557.9,301-030,,남대전 종합시장,그 밖의 대규모점포,I,2026-05-03 22:38:32,"대전광역시 중구 대종로316번길 19 (부사동, 남대전 종합시장 아이비)",정상영업,1,01,0422236419,대규모점포,239003.298529847    ,312741.523674219    ,대전광역시 중구 부사동 101번지 1호,2016-04-22 14:31:28
3650000,2011365011507500003,2011-09-02,,영업/정상,,,,,462.8,301-829,,홈플러스(주)익스프레스 오류점,구분없음,I,2026-05-03 22:38:33,대전광역시 중구 계룡로 858 (오류동),정상영업,1,01,0425258848,준대규모점포,236729.864926468    ,313791.240075357    ,대전광역시 중구 오류동 175번지 8호,2024-03-22 09:24:34
3650000,1980365009107500001,1980-11-26,,폐업,2013-12-31,,,,12200.93,,,(주)한화갤러리 동백점,백화점,I,2026-05-03 22:38:31,"대전광역시 중구 중앙로 141 (선화동, 갤러리아백화점)",폐업처리,3,03,,대규모점포,238091.595770377    ,314326.383622307    ,,2014-01-10 16:33:49
3650000,1982365001507500005,1982-10-26,,폐업,2009-05-20,,,,0,,,유천종합소매시장,그 밖의 대규모점포,I,2026-05-03 22:38:32,,폐업처리,3,03,,,,,대전광역시 중구 유천동 304-11호,2009-05-20 11:27:01
3650000,1984365011507500001,1984-01-23,,폐업,2022-11-15,,,,4085.84,,34978,서부종합시장,그 밖의 대규모점포,I,2026-05-03 22:38:32,대전광역시 중구 대둔산로 518 (유천동),폐업처리,3,03,0425823822,대규모점포,234997.788059481    ,312771.236661075    ,"대전광역시 중구 유천동 335번지 17호 (관계지번:유천동 335-5,6,7,8,9,10)",2022-11-15 10:09:59
3650000,2010365010507500001,1994-12-09,,폐업,2014-02-28,,,,6076,301-839,,(주)지에스리테일 노벨리나 대전앤비점,쇼핑센터,I,2026-05-03 22:38:32,대전광역시 중구 중앙로156번길 16 (은행동),폐업처리,3,03,,대규모점포,238281.412103474    ,314245.245763956    ,대전광역시 중구 은행동 143번지 1호,2014-03-05 09:23:49
3650000,2011365011507500001,2011-08-12,,폐업,2015-04-30,,,,1102,301-710,,(주)지에스리테일 지에스슈퍼 대전세이점,구분없음,I,2026-05-03 22:38:32,"대전광역시 중구 계백로 1700 (문화동,세이백화점 지하1층)",폐업처리,3,03,,준대규모점포,236652.169401097    ,313435.556285727    ,대전광역시 중구 문화1동 1번지 16호 세이백화점 지하1층,2015-05-04 11:17:07
3650000,2011365011507500002,2011-08-12,,폐업,2014-02-10,,,,1097,301-842,,(주)지에스리테일지에스슈퍼 대전태평점,구분없음,I,2026-05-03 22:38:33,"대전광역시 중구 평촌로 84 (유천동,지하1층)",폐업처리,3,03,,준대규모점포,235551.453072937    ,313526.538289997    ,대전광역시 중구 유천2동 196번지 지하1층,2014-04-07 13:58:17
3650000,1977365001507500002,1977-06-10,,영업/정상,,,,,,,,신남부시장,그 밖의 대규모점포,I,2026-05-03 22:38:31,,정상영업,1,01,,,,,대전광역시 중구 문창동 383-4호   ,2007-06-30 10:58:52
3650000,1982365001507500004,1982-02-08,,영업/정상,,,,,,,,선화상가,대형마트,I,2026-05-03 22:38:31,,정상영업,1,01,,,,,대전광역시 중구 선화동 160-1호   ,2007-06-30 10:58:52
3650000,2013365011507500001,2002-10-15,2015-11-18,취소/말소/만료/정지/중지,,,,,11745.57,301-131,,홈플러스테스코(주)문화점,대형마트,I,2026-05-03 22:38:33,대전광역시 중구 계백로 1690 (문화동),직권취소,4,04,0422262080,대규모점포,236541.282086201    ,313349.96682002     ,대전광역시 중구 문화1동 1번지 17호,2016-01-25 14:02:18
3660000,1990366001507500008,1990-05-04,,폐업,2006-10-30,,,,0,,,한가람시장,그 밖의 대규모점포,I,2026-05-07 22:30:15,대전광역시 서구 문예로 16 (탄방동),폐업처리,3,03,0425349215,대규모점포,235072.917939033    ,316407.130555375    ,대전광역시 서구 탄방동 834호,2016-05-10 09:21:57
3660000,1990366001507500009,1990-05-04,,폐업,2006-10-30,,,,0,,,가람시장,그 밖의 대규모점포,I,2026-05-07 22:30:15,대전광역시 서구 둔산로31번길 13 (둔산동),폐업처리,3,03,0424820545,대규모점포,233791.972897579    ,316897.311850863    ,대전광역시 서구 둔산동 986호,2016-05-10 09:19:10
3660000,1991366001507500011,1991-04-17,,폐업,2006-10-30,,,,0,,,크로바시장,그 밖의 대규모점포,I,2026-05-07 22:30:15,대전광역시 서구 둔산로 155 (둔산동),폐업처리,3,03,0424832018,대규모점포,235181.384287654    ,316915.300561674    ,대전광역시 서구 둔산동 1509호,2016-05-10 09:16:00
3660000,1991366001507500015,1991-09-20,,폐업,2006-11-27,,,,0,302-281,,둔산금성백조프라자,쇼핑센터,I,2026-05-07 22:30:15,대전광역시 서구  청사서로  29 (월평동),폐업처리,3,03,0425291444,대규모점포,233630.630217326    ,317795.927129498    ,대전광역시 서구 월평동 266번지 1호,2015-11-20 11:28:29
3660000,1991366001507500016,1991-09-28,,폐업,2009-12-30,,,,0,,,다모아시장,그 밖의 대규모점포,I,2026-05-07 22:30:15,대전광역시 서구 월평동로 83 (월평동),폐업처리,3,03,0424894933,대규모점포,232848.804261447    ,317964.496231091    ,대전광역시 서구 월평동 311호,2015-11-20 11:23:08
3660000,1991366001507500019,1991-10-15,,폐업,2006-10-31,,,,0,,,둥지시장,그 밖의 대규모점포,I,2026-05-07 22:30:15,대전광역시 서구 청사로 254 (둔산동),폐업처리,3,03,0424867776,대규모점포,235116.92092666     ,317627.318173984    ,대전광역시 서구 둔산동 912호,2015-11-20 11:17:30
3660000,1991366001507500021,1991-01-30,,폐업,2007-09-28,,,,0,302-171,,갈마그랜드프라자,쇼핑센터,I,2026-05-07 22:30:15,대전광역시 서구  신갈마로  102 (갈마동),폐업처리,3,03,0425333380,대규모점포,233062.152342427    ,315824.64914956     ,대전광역시 서구 갈마동 407번지,2015-11-20 11:13:10
3660000,1994366001507500023,1994-01-18,,폐업,2006-10-24,,,,0,302-281,,진달래시장,그 밖의 대규모점포,I,2026-05-07 22:30:15,대전광역시 서구  월평동로  45 (월평동),폐업처리,3,03,0424875702,대규모점포,232857.332850423    ,317638.136491133    ,대전광역시 서구 월평동 312번지 1호,2015-11-20 10:42:53
3660000,1994366001507500030,1994-05-01,,폐업,2021-02-28,2009-02-22,2009-02-28,2009-03-01,17098,,,홈플러스(주)대전탄방점,대형마트,I,2026-05-07 22:30:15,대전광역시 서구 둔산중로 1 (탄방동),폐업처리,3,03,0427148613,대규모점포,234596.503195932    ,316328.584092298    ,대전광역시 서구 탄방동 591호,2021-03-04 09:48:46
3660000,2000366001507500028,2000-03-17,,폐업,2015-07-01,,,,0,,,세창쇼핑몰,쇼핑센터,I,2026-05-07 22:30:16,,폐업처리,3,03,0426013101,,,,대전광역시 서구 괴정동 423-1호,2015-07-01 16:00:28
3660000,2001366001507500003,2001-12-13,,폐업,2025-09-22,,,,4506.64,,,리틀파워존,그 밖의 대규모점포,I,2026-05-07 22:30:16,대전광역시 서구 관저중로 98 (관저동),폐업처리,3,03,0425420991,대규모점포,230055.811814155    ,311179.718881691    ,대전광역시 서구 관저동 1008호,2025-09-22 16:18:30
3660000,2004366006807500001,2004-06-24,,폐업,2019-09-03,,,,4663,,35241,둔산더리치빌,그 밖의 대규모점포,I,2026-05-07 22:30:16,"대전광역시 서구 둔산중로 40, 둔산더리치빌 (둔산동)",폐업처리,3,03,0424714952,대규모점포,234687.856992032    ,316678.992775162    ,대전광역시 서구 둔산동 1417번지 둔산더리치빌,2019-09-03 11:05:33
3660000,2006366006807500001,2003-06-05,,폐업,2022-01-12,,,,15442,,35236,홈플러스 주식회사 대전둔산점,대형마트,I,2026-05-07 22:30:16,"대전광역시 서구 문예로 107 (둔산동, 홈플러스대전둔산점)",폐업처리,3,03,0426118124,대규모점포,234850.944872391    ,317347.417971154    ,대전광역시 서구 둔산동 1380번지 2호,2022-01-12 09:11:55
3660000,2012366012507500001,2012-03-22,,폐업,2013-05-31,,,,217.5,302-820,,홈플러스(주) 익스프레스 도마점,대형마트,I,2026-05-07 22:30:16,대전광역시 서구 도산로 68 (도마동),폐업처리,3,03,0425368540,준대규모점포,,,대전광역시 서구 도마동 144번지 17호,2013-06-10 20:02:17
3660000,2013366013407500001,1994-05-01,,폐업,2016-04-20,,,,17098,302-858,,홈플러스스토어즈(주) 대전탄방점,대형마트,I,2026-05-07 22:30:16,대전광역시 서구 둔산중로 1 (탄방동),폐업처리,3,03,0427148620,대규모점포,234596.503195932    ,316328.584092298    ,대전광역시 서구 탄방동 591번지,2016-04-20 17:26:10
3660000,1997366001507500032,1997-09-30,,영업/정상,,,,,11335,,,월마트대전점,대형마트,I,2026-05-07 22:30:16,대전광역시 서구 한밭대로 580 (월평동),,BBBB,01,0424809210,,232507.184505762    ,317488.107936776    ,대전광역시 서구 월평동 510호   ,2007-06-23 10:15:16
3660000,1999366001507500027,1999-11-17,,영업/정상,,,,,9817,,,샤크존,그 밖의 대규모점포,I,2026-05-07 22:30:16,대전광역시 서구 둔산중로 19 (탄방동),정상영업,1,01,0424891553,대규모점포,234593.397738403    ,316446.414298776    ,대전광역시 서구 탄방동 590호,2024-05-16 20:27:11
3660000,2000366001507500033,2000-02-21,,영업/정상,,,,,29063.89,302-794,,롯데백화점 대전점,백화점,I,2026-05-07 22:30:16,대전광역시 서구 계룡로 598 (괴정동),정상영업,1,01,0426013102,대규모점포,234901.193914174    ,315605.266030179    ,대전광역시 서구 괴정동 423번지 1호,2026-04-27 15:18:28
3660000,2001366001507500001,2001-10-22,,영업/정상,,,,,12057,,,테크노월드,그 밖의 대규모점포,I,2026-05-07 22:30:16,,,BBBB,01,0424835005,,,,대전광역시 서구 만년동 299호   ,2007-06-23 10:15:16
3660000,2001366001507500002,2001-11-14,,휴업,,,,,6219.2,,,선사엔조이,그 밖의 대규모점포,I,2026-05-07 22:30:16,대전광역시 서구 대덕대로 319 (월평동),휴업처리,2,02,0424881133,,233938.009918025    ,317914.570670685    ,대전광역시 서구 월평동 244호   ,2007-06-23 10:15:16
3660000,2002366001507500001,2002-01-19,,영업/정상,,,,,9623.17,302-121,,주식회사 이마트 둔산점,구분없음,I,2026-05-07 22:30:16,대전광역시 서구 둔산북로 41 (둔산동),정상영업,1,01,0424791053,대규모점포,233873.025973088    ,317345.757178114    ,대전광역시 서구 둔산1동 959번지 2호,2024-05-16 20:14:14
3660000,2002366001507500002,2002-10-17,,휴업,,,,,3325.74,,,(주)대지털타운,그 밖의 대규모점포,I,2026-05-07 22:30:16,대전광역시 서구 만년로67번길 36 (만년동),휴업처리,2,02,0424712681,,234081.538141573    ,318785.224164759    ,대전광역시 서구 만년동 303호   ,2007-06-23 10:15:16
3660000,2002366001507500003,2002-10-17,,폐업,2026-02-26,,,,3325.74,,,디지털타운,그 밖의 대규모점포,I,2026-05-07 22:30:16,대전광역시 서구 만년로67번길 36 (만년동),폐업처리,3,03,0423660002,대규모점포,234081.538141573    ,318785.224164759    ,대전광역시 서구 만년동 303호,2026-02-26 08:58:21
3660000,2003366001507500001,2003-01-04,,휴업,,,,,17344.03,,,(주)유레스세이브존대전점,대형마트,I,2026-05-07 22:30:16,대전광역시 서구 둔산로31번길 35 (둔산동),휴업처리,2,02,0424799000,,233792.003547033    ,317006.541836558    ,대전광역시 서구 둔산동 991호   ,2007-06-23 10:15:16
3660000,2003366001507500002,2003-11-14,,영업/정상,,,,,15208,302-857,,로데오타운,그 밖의 대규모점포,I,2026-05-07 22:30:16,대전광역시 서구 문정로 77 (탄방동),정상영업,1,01,0424773207,대규모점포,234758.600352414    ,316344.902398047    ,대전광역시 서구 탄방동 746번지,2024-05-16 20:34:56
3660000,2003366001507500003,2003-11-14,,휴업,,,,,0,,,로데오타운,그 밖의 대규모점포,I,2026-05-07 22:30:16,,휴업처리,2,02,0424773207,,,,대전광역시 서구 가수원동 746호   ,2007-06-23 10:15:16
3660000,2004366001507500001,2004-05-06,,영업/정상,,,,,26971.55,,35214,스타게이트씨네몰,그 밖의 대규모점포,I,2026-05-07 22:30:16,대전광역시 서구 대덕대로 325 (월평동),정상영업,1,01,0424882062,대규모점포,233937.744100362    ,317963.347889291    ,대전광역시 서구 월평동 243,2024-05-16 20:36:36
3660000,2004366006807500002,2004-07-09,2025-09-22,취소/말소/만료/정지/중지,,,,,18437,,35226,패션월드,그 밖의 대규모점포,I,2026-05-07 22:30:16,"대전광역시 서구 월평새뜸로 5, 패션월드 (월평동)",직권취소,4,04,0424854184,대규모점포,231596.518599232    ,316844.754956974    ,대전광역시 서구 월평동 1491번지 패션월드,2025-12-12 15:19:37
3660000,2007366009507500001,2007-04-19,,휴업,,2007-04-19,2007-04-30,,1021.69,,,(주)지투마트,그 밖의 대규모점포,I,2026-05-07 22:30:16,대전광역시 서구 도산로314번길 19 (가장동),휴업처리,2,02,0425235001,대규모점포,234839.52283825     ,314801.489816511    ,대전광역시 서구 가장동 52번지 1호,2011-10-30 14:40:27
3660000,2008366011107500001,2011-05-19,,영업/정상,,,,,11319,302-280,,트레이더스 홀세일 클럽 월평점,복합쇼핑몰,I,2026-05-07 22:30:16,대전광역시 서구 한밭대로 580 (월평동),정상영업,1,01,,대규모점포,232507.184505762    ,317488.107936776    ,대전광역시 서구 월평동 510번지,2024-04-30 17:46:07
3660000,2010366011107500001,2010-10-21,,영업/정상,,,,,6219,302-847,,선사엔조이,그 밖의 대규모점포,I,2026-05-07 22:30:16,대전광역시 서구 대덕대로317번길 20 (월평동),정상영업,1,01,0424832123,대규모점포,233892.359009175    ,317905.159444619    ,대전광역시 서구 월평2동 245번지,2024-05-16 20:32:12
3660000,2011366012507500001,2011-08-31,,영업/정상,,,,,6573,,,경성쇼핑상가,그 밖의 대규모점포,I,2026-05-07 22:30:16,대전광역시 서구 대덕대로 150 (갈마동),정상영업,1,01,0425225532,대규모점포,233760.108129755    ,316051.323101169    ,,2024-05-16 20:26:09
3660000,2012366012507500002,2012-03-22,,영업/정상,,,,,237.9,302-815,,홈플러스(주) 익스프레스 괴정점,대형마트,I,2026-05-07 22:30:16,대전광역시 서구 갈마로 257 (괴정동),정상영업,1,01,0425258546,준대규모점포,234267.45375467     ,314797.85822433     ,대전광역시 서구 괴정동 91번지 6호,2024-05-09 13:01:21
3660000,2012366012507500003,2012-12-24,,영업/정상,,,,,11282.78,302-834,,테크노월드,구분없음,I,2026-05-07 22:30:16,대전광역시 서구 대덕대로 408 (만년동),정상영업,1,01,0426106154,대규모점포,234031.197153606    ,318785.398711515    ,대전광역시 서구 만년동 301번지,2024-11-20 16:19:58
3660000,2014366013407500001,2014-01-10,,영업/정상,,,,,11319,,35222,(주)이마트 트레이더스 월평점,구분없음,I,2026-05-07 22:30:16,대전광역시 서구 한밭대로 580(월평동),정상영업,1,01,0427181234,대규모점포,232507.184505762    ,317488.107936776    ,대전광역시 서구 월평동 510,2022-11-14 11:13:02
3660000,2014366013407500002,2014-09-30,,영업/정상,,,,,367.7,302-220,,홈플러스(주) 익스프레스 용문점,쇼핑센터,I,2026-05-07 22:30:16,대전광역시 서구 계룡로 648 (용문동),정상영업,1,01,0425288546,준대규모점포,235251.993830709    ,315297.805895239    ,대전광역시 서구 용문동 257번지 2호,2024-05-09 12:59:00
3660000,2016366013407500001,2016-03-23,,영업/정상,,,,2016-04-29,14002.03,302-223,,(주)세이디에스탄방점,쇼핑센터,I,2026-05-07 22:30:16,대전광역시 서구 문정로 85-0 (탄방동),정상영업,1,01,0422293000,대규모점포,234834.854791995    ,316331.886198716    ,대전광역시 서구 탄방동 745번지,2024-07-18 13:09:47
3660000,2018366013407500001,2018-05-30,,영업/정상,,,,,11432.33,,35233,(주)프러스퍼러티,쇼핑센터,I,2026-05-07 22:30:16,대전광역시 서구 대덕대로 216 (둔산동),정상영업,1,01,0425361500,대규모점포,233985.791157191    ,316847.161670171    ,대전광역시 서구 둔산동 1279번지,2024-05-16 20:42:52
3660000,2025366021607500001,2025-07-28,,영업/정상,,,,,228,,35267,GS THE FRESH 대전둔산점,구분없음,I,2026-05-07 22:30:16,"대전광역시 서구 계룡로 520, 근린생활시설 1층 106~112호 (탄방동, 둔산자이아이파크)",영업개시전,5,01,,준대규모점포,234095.761014821    ,315801.146401307    ,대전광역시 서구 탄방동 514-360 둔산자이아이파크,2025-07-28 09:35:36
3660000,2025366021607500002,2025-09-11,,영업/정상,,,,,255,,35404,GS THE FRESH 대전복수점,구분없음,I,2026-05-07 22:30:16,"대전광역시 서구 복수중로34번길 3, 1층 (복수동)",영업개시전,5,01,,준대규모점포,233649.052637904    ,311925.205011171    ,대전광역시 서구 복수동 274-13,2025-09-11 15:52:22
3660000,2025366021607500003,2025-10-02,,영업/정상,,,,,190,,35290,이마트에브리데이 대전숭어리점,구분없음,I,2026-05-07 22:30:16,"대전광역시 서구 괴정로 30, 숭어리샘타운 102,106,107,108호 (괴정동)",영업개시전,5,01,,준대규모점포,233812.635772246    ,315580.570209871    ,대전광역시 서구 괴정동 122-8,2025-10-02 15:58:58
3660000,1992366001507500020,1992-07-04,,영업/정상,,,,,7252,302-857,,둔산전자타운,그 밖의 대규모점포,I,2026-05-07 22:30:15,대전광역시 서구 도산로403번길 21 (탄방동),정상영업,1,01,0425344225,대규모점포,235283.767089509    ,315550.420043226    ,대전광역시 서구 탄방동 80번지 1호,2024-05-16 20:24:47
3660000,1992366001507500029,1992-10-30,,영업/정상,,,,,11821,302-712,,(주)세이브존아이앤씨대전점,복합쇼핑몰,I,2026-05-07 22:30:15,대전광역시 서구 둔산로 201 (둔산동),정상영업,1,01,0424801117,대규모점포,235601.966296401    ,317086.727396939    ,대전광역시 서구 둔산3동 1809번지 세이브존,2024-05-16 20:40:26
3660000,1994366001507500024,1994-07-26,,폐업,2026-02-26,,,,3179,,,무지개종합시장,그 밖의 대규모점포,I,2026-05-07 22:30:15,대전광역시 서구 정림동로7번길 22 (정림동),폐업처리,3,03,0425840015,대규모점포,232838.676632205    ,311703.466638706    ,대전광역시 서구 정림동 610호,2026-02-26 08:58:01
3660000,1994366001507500031,1997-09-05,,영업/정상,,,,,55827.81,,,(주) 한화갤러리아 타임월드,백화점,I,2026-05-07 22:30:15,대전광역시 서구 대덕대로 211 (둔산동),정상영업,1,01,0424805562,대규모점포,233862.052682978    ,316846.061831289    ,대전광역시 서구 둔산동 1038호,2024-05-16 19:53:58
3660000,1995366001507500025,1995-10-17,2007-07-25,취소/말소/만료/정지/중지,,,,,0,302-171,,코리아나프라자,쇼핑센터,I,2026-05-07 22:30:16,대전광역시 서구  신갈마로  183 (갈마동),직권취소,4,04,0425349300,대규모점포,232949.613611143    ,316644.526968028    ,대전광역시 서구 갈마동 316번지 4호,2015-11-20 10:36:49
3660000,1995366001507525000,1995-10-17,2007-07-25,취소/말소/만료/정지/중지,,,,,0,302-171,,코리아나프라자,쇼핑센터,I,2026-05-07 22:30:16,대전광역시 서구  신갈마로  183 (갈마동),직권취소,4,04,0425349300,대규모점포,232949.613611143    ,316644.526968028    ,대전광역시 서구 갈마동 316번지 4호,2015-11-20 10:33:41
3660000,1996366001507500026,1996-02-29,,영업/정상,,,,,,,,(주)경성건설쇼핑,쇼핑센터,I,2026-05-07 22:30:16,대전광역시 서구 대덕대로 150 (갈마동),정상영업,1,01,04252208877,,233760.108129755    ,316051.323101169    ,대전광역시 서구 갈마동 1418호   ,2007-06-23 10:15:16
3660000,1970366001507500035,1970-08-15,,영업/정상,,,,,,,,도마시장,그 밖의 대규모점포,I,2026-05-07 22:30:15,,정상영업,1,01,0425246208,,,,대전광역시 서구 도마동 113-17호   ,2007-06-23 10:15:16
3660000,1978366001507500001,1978-09-25,,영업/정상,,,,,,,,유천종합시장,그 밖의 대규모점포,I,2026-05-07 22:30:15,,정상영업,1,01,0425334532,,,,대전광역시 서구 도마동 135-12호   ,2007-06-23 10:15:16
3660000,1982366001507500002,1982-02-18,,영업/정상,,,,,,,,한민시장,그 밖의 대규모점포,I,2026-05-07 22:30:15,,정상영업,1,01,0425221332,,,,대전광역시 서구 괴정동 91-7호   ,2007-06-23 10:15:16
3660000,1982366001507500003,1982-04-10,,영업/정상,,,,,8292,,35312,LK마트(빌딩),그 밖의 대규모점포,I,2026-05-07 22:30:15,대전광역시 서구 도산로314번길 19 (가장동),정상영업,1,01,0425370945,대규모점포,234839.52283825     ,314801.489816511    ,대전광역시 서구 가장동 52번지 1호,2024-05-16 20:39:09
3660000,1982366001507500034,1982-02-18,,영업/정상,,,,,,,,한민재래시장,그 밖의 대규모점포,I,2026-05-07 22:30:15,,정상영업,1,01,0425259050,,,,대전광역시 서구 괴정동 97-7호   ,2007-06-23 10:15:16
3660000,1985366001507500004,1985-07-03,,영업/정상,,,,,,,,내동종합시장,그 밖의 대규모점포,I,2026-05-07 22:30:15,,정상영업,1,01,0425227725,,,,대전광역시 서구 내동 11-6호   ,2007-06-23 10:15:16
3660000,1988366001507500005,1988-06-21,,영업/정상,,,,,,,,성원시장,그 밖의 대규모점포,I,2026-05-07 22:30:15,대전광역시 서구 가수원로 106 (가수원동),정상영업,1,01,0425414119,,231439.372384323    ,311530.314346396    ,대전광역시 서구 가수원동 762호   ,2007-06-23 10:15:16
3660000,1989366001507500006,1989-12-30,,영업/정상,,,,,,,,갈마한양프라자,쇼핑센터,I,2026-05-07 22:30:15,,정상영업,1,01,0425277077,,,,충청북도 충주시 주덕읍 신양리 854호   ,2007-06-23 10:15:16
3660000,1990366001507500007,1990-12-31,,영업/정상,,,,,,,,보라시장,그 밖의 대규모점포,I,2026-05-07 22:30:15,,정상영업,1,01,0424824494,,233792.04           ,317075.55           ,대전광역시 서구 둔산동 994호   ,2007-06-23 10:15:16
3660000,1990366001507500010,1990-08-01,,휴업,,,,,,,,한양프라자둔산,쇼핑센터,I,2026-05-07 22:30:15,대전광역시 서구 문정로 131 (탄방동),휴업처리,2,02,0424855505,,235280.228110408    ,316409.283202594    ,대전광역시 서구 탄방동 835호   ,2007-06-23 10:15:16
3660000,1991366001507500014,1991-05-24,,영업/정상,,,,,,,,둔산종합시장,그 밖의 대규모점포,I,2026-05-07 22:30:15,대전광역시 서구 청사로 282 (둔산동),정상영업,1,01,0424841583,,235578.300909883    ,317656.586787264    ,대전광역시 서구 둔산동 909호   ,2007-06-23 10:15:16
3660000,1991366001507500017,1991-09-28,,영업/정상,,,,,4469,,,황실코아,그 밖의 대규모점포,I,2026-05-07 22:30:15,대전광역시 서구 청사로 65 (월평동),정상영업,1,01,0424891540,대규모점포,233293.025857215    ,317853.631178735    ,대전광역시 서구 월평동 302호,2019-09-03 13:50:17
3670000,2008367009007500001,2008-09-05,,폐업,2024-08-23,,,,15013,305-251,,홈플러스(주)서대전점,대형마트,I,2025-12-15 16:15:28,대전광역시 유성구 대정로 23 (대정동),폐업처리,3,03,0425408000,대규모점포,228575.260565526    ,312601.12043091     ,대전광역시 유성구 대정동 303번지 1호,2024-08-23 16:48:03
3670000,2014367010607500001,2013-04-22,,폐업,2025-05-24,,,2013-04-22,1217.4,,,(주)지에스리테일 대전송강점,구분없음,I,2025-12-15 16:15:28,대전광역시 유성구 구즉로58번길 33 (송강동),폐업처리,3,03,0429349700,준대규모점포,234651.564459387    ,325965.384165149    ,,2025-05-27 16:53:13
3670000,2020367014507500001,2020-01-22,,영업/정상,,,,,44125.23,,,현대프리미엄아울렛 대전점,쇼핑센터,I,2025-12-15 16:15:28,,정상영업,1,01,0234165853,대규모점포,235682.718231801    ,324850.017801251    ,대전광역시 유성구 용산동 579번지,2024-03-18 09:51:53
3670000,2008367009007500003,2008-11-20,,영업/정상,,,,,15896.83,305-251,,(주)모다이노칩 대전점,복합쇼핑몰,I,2025-12-15 16:15:28,대전광역시 유성구 대정로 5 (대정동),정상영업,1,01,0425460363,대규모점포,228575.081238186    ,312477.879878724    ,대전광역시 유성구 대정동 303번지 2호,2024-05-13 17:32:08
3670000,2008367009007500002,2008-10-15,,영업/정상,,,,,10119.72,305-358,,롯데쇼핑(주)롯데마트 노은점,대형마트,U,2026-05-09 03:03:03,대전광역시 유성구 북유성대로 206 (하기동),정상영업,1,01,0428208321,대규모점포,228791.561904026    ,320417.927035738    ,대전광역시 유성구 하기동 519번지,2026-05-08 08:49:27
3670000,2007367007507500001,2007-11-14,,영업/정상,,,,,18409.34,305-509,,롯데쇼핑(주)롯데마트 대덕테크노밸리점,대형마트,U,2026-05-09 03:03:03,대전광역시 유성구 테크노중앙로 14 (관평동),정상영업,1,01,0429302521,대규모점포,234616.595769579    ,325170.14934764     ,대전광역시 유성구 관평동 887번지,2026-05-08 08:54:47
3670000,2003367001407500002,2003-06-18,,영업/정상,,,,,21569.82,,,홈플러스(주)유성점,대형마트,I,2025-12-15 16:15:28,대전광역시 유성구 한밭대로 502 (봉명동),정상영업,1,01,0428412080,대규모점포,231731.951925609    ,317572.617410814    ,대전광역시 유성구 봉명동 669호,2024-03-14 16:35:46
3670000,2001367001407500001,2001-10-16,,영업/정상,,,,,16205.68,,,롯데쇼핑(주) 롯데마트 서대전점,대형마트,U,2026-05-09 03:03:03,대전광역시 유성구 유성대로 26-37 (원내동),정상영업,1,01,0425402500,대규모점포,228962.548245134    ,311265.617953081    ,대전광역시 유성구 원내동 33호 외 19필지,2026-05-08 08:44:04
3670000,1994367001407500002,1994-09-16,,영업/정상,,,,,0,,,엑스포코아,그 밖의 대규모점포,I,2025-12-15 16:15:28,대전광역시 유성구 엑스포로 488 (전민동),정상영업,1,01,0428628118,대규모점포,236327.64761344     ,322197.703380981    ,대전광역시 유성구 전민동 466번지 3   호,2023-05-16 15:06:56
3670000,1994367001407500001,1994-07-30,,영업/정상,,,,,,,,한빛프라자,,I,2025-12-15 16:15:28,대전광역시 유성구 어은로 57 (어은동),정상영업,1,01,0428620180,,231842.890176546    ,318271.606516414    ,대전광역시 유성구 어은동 99호   ,2007-07-07 10:15:08
3670000,2024367020207500001,2024-02-28,,영업/정상,,,,,9077.4,,34218,힐스에비뉴 도안2차,그 밖의 대규모점포,I,2025-12-15 16:15:28,"대전광역시 유성구 동서대로656번길 16-32, 힐스테이트 도안 2차 (용계동)",영업개시전,5,01,0326773158,대규모점포,229934.640252792    ,314591.773812606    ,대전광역시 유성구 용계동 667-4 힐스테이트 도안 2차,2024-02-28 16:06:42
3670000,2021367017407500001,2021-04-28,,영업/정상,,,,,82790.1,,34126,대전신세계 엑스포점,백화점,I,2025-12-17 02:40:00,대전광역시 유성구 엑스포로 1(도룡동),정상영업,1,01,15881234,대규모점포,234414.00794623     ,319679.535632277    ,대전광역시 유성구 도룡동 3-1,2025-12-15 16:11:32
3670000,2020367014507500003,2020-01-22,,영업/정상,,,,,44125.23,,34030,현대프리미엄아울렛 대전점,쇼핑센터,I,2025-12-15 16:15:28,"대전광역시 유성구 테크노중앙로 123, 현대프리미엄아울렛 대전점 (용산동)",정상영업,1,01,0423322233,대규모점포,235682.718231801    ,324850.017801251    ,대전광역시 유성구 용산동 579번지 현대프리미엄아울렛 대전점,2023-12-27 16:25:17
3670000,2020367014507500002,2020-01-28,,영업/정상,,,,,50715.2,,34187,프리미엄아울렛 골든하이,복합쇼핑몰,I,2025-12-15 16:15:28,"대전광역시 유성구 계룡로 119, 골든하이아울렛 (봉명동)",정상영업,1,01,0423320000,대규모점포,230807.123581372    ,317037.976305078    ,대전광역시 유성구 봉명동 549-11 골든하이아울렛,2022-11-16 11:34:22
3680000,1990368000007500003,1991-12-23,,영업/정상,,,,,,,,현대아파트상가,그 밖의 대규모점포,I,2025-12-15 16:15:28,대전광역시 대덕구 계족로761번길 24 (읍내동),정상영업,1,01,0426264898,,238096.203045118    ,319832.156553638    ,대전광역시 대덕구 읍내동 54호   ,2011-09-16 14:03:15
3680000,1990368000007500009,1995-07-03,,영업/정상,,,,,,,,법동보람상가,그 밖의 대규모점포,I,2025-12-15 16:15:28,,정상영업,1,01,0426248799,,,,대전광역시 대덕구 법동 191번지 1   호   ,2011-09-16 13:59:18
3680000,2011368009207500002,2011-10-20,,폐업,2012-10-25,,,2012-03-01,3602.71,306-230,,은진산업 주식회사,전문점,I,2025-12-15 16:15:28,,폐업처리,3,03,04326944406,대규모점포,236952.108913322    ,326048.407872944    ,대전광역시 대덕구 신일동 104번지 4호 외 6필지,2014-09-19 15:09:56
3680000,2011368009207500003,2011-10-18,,폐업,2012-10-22,,,,7205.42,363-823,,은진산업 주식회사,전문점,I,2025-12-15 16:15:28,,폐업처리,3,03,0422694406,대규모점포,,,충청북도 청원군 현도면 우록리 579번지,2014-10-20 11:51:51
3680000,2012368009207500001,2012-04-04,,폐업,2018-08-07,,,,847.8,,,롯데쇼핑(주) 롯데슈퍼 비래점,그 밖의 대규모점포,I,2025-12-15 16:15:28,대전광역시 대덕구 비래동로 8 (비래동),폐업처리,3,03,04206275602,준대규모점포,240318.802578346    ,317181.216923167    ,,2018-08-07 18:29:56
3680000,2012368009207500003,2012-04-04,,폐업,2024-02-06,,,,1279.84,306-810,,(주)지에스리테일 신탄진점,그 밖의 대규모점포,I,2025-12-15 16:15:28,대전광역시 대덕구 석봉로44번길 76 (석봉동),폐업처리,3,03,0429362800,준대규모점포,238199.108349158    ,327140.781773453    ,대전광역시 대덕구 석봉동 319번지 12호,2024-02-06 14:41:43
3680000,1990368000007500001,1990-12-11,,영업/정상,,,,,,,,신동아아파트상가,그 밖의 대규모점포,I,2025-12-15 16:15:28,,정상영업,1,01,0426260555,,,,대전광역시 대덕구 오정동 635번지 1   호   ,2007-07-07 09:18:01
3680000,1990368000007500002,1991-02-12,,영업/정상,,,,,,,,법동영진로얄시장,그 밖의 대규모점포,I,2025-12-15 16:15:28,대전광역시 대덕구 아리랑로 211 (법동),정상영업,1,01,0426254545,,238205.300075992    ,319458.479101871    ,대전광역시 대덕구 법동 389호   ,2007-07-07 09:18:01
3680000,2012368009207500004,2012-04-26,,영업/정상,,,,,421.5,306-040,,홈플러스 주식회사 익스프레스 송촌점,구분없음,I,2025-12-15 16:15:28,대전광역시 대덕구 동춘당로94번길 11-15 (송촌동),정상영업,1,01,0426348545,준대규모점포,239365.496474069    ,318445.470353913    ,대전광역시 대덕구 송촌동 460번지 4호,2024-03-26 09:48:01
3680000,2012368009207500002,2012-04-04,,영업/정상,,,,,912.1,,,(주)이마트에브리데이 신탄진점,구분없음,I,2025-12-15 16:15:28,대전광역시 대덕구 대청로 62 (신탄진동),정상영업,1,01,0427162341,준대규모점포,238937.068223097    ,328061.553195894    ,,2024-07-19 14:21:21
3680000,2011368009207500001,2012-01-17,,영업/정상,,,,,970,,34398,(주)이마트에브리데이 법동점,구분없음,I,2025-12-15 16:15:28,"대전광역시 대덕구 동춘당로 178, 30호 (법동, 보람아파트상가 지하)",정상영업,1,01,0426393120,준대규모점포,238615.460305821    ,318775.123985077    ,대전광역시 대덕구 법동 191번지 1호 보람아파트 상가동 지층 30호,2024-07-19 14:09:44
3680000,2000368000007500001,2005-08-26,,휴업,,,,,5984.77,,,대한통운마트 대전점,대형마트,I,2025-12-15 16:15:28,대전광역시 대덕구 신탄진로 1 (읍내동),휴업처리,2,02,0426367961,,238027.354947962    ,320279.99970216     ,대전광역시 대덕구 읍내동 100호   ,2007-07-07 09:18:01
3680000,1992368000007500004,1992-06-02,,영업/정상,,,,,,,,동부종합상가,그 밖의 대규모점포,I,2025-12-15 16:15:28,,정상영업,1,01,0426327572,,,,대전광역시 대덕구 송촌동 299번지 4   호   ,2007-07-07 09:18:01
3680000,1992368000007500005,1992-07-22,,영업/정상,,,,,,,,대덕종합시장,그 밖의 대규모점포,I,2025-12-15 16:15:28,,정상영업,1,01,0426238091,,,,대전광역시 대덕구 오정동 495번지 6   호   ,2007-07-07 09:18:01
3680000,1994368000007500006,1994-01-07,,영업/정상,,,,,,,,법동그린복합상가,그 밖의 대규모점포,I,2025-12-15 16:15:28,,정상영업,1,01,0426345950,,,,대전광역시 대덕구 법동 195번지 1   호   ,2007-07-07 09:18:01
3680000,1994368000007500007,1994-01-27,,영업/정상,,,,,,,,법동삼익소월상가,그 밖의 대규모점포,I,2025-12-15 16:15:28,대전광역시 대덕구 동춘당로 160 (법동),정상영업,1,01,0426257177,,238921.950297003    ,318782.318627397    ,대전광역시 대덕구 법동 190호   ,2007-07-07 09:18:01
3680000,1994368000007500008,1994-01-27,,영업/정상,,,,,,,,법동영구임대시장,그 밖의 대규모점포,I,2025-12-15 16:15:28,대전광역시 대덕구 계족로664번길 27 (법동),정상영업,1,01,0426333335,,238645.839505301    ,319004.756382897    ,대전광역시 대덕구 법동 188호   ,2007-07-07 09:18:01
3680000,1997368000007500001,1997-07-01,,영업/정상,,,,,41253,306-754,,대전대덕산업용재유통단지사업 협동조합,전문점,I,2025-12-15 16:15:28,대전광역시 대덕구 대화로 160 (대화동),정상영업,1,01,0426706700,대규모점포,236019.893489066    ,318423.179224484    ,대전광역시 대덕구 대화동 289-1외18번지,2025-05-01 09:50:07
3690000,2005369006007500002,2005-10-14,,영업/정상,,,,,12046.4,,,(유) 에브라임이노베이션 울산지점,쇼핑센터,I,2026-05-06 22:48:23,울산광역시 중구 젊음의2거리 33 (성남동),정상영업,1,01,0522432911,대규모점포,410346.764882793    ,230634.46944722     ,울산광역시 중구 성남동 256번지 24호,2021-12-29 15:04:42
3690000,2006369006007500001,2001-11-06,,영업/정상,,,,,17700,681-809,,홈플러스(주) 울산점,대형마트,I,2026-05-06 22:48:23,울산광역시 중구 번영로 475 (복산동),정상영업,1,01,0527028087,대규모점포,411601.338446216    ,231915.243733168    ,울산광역시 중구 복산2동 100번지,2024-03-06 16:12:33
3690000,2006369006007500002,2006-08-17,,영업/정상,,,,,7177.98,,,뉴코아아울렛 울산성남점,쇼핑센터,U,2026-05-08 03:03:03,울산광역시 중구 시계탑거리 20 (성남동),정상영업,1,01,,대규모점포,410428.96363435     ,230775.002193437    ,울산광역시 중구 성남동 249번지 1호,2026-05-07 09:13:16
3690000,2014369009907500001,2011-07-25,,영업/정상,,,,,418,,44452,(주)지에스리테일 GS더프레시 울산태화점,구분없음,I,2026-05-06 22:48:24,울산광역시 중구 명륜로 23 (태화동),정상영업,1,01,0522468116,준대규모점포,409276.15205248     ,230745.196101658    ,울산광역시 중구 태화동 37-29,2025-04-18 13:09:27
3690000,2006369006007500003,2003-01-13,,폐업,2025-05-28,,,,8154.01,,,(주)우남산업 센트럴프라자,전문점,I,2026-05-06 22:48:23,울산광역시 중구 번영로 329 (옥교동),폐업처리,3,03,0522415000,대규모점포,410611.641058791    ,230826.405302134    ,울산광역시 중구 옥교동 120번지 2  호,2025-05-28 14:37:31
3690000,2026369018307500001,2026-03-31,,영업/정상,,,,,960.9,,44491,롯데슈퍼 울산선우 가맹점,구분없음,I,2026-05-06 22:48:25,"울산광역시 중구 곽남14길 37 (남외동, 선우시장/선화아파트)",정상영업,1,01,0522965810,준대규모점포,412263.877192354    ,232694.744903866    ,울산광역시 중구 남외동 385-3 선우시장/선화아파트,2026-03-31 10:47:50
3690000,2005369006007500001,2005-09-05,,휴업,,,,,5230.94,,,아울렛쇼핑몰스타,대형마트,I,2026-05-06 22:48:23,울산광역시 중구 시계탑거리 20 (성남동),휴업처리,2,02,0522412030,,410428.96363435     ,230775.002193437    ,울산광역시 중구 성남동 249번지 1호   ,2007-06-23 10:12:32
3690000,2003369006007500001,2003-08-12,,휴업,,,,,,,,(주)현대DSF아울렛메이성남점,대형마트,I,2026-05-06 22:48:23,,휴업처리,2,02,0522412328,,,,울산광역시 중구 성남동 249번지 1   호   ,2007-06-23 10:12:32
3690000,2001369006007500002,2001-09-08,,휴업,,,,,11618.29,,,월마트코리아(주)중앙점,그 밖의 대규모점포,I,2026-05-06 22:48:23,울산광역시 중구 구교로 59 (학성동),휴업처리,2,02,0522909190,,411286.398998118    ,230936.514095559    ,울산광역시 중구 학성동 349번지 15호   ,2007-06-23 10:12:32
3690000,2001369006007500001,2001-11-06,,휴업,,2004-04-29,2004-04-29,,0,,,삼성테스코(주)홈플러스울산점,그 밖의 대규모점포,I,2026-05-06 22:48:23,울산광역시 중구 번영로 475 (복산동),휴업처리,2,02,0522908123,,411601.338446216    ,231915.243733168    ,울산광역시 중구 복산동 100호,2009-11-11 10:44:23
3690000,2008369006707500001,2006-10-18,,폐업,2017-11-29,,,,11618,681-822,,(주)이마트 학성점,대형마트,I,2026-05-06 22:48:24,울산광역시 중구 구교로 59 (학성동),폐업처리,3,03,0527011234,대규모점포,411286.398998118    ,230936.514095559    ,울산광역시 중구 학성동 349번지 15호,2017-11-29 08:50:31
3700000,2009370005307500001,2001-07-20,,영업/정상,,,,,29960,680-746,,롯데백화점 울산점,백화점,U,2026-04-17 03:03:03,울산광역시 남구 삼산로 288 (삼산동),정상영업,1,01,0529602812,대규모점포,412001.966655452    ,229039.563308072    ,울산광역시 남구 삼산동 1480번지 1호 롯데백화점,2026-04-16 15:16:27
3700000,2007370005307500001,2007-07-05,,영업/정상,,,,,12526,,44703,뉴코아아울렛울산점,쇼핑센터,I,2026-02-05 22:48:10,울산광역시 남구 삼산로 217 (달동),정상영업,1,01,0522285005,대규모점포,411305.368983537    ,229038.602247804    ,울산광역시 남구 달동 1360-3,2026-02-04 18:06:36
3700000,2010370005307500002,1997-11-28,,영업/정상,,,,,10356,680-815,,울산산업공구월드,그 밖의 대규모점포,I,2025-12-15 16:15:28,울산광역시 남구 갈밭로 24 (삼산동),정상영업,1,01,0522668796,대규모점포,412441.258419848    ,228752.950654464    ,울산광역시 남구 삼산동 1591번지 4호,2025-04-23 13:44:55
3700000,2010370005307500003,1976-03-20,,영업/정상,,,,,0,680-836,,주식회사 야음시장,그 밖의 대규모점포,I,2025-12-15 16:15:28,울산광역시 남구 수암로 234 (야음동),정상영업,1,01,0522728332,대규모점포,411392.445021827    ,227441.509311385    ,울산광역시 남구 야음동 815번지 22호,2011-10-30 13:47:19
3700000,2012370007807500002,2012-04-23,,영업/정상,,,,,1377.87,680-843,,GS슈퍼 울산옥동점,구분없음,I,2025-12-15 16:15:28,울산광역시 남구 문수로 385 (옥동),정상영업,1,01,0522568441,준대규모점포,408133.922347121    ,228530.539374019    ,울산광역시 남구 옥동 154번지 4호,2014-09-27 14:17:50
3700000,2013370007807500001,2013-04-30,,영업/정상,,,,,27653.42,680-816,,업스퀘어,복합쇼핑몰,I,2025-12-15 16:15:28,울산광역시 남구 화합로 185 (삼산동),정상영업,1,01,0529905125,대규모점포,412037.511441268    ,229430.455341277    ,울산광역시 남구 삼산동 1569번지 1호,2017-01-13 21:19:47
3700000,2016370010407500001,2016-03-09,,영업/정상,,,,,468.68,680-833,,(주)지에스리테일 울산신정점,구분없음,I,2025-12-15 16:15:28,울산광역시 남구 동산로29번길 4-0 (신정동),정상영업,1,01,0220062422,준대규모점포,408469.455030551    ,228719.809343783    ,울산광역시 남구 신정동 1642번지 2호,2025-04-28 07:54:48
3700000,2016370010407500002,2016-11-11,,영업/정상,,,,,718.86,,44733,Emarteveryday 울산야음점,구분없음,I,2025-12-15 16:15:28,"울산광역시 남구 대암로 69, 107동 B101호 (야음동, 신정현대프라자)",정상영업,1,01,0527160005,준대규모점포,410714.093301743    ,228155.503271096    ,,2024-08-01 13:16:44
3700000,2022370016007500001,2022-08-29,,영업/정상,,,,,376.3,,44747,GS THE FRESH 울산야음점,구분없음,I,2025-12-15 16:15:28,"울산광역시 남구 신선로 45, 중앙상가동 B101, B102호 (야음동, 롯데캐슬1단지아파트)",정상영업,1,01,0220062422,준대규모점포,410092.792084604    ,227185.614073557    ,울산광역시 남구 야음동 878 롯데캐슬1단지아파트,2025-04-28 07:58:09
3700000,2022370016007500002,2022-08-29,,영업/정상,,,,,376.3,,44747,GS THE FRESH 울산남부점,구분없음,I,2025-12-15 16:15:28,"울산광역시 남구 신선로 45, B101, B102호 (야음동, 롯데캐슬1단지아파트)",영업개시전,5,01,0220062364,준대규모점포,410092.792084604    ,227185.614073557    ,"울산광역시 남구 야음동 878 롯데캐슬골드 중앙상가동 B101, B102호",2022-09-03 12:02:51
3700000,2010370005307500001,1999-07-14,,영업/정상,,,,,10704,680-030,,롯데마트 울산점,대형마트,I,2026-01-10 22:48:10,울산광역시 남구 삼산로 74 (달동),정상영업,1,01,0522282511,대규모점포,409970.39080848     ,228450.864733161    ,울산광역시 남구 달동 830번지 1호,2026-01-09 16:30:06
3700000,2006370000907500002,2006-05-02,,휴업,,,,,14357.62,,,뉴코아 아울렛 울산점,대형마트,I,2025-12-15 16:15:28,,휴업처리,2,02,0522285000,,,,울산광역시 남구 달동 호 1360-3  ,2007-06-23 10:47:47
3700000,2006370000907500001,2006-04-14,,휴업,,2026-02-11,2026-12-30,,28885,,,홈플러스 주식회사 울산남구점,대형마트,I,2026-02-20 22:48:12,울산광역시 남구 수암로 148 (야음동),휴업처리,2,02,0522708124,대규모점포,410624.959296763    ,227668.041604165    ,울산광역시 남구 야음동 789번지 91호,2026-02-19 16:03:10
3700000,2005370000907500040,2005-05-18,,영업/정상,,,,,15753,,,세이브존 울산점,쇼핑센터,I,2025-12-15 16:15:28,울산광역시 남구 번영로250번길 9 (삼산동),정상영업,1,01,0522619000,대규모점포,410733.680320371    ,230071.566791713    ,울산광역시 남구 삼산동 1377-8호,2024-12-13 08:56:24
3700000,2005370000907500039,2005-04-15,,영업/정상,,,,,12242.17,,,(주)이마트 울산점,구분없음,I,2025-12-15 16:15:28,울산광역시 남구 남중로 48 (삼산동),정상영업,1,01,0522201052,대규모점포,412914.802999794    ,229015.430064688    ,울산광역시 남구 삼산동 1646호,2024-04-24 09:32:49
3700000,2005370000907500038,2005-03-22,,영업/정상,,,,,0,,,(주)신세계이마트울산점,대형마트,I,2025-12-15 16:15:28,울산광역시 남구 남중로 48 (삼산동),정상영업,1,01,0522201052,,412914.802999794    ,229015.430064688    ,울산광역시 남구 삼산동 1646호,2010-04-06 16:11:42
3700000,2005370000907500001,2005-04-15,,휴업,,,,,26010.15,,,현대D.S.F 현대백화점 울산점,백화점,I,2025-12-15 16:15:28,,휴업처리,2,02,,,,,울산광역시 남구 삼산동 1521-1호   ,2009-04-02 15:43:49
3700000,1997370000907500022,1997-08-25,,영업/정상,,,,,26010.15,,,(주)현대백화점 울산점,백화점,I,2025-12-15 16:15:28,울산광역시 남구 삼산로 261 (삼산동),정상영업,1,01,0522282233,대규모점포,411768.0407494      ,229164.489593214    ,울산광역시 남구 삼산동 1521번지 1   호,2024-02-29 13:27:07
3700000,2012370007807500001,2012-04-23,,폐업,2016-02-13,,,,1973.82,,,GS슈퍼 울산옥동점,,I,2025-12-15 16:15:28,울산광역시 남구 문수로 154-4 (옥동),폐업처리,3,03,0522568441,준대규모점포,,,,2016-11-11 15:24:17
3710000,2023371013607500001,2023-05-15,,영업/정상,,,,,194.5,,44035,GS THE FRESH 울산전하점,구분없음,I,2026-05-06 22:48:27,"울산광역시 동구 바드래길 98, 우주빌딩 (전하동)",정상영업,1,01,,준대규모점포,420080.091538466    ,226797.196800317    ,울산광역시 동구 전하동 302-74 우주빌딩,2025-05-13 15:17:24
3710000,2013371015007500001,2013-02-25,,영업/정상,,,,,264.46,,44100,GS THE FRESH 울산방어점,그 밖의 대규모점포,I,2026-05-06 22:48:27,"울산광역시 동구 문현로 47, 1층 (방어동)",정상영업,1,01,,준대규모점포,418940.863573865    ,223172.711897596    ,울산광역시 동구 방어동 1156-2,2025-04-04 09:59:05
3710000,2012371008807500001,2012-07-04,,영업/정상,,,,,380.16,682-800,,GS THE FRESH 울산동부점,구분없음,I,2026-05-06 22:48:26,울산광역시 동구 안산로 50 (동부동),정상영업,1,01,,준대규모점포,420453.447141143    ,229712.521318384    ,울산광역시 동구 동부동 150번지,2025-05-21 10:40:15
3710000,2008371006707500001,2008-08-06,,영업/정상,,,,,12494,682-050,,홈플러스 주식회사 울산동구점,복합쇼핑몰,I,2026-05-06 22:48:25,울산광역시 동구 방어진순환도로 637 (일산동),정상영업,1,01,0522308124,대규모점포,420194.506233977    ,224850.32369301     ,울산광역시 동구 일산동 577번지 1호,2024-03-04 16:38:32
3710000,2007371006707500001,2009-04-09,,영업/정상,,,,,13544,,,(주)현대백화점 동구점,백화점,I,2026-05-06 22:48:25,울산광역시 동구 방어진순환도로 899 (서부동),정상영업,1,01,05202504604,대규모점포,420520.452195917    ,227362.248793607    ,울산광역시 동구 서부동 105번지 3호,2024-04-01 13:58:14
3720000,2020372017807500001,2020-08-12,,영업/정상,,,,,3886.91,,44248,주식회사 케이씨씨글라스 홈씨씨울산점,복합쇼핑몰,I,2026-05-06 22:48:29,"울산광역시 북구 진장유통로 28-17, KCC진장사옥 (진장동)",정상영업,1,01,0220153826,대규모점포,413816.065283908    ,233057.855813064    ,울산광역시 북구 진장동 285-1 KCC진장사옥,2024-05-16 17:13:12
3720000,2021372017807500001,2021-11-10,,영업/정상,,,,,3240.43,,44249,진장 회 수산센터,그 밖의 대규모점포,I,2026-05-06 22:48:29,울산광역시 북구 진장유통1로 60(진장동),정상영업,1,01,0522480110,대규모점포,413428.796160802    ,233369.961340036    ,울산광역시 북구 진장동 1048-1,2021-11-29 17:04:08
3720000,2021372017807500002,2021-12-09,,영업/정상,,,,,4731.14,,44249,삼성전자 판매 북울산본점,전문점,I,2026-05-06 22:48:29,울산광역시 북구 진장유통로 65(진장동),정상영업,1,01,0234606611,대규모점포,413465.24843819     ,233302.05395249     ,울산광역시 북구 진장동 1048-3,2021-12-09 15:38:31
3720000,2018372016107500001,2018-11-22,,영업/정상,,,,,8504.75,,44249,진장CGV엔터플렉스,복합쇼핑몰,I,2026-05-06 22:48:28,"울산광역시 북구 진장유통로 51-10, CGV (진장동)",정상영업,1,01,0529801000,대규모점포,,,울산광역시 북구 진장동 120번지 9호 CGV,2019-08-16 11:48:59
3720000,2015372014207500003,2015-08-28,,영업/정상,,,,,18608.33,,44248,모다아울렛,전문점,I,2026-05-06 22:48:28,"울산광역시 북구 진장유통로 78-6 (진장동, 모다아울렛)",정상영업,1,01,0535896017,대규모점포,413607.045846035    ,233394.128239783    ,"울산광역시 북구 진장동 283번지 4호 , 283번지 5호",2021-04-15 18:14:01
3720000,2015372014207500002,2015-06-09,,휴업,,2025-12-28,2026-12-27,,8510,683-480,,홈플러스(주)울산북구점,대형마트,I,2026-05-06 22:48:28,울산광역시 북구 신답로 26-0 (상안동),휴업처리,2,02,0522932080,대규모점포,412349.300490111    ,239222.450142668    ,울산광역시 북구 상안동 322번지 9호,2025-12-29 17:26:53
3720000,2015372014207500001,2015-03-31,,취소/말소/만료/정지/중지,,,,,18608.33,683-003,,진장아울렛,전문점,I,2026-05-06 22:48:28,울산광역시 북구 진장유통로 42-19 (진장동),직권취소,4,04,0522889090,대규모점포,413607.045846035    ,233394.128239783    ,울산광역시 북구 진장동 283번지 4호 울산우편집중국,2024-12-20 17:49:03
3720000,2011372011607500001,2011-09-26,,영업/정상,,,,,12588.13,683-350,,코스트코 홀세일 울산점,대형마트,I,2026-05-06 22:48:27,,정상영업,1,01,0226301234,대규모점포,413746.941446528    ,233371.380234952    ,울산광역시 북구 진장동 283번지 3호,2015-12-07 16:47:03
3720000,2013372011607500001,2013-12-05,,취소/말소/만료/정지/중지,,,,,8510,683-480,,홈플러스테스코(주),대형마트,I,2026-05-06 22:48:28,,직권취소,4,04,0522932080,대규모점포,412349.300490111    ,239222.450142668    ,울산광역시 북구 상안동 322번지 9호,2023-11-10 11:18:29
3720000,1998372007007500001,2011-09-28,,취소/말소/만료/정지/중지,,,,,0,,,홈플러스테스코(주)울산북구점,대형마트,I,2026-05-06 22:48:25,울산광역시 북구 신답로 26 (상안동),직권취소,4,04,,대규모점포,412349.300490111    ,239222.450142668    ,울산광역시 북구 상안동 322번지 9호,2023-11-10 11:17:57
3720000,2006372003907500001,2006-05-04,,영업/정상,,,,,17669.2,,,롯데쇼핑(주)롯데마트 진장점,대형마트,I,2026-05-06 22:48:26,울산광역시 북구 진장유통로 64 (진장동),정상영업,1,01,0522402500,대규모점포,413714.69829242     ,233252.48521044     ,울산광역시 북구 진장동 호 유통단지 9블럭,2026-01-21 16:33:23
3720000,2009372007007500001,2000-05-19,,영업/정상,,,,,38183.15,,44250,(주)메가마트 신선도원몰,복합쇼핑몰,I,2026-05-06 22:48:27,"울산광역시 북구 진장17길 10 (진장동, 메가마트)",정상영업,1,01,0522196000,대규모점포,413563.965527814    ,231761.714847983    ,"울산광역시 북구 진장동 진장명촌지구 54B 1N, 53B 4~11N",2024-12-26 13:14:57
3720000,2010372009807500001,2010-07-30,,영업/정상,,,,,15554.23,683-350,,울산진장디플렉스,전문점,I,2026-05-06 22:48:27,울산광역시 북구 진장유통로 16 (진장동),정상영업,1,01,,대규모점포,413726.417438045    ,232770.876692856    ,울산광역시 북구 진장동 285번지 3호,2011-10-30 13:19:27
3720000,2005372003907500001,2005-04-01,,폐업,2009-06-15,,,,151.2,,,울산세양공구타운,그 밖의 대규모점포,I,2026-05-06 22:48:26,,폐업처리,3,03,0522898871,,414549.983104301    ,233731.209406328    ,울산광역시 북구 연암동 507번지 4호,2009-12-15 12:20:04
3730000,2010373010207500001,2010-05-11,,영업/정상,,,,,10382,689-853,,울산원예농업협동조합 하나로마트,그 밖의 대규모점포,I,2026-03-26 22:48:20,울산광역시 울주군 범서읍 장검길 10,정상영업,1,01,0522206500,대규모점포,404308.732486682    ,230986.181612496    ,울산광역시 울주군 범서읍 굴화리 295번지 1호,2023-04-27 14:56:57
3730000,2012373010207500002,2012-05-18,,영업/정상,,,,,992,,44973,탑마트 울산남창점,복합쇼핑몰,I,2026-03-26 22:48:20,울산광역시 울주군 온양읍 온양로 60,정상영업,1,01,0522376633,준대규모점포,406908.152227841    ,214872.681792049    ,울산광역시 울주군 온양읍 운화리 7-14,2025-05-07 13:29:18
3730000,2012373010207500003,2012-05-18,,영업/정상,,,,,551.97,689-806,,탑마트 언양점,그 밖의 대규모점포,I,2026-03-26 22:48:20,울산광역시 울주군 언양읍 헌양길 117,정상영업,1,01,0522640244,준대규모점포,392074.502799536    ,231607.371040507    ,울산광역시 울주군 언양읍 서부리 155번지 3호,2025-05-07 11:12:47
3730000,2009373008807500001,2004-04-30,,영업/정상,,,,,7632.96,,44954,(주)메가마트 언양점,복합쇼핑몰,U,2026-05-09 03:03:03,울산광역시 울주군 삼남읍 반구대로 612,정상영업,1,01,,대규모점포,,,울산광역시 울주군 삼남읍 교동리 619-61,2026-05-08 08:59:26
3730000,2012373010207500001,2012-04-17,,폐업,2021-01-13,,,,767.6,689-806,,롯데쇼핑(주)롯데슈퍼울산언양점,구분없음,I,2026-03-26 22:48:20,울산광역시 울주군 언양읍 남천로 120,폐업처리,3,03,0522645601,준대규모점포,391845.924081904    ,231532.025984847    ,울산광역시 울주군 언양읍 서부리 136외 6필지,2021-08-18 16:39:14
3740000,2015374030907500003,2015-06-29,,영업/정상,,,,,16100.78,443-270,,(주)이마트 광교점,대형마트,I,2026-03-11 01:45:42,경기도 수원시 영통구 광교로 191 (이의동),정상영업,1,01,023809394,대규모점포,204159.790041271    ,421622.575799907    ,경기도 수원시 영통구 이의동 1240번지,2024-04-29 10:50:51
3740000,2015374030907500004,2000-11-13,,휴업,,2025-12-28,2026-12-25,,9326.64,,16513,홈플러스(주) 원천점,대형마트,I,2026-03-11 01:45:42,경기도 수원시 영통구 중부대로 437 (원천동),휴업처리,2,02,0312522080,대규모점포,205572.586871555    ,418683.704929064    ,경기도 수원시 영통구 원천동 177번지 1호,2025-12-31 17:05:19
3740000,1989374001107500005,1989-10-13,,휴업,,,,,1210,,,삼성상가(매탄2차),그 밖의 대규모점포,I,2026-03-11 01:45:40,경기도 수원시 영통구 매영로 10 (매탄동),휴업처리,2,02,,,203799.904863612    ,418620.261609977    ,경기도 수원시영통구 매탄동 810호   ,2007-06-23 14:09:49
3740000,1990374001107500001,1990-02-28,,휴업,,,,,1034,,,그린맨션상가,그 밖의 대규모점포,I,2026-03-11 01:45:40,,휴업처리,2,02,,,199549.06804293     ,422515.807505301    ,경기도 수원시장안구 정자동 417호   ,2007-06-23 14:09:49
3740000,1991374001107500001,1991-05-31,,휴업,,,,,2637,,,구운종합상사,그 밖의 대규모점포,I,2026-03-11 01:45:40,경기도 수원시 권선구 수성로 18 (구운동),휴업처리,2,02,,,197816.821137049    ,419948.630574527    ,경기도 수원시권선구 구운동 463호   ,2007-06-23 14:09:49
3740000,1991374001107500002,1991-12-07,,휴업,,,,,3972,,,신수원종합상가,그 밖의 대규모점포,I,2026-03-11 01:45:40,경기도 수원시 권선구 수성로 18 (구운동),휴업처리,2,02,,,197816.821137049    ,419948.630574527    ,경기도 수원시권선구 구운동 463호   ,2007-06-23 14:09:49
3740000,1991374001107500003,1991-01-17,,휴업,,,,,3008,,,임광종합상가,그 밖의 대규모점포,I,2026-03-11 01:45:40,,휴업처리,2,02,,,203351.415403575    ,417267.714665067    ,경기도 수원시영통구 매탄동 1162호   ,2007-06-23 14:09:49
3740000,1991374001107500004,1991-11-12,,휴업,,,,,3137,,,뉴코아 한신상가,그 밖의 대규모점포,I,2026-03-11 01:45:40,,휴업처리,2,02,,,,,경기도 수원시팔달구 인계동 319번지 7호   ,2007-06-23 14:09:49
3740000,1991374001107500007,1991-12-03,,취소/말소/만료/정지/중지,,,,,0,,,뉴코아,백화점,I,2026-03-11 01:45:40,경기도 수원시 팔달구 중부대로34번길 15 (인계동),직권취소,4,04,0312305505,,201804.810108336    ,419164.107425875    ,경기도 수원시팔달구 인계동 754번지 1호,2008-04-04 11:19:12
3740000,1992374001107500002,1992-12-17,,영업/정상,,,,,28601.46,,,뉴코아 동수원아울렛,쇼핑센터,I,2026-03-11 01:45:40,경기도 수원시 팔달구 인계로 154 (인계동),정상영업,1,01,0312297756,대규모점포,202973.410322233    ,418262.114463247    ,경기도 수원시팔달구 인계동 1114번지 1   호,2026-01-16 13:25:11
3740000,1992374001107500003,1992-11-26,,휴업,,,,,3020,,,동남2차 종합상가,그 밖의 대규모점포,I,2026-03-11 01:45:40,경기도 수원시 팔달구 인계로 154 (인계동),휴업처리,2,02,,,202973.410322233    ,418262.114463247    ,경기도 수원시팔달구 인계동 1114번지 1호   ,2007-06-23 14:09:49
3740000,1993374001107500001,1993-03-16,,휴업,,,,,2564,,,새수원리빙타운,그 밖의 대규모점포,I,2026-03-11 01:45:40,경기도 수원시 권선구 수성로 18 (구운동),휴업처리,2,02,,,197816.821137049    ,419948.630574527    ,경기도 수원시권선구 구운동 463호   ,2007-06-23 14:09:49
3740000,1993374001107500002,1993-03-31,,휴업,,,,,1793.8,,,신미주상가,그 밖의 대규모점포,I,2026-03-11 01:45:40,경기도 수원시 장안구 수성로275번길 133 (정자동),휴업처리,2,02,0312559001,,199760.784668654    ,421464.63957104     ,경기도 수원시장안구 정자동 29번지 1호   ,2007-06-23 14:09:49
3740000,1993374001107500003,1993-04-24,,취소/말소/만료/정지/중지,,,,,1118.02,,,태영상가,그 밖의 대규모점포,I,2026-03-11 01:45:40,경기도 수원시 장안구 영화로25번길 22 (영화동),직권취소,4,04,0312541563,대규모점포,200638.301718618    ,420786.247360603    ,경기도 수원시장안구 영화동 418호,2020-08-24 10:57:39
3740000,1993374001107500004,1993-09-14,,휴업,,,,,5139,,,권선종합상가,그 밖의 대규모점포,I,2026-03-11 01:45:40,경기도 수원시 권선구 세권로195번길 13 (권선동),휴업처리,2,02,,,202182.056707379    ,417106.366537489    ,경기도 수원시권선구 권선동 1050호   ,2007-06-23 14:09:49
3740000,1993374001107500005,1993-07-13,,휴업,,,,,4340,,,인계종합상가,그 밖의 대규모점포,I,2026-03-11 01:45:40,경기도 수원시 팔달구 장다리로 179 (인계동),휴업처리,2,02,,,202074.573654606    ,418228.80990094     ,경기도 수원시팔달구 인계동 997호   ,2007-06-23 14:09:49
3740000,1993374001107500006,1993-09-13,,휴업,,,,,1616,,,한국주택종합상가,그 밖의 대규모점포,I,2026-03-11 01:45:40,,휴업처리,2,02,,,,,경기도 수원시  호   ,2007-06-23 14:09:49
3740000,1993374001107500007,1993-09-20,,휴업,,,,,1803.62,,,삼풍프라자,그 밖의 대규모점포,I,2026-03-11 01:45:40,경기도 수원시 장안구 만석로210번길 77 (송죽동),휴업처리,2,02,,,200391.817196159    ,422319.693795832    ,경기도 수원시장안구 송죽동 496번지 24호   ,2007-06-23 14:09:49
3740000,1994374001107500001,1994-01-27,,휴업,,,,,1628,,,원천성일상가,그 밖의 대규모점포,I,2026-03-11 01:45:40,경기도 수원시 영통구 동탄원천로1109번길 42 (매탄동),휴업처리,2,02,,,204913.095542541    ,418779.556612854    ,경기도 수원시영통구 매탄동 1199호   ,2007-06-23 14:09:49
3740000,1994374001107500002,1994-02-19,,휴업,,,,,2496,,,한국상가,그 밖의 대규모점포,I,2026-03-11 01:45:40,경기도 수원시 영통구 매영로 84 (매탄동),휴업처리,2,02,,,204464.0954091      ,418391.409333909    ,경기도 수원시영통구 매탄동 1217호   ,2007-06-23 14:09:49
3740000,1994374001107500003,1994-05-20,,휴업,,,,,5459,,,수원새로나,그 밖의 대규모점포,I,2026-03-11 01:45:40,,휴업처리,2,02,,,,,경기도 수원시팔달구 지동 371.호   ,2007-06-23 14:09:49
3740000,1995374001107500001,1995-10-07,,휴업,,,,,5111,,,정자종합시장,그 밖의 대규모점포,I,2026-03-11 01:45:40,경기도 수원시 장안구 수성로261번길 16 (정자동),휴업처리,2,02,,,200010.511721975    ,420969.555008373    ,경기도 수원시장안구 정자동 73번지 10호   ,2007-06-23 14:09:49
3740000,1995374001107500002,1995-04-18,,취소/말소/만료/정지/중지,,,,,840.03,,,벽산그랜드코아,그 밖의 대규모점포,I,2026-03-11 01:45:40,경기도 수원시 장안구 송정로 96 (정자동),직권취소,4,04,,,200619.970409155    ,421483.365555557    ,경기도 수원시장안구 정자동 9번지 2호,2008-04-04 15:30:10
3740000,1995374001107500005,1995-10-07,,휴업,,,,,873,,,동성탑스아울렛,그 밖의 대규모점포,I,2026-03-11 01:45:40,경기도 수원시 장안구 정조로 941 (영화동),휴업처리,2,02,0312207000,,200985.759458979    ,421034.427622307    ,경기도 수원시장안구 영화동 308번지 1호   ,2007-06-23 14:09:49
3740000,1995374001107500006,1995-03-29,,휴업,,,,,1502,,,풍성상가,그 밖의 대규모점포,I,2026-03-11 01:45:40,경기도 수원시 권선구 금호로15번길 15 (금곡동),휴업처리,2,02,,,195755.705500037    ,418629.98728721     ,경기도 수원시권선구 금곡동 262번지 10호   ,2007-06-23 14:09:49
3740000,1995374011007500001,1995-04-18,,취소/말소/만료/정지/중지,,,,,3185,440-300,,벽산그랜드코아,그 밖의 대규모점포,I,2026-03-11 01:45:40,"경기도 수원시 장안구 송정로 96 (정자동,외 1필지)",직권취소,4,04,0312547882,대규모점포,200619.970409155    ,421483.365555557    ,경기도 수원시장안구 정자동 9번지 2호 외 1필지,2019-11-18 17:36:47
3740000,1996374001107500001,1996-03-04,,취소/말소/만료/정지/중지,,,,,9181.51,,,세파월드,그 밖의 대규모점포,I,2026-03-11 01:45:40,경기도 수원시 팔달구 권광로 138 (인계동),직권취소,4,04,0318063000,대규모점포,202733.785602761    ,417547.639611992    ,경기도 수원시팔달구 인계동 1131호,2019-11-18 17:36:01
3740000,1999374001107500002,1991-03-19,,휴업,,,,,2282.29,,,유천종합시장,그 밖의 대규모점포,I,2026-03-11 01:45:40,경기도 수원시 장안구 창훈로66번길 11-3 (연무동),휴업처리,2,02,0312566017,,202451.861745607    ,421775.346882515    ,경기도 수원시장안구 연무동 21호   ,2007-06-23 14:09:49
3740000,1966374001107500002,1966-12-28,,휴업,,,,,0,,,지동시장,그 밖의 대규모점포,I,2026-03-11 01:45:40,,휴업처리,2,02,0312560202,,,,경기도 수원시팔달구 지동 402호   ,2007-06-23 14:09:49
3740000,1967374001107500003,1967-12-17,,영업/정상,,,,,20093,442-081,,역전시장,시장,I,2026-03-11 01:45:40,경기도 수원시 팔달구 매산로 2-10 (매산로1가),정상영업,1,01,0312565019,대규모점포,200143.531953133    ,418243.850692453    ,경기도 수원시 팔달구 매산로1가 57번지 3호,2015-04-23 10:59:57
3740000,1969374001107500001,1969-12-19,,휴업,,,,,0,,,조원시장,그 밖의 대규모점포,I,2026-03-11 01:45:40,,휴업처리,2,02,0312463650,,,,경기도 수원시장안구 조원동 814호   ,2007-06-23 14:09:49
3740000,1969374001107500002,1969-12-19,,영업/정상,,,,,2813,442-010,,영동시장,시장,I,2026-03-11 01:45:40,경기도 수원시 팔달구 수원천로255번길 6 (영동),정상영업,1,01,0312510171,대규모점포,201579.623425463    ,419467.684542781    ,경기도 수원시팔달구 영동 8번지,2015-10-28 09:35:37
3740000,1977374001107500001,1977-01-19,,휴업,,,,,1410.06,,,남문백화점,백화점,I,2026-03-11 01:45:40,경기도 수원시 팔달구 정조로770번길 7 (팔달로3가),휴업처리,2,02,0312548011,,201466.481843885    ,419450.625001465    ,경기도 수원시팔달구 팔달로3가 25번지 6호   ,2007-06-23 14:09:49
3740000,1980374001107500001,1980-03-03,,휴업,,,,,1775,,,역전지하상가,그 밖의 대규모점포,I,2026-03-11 01:45:40,,휴업처리,2,02,,,199794.47078531     ,418615.793901047    ,경기도 수원시팔달구 매산로1가 17호   ,2007-06-23 14:09:49
3740000,1985374001107500000,1985-09-26,,휴업,,,,,1984,,,연무시장,그 밖의 대규모점포,I,2026-03-11 01:45:40,경기도 수원시 장안구 연무로13번길 81-3 (연무동),휴업처리,2,02,0312423429,,202166.186009707    ,421443.224988182    ,경기도 수원시장안구 연무동 235번지 4호   ,2007-06-23 14:09:49
3740000,1989374001107500001,1989-03-16,,휴업,,,,,4969,,,매교상가,그 밖의 대규모점포,I,2026-03-11 01:45:40,,휴업처리,2,02,,,,,경기도 수원시권선구 세류동 351호   ,2007-06-23 14:09:49
3740000,1989374001107500002,1989-09-01,,휴업,,,,,1520.42,,,벽산상가,그 밖의 대규모점포,I,2026-03-11 01:45:40,경기도 수원시 장안구 조원로 16 (조원동),휴업처리,2,02,0312513149,,201816.000340771    ,421778.168451003    ,경기도 수원시장안구 조원동 510호   ,2007-06-23 14:09:49
3740000,1989374001107500003,1989-11-26,,휴업,,,,,2512,,,영동유통상가,그 밖의 대규모점포,I,2026-03-11 01:45:40,경기도 수원시 권선구 수성로 18 (구운동),휴업처리,2,02,,,197816.821137049    ,419948.630574527    ,경기도 수원시권선구 구운동 463호   ,2007-06-23 14:09:49
3740000,1989374001107500004,1989-09-19,,휴업,,,,,2326,,,동남종합상가,그 밖의 대규모점포,I,2026-03-11 01:45:40,경기도 수원시 영통구 인계로 219 (매탄동),휴업처리,2,02,,,203654.140907291    ,418212.585267662    ,경기도 수원시영통구 매탄동 810번지 3호   ,2007-06-23 14:09:49
3740000,2015374030907500005,2015-12-31,,영업/정상,,,,,968.32,,16336,(주)지에스리테일 GS수퍼 수원아트리움점,구분없음,I,2026-03-11 01:45:42,"경기도 수원시 장안구 이목로 24-3, 지하1층 B01~B03호 (정자동)",정상영업,1,01,0220063059,준대규모점포,198580.177391346    ,423071.097411366    ,경기도 수원시 장안구 정자동 600-28,2025-05-01 15:49:39
3740000,2017374033507500001,2017-06-02,,영업/정상,,,,,247.68,,16582,지에스(GS)수퍼 수원권선점,구분없음,I,2026-03-11 01:45:42,"경기도 수원시 권선구 권광로 55 (권선동, 권선자이이편한세상)",정상영업,1,01,03180064646,준대규모점포,202272.314465399    ,416779.037573728    ,경기도 수원시 권선구 권선동 1330번지 권선자이이편한세상 상가 B105호~107호,2025-05-01 17:04:56
3740000,2017374033507500002,2017-07-26,,영업/정상,,,,,203.2,,16663,지에스 더프레시(GS THE FRESH) 권선아이파크점,구분없음,I,2026-03-11 01:45:42,"경기도 수원시 권선구 동수원로177번길 40 (권선동, 권선아이파크5차 단지상가 109호~111호)",정상영업,1,01,03180064646,준대규모점포,202599.794401948    ,416089.125805678    ,경기도 수원시 권선구 권선동 1364번지 권선아이파크5차 단지상가 109호~111호,2025-05-01 17:05:39
3740000,2018374033507500001,2018-02-26,,영업/정상,,,,,13933.92,,16508,광교 엘포트 몰,그 밖의 대규모점포,I,2026-03-11 01:45:42,경기도 수원시 영통구 광교중앙로 145 (이의동),정상영업,1,01,0221896000,대규모점포,205049.975071918    ,420565.686783422    ,경기도 수원시 영통구 이의동 1336번지 1호,2018-05-10 17:07:14
3740000,2018374033507500002,2018-03-07,,영업/정상,,,,,14809.24,,16500,엘리웨이 광교,그 밖의 대규모점포,I,2026-03-11 01:45:42,경기도 수원시 영통구 광교중앙로25번길 74 (원천동),정상영업,1,01,025391781,대규모점포,204437.000117278    ,419359.853305028    ,경기도 수원시 영통구 원천동 582번지 9호,2019-11-18 16:33:56
3740000,2019374039007500001,2019-06-21,,영업/정상,,,,,66350,,16514,한화갤러리아(주) 광교점,백화점,I,2026-03-11 01:45:42,"경기도 수원시 영통구 광교중앙로 124, 갤러리아 광교 (하동)",정상영업,1,01,024107138,대규모점포,205023.582888351    ,420361.248170516    ,경기도 수원시 영통구 하동 1017-2 갤러리아 광교,2023-12-11 15:38:40
3740000,2019374039007500002,2019-11-14,,영업/정상,,,,,38325,,16517,중흥S클래스,그 밖의 대규모점포,I,2026-03-11 01:45:42,"경기도 수원시 영통구 광교호수공원로 277 (원천동, 광교중흥에스클래스)",정상영업,1,01,0625102310,대규모점포,205026.079641798    ,420062.878231009    ,경기도 수원시 영통구 원천동 589번지 광교중흥에스클래스,2019-11-14 13:40:38
3740000,2021374039007500001,2021-05-25,,영업/정상,,,,,5855.48,,16318,화서역파크푸르지오 오피스텔&상가,복합쇼핑몰,I,2026-03-11 01:45:42,"경기도 수원시 장안구 대평로 27 (정자동, 화서역 파크푸르지오)",정상영업,1,01,0234044921,대규모점포,199460.301398641    ,420871.789200422    ,경기도 수원시 장안구 정자동 950 화서역 파크푸르지오,2023-10-23 10:34:25
3740000,2021374039007500002,2021-09-13,,영업/정상,,,,,189.2,,16318,지에스 더프레시(GS THE FRESH) 수원화서점,구분없음,I,2026-03-11 01:45:42,"경기도 수원시 장안구 대평로 27, 107~109호 (정자동, 화서역 파크푸르지오)",정상영업,1,01,0220062678,준대규모점포,199460.301398641    ,420871.789200422    ,경기도 수원시 장안구 정자동 111-20 화서역 파크푸르지오,2025-05-01 17:03:24
3740000,2022374039007500001,2022-02-22,,영업/정상,,,,,5926.48,,16621,홈씨씨 수원점,전문점,I,2026-03-11 01:45:42,경기도 수원시 권선구 세화로134번길 31(서둔동),정상영업,1,01,0220158524,대규모점포,199672.086338054    ,418258.297963828    ,경기도 수원시 권선구 서둔동 296-124,2024-05-27 16:59:27
3740000,2022374039007500002,2022-07-18,,영업/정상,,,,,243.3,,16464,지에스더프레시(GS The Fresh) 수원팔달점,구분없음,I,2026-03-11 01:45:42,"경기도 수원시 팔달구 효원로93번길 33, 상가1동 101~104호 (매교동, 힐스테이트 푸르지오 수원)",정상영업,1,01,0312312428,준대규모점포,201012.391062735    ,418409.370803645    ,경기도 수원시 팔달구 매교동 292 힐스테이트 푸르지오 수원,2025-05-01 17:05:55
3740000,2023374039007500001,2023-02-23,,영업/정상,,,,,170,,16469,지에스더프레시(GS THE FRESH) 수원매교역점,구분없음,I,2026-03-11 01:45:42,경기도 수원시 팔달구 인계로 20(매교동),정상영업,1,01,0220062678,준대규모점포,201559.53418689     ,418602.288236093    ,경기도 수원시 팔달구 매교동 209-14,2025-05-01 17:04:38
3740000,2023374039007500002,2023-05-04,,영업/정상,,,,,248,,16475,지에스리테일(수원센트럴점),구분없음,I,2026-03-11 01:45:42,"경기도 수원시 팔달구 세지로 211 (인계동, 인계 파밀리에)",정상영업,1,01,0220062678,준대규모점포,201942.305670572    ,418720.35220815     ,경기도 수원시 팔달구 인계동 865-10 인계 파밀리에,2025-05-01 17:05:14
3740000,2023374039007500003,2023-05-04,,영업/정상,,,,,298.5,,16295,지에스더프레시(GS THE FRESH) 수원한일타운점,구분없음,I,2026-03-11 01:45:42,"경기도 수원시 장안구 경수대로976번길 22 (조원동, 수원 한일타운)",정상영업,1,01,0220062678,준대규모점포,200677.578238738    ,422613.876922536    ,경기도 수원시 장안구 조원동 881 수원 한일타운,2025-05-01 17:04:10
3740000,2023374039007500005,2023-10-30,,영업/정상,,,,,103145.33,,16318,(주) 스타필드 수원,복합쇼핑몰,I,2026-03-11 01:45:42,경기도 수원시 장안구 수성로 175 (정자동),정상영업,1,01,0269211638,대규모점포,199161.380909543    ,420620.351156652    ,경기도 수원시 장안구 정자동 111-14,2025-08-19 09:25:52
3740000,2023374039007500006,2023-11-21,,영업/정상,,,,,727.43,,,노브랜드 스타필드수원점,구분없음,I,2026-03-11 01:45:42,,정상영업,1,01,023809706,준대규모점포,199213.609777517    ,420584.070996806    ,"경기도 수원시 장안구 정자동 111-10 외 3필지, 지하2층",2024-05-13 09:27:50
3740000,2000374000007500001,2000-08-26,,취소/말소/만료/정지/중지,,,,,0,440-200,,삼성테스코(주)홈플러스 북수원점,대형마트,I,2026-03-11 01:45:40,경기도 수원시 장안구 경수대로 930 (조원동),직권취소,4,04,03102598124,대규모점포,200709.882380059    ,422304.072402192    ,경기도 수원시 장안구 조원동 896번지,2014-10-14 11:15:14
3740000,2000374001107500024,2000-11-13,,취소/말소/만료/정지/중지,,,,,0,,,한국까르푸(주) 원천점,쇼핑센터,I,2026-03-11 01:45:40,경기도 수원시 영통구 중부대로 437 (원천동),직권취소,4,04,,,205572.586871555    ,418683.704929064    ,경기도 수원시영통구 원천동 177번지 1호,2008-04-04 11:11:59
3740000,2000374001107500025,2000-08-25,,취소/말소/만료/정지/중지,,,,,9964.65,,,삼성홈플러스영통점,그 밖의 대규모점포,I,2026-03-11 01:45:40,경기도 수원시 영통구 봉영로 1576 (영통동),직권취소,4,04,0312235743,,206365.525651714    ,416652.30156114     ,경기도 수원시영통구 영통동 994번지 2   호,2011-04-18 15:31:43
3740000,2000374001107500026,2000-08-25,,취소/말소/만료/정지/중지,,,,,16100,,,삼성테스코(주)홈플러스 영통점,대형마트,I,2026-03-11 01:45:40,경기도 수원시 영통구 봉영로 1576 (영통동),직권취소,4,04,0312018000,대규모점포,206365.525651714    ,416652.30156114     ,경기도 수원시영통구 영통동 994번지 2호,2016-01-25 11:19:07
3740000,2001374001107500001,2001-10-05,,취소/말소/만료/정지/중지,,,,,0,441-390,,(주)이마트수원점,대형마트,I,2026-03-11 01:45:41,경기도 수원시 권선구 경수대로 270 (권선동),직권취소,4,04,0312071051,대규모점포,201782.733115582    ,416501.699707548    ,경기도 수원시 권선구 권선동 1189번지,2014-10-15 17:49:41
3740000,2001374001107500002,2001-09-13,,영업/정상,,,,,26072.06,,,NC수원 터미널점,그 밖의 대규모점포,I,2026-03-11 01:45:41,경기도 수원시 권선구 경수대로 270 (권선동),정상영업,1,01,03180653614,대규모점포,201782.733115582    ,416501.699707548    ,경기도 수원시권선구 권선동 1189호,2026-01-16 13:25:27
3740000,2001374001107500003,2001-11-17,,영업/정상,,,,,30647,,,롯데쇼핑(주) 롯데마트 영통점,대형마트,I,2026-03-11 01:45:41,경기도 수원시 영통구 봉영로 1579 (영통동),정상영업,1,01,0312017283,대규모점포,206280.421991805    ,416752.265654667    ,경기도 수원시영통구 영통동 960번지 1호,2022-05-10 11:58:19
3740000,2001374001107500004,2001-03-03,,취소/말소/만료/정지/중지,,,,,0,,,권선종합프라자,그 밖의 대규모점포,I,2026-03-11 01:45:41,,직권취소,4,04,0312217083,대규모점포,,,경기도 수원시권선구 곡반정동 485번지 8호,2019-11-18 17:35:27
3740000,2002374001107500001,2002-02-26,,영업/정상,,,,,16703.75,,,홈플러스(주) 동수원점,대형마트,I,2026-03-11 01:45:41,경기도 수원시 팔달구 효원로 257 (인계동),정상영업,1,01,0312318128,대규모점포,202602.629959972    ,417869.723857315    ,경기도 수원시팔달구 인계동 1045호,2024-03-06 09:01:58
3740000,2003374001107500001,2003-02-11,,취소/말소/만료/정지/중지,,,,,0,,,수원역사(주),백화점,I,2026-03-11 01:45:41,,직권취소,4,04,,,199920.194662903    ,418246.927112644    ,경기도 수원시팔달구 매산로1가 18호,2008-04-04 11:09:08
3740000,2003374001107500002,2003-02-11,,영업/정상,,,,,54303.8,,,AK플라자수원점,복합쇼핑몰,I,2026-03-11 01:45:41,경기도 수원시 팔달구 덕영대로 924 (매산로1가),정상영업,1,01,0312400602,대규모점포,199920.194662903    ,418246.927112644    ,경기도 수원시팔달구 매산로1가 18호,2024-12-27 09:21:24
3740000,2003374001107500003,2003-04-25,,영업/정상,,,,,19103.46,,,북수원 패션아울렛,쇼핑센터,I,2026-03-11 01:45:41,경기도 수원시 장안구 경수대로 950 (조원동),정상영업,1,01,0313030000,대규모점포,200590.511692153    ,422392.384620274    ,경기도 수원시장안구 조원동 893호,2024-04-06 20:16:12
3740000,2003374001107500004,2003-08-18,,영업/정상,,,,,14450,,,센터블SPA,쇼핑센터,I,2026-03-11 01:45:41,경기도 수원시 권선구 동수원로 232 (권선동),정상영업,1,01,0312297700,대규모점포,203008.631510845    ,416482.021790235    ,경기도 수원시권선구 권선동 1296번지 5호,2015-01-19 14:31:57
3740000,2003374001107500007,2003-11-20,,영업/정상,,,,,6535.57,,,롯데쇼핑(주) 롯데마트 천천점,대형마트,I,2026-03-11 01:45:41,경기도 수원시 장안구 만석로19번길 25-10 (천천동),정상영업,1,01,0312402500,대규모점포,198351.916669296    ,421604.975940414    ,경기도 수원시장안구 천천동 525호,2026-01-02 13:36:54
3740000,2003374011007500001,2003-09-15,,취소/말소/만료/정지/중지,,,,,7107.75,442-140,,The SAY,쇼핑센터,I,2026-03-11 01:45:41,"경기도 수원시 팔달구 수원천로231번길 3 (구천동,외 3필지)",직권취소,4,04,0312293000,,201564.064855874    ,419154.997264151    ,경기도 수원시팔달구 구천동 10번지 24호 외 3필지,2008-04-04 11:55:22
3740000,2004374001107500001,2000-08-25,,영업/정상,,,,,20000.14,440-201,,홈플러스(주) 북수원점,대형마트,I,2026-03-11 01:45:41,경기도 수원시 장안구 경수대로 930 (조원동),정상영업,1,01,0312598000,대규모점포,200709.882380059    ,422304.072402192    ,경기도 수원시 장안구 조원1동 896번지,2024-03-06 08:52:29
3740000,2004374001107500004,2000-08-25,,영업/정상,,,,,16100,,,홈플러스(주) 영통점,대형마트,I,2026-03-11 01:45:41,경기도 수원시 영통구 봉영로 1576 (영통동),정상영업,1,01,0312018000,대규모점포,206365.525651714    ,416652.30156114     ,경기도 수원시영통구 영통동 994번지 2호,2024-03-06 09:00:34
3740000,2005374001107500002,2005-08-18,,영업/정상,,,,,14301,441-819,,(주)이마트 서수원점,대형마트,I,2026-03-11 01:45:41,경기도 수원시 권선구 수인로 291 (구운동),정상영업,1,01,0318951052,대규모점포,197288.720762935    ,420051.3394073      ,경기도 수원시 권선구 구운동 925번지,2024-04-29 10:38:45
3740000,2006374001107500001,2006-01-25,,취소/말소/만료/정지/중지,,,,,3423.73,,,세파월드,그 밖의 대규모점포,I,2026-03-11 01:45:41,경기도 수원시 팔달구 권광로 138 (인계동),직권취소,4,04,0312336102,,202733.785602761    ,417547.639611992    ,경기도 수원시팔달구 인계동 1131호,2008-05-01 14:59:04
3740000,2007374001107500001,2007-06-22,,영업/정상,,,,,26247.28,441-813,,수원종합공구단지,전문점,I,2026-03-11 01:45:41,경기도 수원시 권선구 권선로 308-18 (고색동),정상영업,1,01,0312910945,대규모점포,198613.570371955    ,417039.040348815    ,경기도 수원시 권선구 고색동 986번지,2024-06-10 19:34:56
3740000,2010374011007500001,2010-05-20,,취소/말소/만료/정지/중지,,,,,4055.23,441-110,,세류종합상가(주),그 밖의 대규모점포,I,2026-03-11 01:45:41,"경기도 수원시 권선구 세권로43번길 26-6 (세류동,외 1필지)",직권취소,4,04,0312328287,대규모점포,200802.325197708    ,417542.339695722    ,경기도 수원시 권선구 세류동 1255번지 외 1필지,2019-11-18 17:24:54
3740000,2011374017307500001,2011-01-25,,영업/정상,,,,,24843.88,442-081,,팅스(tings),쇼핑센터,I,2026-03-11 01:45:41,경기도 수원시 팔달구 갓매산로 85 (매산로1가),정상영업,1,01,,대규모점포,200062.986060285    ,418636.066514036    ,경기도 수원시 팔달구 매산로1가 23번지,2014-10-06 11:47:21
3740000,2011374017307500002,2011-10-31,,영업/정상,,,,,235,443-370,,홈플러스(주)익스프레스 매탄점,구분없음,I,2026-03-11 01:45:41,경기도 수원시 영통구 효원로 363 (매탄동),정상영업,1,01,0312128543,준대규모점포,203603.161205028    ,417765.005936104    ,경기도 수원시 영통구 매탄동 1352번지,2024-04-06 20:18:35
3740000,2011374017307500003,2011-10-31,,영업/정상,,,,,668.6,442-150,,홈플러스(주)익스프레스 화서점,구분없음,I,2026-03-11 01:45:41,경기도 수원시 팔달구 화양로35번길 6 (화서동),정상영업,1,01,0312558543,준대규모점포,199618.343358284    ,419934.360506858    ,경기도 수원시 팔달구 화서동 212번지,2024-04-06 20:18:00
3740000,2011374017307500004,2002-12-05,,영업/정상,,,,,1482.6,,,롯데쇼핑(주) 롯데슈퍼 정자점,구분없음,I,2026-03-11 01:45:41,경기도 수원시 장안구 정자천로 187 (정자동),정상영업,1,01,0312469092,준대규모점포,199524.963492432    ,421620.627876998    ,,2025-12-31 17:21:45
3740000,2011374017307500010,2009-07-10,,영업/정상,,,,,402,442-828,,롯데쇼핑(주) 롯데슈퍼 인계점,구분없음,I,2026-03-11 01:45:41,경기도 수원시 팔달구 권광로 262 (인계동),정상영업,1,01,0312175604,준대규모점포,203100.01965872     ,418750.284714679    ,경기도 수원시 팔달구 인계동 362번지,2025-12-31 17:14:22
3740000,2011374017307500012,2010-02-27,,영업/정상,,,,,253.8,,,롯데쇼핑(주) 롯데슈퍼 우만점,구분없음,I,2026-03-11 01:45:41,경기도 수원시 팔달구 중부대로143번길 39 (우만동),정상영업,1,01,0312165603,준대규모점포,202779.748295951    ,419781.817002439    ,,2025-12-31 17:22:15
3740000,2011374017307500013,2011-12-12,,영업/정상,,,,,20860.31,,16393,홈플러스(주) 서수원점,대형마트,I,2026-03-11 01:45:41,경기도 수원시 권선구 금곡로 236 (금곡동),정상영업,1,01,03180191024,대규모점포,195965.406968544    ,419154.489182672    ,경기도 수원시 권선구 금곡동 1116번지 홈플러스,2024-03-06 09:01:39
3740000,2012374017307500001,2012-03-27,,영업/정상,,,,,13912.61,,16507,롯데쇼핑(주) 롯데마트 광교점,대형마트,I,2026-03-11 01:45:41,"경기도 수원시 영통구 센트럴타운로 85(이의동, 광교C1 호반베르디움, Summit Place광교)",정상영업,1,01,0221458474,대규모점포,204409.226022404    ,420967.617798492    ,"경기도 수원시 영통구 이의동 1332 광교C1 호반베르디움, Summit Place광교",2026-01-02 13:36:39
3740000,2012374017307500002,2012-12-17,,영업/정상,,,,,550.46,,16543,(주)지에스리테일 GS 수퍼 수원매탄점,구분없음,I,2026-03-11 01:45:41,"경기도 수원시 영통구 효원로 363, 매탄 위브 하늘채 상가 제비동 제지층 제비01호 (매탄동, 매탄 위브 하늘채)",정상영업,1,01,0312112034,준대규모점포,203603.161205028    ,417765.005936104    ,경기도 수원시 영통구 매탄동 1352 매탄 위브 하늘채,2025-04-30 17:53:42
3740000,2013374017307500001,2001-09-13,,영업/정상,,,,,10907.67,,,(주)이마트 수원점,대형마트,I,2026-03-11 01:45:41,경기도 수원시 권선구 경수대로 270 (권선동),정상영업,1,01,0312071054,대규모점포,201782.733115582    ,416501.699707548    ,,2024-04-29 10:48:09
3740000,2013374017307500002,2013-07-19,,영업/정상,,,,,13669.94,,16682,트레이더스 홀세일클럽 수원점,대형마트,I,2026-03-11 01:45:41,경기도 수원시 영통구 삼성로 2 (신동),정상영업,1,01,03180051250,대규모점포,204246.15796254     ,416018.208911536    ,경기도 수원시 영통구 신동 941번지,2024-04-29 10:07:30
3740000,2014374017307500001,2014-09-16,,영업/정상,,,,,232.6,,,홈플러스(주)익스프레스 수원연무점,구분없음,I,2026-03-11 01:45:41,경기도 수원시 장안구 창룡대로 193 (연무동),정상영업,1,01,0312568546,준대규모점포,202693.265138935    ,421193.449255723    ,,2024-01-12 14:09:12
3740000,2014374017307500002,2014-09-16,,영업/정상,,,,,620.21,,,(주)이마트에브리데이 매탄점,구분없음,I,2026-03-11 01:45:41,경기도 수원시 영통구 인계로 219 (매탄동),정상영업,1,01,0312132586,준대규모점포,203654.140907291    ,418212.585267662    ,,2024-08-06 17:52:55
3740000,2014374017307500004,2014-09-22,,영업/정상,,,,,237.7,,,홈플러스(주)익스프레스 수원매탄2점,구분없음,I,2026-03-11 01:45:42,경기도 수원시 영통구 중부대로 254 (매탄동),정상영업,1,01,0312178545,준대규모점포,203791.864903026    ,419173.951406622    ,,2020-09-16 15:06:46
3740000,2014374017307500005,2014-11-20,,영업/정상,,,,,74247.63,,16621,타임빌라스 수원,쇼핑센터,U,2026-04-15 03:03:03,"경기도 수원시 권선구 세화로 134, 타임빌라스 수원 (서둔동)",정상영업,1,01,0312473055,대규모점포,199673.378589066    ,418025.547756245    ,경기도 수원시 권선구 서둔동 381 타임빌라스 수원,2026-04-14 14:50:48
3740000,2015374030907500001,2015-05-18,,영업/정상,,,,,31749.58,,16508,롯데쇼핑(주)롯데몰 광교점,쇼핑센터,U,2026-04-15 03:03:03,"경기도 수원시 영통구 도청로 10 (이의동, 광교센트럴푸르지오시티)",정상영업,1,01,0221186891,대규모점포,204888.855554772    ,420476.391558834    ,경기도 수원시 영통구 이의동 1338번지,2026-04-14 14:50:14
3740000,2015374030907500002,2015-05-29,,영업/정상,,,,,25461,443-270,,아브뉴프랑광교점,쇼핑센터,I,2026-03-11 01:45:42,경기도 수원시 영통구 센트럴타운로 85 (이의동),정상영업,1,01,0261770621,대규모점포,204409.226022404    ,420967.617798492    ,경기도 수원시 영통구 이의동 1332번지,2024-11-27 17:06:54
3740000,1985374001107500001,1985-09-26,,폐업,2008-01-31,,,,0,,,세류시장,그 밖의 대규모점포,I,2026-03-11 01:45:40,,폐업처리,3,03,,,,,경기도 수원시권선구 세류동 351호,2010-08-03 14:47:52
3740000,1995374001107500003,1995-08-23,,폐업,2020-02-12,,,2007-02-04,26206.49,442-773,,(주)한화갤러리아 수원점,백화점,I,2026-03-11 01:45:40,경기도 수원시 팔달구 효원로 282 (인계동),폐업처리,3,03,0312297114,대규모점포,202789.286726531    ,417668.604973311    ,경기도 수원시 팔달구 인계동 1125번지 1호,2020-02-11 16:48:01
3740000,1995374001107500004,1995-09-04,,폐업,2008-08-05,,,,0,,,뉴타운백화점,백화점,I,2026-03-11 01:45:40,경기도 수원시 팔달구 권선로741번길 17 (인계동),폐업처리,3,03,0312207000,,202799.493701955    ,417412.176785125    ,경기도 수원시팔달구 인계동 1132번지 2   호,2010-08-03 13:55:59
3740000,2003374001107500005,2003-08-28,,폐업,2018-10-31,,,,11974.95,,,해피니스,쇼핑센터,I,2026-03-11 01:45:41,"경기도 수원시 팔달구 정조로 735 (중동,외 19필지)",폐업처리,3,03,0312670913,대규모점포,201369.907707046    ,419065.384886772    ,경기도 수원시팔달구 중동 94번지 외 19필지,2018-10-31 15:28:14
3740000,2003374001107500006,2003-09-18,,폐업,2010-09-28,,,,7107.65,,,The SAY,쇼핑센터,I,2026-03-11 01:45:41,경기도 수원시 팔달구 수원천로231번길 3 (구천동),폐업처리,3,03,0312293000,,201564.064855874    ,419154.997264151    ,경기도 수원시팔달구 구천동 10번지 24호,2010-10-01 15:09:11
3740000,2004374001107500002,2000-11-13,,폐업,2015-11-09,,,,9326.64,,,홈플러스테스코(주) 원천점,대형마트,I,2026-03-11 01:45:41,경기도 수원시 영통구 중부대로 437 (원천동),폐업처리,3,03,0312176345,대규모점포,205572.586871555    ,418683.704929064    ,경기도 수원시영통구 원천동 177번지 1호,2015-11-09 10:05:52
3740000,2004374001107500003,1991-12-03,,폐업,2022-04-01,,,,8235.79,442-070,,이천일아울렛 수원점,구분없음,I,2026-03-11 01:45:41,경기도 수원시 팔달구 중부대로 34-15 (인계동),폐업처리,3,03,0312272001,대규모점포,201804.810108336    ,419164.107425875    ,경기도 수원시 팔달구 인계동 754번지 1호,2022-04-05 15:23:58
3740000,2004374001107500005,1992-12-17,,폐업,2021-08-18,,,,0,,,(주)뉴코아동수원아울렛,복합쇼핑몰,I,2026-03-11 01:45:41,경기도 수원시 팔달구 인계로 154 (인계동),폐업처리,3,03,0312316500,대규모점포,202973.410322233    ,418262.114463247    ,경기도 수원시팔달구 인계동 1114번지 1호,2024-02-23 11:28:21
3740000,2005374001107500001,2005-06-08,,폐업,2008-04-02,,,,0,,,Issue Nine(이슈나인),쇼핑센터,I,2026-03-11 01:45:41,경기도 수원시 장안구 서부로 2139 (율전동),폐업처리,3,03,0312930701,,197415.841321941    ,421942.320630788    ,경기도 수원시장안구 율전동 285번지 2호,2008-04-04 09:40:31
3740000,2011374017307500005,2011-04-11,,폐업,2021-04-15,,,,118,,,롯데쇼핑(주) 롯데슈퍼 수원경기대점,구분없음,I,2026-03-11 01:45:41,경기도 수원시 장안구 광교산로 138 (연무동),폐업처리,3,03,0312435601,준대규모점포,202606.581997861    ,421964.960096269    ,,2022-01-06 20:48:57
3740000,2011374017307500006,2003-12-11,,폐업,2025-02-14,,,,1255.7,,,롯데쇼핑(주)롯데슈퍼 영화점,구분없음,I,2026-03-11 01:45:41,경기도 수원시 장안구 수성로 337 (정자동),폐업처리,3,03,0312415000,준대규모점포,200709.103362888    ,421202.490296752    ,,2025-02-17 15:30:30
3740000,2011374017307500007,2009-03-31,,폐업,2018-12-10,,,,283.1,,,롯데쇼핑(주) 롯데슈퍼 파장점,대형마트,I,2026-03-11 01:45:41,경기도 수원시 장안구 정자로 164 (정자동),폐업처리,3,03,0312265601,준대규모점포,199344.315744548    ,422597.665456616    ,,2018-12-10 17:40:07
3740000,2011374017307500008,2011-08-05,,폐업,2019-08-27,,,,180,,,롯데쇼핑(주) 롯데슈퍼 수원세류점,대형마트,I,2026-03-11 01:45:41,경기도 수원시 권선구 세류로 328-8 (세류동),폐업처리,3,03,0318985602,준대규모점포,,,,2019-08-27 10:08:46
3740000,2011374017307500009,2011-11-18,,폐업,2016-09-28,,,,549.4,,,롯데쇼핑(주) 롯데슈퍼 화서2동점,대형마트,I,2026-03-11 01:45:41,경기도 수원시 팔달구 화양로 53 (화서동),폐업처리,3,03,0312455606,준대규모점포,199570.340199943    ,420083.741865284    ,,2016-09-28 11:21:03
3740000,2011374017307500011,2011-08-12,,폐업,2020-05-31,,,,356.6,,,롯데쇼핑(주) 롯데슈퍼 화서3점,구분없음,I,2026-03-11 01:45:41,경기도 수원시 팔달구 동말로25번길 100 (화서동),폐업처리,3,03,0314225601,준대규모점포,199473.580177915    ,419997.304971529    ,,2022-01-06 20:49:24
3740000,2014374017307500003,2014-09-16,,폐업,2018-10-31,,,,658.79,,,(주)이마트에브리데이 인계점,구분없음,I,2026-03-11 01:45:41,경기도 수원시 팔달구 장다리로 306-29 (인계동),폐업처리,3,03,0312233701,준대규모점포,,,,2018-10-31 10:06:47
3740000,2019374039007500003,2019-11-26,,폐업,2022-07-13,,,,6332.04,,16670,수원축산농협 하나로마트,그 밖의 대규모점포,I,2026-03-11 01:45:42,경기도 수원시 권선구 곡반정로 121 (곡반정동)[*미고시],폐업처리,3,03,0312673871,대규모점포,202671.615398181    ,415224.539995859    ,경기도 수원시 권선구 곡반정동 555번지,2022-07-18 10:02:29
3740000,2019374039007500004,2019-11-26,,폐업,2022-07-13,,,,6332.04,,16670,수원축산농협 하나로마트,그 밖의 대규모점포,I,2026-03-11 01:45:42,경기도 수원시 권선구 곡반정로 121 (곡반정동)[*미고시],폐업처리,3,03,0312673871,대규모점포,202671.615398181    ,415224.539995859    ,경기도 수원시 권선구 곡반정동 555번지,2022-07-18 10:04:25
3740000,2023374039007500004,2023-09-05,,폐업,2023-09-06,,,,0,,16512,홈플러스 익스프레스 수원이의점,구분없음,I,2026-03-11 01:45:42,경기도 수원시 영통구 광교중앙로266번길 20 (하동),폐업처리,3,03,0312148542,준대규모점포,206015.94202382     ,421207.585789711    ,경기도 수원시 영통구 하동 983-4,2023-09-06 13:04:35
3780000,2000378007607510051,1997-07-11,,영업/정상,,,,,,,,한솔프라자시장,그 밖의 대규모점포,I,2025-12-15 16:15:28,경기도 성남시 분당구 내정로17번길 2 (정자동),정상영업,1,01,0317154122,,210070.897509839    ,428945.094477043    ,경기도 성남시분당구 정자동 127번지 3호   ,2007-07-07 11:25:20
3780000,2001378007607500001,2001-08-20,,휴업,,,,,18266.71,,,씨마1020 분당점,쇼핑센터,I,2025-12-15 16:15:28,,휴업처리,2,02,,,,,경기도 성남시분당구 서현동 호   ,2007-07-07 11:25:20
3780000,2001378010607500001,2004-08-24,,휴업,,,,,18588.08,,,씨마1020분당점,쇼핑센터,I,2025-12-15 16:15:28,,휴업처리,2,02,,,,,경기도 성남시분당구 서현동 호   ,2007-07-07 11:25:20
3780000,2002378007607500001,2002-04-20,,영업/정상,,,,,20698.77,,13630,이천일아울렛 분당점,복합쇼핑몰,U,2026-05-08 03:03:03,"경기도 성남시 분당구 미금일로154번길 20, 2001아울렛 (구미동)",정상영업,1,01,0317862001,대규모점포,209436.079182931    ,427437.237499513    ,경기도 성남시 분당구 구미동 11번지 4호 2001아울렛,2026-05-07 15:08:27
3780000,2002378007607500002,2002-09-18,,휴업,,2013-05-09,2013-05-09,2013-05-09,12491.63,,,(주) 세이브존 아이엔시 성남점,그 밖의 대규모점포,I,2025-12-15 16:15:28,,휴업처리,2,02,0317459000,대규모점포,,,경기도 성남시수정구 신흥동 2463-5호,2013-05-09 15:40:42
3780000,2002378007607500003,2002-09-27,,영업/정상,,,,,25571.68,,,뉴코아백화점,백화점,I,2025-12-15 16:15:28,,정상영업,1,01,0317803000,대규모점포,,,경기도 성남시분당구 야탑동 357-1호,2014-11-25 17:00:57
3780000,2003378010607500001,2003-03-03,,휴업,,,,,,,,한양브라자 분당점,그 밖의 대규모점포,I,2025-12-15 16:15:28,경기도 성남시 분당구 내정로173번길 11 (수내동),휴업처리,2,02,,,210421.232418185    ,430307.058659489    ,경기도 성남시분당구 수내동 29호   ,2007-07-07 11:25:20
3780000,2004378010607500001,2004-07-16,,휴업,,,,,16792.96,,,이천일아울렛,대형마트,I,2025-12-15 16:15:28,경기도 성남시 분당구 미금일로154번길 20 (구미동),휴업처리,2,02,0317192001,,209435.930737593    ,427476.184354786    ,경기도 성남시분당구 구미동 11번지 1호   ,2007-07-07 11:25:20
3780000,2005378010607500001,2005-01-12,,휴업,,,,,7440.61,,,테마폴리스,그 밖의 대규모점포,I,2025-12-15 16:15:28,경기도 성남시 분당구 성남대로925번길 16 (야탑동),휴업처리,2,02,0317025574,,211202.148849893    ,434560.911834998    ,경기도 성남시분당구 야탑동 341호   ,2007-07-07 11:25:20
3780000,2005378010607500002,2005-01-26,,휴업,,,,,3519.96,,,주식회사 에이치비,그 밖의 대규모점포,I,2025-12-15 16:15:28,경기도 성남시 중원구 성남대로1130번길 26 (성남동),휴업처리,2,02,,,211651.11473902     ,436497.22522918     ,경기도 성남시중원구 성남동 4031호   ,2007-07-07 11:25:20
3780000,2011378019307500007,2011-12-22,,폐업,2013-01-21,,,,637.74,463-060,,(주)지에스리테일 GS수퍼 분당매송점,대형마트,I,2025-12-15 16:15:28,"경기도 성남시 분당구 판교로 430, 지하1층 101~110호 (이매동)",폐업처리,3,03,0317061600,준대규모점포,210682.332944226    ,433529.550651555    ,경기도 성남시 분당구 이매동 132번지 지하1층 101~110호,2013-02-27 11:05:30
3780000,2012378021907500001,2012-04-03,,폐업,2020-02-14,,,,243.9,463-833,,홈플러스(주),구분없음,I,2025-12-15 16:15:28,"경기도 성남시 분당구 내정로 58, 1층 101~105호 (정자동)",폐업처리,3,03,0317178546,준대규모점포,210134.637941368    ,429264.635322598    ,경기도 성남시 분당구 정자동 117번지 1호   101~105호,2020-02-14 15:42:41
3780000,2012378021907500002,2012-04-03,,폐업,2015-04-20,,,,323.7,463-827,,롯데슈퍼 야탑2점,복합쇼핑몰,I,2025-12-15 16:15:28,"경기도  매화로 41, 금강빌딩 B1층층",폐업처리,3,03,0317090046,준대규모점포,211755.554536918    ,434364.650587737    ,경기도 성남시 분당구 야탑동 382번지 7호,2015-04-24 14:05:13
3780000,2012378021907500003,2012-04-10,,폐업,2020-02-14,,,,221.1,461-804,,홈플러스(주) 익스프레스 성남수진점점,구분없음,I,2025-12-15 16:15:28,경기도 성남시 수정구 수정로 140 (수진동),폐업처리,3,03,0317238545,준대규모점포,211935.912354932    ,437751.740876423    ,경기도 성남시 수정구 수진1동 2번지,2020-02-14 14:43:38
3780000,2012378021907500006,2012-07-18,,폐업,2020-02-14,,,,386.5,463-023,,홈플러스(주) 익스프레스 푸른마을점,구분없음,I,2025-12-15 16:15:28,경기도 성남시 분당구 불정로 255 (수내동),폐업처리,3,03,0317268545,준대규모점포,211126.322091631    ,429438.144792554    ,경기도 성남시 분당구 수내3동 83번지 3호,2020-02-14 15:41:51
3780000,2012378021907500007,2012-07-18,,폐업,2020-02-14,,,,2215.84,463-021,,홈플러스(주) 익스프레스 수내점,구분없음,I,2025-12-15 16:15:28,"경기도 성남시 분당구 내정로173번길 11 (수내동,양지마을상가 B01호)",폐업처리,3,03,0317128501,준대규모점포,210421.232418185    ,430307.058659489    ,경기도 성남시 분당구 수내1동 29번지 양지마을상가 B01호,2020-02-14 15:39:40
3780000,2012378021907500009,2012-07-18,,폐업,2020-02-14,,,,260,463-050,,홈플러스(주) 익스프레스 서현점,구분없음,I,2025-12-15 16:15:28,경기도 성남시 분당구 불정로 382 (서현동),폐업처리,3,03,0317818546,준대규모점포,212079.053383154    ,430243.356013186    ,경기도 성남시 분당구 서현동 306번지 1호,2020-02-14 15:39:08
3780000,2016378027807500001,2016-03-21,,폐업,2020-07-27,,,,3692,,13530,일렉트로마트 판교점,그 밖의 대규모점포,I,2025-12-15 16:15:28,"경기도 성남시 분당구 대왕판교로606번길 10 (백현동, 알파리움1단지)",폐업처리,3,03,03180161306,대규모점포,209511.303885931    ,432604.40297927     ,,2020-07-27 15:51:05
3780000,1998378010607500001,1998-09-17,,폐업,2009-03-02,,,,9032.62,463-710,,홈플러스테스코(주)분당오리점,대형마트,I,2025-12-15 16:15:28,경기도 성남시 분당구 탄천상로151번길 20 (구미동),폐업처리,3,03,03108842080,,209409.160207927    ,426451.358939753    ,경기도 성남시분당구 구미동 159번지,2009-06-02 15:07:12
3780000,1999378010607500001,1999-09-06,,폐업,2020-06-05,,,,35453.64,463-721,,AK PLAZA,백화점,I,2025-12-15 16:15:28,경기도 성남시 분당구 황새울로360번길 42 (서현동),폐업처리,3,03,03107808322,대규모점포,210853.833466798    ,431447.85813153     ,경기도 성남시 분당구 서현동 263번지 삼성플라자,2023-06-26 09:12:19
3780000,2000378000007510037,1994-12-20,,폐업,2003-04-28,,,,447.6,,,세신옴니코아시장,그 밖의 대규모점포,I,2025-12-15 16:15:28,,폐업처리,3,03,03427056000,,,,경기도 성남시분당구 야탑동 367-4호,2007-08-03 10:11:36
3780000,2000378000007520004,1999-03-25,,폐업,2020-08-31,,,,7298.26,,,롯데마트 서현점,대형마트,I,2025-12-15 16:15:28,경기도 성남시 분당구 황새울로311번길 28 (서현동),폐업처리,3,03,0317892500,대규모점포,210610.797991188    ,431555.137739279    ,경기도 성남시분당구 서현동 275호,2021-01-07 12:52:50
3780000,2000378000007530052,1995-10-14,,폐업,2002-09-24,,,,10244.32,,,한신코아백화점성남점,백화점,I,2025-12-15 16:15:28,경기도 성남시 수정구 산성대로 337 (신흥동),폐업처리,3,03,03427301961,,213499.485770645    ,437994.885930918    ,경기도 성남시수정구 신흥동 2463번지 5   호,2007-08-06 11:03:46
3780000,2000378000007530971,1997-03-04,,폐업,2001-08-16,,,,20162.4,,,서현킴스,백화점,I,2025-12-15 16:15:28,경기도 성남시 분당구 분당로 55 (서현동),폐업처리,3,03,03427795501,,210704.424973834    ,431202.672919827    ,경기도 성남시분당구 서현동 266번지 1   호,2007-08-06 10:27:58
3780000,2000378000007530972,1997-04-22,,폐업,2001-09-06,,,,44.23,,,뉴코아분당지점,백화점,I,2025-12-15 16:15:28,,폐업처리,3,03,03427385502,,,,"경기도 성남시분당구 구미동 10, 11번지 1   호",2007-08-06 10:10:14
3780000,2005378010607500004,1998-09-17,,폐업,2007-10-16,,,,0,,,한국까르푸분당점,대형마트,I,2025-12-15 16:15:28,경기도 성남시 분당구 탄천상로151번길 20 (구미동),폐업처리,3,03,0317103187,,209409.160207927    ,426451.358939753    ,경기도 성남시분당구 구미동 159호,2007-11-30 10:05:22
3780000,2005378010607500005,1997-11-22,,폐업,2002-05-25,,,,19419.29,,,뉴코아아울렛분당점,대형마트,I,2025-12-15 16:15:28,경기도 성남시 분당구 야탑로81번길 11 (야탑동),폐업처리,3,03,0317803501,,211200.046775342    ,434263.681539619    ,경기도 성남시분당구 야탑동 357번지 1호,2007-08-06 10:43:15
3780000,2005378010607500011,2001-08-03,,폐업,2005-09-14,,,,18516.8,,,씨마1020,쇼핑센터,I,2025-12-15 16:15:28,,폐업처리,3,03,0316001092,,,,경기도 성남시분당구 서현동 166-1.2호,2007-07-26 14:47:24
3780000,2005378010607500013,2005-11-08,,폐업,2005-11-08,,,,0,,,금호종합시장,시장,I,2025-12-15 16:15:28,경기도 성남시 분당구 내정로165번길 38 (수내동),폐업처리,3,03,0317117268,,210266.615561066    ,430478.681449364    ,경기도 성남시분당구 수내동 32호,2007-11-29 09:54:32
3780000,2005378010607500017,2005-11-30,,폐업,2020-12-28,,,,13184,462-130,,뉴코아 모란점,전문점,I,2025-12-15 16:15:28,경기도 성남시 중원구 성남대로 1136 (성남동),폐업처리,3,03,0317295000,대규모점포,211415.246751948    ,436591.639138549    ,경기도 성남시 중원구 성남동 3499번지,2021-02-22 09:05:22
3780000,2006378010607500001,2006-02-14,,폐업,2008-06-05,,,,3519.96,,,에이치비 스위티마트,그 밖의 대규모점포,I,2025-12-15 16:15:28,경기도 성남시 중원구 성남대로1130번길 26 (성남동),폐업처리,3,03,0317536392,,211651.11473902     ,436497.22522918     ,경기도 성남시중원구 성남동 4031호,2009-06-12 14:15:27
3780000,2006378010607500002,2006-09-08,,폐업,2022-08-08,,,,13385.2,463-500,,CGV Square,그 밖의 대규모점포,I,2025-12-15 16:15:28,경기도 성남시 분당구 탄천상로151번길 20 (구미동),폐업처리,3,03,0317285802,대규모점포,209409.160207927    ,426451.358939753    ,경기도 성남시 분당구 구미동 159번지,2022-09-01 14:53:24
3780000,2009378019307500007,1974-12-11,,폐업,2023-04-10,,,,2338.32,461-193,,현대시장,시장,I,2025-12-15 16:15:28,경기도 성남시 수정구 수정북로 18 (태평동),폐업처리,3,03,0317532828,대규모점포,211608.842786941    ,437736.378292736    ,경기도 성남시 수정구 태평3동 3683번지,2023-03-27 10:13:03
3780000,2009378021907500001,2009-08-28,,폐업,2022-11-15,,,,185.12,463-070,,롯데쇼핑(주)롯데슈퍼 야탑점,구분없음,I,2025-12-15 16:15:28,경기도 성남시 분당구 장미로 139 (야탑동),폐업처리,3,03,0222905853,준대규모점포,211948.108011518    ,434685.457915843    ,경기도 성남시 분당구 야탑동 215번지,2022-11-16 10:28:03
3780000,2010378021907500001,2010-02-25,,폐업,2025-02-24,,,,418.8,463-030,,롯데쇼핑(주)롯데슈퍼 분당점,구분없음,I,2025-12-15 16:15:28,경기도 성남시 분당구 장안로16번길 14 (분당동),폐업처리,3,03,0222905853,준대규모점포,212588.645719491    ,429536.610567501    ,경기도 성남시 분당구 분당동 161번지 2호,2025-03-10 15:27:18
3780000,2011378019307500001,2011-08-11,,폐업,2017-07-03,,,,846,463-050,,(주)지에스리테일 분당서현점,그 밖의 대규모점포,I,2025-12-15 16:15:28,"경기도 성남시 분당구 돌마로 478 (서현동,지하1층)",폐업처리,3,03,03180235041,준대규모점포,211747.991008008    ,430553.98474372     ,경기도 성남시 분당구 서현동 298번지 3호 지하1층,2017-07-04 11:45:35
3780000,2011378019307500004,2011-09-23,,폐업,2019-12-09,,,,300.5,462-130,,롯데쇼핑(주)롯데슈퍼모란점,구분없음,I,2025-12-15 16:15:28,경기도 성남시 중원구 성남대로 1129 (성남동),폐업처리,3,03,0317025602,준대규모점포,211335.395913077    ,436495.735614396    ,경기도 성남시 중원구 성남동 4180번지,2019-12-11 15:54:27
3780000,2005378010607500010,2005-08-23,,영업/정상,,,,,4575.76,,,테마폴리스지하1층점,그 밖의 대규모점포,I,2025-12-15 16:15:28,경기도 성남시 분당구 성남대로925번길 16 (야탑동),정상영업,1,01,03107250131,,211202.148849893    ,434560.911834998    ,경기도 성남시분당구 야탑동 341호,2008-11-28 10:37:25
3780000,2005378010607500012,2005-09-20,,영업/정상,,,,,13715.2,,,세이브존 성남점,복합쇼핑몰,I,2025-12-15 16:15:28,경기도 성남시 수정구 산성대로 337 (신흥동),정상영업,1,01,0317378603,대규모점포,213499.485770645    ,437994.885930918    ,경기도 성남시수정구 신흥동 2463번지 5호,2024-04-23 13:45:03
3780000,2005378010607500014,2005-12-01,,영업/정상,,,,,11615.33,,,니즈,그 밖의 대규모점포,I,2025-12-15 16:15:28,경기도 성남시 중원구 성남대로 1136 (성남동),정상영업,1,01,0317291000,,211415.246751948    ,436591.639138549    ,경기도 성남시중원구 성남동 3499호,2007-07-19 15:04:20
3780000,2005378010607500015,2005-05-27,,영업/정상,,,,,7440.61,463-828,,"테마폴리스 지상1,2층",그 밖의 대규모점포,I,2025-12-15 16:15:28,"경기도 성남시 분당구 성남대로925번길 16 (야탑동,테마폴리스 지상1,2층)",정상영업,1,01,0317025574,대규모점포,211202.148849893    ,434560.911834998    ,"경기도 성남시분당구 야탑동 341번지 테마폴리스 지상1,2층",2018-02-12 11:46:35
3780000,2007378010607500001,2007-03-09,,영업/정상,,,,,13912,,13560,더샵 스타파크 쇼핑몰,그 밖의 대규모점포,I,2025-12-15 16:15:28,"경기도 성남시 분당구 정자일로 121 (정자동, 더샵스타파크)",정상영업,1,01,03180225111,대규모점포,209246.187569379    ,428774.799450215    ,경기도 성남시 분당구 정자동 174번지 1호 더샵스타파크,2025-04-03 15:51:22
3780000,2008378010607500001,1995-02-28,2009-01-30,취소/말소/만료/정지/중지,,,,,4386.43,463-827,,관보종합시장,시장,I,2025-12-15 16:15:28,경기도 성남시 분당구 성남대로916번길 5 (야탑동),직권취소,4,04,0317049464,,211426.820391674    ,434400.525152819    ,경기도 성남시분당구 야탑동 366번지 1호,2009-02-10 11:15:51
3780000,2009378019307500001,2009-03-12,,영업/정상,,,,,8854,,13636,홈플러스(주) 분당오리점,대형마트,I,2025-12-15 16:15:28,경기도 성남시 분당구 탄천상로151번길 20 (구미동),정상영업,1,01,0318842080,대규모점포,209409.160207927    ,426451.358939753    ,경기도 성남시 분당구 구미동 159호,2024-02-29 16:16:07
3780000,2005378010607500003,1996-11-02,,영업/정상,,,,,11371.32,,,(주)이마트분당점,대형마트,I,2025-12-15 16:15:28,경기도 성남시 분당구 불정로 134 (정자동),정상영업,1,01,0317101052,대규모점포,210542.529800466    ,428535.664844133    ,경기도 성남시분당구 정자동 211호,2024-04-17 10:50:36
3780000,2005378010607500006,1994-04-02,,휴업,,,,,0,,,상지시장,그 밖의 대규모점포,I,2025-12-15 16:15:28,경기도 성남시 분당구 내정로165번길 38 (수내동),휴업처리,2,02,03427193345,,210266.615561066    ,430478.681449364    ,경기도 성남시분당구 수내동 32호   ,2007-07-07 11:25:20
3780000,2005378010607500007,2005-07-25,,휴업,,,,,6288.98,,,테마폴리스지하2층점,그 밖의 대규모점포,I,2025-12-15 16:15:28,경기도 성남시 분당구 성남대로925번길 16 (야탑동),휴업처리,2,02,,,211202.148849893    ,434560.911834998    ,경기도 성남시분당구 야탑동 341호   ,2007-07-07 11:25:20
3780000,2005378010607500008,2005-07-25,,영업/정상,,,,,6288.98,,,테마폴리스 지하2층점,그 밖의 대규모점포,I,2025-12-15 16:15:28,경기도 성남시 분당구 성남대로925번길 16 (야탑동),정상영업,1,01,0317250713,대규모점포,211202.148849893    ,434560.911834998    ,경기도 성남시분당구 야탑동 341호,2018-02-12 11:48:13
3780000,2005378010607500009,1997-08-29,,영업/정상,,,,,10030,,,야탑에이스코아시장,시장,I,2025-12-15 16:15:28,경기도 성남시 분당구 야탑로 64 (야탑동),정상영업,1,01,0317028170,,211065.544875713    ,434158.249686234    ,경기도 성남시분당구 야탑동 502호,2009-06-16 14:47:15
3780000,1997378000007510052,1997-08-29,,영업/정상,,,,,,,,야탑에이스코아시장,그 밖의 대규모점포,I,2025-12-15 16:15:28,경기도 성남시 분당구 야탑로 64 (야탑동),정상영업,1,01,03427028170,,211065.544875713    ,434158.249686234    ,경기도 성남시분당구 야탑동 502호   ,2007-07-07 11:25:20
3780000,2000378000007510001,1992-07-03,,영업/정상,,,,,,,,현대시장,그 밖의 대규모점포,I,2025-12-15 16:15:28,경기도 성남시 분당구 중앙공원로40번길 8 (서현동),정상영업,1,01,03427011240,,211462.754186616    ,430856.274957711    ,경기도 성남시분당구 서현동 94호   ,2007-07-07 11:25:20
3780000,2000378000007510003,1974-10-18,,영업/정상,,,,,2077.05,,,모란시장,그 밖의 대규모점포,I,2025-12-15 16:15:28,경기도 성남시 중원구 둔촌대로69번길 8 (성남동),정상영업,1,01,0317514214,대규모점포,211208.238564181    ,436507.499228018    ,경기도 성남시중원구 성남동 4214호,2023-12-11 16:11:32
3780000,2000378000007510004,1974-12-11,,영업/정상,,,,,,,,현대시장,그 밖의 대규모점포,I,2025-12-15 16:15:28,경기도 성남시 수정구 수정북로 18 (태평동),정상영업,1,01,03427532828,,211608.842786941    ,437736.378292736    ,경기도 성남시수정구 태평동 3683호   ,2007-07-07 11:25:20
3780000,2000378000007510007,1977-07-07,,영업/정상,,,,,,,,신흥시장,그 밖의 대규모점포,I,2025-12-15 16:15:28,,정상영업,1,01,03427425564,,,,경기도 성남시수정구 신흥동 3436번지 10  호   ,2007-07-07 11:25:20
3780000,2009378019307500002,1994-12-02,,영업/정상,,,,,1567.84,463-050,,미래타운 제2종합시장,시장,I,2025-12-15 16:15:28,경기도 성남시 분당구 불정로376번길 31 (서현동),정상영업,1,01,0317048151,,212239.32415708     ,430042.370736928    ,경기도 성남시 분당구 서현동 311번지,2009-06-08 16:32:30
3780000,2009378019307500003,1993-07-14,,영업/정상,,,,,5931.95,463-020,,동신종합시장,시장,I,2025-12-15 16:15:28,경기도 성남시 분당구 돌마로 361 (수내동),정상영업,1,01,0317118628,,210818.818495558    ,429844.390589942    ,경기도 성남시 분당구 수내동 63번지 2호,2009-06-08 17:17:44
3780000,2009378019307500004,1977-07-07,,영업/정상,,,,,2287.6,461-812,,신흥시장,시장,I,2025-12-15 16:15:28,경기도 성남시 수정구 수정로214번길 6 (신흥동),정상영업,1,01,0317425564,,212618.93002984     ,437990.051610637    ,경기도 성남시 수정구 신흥3동 3436번지 10호,2009-06-10 15:01:35
3780000,2009378019307500005,1992-07-03,,영업/정상,,,,,4627.98,463-050,,분당 현대시장,시장,I,2025-12-15 16:15:28,경기도 성남시 분당구 중앙공원로40번길 8 (서현동),정상영업,1,01,0317011240,,211462.754186616    ,430856.274957711    ,경기도 성남시 분당구 서현동 94번지,2009-07-17 10:50:54
3780000,2009378019307500006,1994-12-02,,영업/정상,,,,,4237.13,463-050,,미래타운 제1종합시장,시장,I,2025-12-15 16:15:28,경기도 성남시 분당구 불정로386번길 10 (서현동),정상영업,1,01,0317017007,,212152.341107485    ,430133.858908997    ,경기도 성남시 분당구 서현동 307번지,2009-06-12 13:37:58
3780000,2009378019307500008,1995-09-06,,영업/정상,,,,,11417.81,,,성남중앙지하시장,시장,I,2025-12-15 16:15:28,,정상영업,1,01,0317219111,대규모점포,213243.45351077     ,437926.393730154    ,경기도 성남시 수정구 신흥동 2467번지,2016-10-10 11:17:03
3780000,2009378019307500009,1996-10-19,,영업/정상,,,,,4017.97,463-020,,분당종합시장,시장,I,2025-12-15 16:15:28,,정상영업,1,01,0317169814,,,,경기도 성남시 분당구 수내동,2009-06-12 17:08:45
3780000,2009378019307500010,1994-12-02,,영업/정상,,,,,3995.75,463-050,,코코프라자 시장,시장,I,2025-12-15 16:15:28,경기도 성남시 분당구 서현로210번길 20 (서현동),정상영업,1,01,0317077315,,210921.448431351    ,431547.599479153    ,경기도 성남시 분당구 서현동 248번지 5호,2009-06-12 17:37:44
3780000,2009378019307500011,1993-11-05,,영업/정상,,,,,5228.63,462-241,,단대마트시장,시장,I,2025-12-15 16:15:28,,정상영업,1,01,0317498982,,213918.08132177     ,438064.646460358    ,경기도 성남시 중원구 금광1동 10번지,2009-06-16 14:46:24
3780000,2010378019307500001,2010-08-31,,영업/정상,,,,,14172.39,461-826,,(주)이마트 성남점,쇼핑센터,I,2025-12-15 16:15:28,경기도 성남시 수정구 수정로 201 (태평동),정상영업,1,01,03180231200,대규모점포,212442.882832125    ,438023.009514472    ,경기도 성남시 수정구 태평4동 7336번지,2024-04-17 12:56:40
3780000,2010378021907500002,2010-08-24,,영업/정상,,,,,300.2,463-060,,롯데프레시 분당이매점,구분없음,I,2025-12-15 16:15:28,경기도 성남시 분당구 양현로94번길 15 (이매동),정상영업,1,01,0317075602,준대규모점포,211079.124182939    ,432158.013981543    ,경기도 성남시 분당구 이매동 120번지 4호,2023-06-14 09:52:45
3780000,2011378019307500002,2011-08-11,,영업/정상,,,,,555,463-050,,GS수퍼마켓 분당시범단지점,구분없음,I,2025-12-15 16:15:28,"경기도 성남시 분당구 중앙공원로31번길 42 (서현동,서현파크 제158호,제159호)",정상영업,1,01,0317812141,준대규모점포,211043.779309531    ,431230.68949626     ,"경기도 성남시 분당구 서현동 89번지 서현파크 제158호,제159호",2025-04-24 16:23:56
3780000,2011378019307500003,2011-08-11,,영업/정상,,,,,670,463-819,,GS수퍼마켓 미래점,구분없음,I,2025-12-15 16:15:28,"경기도 성남시 분당구 불정로376번길 37 (서현동,(312-4))",정상영업,1,01,0317011913,준대규모점포,212277.21202208     ,429964.013853484    ,경기도 성남시 분당구 서현동 312번지 3호 (312-4),2025-04-24 16:11:39
3780000,2011378019307500005,2011-09-23,,영업/정상,,,,,96.9,461-182,,롯데쇼핑(주)롯데슈퍼수진점(Mareket999),구분없음,I,2025-12-15 16:15:28,,정상영업,1,01,0317525601,준대규모점포,211397.775782995    ,436910.315190825    ,경기도 성남시 수정구 수진2동 4518번지,2017-04-14 16:59:40
3780000,2011378019307500006,2011-09-23,,영업/정상,,,,,915.7,463-050,,롯데쇼핑(주)롯데슈퍼분당서현점,구분없음,I,2026-04-24 21:48:23,"경기도 성남시 분당구 중앙공원로40번길 42, 49동 지층2호호 (서현동,우성종합상가)",정상영업,1,01,,준대규모점포,211634.947468641    ,430700.43371996     ,경기도 성남시 분당구 서현동 94번지 3호 우성종합상가  49동 지층2호호,2026-04-22 16:33:20
3780000,2012378019307500001,2012-02-14,,영업/정상,,,,,745.28,463-905,,(주)이마트에브리데이 이매동점,구분없음,I,2025-12-15 16:15:28,"경기도 성남시 분당구 양현로94번길 29, 이매동 이매촌상가동비01호 (이매동)",정상영업,1,01,0317030074,준대규모점포,211174.949647003    ,432260.868907152    ,경기도 성남시 분당구 이매동 123번지 이매촌아파트 상가동 비01호,2024-07-24 16:34:22
3780000,2012378021907500004,2012-04-10,,영업/정상,,,,,268.4,463-806,,홈플러스(주)익스프레스 이매점,복합쇼핑몰,I,2025-12-15 16:15:28,"경기도 성남시 분당구 판교로 434, 101~103호 (이매동)",정상영업,1,01,0317818540,준대규모점포,210727.682131948    ,433676.532394235    ,경기도 성남시 분당구 이매동 131번지 2호  명건빌딩 101~103호,2024-03-29 15:00:38
3780000,2012378021907500005,2012-04-27,,영업/정상,,2013-06-17,2014-06-15,,482.5,463-420,,홈플러스(주) 익스프레스 분당동판교점,구분없음,I,2025-12-15 16:15:28,"경기도 성남시 분당구 동판교로 59, B101호 (백현동)",정상영업,1,01,03180168543,준대규모점포,210115.085178947    ,431815.870958616    ,경기도 성남시 분당구 백현동 551번지   B101호,2024-03-29 14:36:30
3780000,2012378021907500008,2012-07-18,,영업/정상,,,,,280.3,462-241,,홈플러스(주) 익스프레스 성남금광점,복합쇼핑몰,I,2025-12-15 16:15:28,경기도 성남시 중원구 금상로 61 (금광동),정상영업,1,01,0317338545,준대규모점포,214321.305489706    ,437636.832477148    ,경기도 성남시 중원구 금광1동 146번지,2024-03-29 14:32:13
3780000,2013378021907500001,2013-01-15,,영업/정상,,,,,6214.88,463-400,,롯데마트 판교점,대형마트,I,2026-01-08 21:48:13,경기도 성남시 분당구 대왕판교로606번길 58 (삼평동),정상영업,1,01,0221458000,대규모점포,209993.600292929    ,432609.081811328    ,경기도 성남시 분당구 삼평동 741번지,2026-01-07 09:40:47
3780000,2013378021907500002,2013-06-13,,영업/정상,,,,,2215.84,463-020,,홈플러스(주) 익스프레스 수내점,그 밖의 대규모점포,I,2025-12-15 16:15:28,"경기도 성남시 분당구 내정로173번길 11, B01호 (수내동,양지마을상가)",정상영업,1,01,,준대규모점포,210421.232418185    ,430307.058659489    ,경기도 성남시 분당구 수내동 29번지 양지마을상가  B01호,2024-03-28 18:08:10
3780000,2013378021907500003,2013-06-14,,영업/정상,,,,,307.8,463-010,,홈플러스(주) 익스프레스 분당정자점,구분없음,I,2025-12-15 16:15:28,"경기도 성남시 분당구 내정로 58 (정자동,스포라이프 스포츠센터 101~105)",정상영업,1,01,0317178531,준대규모점포,210134.637941368    ,429264.635322598    ,경기도 성남시 분당구 정자동 117번지 1호  스포라이프 스포츠센터 101~105,2024-03-28 17:50:51
3780000,2013378021907500004,2013-06-14,,영업/정상,,,,,260,463-050,,홈플러스(주) 익스프레스 서현점,구분없음,I,2025-12-15 16:15:28,경기도 성남시 분당구 불정로 382 (서현동),정상영업,1,01,0317818547,준대규모점포,212079.053383154    ,430243.356013186    ,경기도 성남시 분당구 서현동 306번지 1호,2024-03-29 14:59:19
3780000,2013378021907500005,2013-06-14,,영업/정상,,,,,385.85,463-020,,홈플러스(주) 익스프레스 푸른마을점,구분없음,I,2025-12-15 16:15:28,경기도 성남시 분당구 불정로 255 (수내동),정상영업,1,01,0317268546,준대규모점포,211126.322091631    ,429438.144792554    ,경기도 성남시 분당구 수내동 83번지 3호,2024-03-29 14:34:44
3780000,2013378021907500006,2013-06-14,,영업/정상,,,,,291.9,461-180,,홈플러스(주) 익스프레스 수진점,구분없음,I,2025-12-15 16:15:28,경기도 성남시 수정구 수정로 140 (수진동),정상영업,1,01,0317238545,준대규모점포,211935.912354932    ,437751.740876423    ,경기도 성남시 수정구 수진동 2번지,2024-03-28 17:49:20
3780000,2014378021907500001,2014-10-02,,영업/정상,,,,,295,,,홈플러스(주) 익스프레스 분당점,구분없음,I,2025-12-15 16:15:28,경기도 성남시 분당구 장안로 39 (분당동),정상영업,1,01,0317018549,준대규모점포,212637.407607508    ,429830.868576239    ,,2024-03-29 14:37:33
3780000,2015378021907500001,2015-04-14,,영업/정상,,,,,59887.88,,13529,현대백화점 판교점,백화점,I,2025-12-15 16:15:28,"경기도 성남시 분당구 판교역로146번길 20, 현대백화점 판교점 (백현동)",정상영업,1,01,07072049702,대규모점포,209850.446960528    ,432304.149379043    ,경기도 성남시 분당구 백현동 541 현대백화점 판교점,2024-03-04 16:12:15
3780000,2016378027807500002,2016-03-21,,영업/정상,,,,,3692,,13530,일렉트로마트 판교점,전문점,I,2025-12-15 16:15:28,"경기도 성남시 분당구 대왕판교로606번길 10 (백현동, 알파리움1단지)",영업개시전,5,01,023809396,대규모점포,209511.303885931    ,432604.40297927     ,경기도 성남시 분당구 백현동 531번지,2020-07-27 15:48:11
3780000,2021378033407500001,2021-04-08,,영업/정상,,,,,19968.31,,13449,파미어스몰,쇼핑센터,I,2025-12-15 16:15:28,경기도 성남시 수정구 창업로 17 (시흥동),정상영업,1,01,0269597817,대규모점포,208613.865984257    ,434443.112052722    ,경기도 성남시 수정구 시흥동 288-2,2025-05-13 16:41:14
3780000,2023378033407500001,2023-11-08,,영업/정상,,,,,264,,13567,지에스 더 프레시 이매역점,그 밖의 대규모점포,I,2025-12-15 16:15:28,"경기도 성남시 분당구 이매로 45, 이수프라자 (이매동)",정상영업,1,01,0220062678,준대규모점포,211075.414504468    ,432554.577507596    ,경기도 성남시 분당구 이매동 115-2 이수프라자,2025-05-13 16:52:00
3780000,2000378000007510009,1971-04-02,2014-03-24,취소/말소/만료/정지/중지,,2009-06-26,2010-06-25,2010-06-26,0,,,종합시장,그 밖의 대규모점포,I,2025-12-15 16:15:28,,직권취소,4,04,03427314300,대규모점포,212889.780307968    ,437694.304837431    ,경기도 성남시수정구 신흥동 4124호,2014-03-24 13:10:33
3780000,2000378000007510011,1971-01-16,,영업/정상,,,,,,,,제일시장,그 밖의 대규모점포,I,2025-12-15 16:15:28,,정상영업,1,01,03427580809,,,,경기도 성남시수정구 수진동 6042호   ,2007-07-07 11:25:20
3780000,2000378000007510016,1991-02-05,,영업/정상,,,,,,,,금광시장,그 밖의 대규모점포,I,2025-12-15 16:15:28,경기도 성남시 중원구 산성대로426번길 5 (금광동),정상영업,1,01,03427311520,,214080.168412906    ,438684.633822257    ,경기도 성남시중원구 금광동 4622호   ,2007-07-07 11:25:20
3780000,2000378000007510021,1993-07-14,,영업/정상,,,,,,,,동신종합시장,그 밖의 대규모점포,I,2025-12-15 16:15:28,,정상영업,1,01,03427118628,,,,경기도 성남시분당구 수내동 63번지 2   호   ,2007-07-07 11:25:20
3780000,2000378000007510022,1993-11-05,,영업/정상,,,,,,,,단대마트시장,그 밖의 대규모점포,I,2025-12-15 16:15:28,,정상영업,1,01,03427498982,,213918.08132177     ,438064.646460358    ,경기도 성남시중원구 금광동 10호   ,2007-07-07 11:25:20
3780000,2000378000007510030,1994-08-18,,휴업,,,,,,,,금산시장,그 밖의 대규모점포,I,2025-12-15 16:15:28,,휴업처리,2,02,03427118153,,,,경기도 성남시분당구 수내동 63-1호   ,2007-07-07 11:25:20
3780000,2000378000007510033,1994-12-02,,영업/정상,,,,,,,,코코프라자시장,그 밖의 대규모점포,I,2025-12-15 16:15:28,,정상영업,1,01,03427077315,,,,경기도 성남시분당구 서현동 248-5.6호   ,2007-07-07 11:25:20
3780000,2000378000007510034,1994-12-02,,영업/정상,,,,,,,,미래타운제1종합시장,그 밖의 대규모점포,I,2025-12-15 16:15:28,경기도 성남시 분당구 불정로386번길 10 (서현동),정상영업,1,01,03427017007,,212152.341107485    ,430133.858908997    ,경기도 성남시분당구 서현동 307호   ,2007-07-07 11:25:20
3780000,2000378000007510035,1994-12-02,,영업/정상,,,,,,,,미래타운제2종합시장,그 밖의 대규모점포,I,2025-12-15 16:15:28,경기도 성남시 분당구 불정로376번길 31 (서현동),정상영업,1,01,03427048151,,212239.32415708     ,430042.370736928    ,경기도 성남시분당구 서현동 311호   ,2007-07-07 11:25:20
3780000,2000378000007510042,1995-09-06,,영업/정상,,,,,,,,성남중앙지하시장,그 밖의 대규모점포,I,2025-12-15 16:15:28,,정상영업,1,01,03427216111,,213243.45351077     ,437926.393730154    ,경기도 성남시수정구 신흥동 2467호 외 10필지  ,2007-07-07 11:25:20
3780000,2000378000007510053,1997-10-06,,영업/정상,,,,,36532.47,,13591,AK PLAZA 분당점,복합쇼핑몰,I,2025-12-15 16:15:28,"경기도 성남시 분당구 황새울로360번길 42 (서현동, AK플라자)",정상영업,1,01,0317793500,대규모점포,210853.833466798    ,431447.85813153     ,경기도 성남시 분당구 서현동 263번지,2024-12-17 13:07:04
3780000,2000378000007520001,1998-09-17,,영업/정상,,,,,7772.51,,,(주)이마트분당점,대형마트,I,2025-12-15 16:15:28,경기도 성남시 분당구 불정로 134 (정자동),정상영업,1,01,0317101234,대규모점포,210542.529800466    ,428535.664844133    ,경기도 성남시분당구 정자동 211호,2023-07-05 14:30:01
3780000,2000378000007520003,1998-09-17,,휴업,,,,,9033,,,한국까르푸분당점,대형마트,I,2025-12-15 16:15:28,경기도 성남시 분당구 탄천상로151번길 20 (구미동),휴업처리,2,02,03427103187,,209409.160207927    ,426451.358939753    ,경기도 성남시분당구 구미동 159호   ,2007-07-07 11:25:20
3780000,2000378000007520005,2000-04-01,,영업/정상,,,,,10370,,,홈플러스(주) 야탑점,대형마트,I,2025-12-15 16:15:28,경기도 성남시 분당구 성남대로925번길 16 (야탑동),정상영업,1,01,0317052080,대규모점포,211202.148849893    ,434560.911834998    ,경기도 성남시분당구 야탑동 341호,2024-02-29 16:08:00
3780000,2000378000007530007,1999-03-26,,영업/정상,,,,,22347.85,,13595,롯데백화점 분당점,백화점,I,2026-01-08 21:48:13,"경기도 성남시 분당구 황새울로200번길 45 (수내동, 롯데백화점)",정상영업,1,01,0317382500,대규모점포,210053.033510874    ,430715.591035213    ,경기도 성남시 분당구 수내동 14번지,2026-01-07 09:47:28
3780000,2000378000007530047,1995-09-04,,영업/정상,,,,,,,,킴스클럽성남점,백화점,I,2025-12-15 16:15:28,,정상영업,1,01,03427803501,,,,경기도 성남시분당구 야탑동 357번지 1   호   ,2007-07-07 11:25:20
3780000,2000378000007530973,1995-09-04,,영업/정상,,,,,25663.32,,13497,NC백화점 야탑점,백화점,U,2026-05-07 03:03:03,"경기도 성남시 분당구 야탑로81번길 11 (야탑동, NC백화점)",정상영업,1,01,0317803502,대규모점포,211200.046775342    ,434263.681539619    ,경기도 성남시 분당구 야탑동 산 357번지 1호,2026-05-06 17:51:58
3780000,2000378000007540057,1992-12-10,,휴업,,,,,,,,한양프라자서현점,쇼핑센터,I,2025-12-15 16:15:28,경기도 성남시 분당구 중앙공원로31번길 42 (서현동),휴업처리,2,02,03427077634,,211043.779309531    ,431230.68949626     ,경기도 성남시분당구 서현동 89호   ,2007-07-07 11:25:20
3780000,2000378007607510043,1995-11-22,,영업/정상,,,,,,,,분당우성시장,그 밖의 대규모점포,I,2025-12-15 16:15:28,,정상영업,1,01,0317013557,,,,경기도 성남시분당구 서현동 94번지 3   호   ,2007-07-07 11:25:20
3780000,2000378007607510046,1996-05-20,,영업/정상,,,,,,,,현대프라자시장,그 밖의 대규모점포,I,2025-12-15 16:15:28,,정상영업,1,01,0317173044,,,,경기도 성남시분당구 수내동 79번지 2   호   ,2007-07-07 11:25:20
3780000,2000378007607510047,1996-10-19,,영업/정상,,,,,,,,분당종합시장,그 밖의 대규모점포,I,2025-12-15 16:15:28,,정상영업,1,01,0317146417,,,,"경기도 성남시분당구 수내동 83-1,2호호   ",2007-07-07 11:25:20
3780000,2000378007607510048,1996-12-20,,영업/정상,,,,,4128.21,,,코끼리상가,시장,I,2025-12-15 16:15:28,경기도 성남시 분당구 내정로166번길 7-6 (수내동),정상영업,1,01,0317140212,,210620.844064672    ,430091.101912817    ,경기도 성남시분당구 수내동 56호,2007-07-24 14:26:16
3780000,2000378007607510049,1996-12-20,,영업/정상,,,,,1645.47,,,돌고래시장,시장,I,2025-12-15 16:15:28,경기도 성남시 분당구 내정로174번길 42 (수내동),정상영업,1,01,0317120298,,210747.430620824    ,429920.004320082    ,경기도 성남시분당구 수내동 53호,2009-06-12 13:43:01
3780000,2000378007607510050,1997-03-28,,휴업,,,,,,,,판교시장,그 밖의 대규모점포,I,2025-12-15 16:15:28,경기도 성남시 분당구 내정로113번길 4 (정자동),휴업처리,2,02,0317184162,,210101.220435375    ,429851.265918459    ,경기도 성남시분당구 정자동 54번지 1호   ,2007-07-07 11:25:20
3820000,2013382017907500001,2013-07-24,,영업/정상,,,,,13503.11,,,코스트코 홀세일 의정부점,대형마트,I,2026-05-11 22:02:31,경기도 의정부시 용민로489번길 9 (민락동),정상영업,1,01,0318503300,대규모점포,210434.566999847    ,472099.165269005    ,,2015-12-08 15:06:43
3820000,2017382017907500001,2017-05-02,,폐업,2021-11-15,,,,8144.09,,11815,엘스퀘어,그 밖의 대규모점포,I,2026-05-11 22:02:31,경기도 의정부시 용민로 493 (민락동),폐업처리,3,03,0318530336,대규모점포,210383.354355243    ,471952.050120805    ,경기도 의정부시 민락동 905번지,2021-11-17 17:03:25
3820000,2000382007907500002,2000-12-07,,폐업,2020-07-31,,,,1273.1,,,롯데쇼핑(주) 마그넷 의정부점,대형마트,I,2026-05-11 22:02:22,경기도 의정부시 산단로76번길 116 (용현동),폐업처리,3,03,0318502511,준대규모점포,207357.633104922    ,471153.493650556    ,경기도 의정부시 용현동 527번지 1호,2026-04-20 13:46:59
3820000,2001382007907500004,1993-05-11,,휴업,,,,,,,,의정부역지하상가,그 밖의 대규모점포,I,2026-05-11 22:02:23,,휴업처리,2,02,0318718037,,,,경기도 의정부시 의정부동 99-6호   ,2007-07-07 10:35:33
3820000,2002382007907500001,2002-03-21,,폐업,2006-11-14,2006-11-14,2006-11-14,,755,,,제이유백화점,백화점,I,2026-05-11 22:02:23,경기도 의정부시 평화로 472 (의정부동),폐업처리,3,03,0318775000,대규모점포,,,경기도 의정부시 의정부동 100-1호,2026-04-20 13:40:31
3820000,2003382007907500001,2003-04-16,,영업/정상,,,,,32677.65,,,홈플러스의정부점,복합쇼핑몰,I,2026-05-11 22:02:23,경기도 의정부시 청사로 38 (금오동),정상영업,1,01,0318508000,대규모점포,206192.090833323    ,472186.18249487     ,경기도 의정부시 금오동 475번지 1호,2024-03-12 16:46:46
3820000,2004382007907500001,2004-11-17,,휴업,,,,,25774,,,삼성테스코(주) 홈플러스 의정부점,대형마트,I,2026-05-11 22:02:23,경기도 의정부시 청사로 38 (금오동),휴업처리,2,02,0318508000,,206192.090833323    ,472186.18249487     ,경기도 의정부시 금오동 475번지 1호   ,2007-07-07 10:35:33
3820000,2026382042207500002,2026-02-27,,영업/정상,,,,,1318.5,,11744,롯데슈퍼 신곡점,구분없음,I,2026-05-11 22:02:34,경기도 의정부시 동일로 583 (신곡동),정상영업,1,01,0318433584,준대규모점포,204869.561341151    ,470861.966898254    ,경기도 의정부시 신곡동 560,2026-02-27 15:10:47
3820000,2005382007907500003,1996-05-11,,영업/정상,,,,,8309.93,,11696,의정부역지하상가,복합쇼핑몰,I,2026-05-11 22:02:23,"경기도 의정부시 시민로 지하 100 (의정부동, 의정부지하상가)",정상영업,1,01,0318708704,대규모점포,203896.021836361    ,470661.250530153    ,경기도 의정부시 의정부동 495번지,2023-04-17 09:47:12
3820000,2006382013107500001,2006-12-27,,영업/정상,,,,,6406.64,,,롯데마트장암점,대형마트,I,2026-05-11 22:02:24,경기도 의정부시 장곡로 224 (장암동),정상영업,1,01,0318492520,대규모점포,204630.543411273    ,469034.163890834    ,경기도 의정부시 장암동 38번지 10  호,2026-04-20 13:47:37
3820000,2011382017907500001,2011-11-09,,영업/정상,,,,,51672.88,480-852,,(주)신세계 의정부점,복합쇼핑몰,I,2026-05-11 22:02:25,경기도 의정부시 평화로 525 (의정부동),정상영업,1,01,03180821042,대규모점포,204011.301931196    ,470564.015529834    ,경기도 의정부시 의정부2동 168번지 54호 외 7필지,2024-05-03 17:31:02
3820000,2012382017907500001,2012-03-20,,영업/정상,,,,,13784.64,,11814,이마트 의정부점,대형마트,I,2026-05-11 22:02:27,"경기도 의정부시 민락로 210 (민락동, 이마트)",정상영업,1,01,,대규모점포,208951.542114843    ,471192.156816017    ,경기도 의정부시 민락동 849번지,2024-04-23 15:21:02
3820000,2012382017907500002,2012-03-20,,영업/정상,,,,,1318.5,480-071,,롯데슈퍼 신곡점,복합쇼핑몰,I,2026-05-11 22:02:28,경기도 의정부시 동일로 583 (신곡동),정상영업,1,01,0318433584,준대규모점포,204869.561341151    ,470861.966898254    ,경기도 의정부시 신곡동 560번지,2024-11-13 09:12:46
3820000,2012382017907500003,2012-05-14,,영업/정상,,,,,211.57,480-844,,롯데쇼핑(주) 롯데슈퍼 가능역점,구분없음,I,2026-05-11 22:02:30,경기도 의정부시 평화로 635 (의정부동),정상영업,1,01,0318565612,준대규모점포,203877.860464049    ,471799.285751954    ,경기도 의정부시 의정부1동 235번지 17호,2021-04-15 10:22:18
3820000,2019382027107500001,2019-07-29,,영업/정상,,,,,8625.06,,11813,애비뉴모나코,그 밖의 대규모점포,I,2026-05-11 22:02:32,"경기도 의정부시 오목로 196, 민락2지구 제일풍경채 센텀-애비뉴모나코 (민락동)",정상영업,1,01,,대규모점포,208627.776413231    ,471251.468626339    ,경기도 의정부시 민락동 803 민락2지구 제일풍경채 센텀-애비뉴모나코,2025-05-08 14:36:44
3820000,2024382038007500001,2024-09-06,,영업/정상,,,,,143.5,,11699,GS THE FRESH 의정부센트럴점,구분없음,I,2026-05-11 22:02:32,"경기도 의정부시 경의로 132, 상가 c동 1층 101~105,115호 (의정부동, 의정부역센트럴자이&위브캐슬)",정상영업,1,01,,준대규모점포,204368.427119001    ,469951.268772564    ,경기도 의정부시 의정부동 724 의정부역센트럴자이&위브캐슬,2025-04-14 15:45:00
3820000,2024382038007500002,2024-09-06,,취소/말소/만료/정지/중지,,,,,143.5,,11699,GS THE FRESH 의정부센트럴점,구분없음,I,2026-05-11 22:02:32,"경기도 의정부시 경의로 132, C동 1층 101~105,115호 (의정부동, 의정부역센트럴자이&위브캐슬)",직권취소,4,04,,준대규모점포,204368.427119001    ,469951.268772564    ,경기도 의정부시 의정부동 724 의정부역센트럴자이&위브캐슬,2024-09-23 09:41:22
3820000,2025382042207500001,2025-10-31,,영업/정상,,,,,10307.5,,,트레이더스 홀세일클럽 의정부점,대형마트,I,2026-05-11 22:02:33,,영업개시전,5,01,023809553,대규모점포,,,경기도 의정부시 산곡동 773,2026-03-30 17:41:00
3820000,2026382042207500001,2026-01-12,,영업/정상,,,,,6406.64,,11722,롯데마트 장암점,대형마트,I,2026-05-11 22:02:34,"경기도 의정부시 장곡로 224, 롯데마트장암점 (장암동)",정상영업,1,01,0318492505,대규모점포,204630.543411273    ,469034.163890834    ,경기도 의정부시 장암동 38-10 롯데마트장암점,2026-01-13 15:47:30
3820000,20001208,2000-12-08,,폐업,2022-03-08,,,,10990,480-859,,롯데마트의정부점,대형마트,I,2026-05-11 22:02:21,경기도 의정부시 산단로76번길 116 (용현동),폐업처리,3,03,0318502500,대규모점포,207357.633104922    ,471153.493650556    ,경기도 의정부시 용현동 527번지 1호,2022-03-11 15:30:19
3820000,2001382007907500003,1999-11-19,,폐업,2008-11-03,,,,1039,,,미즘,그 밖의 대규모점포,I,2026-05-11 22:02:22,경기도 의정부시 태평로 76 (의정부동),폐업처리,3,03,0318456465,대규모점포,204512.615931336    ,470761.056699486    ,"경기도 의정부시 의정부동 125-5,6호",2014-03-12 09:26:56
3820000,2001382007907500005,1990-07-19,,폐업,2007-04-25,,,,2243,,,태영프라자,시장,I,2026-05-11 22:02:23,경기도 의정부시 호국로1298번길 55 (의정부동),폐업처리,3,03,0318481613,대규모점포,204217.272999911    ,470950.306957752    ,경기도 의정부시 의정부동 193-1호,2014-03-12 09:25:01
3820000,2005382007907500001,2005-07-21,,폐업,2007-09-19,,,2006-03-17,938.5,,,(주)엔터,그 밖의 대규모점포,I,2026-05-11 22:02:23,경기도 의정부시 시민로 80 (의정부동),폐업처리,3,03,0318702000,,203772.831832169    ,470619.109108938    ,경기도 의정부시 의정부동 494호,2007-07-09 14:43:50
3820000,2005382007907500002,2002-03-21,,폐업,2006-11-14,,,,0,,,제이유백화점,백화점,I,2026-05-11 22:02:23,경기도 의정부시 평화로 472 (의정부동),폐업처리,3,03,03108775000,,204198.987235386    ,470177.902472181    ,경기도 의정부시 의정부동 100번지 1호,2007-07-09 14:18:17
3820000,2012382017907500004,2012-05-14,,폐업,2017-04-17,,,,692.6,480-849,,롯데쇼핑(주) 롯데슈퍼 의정부2동점,,I,2026-05-11 22:02:31,경기도 의정부시 범골로146번길 22 (의정부동),폐업처리,3,03,0318765601,준대규모점포,203565.036815778    ,470267.079136898    ,경기도 의정부시 의정부2동 556번지 8호,2017-04-17 12:08:28
3820000,2012382017907500005,2012-05-22,,폐업,2013-09-26,,,,266.7,480-834,,홈플러스(주) 익스플레스 의정부신곡점,구분없음,I,2026-05-11 22:02:31,경기도 의정부시 신곡로 46-9 (신곡동),폐업처리,3,03,0318718545,준대규모점포,204966.657601419    ,469819.00064259     ,경기도 의정부시 신곡1동 720번지 9호,2013-11-26 09:59:36
3820000,2014382017907500001,2012-05-14,,폐업,2017-04-17,,,,692.6,,,롯데쇼핑(주)롯데슈퍼 의정부2동점,그 밖의 대규모점포,I,2026-05-11 22:02:31,경기도 범골로 146-23,폐업처리,3,03,0318765601,준대규모점포,,,,2017-04-17 12:16:33
3820000,2016382017907500001,2016-06-13,,폐업,2019-02-07,,,,15702.66,,11813,롯데아울렛 의정부점,쇼핑센터,I,2026-05-11 22:02:31,경기도 의정부시 천보로 44 (민락동),폐업처리,3,03,0269652534,대규모점포,208436.880902864    ,471310.707482348    ,경기도 의정부시 민락동 804번지 6호 외 1필지,2019-02-08 10:48:27
3820000,2000382007907500001,1976-06-01,,영업/정상,,,,,14654,480-842,,(사)의정부제일시장번영회,시장,I,2026-05-11 22:02:22,경기도 의정부시 태평로73번길 20 (의정부동),정상영업,1,01,0318462617,대규모점포,204373.018448625    ,470811.577589593    ,경기도 의정부시 의정부1동 160번지,2026-04-24 11:06:14
3830000,1961383006207500001,1961-11-06,,영업/정상,,,,,,,,안양중앙시장,그 밖의 대규모점포,I,2025-12-15 16:15:28,경기도 안양시 만안구 냉천로 196 (안양동),정상영업,1,01,0314496047,,,,경기도 안양시만안구 안양동 676번지 44호   ,2007-06-23 14:33:26
3830000,2012383018607500003,2012-03-22,,폐업,2021-11-30,,,,435.7,431-823,,롯데쇼핑(주)롯데슈퍼 안양비산점,구분없음,I,2025-12-15 16:15:28,"경기도 안양시 동안구 동안로 271 (비산동, 뉴타운아파트상가동)",폐업처리,3,03,03183825603,준대규모점포,,,경기도 안양시 동안구 비산3동 354번지 10호 뉴타운아파트 상가동,2022-01-07 16:16:40
3830000,1979383006207500001,1979-09-29,,영업/정상,,,,,,,,석수시장,그 밖의 대규모점포,I,2025-12-15 16:15:28,,정상영업,1,01,0314731155,,,,경기도 안양시만안구 석수동 387번지 288호   ,2007-06-23 14:33:26
3830000,1979383006207500003,1979-11-23,,영업/정상,,,,,1266,,,안양중앙지하도 상가,시장,I,2025-12-15 16:15:28,,정상영업,1,01,0314687814,,,,경기도 안양시만안구 안양동 1189번지 1호,2008-07-01 17:39:30
3830000,1980383006207500002,1980-10-30,,영업/정상,,,,,,,,(주)현대종합시장상가,그 밖의 대규모점포,I,2025-12-15 16:15:28,경기도 안양시 동안구 흥안대로133번길 34 (호계동),정상영업,1,01,0314565235,,196320.375577898    ,430054.379092349    ,경기도 안양시동안구 호계동 997호   ,2007-06-23 14:33:26
3830000,1986383006207500001,1986-06-24,,영업/정상,,,,,,,,역전지하상가,그 밖의 대규모점포,I,2025-12-15 16:15:28,경기도 안양시 만안구 예술공원로64번길 27 (안양동),정상영업,1,01,0314669111,,,,경기도 안양시만안구 안양동 41번지 5호   ,2007-06-23 14:33:26
3830000,1988383006207500001,1988-06-04,,영업/정상,,,,,,,,육동시장,그 밖의 대규모점포,I,2025-12-15 16:15:28,,정상영업,1,01,0314490481,,,,경기도 안양시만안구 안양동 434번지 3   호   ,2007-06-23 14:33:26
3830000,1991383006207500001,1991-03-20,,영업/정상,,,,,952.53,,,중부농수산물(주),그 밖의 대규모점포,I,2025-12-15 16:15:28,경기도 안양시 만안구 안양로248번길 23 (안양동),,BBBB,01,0314493430,,,,경기도 안양시만안구 안양동 622번지 337호   ,2007-06-23 14:33:26
3830000,1994383006207500001,1994-12-01,,휴업,,,,,23229,,,뉴코아백화점 평촌점,백화점,I,2025-12-15 16:15:28,경기도 안양시 동안구 시민대로 182 (호계동),휴업처리,2,02,0313805000,,195664.729348617    ,432092.866186939    ,경기도 안양시동안구 호계동 1040호   ,2007-06-23 14:33:26
3830000,1997383006207500001,1997-08-13,,휴업,,,,,8992.69,,,E-마트,대형마트,I,2025-12-15 16:15:28,경기도 안양시 동안구 관악대로 104 (비산동),휴업처리,2,02,0313803350,,,,경기도 안양시동안구 비산동 411번지 8호   ,2007-06-23 14:33:26
3830000,1997383006207500002,1997-12-16,,영업/정상,,,,,8174,,,이천일아울렛 안양점,쇼핑센터,U,2026-05-01 03:03:03,경기도 안양시 만안구 안양로 275 (안양동),정상영업,1,01,0314492001,대규모점포,,,경기도 안양시만안구 안양동 627번지 287호,2026-04-30 10:16:38
3830000,1999383000007500004,1999-07-22,,영업/정상,,,,,41816,,,(주)뉴코아아울렛 평촌점,복합쇼핑몰,U,2026-05-01 03:03:03,경기도 안양시 동안구 동안로 119 (호계동),정상영업,1,01,0313807536,대규모점포,195607.793974827    ,431900.704084955    ,경기도 안양시동안구 호계동 1039번지 3호,2026-04-30 10:14:13
3830000,2000383000007500003,2000-02-09,,휴업,,,,,6167.92,,,한양프라자 평촌점,그 밖의 대규모점포,I,2025-12-15 16:15:28,경기도 안양시 동안구 달안로 62 (비산동),휴업처리,2,02,0313810022,,195502.868856258    ,432568.804625745    ,경기도 안양시동안구 비산동 1109호   ,2007-06-23 14:33:26
3830000,2001383000007500001,2001-03-15,,영업/정상,,,,,108067,431-763,,안양국제유통단지,그 밖의 대규모점포,I,2025-12-15 16:15:28,"경기도 안양시 동안구 엘에스로 92 (호계동, 안양국제유통단지)",정상영업,1,01,0314793000,대규모점포,195688.283843608    ,429949.927810159    ,경기도 안양시 동안구 호계동 555번지 9호,2014-10-28 14:14:57
3830000,2001383000007500002,2001-03-16,,영업/정상,,,,,,,,샤크존,그 밖의 대규모점포,I,2025-12-15 16:15:28,경기도 안양시 동안구 평촌대로243번길 30 (비산동),정상영업,1,01,0313456903,,195769.966943865    ,432304.250823794    ,경기도 안양시동안구 비산동 1110번지 1호   ,2007-06-23 14:33:26
3830000,2001383006207500001,2001-09-10,,휴업,,,,,6987.46,,,제페(JEFE),그 밖의 대규모점포,I,2025-12-15 16:15:28,경기도 안양시 만안구 안양로 316 (안양동),휴업처리,2,02,0314430171,,,,경기도 안양시만안구 안양동 668번지 33호   ,2007-06-23 14:33:26
3830000,2002383006207500002,2002-08-29,,휴업,,,,,10130.95,,,월마트슈퍼센터 평촌점,대형마트,I,2025-12-15 16:15:28,경기도 안양시 동안구 시민대로 300 (관양동),휴업처리,2,02,0313816004,,196752.332727486    ,432521.042909087    ,경기도 안양시동안구 관양동 1608번지 3호   ,2007-06-23 14:33:26
3830000,2002383006207500003,2002-08-29,,영업/정상,,,,,10130,431-060,,(주)이마트평촌점,대형마트,I,2025-12-15 16:15:28,경기도 안양시 동안구 시민대로 300 (관양동),정상영업,1,01,0316871052,대규모점포,196752.332727486    ,432521.042909087    ,경기도 안양시동안구 관양동 1608번지 3호,2024-04-18 11:26:27
3830000,2003383006207500001,2003-12-12,,휴업,,,,,,,,안양롯데프라자,그 밖의 대규모점포,I,2025-12-15 16:15:28,,휴업처리,2,02,0314640282,,,,   호   ,2007-06-23 14:33:26
3830000,2004383006207500001,1999-02-10,,휴업,,,,,0,,,까르푸 안양하이퍼마켓,대형마트,I,2025-12-15 16:15:28,,휴업처리,2,02,0314791276,,,,경기도 안양시동안구 호계동 555-9호   ,2007-06-23 14:33:26
3830000,2004383006207500002,2004-05-19,,영업/정상,,,,,5237.36,,,패션일번가,그 밖의 대규모점포,I,2025-12-15 16:15:28,경기도 안양시 만안구 안양로 309 (안양동),정상영업,1,01,0314635780,대규모점포,,,경기도 안양시만안구 안양동 676번지 6호,2018-07-10 17:36:43
3830000,2005383006207500001,2005-05-04,,휴업,,,,,10130.95,,,월마트슈퍼센터 평촌점,그 밖의 대규모점포,I,2025-12-15 16:15:28,,휴업처리,2,02,,,196699.264690575    ,432538.509415803    ,경기도 안양시동안구 관양동 1608-3호   ,2007-06-23 14:33:26
3830000,2005383006207500002,2005-12-29,,영업/정상,,,,,8992.69,,13954,주식회사 부방유통,대형마트,I,2025-12-15 16:15:28,"경기도 안양시 동안구 관악대로 104, 부방유통 (비산동)",정상영업,1,01,0313803353,대규모점포,,,경기도 안양시 동안구 비산동 411-8 부방유통,2024-10-22 11:02:06
3830000,2008383006207500001,2008-07-10,,영업/정상,,,,,6389.5,,14046,홈플러스(주) 평촌점,복합쇼핑몰,I,2025-12-15 16:15:28,"경기도 안양시 동안구 동안로 162 (비산동, 홈플러스)",정상영업,1,01,0314708000,대규모점포,195583.711564712    ,432382.548041467    ,경기도 안양시 동안구 비산동 1109번지 3호,2024-02-27 14:01:49
3830000,2011383018607500001,2011-09-02,,영업/정상,,,,,1365.5,430-013,,롯데쇼핑(주)롯데슈퍼 안양점,구분없음,U,2026-04-21 03:03:03,경기도 안양시 만안구 안양로329번길 108 (안양동),정상영업,1,01,0314645603,준대규모점포,192239.486759078    ,433247.024065133    ,경기도 안양시 만안구 안양3동 900번지 10호 101,2026-04-20 10:19:49
3830000,2011383018607500003,2011-12-29,,영업/정상,,,,,302.27,430-853,,홈플러스(주)익스프레스 안양석수점,복합쇼핑몰,I,2025-12-15 16:15:28,경기도 안양시 만안구 충훈로 88 (석수동),정상영업,1,01,0314738562,준대규모점포,,,경기도 안양시 만안구 석수3동 787번지 3호,2024-04-15 09:16:44
3830000,2012383018607500001,2012-02-02,,영업/정상,,,,,232.7,430-827,,홈플러스(주)익스프레스 안양점,구분없음,I,2025-12-15 16:15:28,경기도 안양시 만안구 냉천로 7 (안양동),정상영업,1,01,0314658543,준대규모점포,,,경기도 안양시 만안구 안양8동 559번지 2호,2024-04-15 09:10:41
3830000,2012383018607500004,2012-03-27,,영업/정상,,,,,53803.33,,14073,롯데쇼핑(주)롯데백화점 평촌점,쇼핑센터,U,2026-04-14 03:03:03,"경기도 안양시 동안구 시민대로 180 (호계동, G.SQURE)",정상영업,1,01,0314502500,대규모점포,195544.974046367    ,432016.783362963    ,"경기도 안양시 동안구 호계동 1039번지 1039, 1039-1, 1053-1",2026-04-13 11:02:29
3830000,2017383025707500001,2017-06-23,,영업/정상,,,,,893.16,,14037,(주)지에스리테일 GS수퍼 안양메가트리아점,구분없음,I,2025-12-15 16:15:28,"경기도 안양시 만안구 태평로52번길 21, 지층 B103, B104호 (안양동)",정상영업,1,01,0314698310,준대규모점포,,,경기도 안양시 만안구 안양동 1391,2025-04-15 11:27:17
3830000,2019383026707500001,2019-08-14,,영업/정상,,,,,23631.23,,13992,(주)엔터식스패션쇼핑몰 안양점,백화점,I,2025-12-15 16:15:28,경기도 안양시 만안구 만안로 232 (안양동),정상영업,1,01,03151776000,대규모점포,,,경기도 안양시 만안구 안양동 88번지 1호,2021-12-10 10:41:41
3830000,2021383028807500001,2021-04-06,,영업/정상,,,,,196.8,,14115,GS THE FRESH 평촌어바인점,구분없음,I,2025-12-15 16:15:28,"경기도 안양시 동안구 경수대로 579, 상가1동 1층 108,109,110,111호 (호계동)",정상영업,1,01,0220062364,준대규모점포,196005.904356339    ,429975.539293307    ,경기도 안양시 동안구 호계동 956,2025-04-15 11:17:27
3830000,2021383028807500002,2021-09-29,,영업/정상,,,,,296.15,,14126,GS THE FRESH 안양호계점,구분없음,I,2025-12-15 16:15:28,"경기도 안양시 동안구 경수대로 428, 덕유파크 1층 101~106, 126호 (호계동)",정상영업,1,01,0220062364,준대규모점포,196609.75025329     ,428912.306681884    ,경기도 안양시 동안구 호계동 873 덕유파크,2025-04-15 11:15:26
3830000,2021383028807500003,2021-11-19,,영업/정상,,,,,372.98,,13928,(주)이마트에브리데이 안양관양점,구분없음,I,2025-12-15 16:15:28,"경기도 안양시 동안구 동편로 136, 1층 101호 (관양동)",정상영업,1,01,0313600835,준대규모점포,197012.120870214    ,434228.188247172    ,경기도 안양시 동안구 관양동 1677,2024-07-29 13:04:08
3830000,2022383028807500001,2022-04-08,,영업/정상,,,,,214.87,,,GS THE FRESH 안양비산점,구분없음,I,2025-12-15 16:15:28,,정상영업,1,01,0220062678,준대규모점포,,,경기도 안양시 동안구 비산동 515-2 평촌자이아이파크 상가2동 부출입구 1층 101~103호,2025-04-15 11:22:07
3830000,2024383028807500001,2024-06-25,,영업/정상,,,,,580.2,,13917,롯데슈퍼 평촌엘프가맹점,구분없음,I,2025-12-15 16:15:28,"경기도 안양시 동안구 매곡로 23, 1단지상가 122호 (비산동, 평촌엘프라우드)",정상영업,1,01,,준대규모점포,,,경기도 안양시 동안구 비산동 281-1 1단지상가 122호,2024-06-25 15:16:31
3830000,2025383028807500001,2025-07-29,,영업/정상,,,,,181.02,,14029,GS THE FRESH 안양어반포레점,구분없음,I,2025-12-15 16:15:28,"경기도 안양시 만안구 냉천로 125, 3단지 상가 112~115호 (안양동, 안양어반포레자연앤이편한세상 3단지)",정상영업,1,01,,준대규모점포,,,경기도 안양시 만안구 안양동 618-12 안양어반포레자연앤이편한세상 3단지,2025-07-30 08:59:41
3830000,1979383006207500002,1979-12-22,,폐업,2018-02-19,,,,0,,,비산시장,그 밖의 대규모점포,I,2025-12-15 16:15:28,경기도 안양시 동안구 경수대로898번길 59 (비산동),폐업처리,3,03,0313853823,,,,경기도 안양시동안구 비산동 419번지 30호,2018-02-20 18:53:05
3830000,1980383006207500001,1980-03-29,,폐업,2015-06-03,,,,0,,,관악시장,그 밖의 대규모점포,I,2025-12-15 16:15:28,경기도 안양시 만안구 예술공원로64번길 27 (안양동),폐업처리,3,03,0314737319,,,,경기도 안양시만안구 안양동 41번지 5호,2015-06-04 11:30:30
3830000,1983383006207500001,1983-11-22,,폐업,2001-09-04,,,,0,,,본백화점,백화점,I,2025-12-15 16:15:28,경기도 안양시 만안구 안양로 316 (안양동),폐업처리,3,03,0314430171,대규모점포,,,경기도 안양시만안구 안양동 668번지 33호,2012-09-07 15:46:34
3830000,1996383006207500001,1996-04-03,,폐업,2014-09-25,,,,0,,,안양월드,대형마트,I,2025-12-15 16:15:28,,폐업처리,3,03,0314421600,,192239.486759078    ,433247.024065133    ,경기도 안양시만안구 안양동 900번지 10 호,2014-09-25 14:03:04
3830000,1999383000007500003,1999-02-10,,폐업,2024-08-31,,,,11034.15,,14117,홈플러스(주) 안양점,복합쇼핑몰,I,2025-12-15 16:15:28,경기도 안양시 동안구 엘에스로 92 (호계동),폐업처리,3,03,0314596135,대규모점포,195688.283843608    ,429949.927810159    ,경기도 안양시 동안구 호계동 555번지 9호,2024-09-12 13:21:53
3830000,2002383006207500001,2002-04-04,,폐업,2019-12-05,,,,23552.51,430-011,,롯데쇼핑(주) 롯데백화점 안양점,백화점,I,2025-12-15 16:15:28,경기도 안양시 만안구 만안로 244-0 (안양동),폐업처리,3,03,0314632800,대규모점포,,,경기도 안양시 만안구 안양1동 88번지 1호,2019-12-06 09:45:55
3830000,2004383006207500003,1994-12-01,,폐업,2017-09-29,,,,23229,,,(주)뉴코아 평촌지점,백화점,I,2025-12-15 16:15:28,경기도 안양시 동안구 시민대로 182 (호계동),폐업처리,3,03,0313895174,대규모점포,,,경기도 안양시동안구 호계동 1040번지 1호,2017-10-10 13:16:45
3830000,2011383018607500002,2011-10-04,,폐업,2024-10-04,,,,797.47,431-816,,(주)이마트에브리데이 비산동점,구분없음,I,2025-12-15 16:15:28,"경기도 안양시 동안구 학의로 20, 1동 지하층 제1호 (비산동, 관악타운 종합상가 )",폐업처리,3,03,0313821509,준대규모점포,194913.852143438    ,432525.45562329     ,경기도 안양시 동안구 부흥동 1102번지 관악타운 종합상가 제1동 제지하층 제1호,2024-10-08 09:15:21
3830000,2012383018607500002,2012-03-13,,폐업,2022-07-31,,,,241.89,431-835,,홈플러스(주)익스프레스 안양호계점,구분없음,I,2025-12-15 16:15:28,경기도 안양시 동안구 경수대로 428 (호계동),폐업처리,3,03,0314518545,준대규모점포,196609.75025329     ,428912.306681884    ,경기도 안양시 동안구 호계3동 873번지,2022-08-24 10:14:11
3830000,1976383006207500001,1976-06-14,,영업/정상,,,,,,,,청원시장,그 밖의 대규모점포,I,2025-12-15 16:15:28,,정상영업,1,01,0314496498,,,,경기도 안양시만안구 안양동 688번지 17 호   ,2007-06-23 14:33:26
3860000,1990386000007500013,1990-07-13,,영업/정상,,,,,1800.4,,,고강제일시장,그 밖의 대규모점포,I,2025-12-15 16:15:28,경기도 부천시 오정구  고강로92번길  41 (고강동),정상영업,1,01,0326783078,대규모점포,183533.515420499    ,447374.974841422    ,경기도 부천시 오정구 고강동 318번지 318,2016-07-04 19:40:57
3860000,1991386000007500016,1991-12-18,,취소/말소/만료/정지/중지,,,,,878.7,,,원종중앙시장,그 밖의 대규모점포,I,2025-12-15 16:15:28,경기도 부천시 오정구 성오로124번길 47 (원종동),직권취소,4,04,0326721991,대규모점포,182454.956756406    ,446993.732086423    ,경기도 부천시 오정구원종동 209번지 5호,2014-02-11 14:42:26
3860000,1993386000007500001,1993-04-29,,취소/말소/만료/정지/중지,,,,,723.3,,,중동한신코아,그 밖의 대규모점포,I,2025-12-15 16:15:28,,직권취소,4,04,,대규모점포,179540.644465229    ,443802.438704689    ,경기도 부천시 원미구중동 1183호,2014-02-11 13:30:19
3860000,1993386000007500003,1993-09-28,,취소/말소/만료/정지/중지,,,,,675.8,,,동성종합상가,그 밖의 대규모점포,I,2025-12-15 16:15:28,,직권취소,4,04,,대규모점포,179570.204103597    ,444123.104659843    ,경기도 부천시 원미구중동 1181호,2014-02-11 13:28:12
3860000,1994386000007500001,1994-02-19,,영업/정상,,,,,3893.2,,,광성상가,그 밖의 대규모점포,I,2025-12-15 16:15:28,경기도 부천시 원미구 옥산로138번길 30 (춘의동),정상영업,1,01,0326845767,대규모점포,180646.039198885    ,444837.957807423    ,경기도 부천시 원미구춘의동 127번지 5   호,2014-02-11 13:25:40
3860000,1994386000007500003,1994-11-15,,취소/말소/만료/정지/중지,,,,,1681,,,신라쇼핑타운,그 밖의 대규모점포,I,2025-12-15 16:15:28,,직권취소,4,04,0323211193,대규모점포,177848.103257075    ,443136.694995493    ,경기도 부천시 원미구상동 399호,2014-02-11 13:21:30
3860000,1996386000007500000,1996-07-05,,취소/말소/만료/정지/중지,,,,,2864.9,,,부천농축수산물 유통센터,그 밖의 대규모점포,I,2025-12-15 16:15:28,,직권취소,4,04,0323482651,대규모점포,,,경기도 부천시 소사구소사본동 133번지 14  호,2014-02-11 13:19:31
3860000,1996386000007500002,1996-10-28,,영업/정상,,,,,43832.05,,,롯데쇼핑(주)  중동점,복합쇼핑몰,U,2026-04-17 03:03:03,경기도 부천시 원미구 길주로 300 (중동),정상영업,1,01,,대규모점포,180053.344972882    ,444507.865626959    ,경기도 부천시 원미구중동 1140호,2026-04-16 17:57:00
3860000,1996386000007500003,1996-12-18,,취소/말소/만료/정지/중지,,,,,26.7,,,해태쇼핑,쇼핑센터,I,2025-12-15 16:15:28,경기도 부천시 원미구 부천로 11 (심곡동),직권취소,4,04,0326102500,대규모점포,180695.690645126    ,442609.650907377    ,경기도 부천시 원미구심곡동 175번지 6호,2014-02-11 13:42:36
3860000,1999386000007500001,2007-07-09,,영업/정상,,,,,24748.62,,,부천역사쇼핑몰,쇼핑센터,I,2025-12-15 16:15:28,경기도 부천시 소사구 부천로 1 (심곡본동),정상영업,1,01,0326564111,대규모점포,180724.703317877    ,442449.069631369    ,경기도 부천시 소사구심곡본동 316번지 2호,2025-08-26 14:10:06
3860000,1999386000007500002,1990-06-15,,영업/정상,,,,,16,,,그레이스쇼핑,쇼핑센터,I,2025-12-15 16:15:28,"경기도 부천시 소사구 경인로 231 (심곡본동, 아이쇼핑)",정상영업,1,01,0326678811,대규모점포,180558.547506376    ,442392.852638174    ,경기도 부천시 소사구심곡본동 호 545,2014-02-11 14:40:16
3860000,2005386012607500006,2005-06-01,,휴업,,,,,41622.46,,,(주)GS리테일GS스퀘어부천점,백화점,I,2025-12-15 16:15:28,경기도 부천시 원미구 길주로 300 (중동),휴업처리,2,02,,,180053.344972882    ,444507.865626959    ,경기도 부천시 원미구중동 1140호   ,2007-07-14 11:14:27
3860000,2005386012607500007,2005-06-01,,휴업,,,,,13770.32,,,월마트슈퍼센터 중동점,대형마트,I,2025-12-15 16:15:28,경기도 부천시 원미구 석천로 188 (중동),휴업처리,2,02,0323200114,,179059.890468202    ,444675.160533494    ,경기도 부천시 원미구중동 1157호   ,2007-07-14 11:14:27
3860000,2005386012607500008,2005-06-01,,휴업,,,,,7769.7,,,(주)세이브존아이앤시 부천상동점,대형마트,I,2025-12-15 16:15:28,경기도 부천시 원미구 길주로 105 (상동),휴업처리,2,02,,,178164.089422238    ,444938.813535045    ,경기도 부천시 원미구상동 535번지 5호   ,2007-07-14 11:14:27
3860000,2005386012607500009,2005-12-29,,휴업,,,,,13419,,,농축수산물유통센터,그 밖의 대규모점포,I,2025-12-15 16:15:28,,휴업처리,2,02,,,,,경기도 부천시 소사구소사본동 133번지 14호   ,2007-07-14 11:14:27
3860000,2007386012607500001,2007-10-18,,영업/정상,,,,,67922.98,,,부천터미널 소풍,쇼핑센터,I,2025-12-15 16:15:28,경기도 부천시 원미구 송내대로 239 (상동),정상영업,1,01,0326246100,,178411.442079953    ,444684.405331659    ,경기도 부천시 원미구상동 539번지 1호,2011-05-24 11:03:57
3860000,2007386012607500002,2007-04-27,,취소/말소/만료/정지/중지,,,,,45275.97,420-713,,투나,쇼핑센터,I,2025-12-15 16:15:28,"경기도 부천시 원미구 부일로 223 (상동,투나)",직권취소,4,04,0322505000,대규모점포,178293.171843054    ,442988.573692305    ,경기도 부천시 원미구상동 461번지 투나,2014-01-27 16:58:22
3860000,2007386012607500003,2007-04-17,,영업/정상,,,,,45275.97,420-713,,투나,쇼핑센터,I,2025-12-15 16:15:28,"경기도 부천시 원미구 부일로 223 (상동,투나)",정상영업,1,01,0322505000,대규모점포,178293.171843054    ,442988.573692305    ,경기도 부천시 원미구상동 461번지 투나,2015-09-18 18:07:02
3860000,2008386012607500001,2008-01-03,,취소/말소/만료/정지/중지,,,,,12833.18,420-020,,(주)신세계 이마트 중동점,대형마트,I,2025-12-15 16:15:28,"경기도 부천시 원미구 석천로 188 (중동,(주)신세계 이마트 중동점)",직권취소,4,04,,대규모점포,179059.890468202    ,444675.160533494    ,경기도 부천시 원미구중동 1157번지 (주)신세계 이마트 중동점,2014-01-27 16:42:29
3860000,2008386012607500003,2008-10-10,,영업/정상,,,,,16035.41,421-220,,홈플러스 주식회사 부천여월점,대형마트,I,2025-12-15 16:15:28,경기도 부천시 오정구 소사로 663 (여월동),정상영업,1,01,,대규모점포,182455.521209906    ,445978.59662723     ,경기도 부천시 오정구 여월동 301번지,2024-03-11 17:48:13
3860000,2009386021207500001,2005-02-28,,영업/정상,,,,,17585.32,,14676,홈플러스(주) 부천소사점,대형마트,I,2025-12-15 16:15:28,"경기도 부천시 소사구 경인로 532, HOME PLUS 소사점 (괴안동)",정상영업,1,01,0326508124,대규모점포,183505.044366024    ,442533.953044508    ,경기도 부천시 소사구 괴안동 129-1 HOME PLUS 소사점,2025-06-30 17:29:44
3860000,2009386021207500002,2009-09-23,,취소/말소/만료/정지/중지,,,,,23107.98,420-031,,뉴코아 부천점,쇼핑센터,I,2025-12-15 16:15:28,경기도 부천시 원미구 송내대로 239 (상동),직권취소,4,04,025305000,대규모점포,178411.442079953    ,444684.405331659    ,경기도 부천시 원미구 상1동 539번지 1호,2014-01-27 16:57:20
3860000,1978386000007500002,1978-11-24,,취소/말소/만료/정지/중지,,,,,0,,,부천지하상가,그 밖의 대규모점포,I,2025-12-15 16:15:28,경기도 부천시 소사구 자유로 43-8 (심곡본동),직권취소,4,04,0326512929,대규모점포,180538.79329014     ,442427.872158316    ,경기도 부천시 소사구심곡본동 544호,2014-02-11 14:58:20
3860000,1981386000007500006,1981-11-30,,취소/말소/만료/정지/중지,,,,,0,,,원미종합시장,그 밖의 대규모점포,I,2025-12-15 16:15:28,경기도 부천시 원미구 부천로90번길 51 (원미동),직권취소,4,04,,대규모점포,181116.067821165    ,443358.487879995    ,경기도 부천시 원미구원미동 127번지 5호,2014-02-11 14:56:41
3860000,1984386000007500007,1984-01-12,,취소/말소/만료/정지/중지,,,,,0,,,오정종합시장,그 밖의 대규모점포,I,2025-12-15 16:15:28,경기도 부천시 오정구 오정로232번길 50 (오정동),직권취소,4,04,0326748989,대규모점포,181044.340405101    ,447207.587112416    ,경기도 부천시 오정구오정동 572호,2014-02-11 14:50:07
3860000,1985386000007500010,1985-09-23,,취소/말소/만료/정지/중지,,,,,2188.9,,,동부시장,그 밖의 대규모점포,I,2025-12-15 16:15:28,경기도 부천시 소사구 경인로536번길 23 (괴안동),직권취소,4,04,,대규모점포,183621.08302073     ,442520.86386147     ,경기도 부천시 소사구괴안동 167호,2014-02-11 14:48:45
3860000,1988386000007500010,1990-09-21,,취소/말소/만료/정지/중지,,,,,0,,,로얄백화점,백화점,I,2025-12-15 16:15:28,경기도 부천시 원미구 부천로 7 (심곡동),직권취소,4,04,0326571234,대규모점포,180657.771489919    ,442562.696376175    ,경기도 부천시 원미구심곡동 174번지 1호,2014-02-11 14:46:17
3860000,1989386000007500014,1989-06-17,,취소/말소/만료/정지/중지,,,,,5637.4,,,부천프라자,그 밖의 대규모점포,I,2025-12-15 16:15:28,경기도 부천시 오정구 원종로 64 (원종동),직권취소,4,04,0326820273,대규모점포,182864.113302589    ,446854.100209084    ,경기도 부천시 오정구원종동 313번지 10  호,2014-02-11 13:32:14
3860000,1996386000007500001,1996-07-15,,폐업,2018-11-07,,,,21128.14,420-020,,홈플러스 스토어즈(주)중동점,대형마트,I,2025-12-15 16:15:28,경기도 부천시 원미구 길주로 297 (중동),폐업처리,3,03,0323512080,대규모점포,180055.338981845    ,444675.457254185    ,경기도 부천시 원미구 중동 1059번지,2018-11-07 10:48:10
3860000,2003386010707500001,2003-01-10,,폐업,2025-07-31,,,,43872,,,홈플러스(주)부천상동점,대형마트,I,2025-12-15 16:15:28,경기도 부천시 원미구 길주로 118 (상동),폐업처리,3,03,0326508124,대규모점포,178267.428293028    ,444706.144749999    ,경기도 부천시 원미구상동 540번지 1호,2025-08-29 10:29:26
3860000,2011386021207500002,2011-10-13,,폐업,2014-09-17,,,,98,421-810,,롯데쇼핑(주)롯데슈퍼삼정점,대형마트,I,2025-12-15 16:15:28,경기도 부천시 오정구 중동로 403 (삼정동),폐업처리,3,03,0222905853,준대규모점포,179579.387007376    ,445983.423727011    ,경기도 부천시 오정구 삼정동 293번지 14호,2014-09-29 17:33:48
3860000,2011386021207500003,2011-10-13,,폐업,2019-10-31,,,,771.1,422-804,,롯데쇼핑(주)롯데슈퍼범박점,구분없음,I,2025-12-15 16:15:28,경기도 부천시 소사구 범안로 117 (범박동),폐업처리,3,03,0222905853,준대규모점포,183101.183792573    ,441023.216686997    ,경기도 부천시 소사구 범박동 155번지 2호,2024-12-09 17:04:02
3860000,2011386021207500004,2006-08-16,,폐업,2020-10-19,,,,4137,422-816,,롯데쇼핑(주)롯데슈퍼송내점,대형마트,I,2025-12-15 16:15:28,경기도 부천시 소사구 경인로 71 (송내동),폐업처리,3,03,0222905853,대규모점포,179023.696566379    ,442495.591143613    ,경기도 부천시 소사구 송내1동 352번지,2020-10-19 16:13:19
3860000,2011386021207500007,2011-10-28,,폐업,2017-04-10,,,,861.86,422-804,,(주)지에스리테일부천범박점,구분없음,I,2025-12-15 16:15:28,"경기도 부천시 소사구 범안로 103 (범박동,(16-21))",폐업처리,3,03,0327109501,준대규모점포,183076.298021124    ,441190.134638801    ,경기도 부천시 소사구 범박동 16번지 12호 (16-21),2017-04-10 14:40:52
3860000,2012386021207500001,2012-01-26,,폐업,2021-03-12,,,,661.66,422-819,,(주)지에스리테일GS수퍼 부천송내점,구분없음,I,2025-12-15 16:15:28,경기도 부천시 소사구 경인로 82 (송내동),폐업처리,3,03,,준대규모점포,179085.24481764     ,442396.486172649    ,경기도 부천시 소사구 송내2동 389번지 5호,2021-03-13 18:50:09
3860000,2014386033407500001,2014-10-07,,폐업,2021-10-13,,,,476,422-819,,롯데쇼핑(주) 롯데슈퍼 송내2동점,구분없음,I,2025-12-15 16:15:28,경기도 부천시 소사구 중동로22번길 83 (송내동),폐업처리,3,03,,준대규모점포,179495.539026325    ,442328.321552958    ,경기도 부천시 소사구 송내동 382번지,2022-01-18 12:04:41
3860000,2009386021207500003,2009-12-29,,영업/정상,,,,,4423,420-823,,로얄쇼핑,쇼핑센터,I,2025-12-15 16:15:28,경기도 부천시 원미구 부천로 7 (심곡동),정상영업,1,01,0231472981,대규모점포,180657.771489919    ,442562.696376175    ,경기도 부천시 원미구 심곡2동 174번지 1호,2014-09-30 10:11:47
3860000,2009386021207500004,2009-09-23,,영업/정상,,,,,25023.5,,14545,뉴코아부천점,쇼핑센터,U,2026-05-07 03:03:03,"경기도 부천시 원미구 송내대로 239, 소풍(부천터미널) (상동)",정상영업,1,01,,대규모점포,178411.442079953    ,444684.405331659    ,경기도 부천시 원미구 상동 539-1 소풍(부천터미널),2026-05-06 17:08:44
3860000,2010386021207500001,2010-04-14,,영업/정상,,,,,12833.18,420-021,,(주)이마트중동점,복합쇼핑몰,I,2025-12-15 16:15:28,경기도 부천시 원미구 석천로 188 (중동),정상영업,1,01,0327181053,대규모점포,179059.890468202    ,444675.160533494    ,경기도 부천시 원미구 중1동 1157번지,2024-05-03 09:53:00
3860000,2010386021207500002,2010-12-10,,영업/정상,,,,,7769.7,420-747,,(주)세이브존아이앤씨부천상동점,그 밖의 대규모점포,I,2025-12-15 16:15:28,경기도 부천시 원미구 길주로 105 (상동),정상영업,1,01,,대규모점포,178164.089422238    ,444938.813535045    ,"경기도 부천시 원미구 상3동 535번지 5, 6, 7호",2024-04-30 16:46:30
3860000,2011386021207500001,2011-10-06,,영업/정상,,,,,447.05,420-140,,(주)지에스리테일부천약대점,구분없음,I,2025-12-15 16:15:28,경기도 부천시 원미구 수도로 48 (약대동),정상영업,1,01,0327102500,준대규모점포,179738.276762878    ,445738.07019903     ,경기도 부천시 원미구 약대동 122번지,2025-04-17 15:18:44
3860000,2011386021207500005,2011-10-17,,영업/정상,,,,,369.9,420-844,,홈플러스(주)익스프레스중동3점,구분없음,I,2025-12-15 16:15:28,경기도 부천시 원미구 중동로 143 (중동),정상영업,1,01,,준대규모점포,179285.803731872    ,443417.055705567    ,경기도 부천시 원미구 중동 771번지,2020-07-23 17:40:09
3860000,2011386021207500006,2011-10-17,,영업/정상,,,,,298.8,421-815,,홈플러스(주)익스프레스오정점,구분없음,I,2025-12-15 16:15:28,경기도 부천시 오정구 오정로 246 (오정동),정상영업,1,01,0326718517,준대규모점포,181035.428057858    ,447474.658169397    ,경기도 부천시 오정구 오정동 543번지 1호,2024-04-05 18:21:45
3860000,2012386021207500002,2012-03-12,,영업/정상,,,,,491.4,420-101,,홈플러스(주)익스프레스 부천역곡점,복합쇼핑몰,I,2025-12-15 16:15:28,경기도 부천시 원미구 지봉로 53 (역곡동),정상영업,1,01,03287446597,준대규모점포,182713.24757763     ,442732.134102228    ,경기도 부천시 원미구 역곡동 33번지 5호,2024-04-05 18:26:15
3860000,2012386021207500003,2012-04-02,,영업/정상,,,,,874.5,422-810,,롯데슈퍼 소사점,구분없음,I,2026-02-27 21:18:10,경기도 부천시 소사구 은성로 82 (소사본동),정상영업,1,01,0323447000,준대규모점포,182167.856024103    ,441454.978882441    ,"경기도 부천시 소사구 소사본3동 197번지 2,4,5호",2026-02-26 15:24:41
3860000,2012386021207500004,2012-04-02,,영업/정상,,,,,479.3,420-777,,롯데슈퍼 중동점,구분없음,I,2026-02-28 21:18:10,경기도 부천시 원미구 신흥로 190-1 (중동),정상영업,1,01,0326217400,준대규모점포,180295.412235987    ,444337.383690366    ,경기도 부천시 원미구 중2동 1107번지 위브더스테이트아파트,2026-02-27 16:22:53
3860000,2012386021207500005,2012-04-10,,영업/정상,,,,,218.01,420-848,,홈플러스(주)익스프레스부천중동4점,구분없음,I,2025-12-15 16:15:28,경기도 부천시 원미구 길주로 219 (중동),정상영업,1,01,03232228562,준대규모점포,179310.387407428    ,444754.845185643    ,경기도 부천시 원미구 중4동 1034번지 4호,2024-04-05 18:29:08
3860000,2012386021207500006,2012-04-10,,영업/정상,,,,,218.7,420-814,,홈플러스(주)익스프레스부천상동점,구분없음,I,2025-12-15 16:15:28,경기도 부천시 원미구 상일로 100 (상동),정상영업,1,01,0323278536,준대규모점포,178104.816341839    ,443262.007187175    ,경기도 부천시 원미구 상1동 401번지 1호,2024-04-05 18:30:31
3860000,2012386021207500007,2012-04-10,,영업/정상,,,,,618.2,420-804,,홈플러스(주)익스프레스도당점,구분없음,I,2025-12-15 16:15:28,경기도 부천시 원미구 삼작로 294 (도당동),정상영업,1,01,0326768545,준대규모점포,181736.191478895    ,446426.72538445     ,경기도 부천시 원미구 도당동 131번지 1호,2024-04-05 18:25:14
3860000,2012386021207500008,2012-04-10,,영업/정상,,,,,219.24,420-021,,홈플러스(주)익스프레스부천중동2점,복합쇼핑몰,I,2025-12-15 16:15:28,경기도 부천시 원미구 중동로248번길 52 (중동),정상영업,1,01,,준대규모점포,179736.598525824    ,444356.066748781    ,경기도 부천시 원미구 중1동 1145번지 2호,2024-04-05 18:32:18
3860000,2012386021207500009,2012-04-10,,영업/정상,,,,,318.1,420-776,,홈플러스(주)익스프레스중동점,구분없음,I,2025-12-15 16:15:28,"경기도 부천시 원미구 신흥로 170, 1층 (중동, 위브더스테이트아파트)",정상영업,1,01,0326668542,준대규모점포,180285.454116153    ,444119.216095977    ,경기도 부천시 원미구 중2동 1110번지 위브더스테이트아파트 1층,2024-04-05 18:28:03
3860000,2019386053307500001,2019-05-02,,영업/정상,,,,,47606.26,,,스타필드시티 부천점,복합쇼핑몰,I,2025-12-15 16:15:28,,정상영업,1,01,023809843,대규모점포,183469.36769705     ,439944.223220165    ,경기도 부천시 소사구 옥길동 768번지,2024-04-30 16:42:25
3860000,2023386055507500001,2023-09-22,,영업/정상,,,,,288.32,,14783,GS THE FRESH 부천범박점,구분없음,I,2025-12-15 16:15:28,"경기도 부천시 소사구 양지로 88, 보광빌딩 1층 (범박동)",정상영업,1,01,,준대규모점포,183358.662578028    ,441230.476103089    ,경기도 부천시 소사구 범박동 210-1 보광빌딩,2025-04-17 15:04:38
3860000,1999386000007500003,1999-10-04,,취소/말소/만료/정지/중지,,,,,15001.3,,,씨마1020패션쇼핑몰,쇼핑센터,I,2025-12-15 16:15:28,경기도 부천시 원미구 부일로 223 (상동),직권취소,4,04,0323205000,대규모점포,178293.171843054    ,442988.573692305    ,경기도 부천시 원미구상동 461호,2014-02-11 13:37:01
3860000,1999386000007500004,1999-10-20,,취소/말소/만료/정지/중지,,,,,1618.89,,,두진쇼핑,그 밖의 대규모점포,I,2025-12-15 16:15:28,경기도 부천시 소사구 경인로 527 (괴안동),직권취소,4,04,0323480293,준대규모점포,183421.497797273    ,442584.46085947     ,경기도 부천시 소사구괴안동 128번지 2   호,2014-02-11 13:17:03
3860000,2000386000007500001,2000-05-02,,취소/말소/만료/정지/중지,,,,,0,,,지지아나,쇼핑센터,I,2025-12-15 16:15:28,경기도 부천시 원미구 부천로 7 (심곡동),직권취소,4,04,0326122533,대규모점포,180657.771489919    ,442562.696376175    ,경기도 부천시 원미구심곡동 174번지 1   호,2014-02-11 13:11:58
3860000,2000386000007500002,2000-07-19,,취소/말소/만료/정지/중지,,,,,0,,,로얄(ROYAL),쇼핑센터,I,2025-12-15 16:15:28,경기도 부천시 원미구 부천로 3-1 (심곡동),직권취소,4,04,0322262604,대규모점포,180651.538092321    ,442519.201363166    ,경기도 부천시 원미구심곡동 173번지 1호,2014-02-11 13:45:01
3860000,2002386010707500001,2002-03-29,,영업/정상,,,,,13770,,,월마트슈퍼센타 중동점,대형마트,I,2025-12-15 16:15:28,경기도 부천시 원미구 석천로 188 (중동),,BBBB,01,0234681110,,179059.890468202    ,444675.160533494    ,경기도 부천시 원미구중동 1157호   ,2007-07-14 11:14:27
3860000,2002386010707500002,2002-06-17,,휴업,,,,,3149.27,,,롯데쇼핑(주)롯데슈퍼 송내점,대형마트,I,2025-12-15 16:15:28,,휴업처리,2,02,0326143111,,179023.696566379    ,442495.591143613    ,경기도 부천시 소사구송내동 352호   ,2007-07-14 11:14:27
3860000,2003386010707500002,2003-02-03,,휴업,,,,,5582,,,리베르떼,쇼핑센터,I,2025-12-15 16:15:28,경기도 부천시 원미구 부천로 11 (심곡동),휴업처리,2,02,0326516233,,180695.690645126    ,442609.650907377    ,경기도 부천시 원미구심곡동 175번지 6호   ,2007-07-14 11:14:27
3860000,2003386010707500003,2003-08-07,,영업/정상,,,,,51416.9,,,(주)현대백화점 중동점,백화점,I,2025-12-15 16:15:28,경기도 부천시 원미구 길주로 180 (중동),정상영업,1,01,0326233013,대규모점포,178901.991280584    ,444701.557193       ,경기도 부천시 원미구중동 1164호,2024-04-05 18:08:59
3860000,2003386010707500004,2003-08-07,,휴업,,,,,7769,,,드림모아,대형마트,I,2025-12-15 16:15:28,경기도 부천시 원미구 상동로 108 (상동),휴업처리,2,02,0323297000,,178165.41102725     ,444979.593602927    ,경기도 부천시 원미구상동 535번지 4호   ,2007-07-14 11:14:27
3860000,2003386010707500005,2004-05-06,,휴업,,,,,7769,,,(주)세이브존아이앤씨 부천상동점,대형마트,I,2025-12-15 16:15:28,,휴업처리,2,02,0323297000,,,,"경기도 부천시 원미구상동 535번지호 5,6,7호  ",2007-07-14 11:14:27
3860000,2003386010707500006,2003-09-02,,영업/정상,,,,,28884.18,,,(주)현대백화점 중동점,백화점,I,2025-12-15 16:15:28,경기도 부천시 원미구 길주로 180 (중동),정상영업,1,01,0326233013,대규모점포,178901.991280584    ,444701.557193       ,경기도 부천시 원미구중동 1164번지,2024-04-05 18:15:23
3860000,2004386012607500001,2004-10-21,,휴업,,,,,4376,,,부천지하상가,그 밖의 대규모점포,I,2025-12-15 16:15:28,경기도 부천시 소사구 자유로 43-8 (심곡본동),휴업처리,2,02,,,180538.79329014     ,442427.872158316    ,경기도 부천시 소사구심곡본동 544호   ,2007-07-14 11:14:27
3860000,2004386012607500002,2004-11-01,,휴업,,,,,19840,,,부천농축수산물유통센타,그 밖의 대규모점포,I,2025-12-15 16:15:28,,휴업처리,2,02,,,,,경기도 부천시 소사구소사본동 133번지 14호   ,2007-07-14 11:14:27
3860000,2004386012607500003,2004-11-04,,휴업,,,,,21418,,,삼성테스코(주)홈플러스 부천상동점,대형마트,I,2025-12-15 16:15:28,경기도 부천시 원미구 길주로 118 (상동),휴업처리,2,02,0326508000,,178267.428293028    ,444706.144749999    ,경기도 부천시 원미구상동 540번지 1호   ,2007-07-14 11:14:27
3860000,2005386012607500001,2005-02-28,,휴업,,,,,3384,,,광성상가,그 밖의 대규모점포,I,2025-12-15 16:15:28,경기도 부천시 원미구 옥산로138번길 30 (춘의동),휴업처리,2,02,0326845767,,180646.039198885    ,444837.957807423    ,경기도 부천시 원미구춘의동 127호   ,2007-07-14 11:14:27
3860000,2005386012607500002,2005-02-28,2011-09-29,취소/말소/만료/정지/중지,,,,,17585.32,,,홈플러스 주식회사 부천소사점,대형마트,I,2025-12-15 16:15:28,경기도 부천시 소사구 경인로 532 (괴안동),직권취소,4,04,0326108000,대규모점포,183505.044366024    ,442533.953044508    ,경기도 부천시 소사구괴안동 129번지 1호,2014-09-29 17:29:19
3860000,2005386012607500003,2005-06-01,,휴업,,,,,41622.46,,,(주)GS리테일GS스퀘어부천점,백화점,I,2025-12-15 16:15:28,경기도 부천시 원미구 길주로 300 (중동),휴업처리,2,02,,,180053.344972882    ,444507.865626959    ,경기도 부천시 원미구중동 1140호   ,2007-07-14 11:14:27
3860000,2005386012607500004,2005-06-01,,휴업,,,,,41622.46,,,(주)GS리테일GS스퀘어부천점,백화점,I,2025-12-15 16:15:28,경기도 부천시 원미구 길주로 300 (중동),휴업처리,2,02,,,180053.344972882    ,444507.865626959    ,경기도 부천시 원미구중동 1140호   ,2007-07-14 11:14:27
3860000,2005386012607500005,2005-06-01,,휴업,,,,,41622.46,,,(주)GS리테일GS스퀘어부천점,백화점,I,2025-12-15 16:15:28,경기도 부천시 원미구 길주로 300 (중동),휴업처리,2,02,,,180053.344972882    ,444507.865626959    ,경기도 부천시 원미구중동 1140호   ,2007-07-14 11:14:27
3900000,2002390001307500001,2002-10-23,,영업/정상,,,,,9403,,14243,세이브존 광명점,쇼핑센터,I,2025-12-15 16:15:28,"경기도 광명시 철망산로 87 (철산동, 세이브존)",정상영업,1,01,0263329000,대규모점포,189007.530744206    ,441119.378939224    ,경기도 광명시 철산동 367번지,2024-05-08 10:58:15
3900000,2000390000007500015,2000-06-09,,휴업,,,,,,,,메르존,그 밖의 대규모점포,I,2025-12-15 16:15:28,,휴업처리,2,02,0233977007,,189263.01222247     ,439900.832910796    ,경기도 광명시 하안동 38호   ,2007-06-30 13:48:41
3900000,2004390007907500002,2004-09-09,,휴업,,,,,8812.68,,,파보레쇼핑몰,그 밖의 대규모점포,I,2025-12-15 16:15:28,,휴업처리,2,02,0220677000,,188175.807511909    ,441461.454807111    ,경기도 광명시 철산동 261호   ,2007-06-30 13:48:41
3900000,2004390007907500003,2004-09-09,,휴업,,,,,8812.68,,,파보레쇼핑몰,그 밖의 대규모점포,I,2025-12-15 16:15:28,,휴업처리,2,02,0220677000,,188175.807511909    ,441461.454807111    ,경기도 광명시 철산동 261호   ,2007-06-30 13:48:41
3900000,2005390007907500001,2007-07-06,,영업/정상,,,,,3779.85,,14239,철산중앙시장,그 밖의 대규모점포,I,2025-12-15 16:15:28,"경기도 광명시 철산로30번길 19, 중앙시장 (철산동)",정상영업,1,01,0220605966,대규모점포,188464.627805727    ,441403.83267633     ,경기도 광명시 철산동 440 중앙시장,2025-08-06 15:27:53
3900000,2005390007907500002,2005-03-10,,영업/정상,,,,,0,,,철산중앙시장,그 밖의 대규모점포,I,2025-12-15 16:15:28,,정상영업,1,01,0226878624,,188464.627805727    ,441403.83267633     ,경기도 광명시 철산동 440호,2009-09-01 16:25:15
3900000,2005390007907500003,2005-04-20,,휴업,,,,,9475.16,,,이천일아울렛 광명점,그 밖의 대규모점포,I,2025-12-15 16:15:28,,휴업처리,2,02,028992001,,189263.01222247     ,439900.832910796    ,경기도 광명시 하안동 38호   ,2007-06-30 13:48:41
3900000,2005390007907500004,2005-10-07,,휴업,,,,,8812,,,프라임아울렛,그 밖의 대규모점포,I,2025-12-15 16:15:28,,휴업처리,2,02,0220677000,,188175.807511909    ,441461.454807111    ,경기도 광명시 철산동 261호   ,2007-06-30 13:48:41
3900000,2006390007907500001,2006-01-11,,영업/정상,,,,,13047.87,,,뉴코아 아울렛 광명점,복합쇼핑몰,I,2026-02-14 21:18:10,경기도 광명시 하안로287번길 8 (하안동),정상영업,1,01,0233972500,대규모점포,189263.01222247     ,439900.832910796    ,경기도 광명시 하안동 38호,2026-02-13 16:15:43
3900000,2009390012307500001,2004-04-12,,영업/정상,,,,2004-04-12,6014.2,423-704,,광명한진타운시장,그 밖의 대규모점포,I,2025-12-15 16:15:28,경기도 광명시 광명로 877 (광명동),정상영업,1,01,26899232,대규모점포,186852.33556751     ,441740.293414032    ,경기도 광명시 광명4동 200번지 6호,2017-05-24 10:17:36
3900000,2010390012307500001,2023-07-03,,영업/정상,,,,,14847.87,423-051,,(주) 이마트 광명소하점,대형마트,I,2025-12-15 16:15:28,경기도 광명시 소하로 97 (소하동),정상영업,1,01,0269181234,대규모점포,189714.449800306    ,438279.937828733    ,경기도 광명시 소하1동 1339번지 3호,2024-05-20 14:06:40
3900000,2011390014007500001,2024-05-31,,영업/정상,,,,,1279.03,423-808,,(주)이마트에브리데이 광명점,구분없음,I,2025-12-15 16:15:28,경기도 광명시 오리로 970 (광명동),정상영업,1,01,20678784,준대규모점포,187160.874188076    ,441928.353304808    ,경기도 광명시 광명3동 150번지 19호 광명크로앙스 지하 2층,2024-08-08 14:00:19
3900000,2011390014007500002,2011-10-17,,영업/정상,,,,,13736.11,423-090,,코스트코 홀세일 광명점,대형마트,I,2025-12-15 16:15:28,"경기도 광명시 일직로 40 (일직동, costco 광명점)",정상영업,1,01,0220833723,대규모점포,189878.788781586    ,435405.631407888    ,경기도 광명시 일직동 163번지 3호,2017-12-13 09:21:35
3900000,2014390016207500001,2014-07-25,,영업/정상,,,,,27668.48,,,이케아 광명점,전문점,I,2025-12-15 16:15:28,경기도 광명시 일직로 17 (일직동),정상영업,1,01,023108700,대규모점포,,,,2024-02-26 09:26:55
3900000,2014390019607500001,2014-09-11,,영업/정상,,,,2014-09-11,196.36,,,홈플러스 익스프레스 광명점,구분없음,I,2025-12-15 16:15:28,경기도 광명시 도덕로 28 (광명동),정상영업,1,01,0220608545,준대규모점포,186757.059003378    ,440665.313322961    ,,2024-04-23 14:13:10
3900000,2014390019607500002,2014-09-11,,영업/정상,,,,2014-09-11,273.9,,14280,GS THE FRESH 광명점,구분없음,I,2025-12-15 16:15:28,"경기도 광명시 도덕로 33, 유.자.인.주상복합아파트 1층 (광명동)",정상영업,1,01,0226854589,준대규모점포,186812.038869952    ,440726.972343729    ,경기도 광명시 광명동 739-8 유.자.인.주상복합아파트,2025-08-18 21:32:51
3900000,2014390019607500003,2014-11-26,,영업/정상,,,,,39420.7,423-090,,롯데몰 광명점,쇼핑센터,I,2025-12-15 16:15:28,경기도 광명시 일직로 17 (일직동),정상영업,1,01,027712500,대규모점포,189614.445095321    ,435789.264012576    ,경기도 광명시 일직동 500번지,2025-04-30 17:42:34
3900000,2021390026407500002,2021-03-05,,영업/정상,,,,,28985.96,,14345,에이케이플라자(주) 광명점,쇼핑센터,I,2025-12-15 16:15:28,경기도 광명시 양지로 17(일직동),정상영업,1,01,07047700796,대규모점포,189541.850018502    ,435187.738812827    ,경기도 광명시 일직동 512-3,2025-01-09 10:16:24
3900000,2022390030907500001,2022-05-11,,영업/정상,,,,,234.98,,14233,GS THE FRESH 광명철산점,구분없음,I,2025-12-15 16:15:28,"경기도 광명시 시청로 50, 상가 B동 1층 101~103호 (철산동)",정상영업,1,01,,준대규모점포,188145.916679287    ,441940.56958837     ,경기도 광명시 철산동 233,2025-08-20 09:11:35
3900000,2025390026207500001,2025-07-29,,영업/정상,,,,,244.35,,14230,GS THE FRESH 광명헤리티지점,구분없음,I,2025-12-15 16:15:28,"경기도 광명시 시청로 70, 광명 헤리티지 상가 1층 109~114호 (철산동)",영업개시전,5,01,0220062364,준대규모점포,188303.386632234    ,442260.738700953    ,경기도 광명시 철산동 235,2025-07-29 16:20:54
3900000,2025390030907500001,2025-05-19,,영업/정상,,,,,174.48,,14206,GS THE FRESH 광명트리우스점,구분없음,I,2025-12-15 16:15:28,"경기도 광명시 광이로 96, 상기2동 101,102,103호 (광명동, 트리우스 광명)",정상영업,1,01,0220606285,준대규모점포,187542.398118807    ,442685.966005291    ,경기도 광명시 광명동 12-2 트리우스 광명,2025-05-21 09:29:57
3900000,1987390000007500001,1987-05-11,,폐업,2009-09-01,,,,0,,,철산중앙시장,그 밖의 대규모점포,I,2025-12-15 16:15:28,,폐업처리,3,03,026878654,,188464.627805727    ,441403.83267633     ,경기도 광명시 철산동 440호,2009-09-01 15:52:57
3900000,1992390000007500026,1992-12-15,,폐업,2009-09-01,,,,61,,,한신코아백화점광명점,백화점,I,2025-12-15 16:15:28,,폐업처리,3,03,0226199102,,189007.530744206    ,441119.378939224    ,경기도 광명시 철산동 367호,2009-09-01 16:02:27
3900000,1993390000007500006,1993-04-20,,폐업,2009-09-01,,,,1664.12,,,맥슨컨설팅,그 밖의 대규모점포,I,2025-12-15 16:15:28,,폐업처리,3,03,028940091,,189427.533159562    ,440012.60025587     ,경기도 광명시 하안동 61번지 1   호,2009-09-01 15:57:52
3900000,1993390000007502280,1993-12-17,,폐업,2014-07-07,,,,899.44,,,중앙하이츠시장,그 밖의 대규모점포,I,2025-12-15 16:15:28,,폐업처리,3,03,027048001,,187107.678115243    ,440768.477220721    ,경기도 광명시 광명동 732호,2014-07-07 09:57:50
3900000,2005390007907500013,2007-12-17,,폐업,2022-07-31,,,,8812,423-030,,파보레 쇼핑몰,쇼핑센터,I,2025-12-15 16:15:28,경기도 광명시 철산로 4 (철산동),폐업처리,3,03,0220677080,대규모점포,188175.807511909    ,441461.454807111    ,경기도 광명시 철산동 261번지,2022-12-05 17:32:37
3900000,1970390000007500001,1970-12-21,,영업/정상,,,,,0,,,광명시장,그 밖의 대규모점포,I,2025-12-15 16:15:28,,정상영업,1,01,0226140006,준대규모점포,187121.809585585    ,441941.719327999    ,경기도 광명시 광명동 150번지 17  호,2020-02-13 15:38:50
3900000,1992390000007500371,1992-05-11,,영업/정상,,,,,,,,골든힐시장,그 밖의 대규모점포,I,2025-12-15 16:15:28,,정상영업,1,01,0280911114,,,,경기도 광명시 하안동 53번지 1   호   ,2007-06-30 13:48:41
3900000,1996390000007500001,1996-11-19,,휴업,,,,,,,,(주)나산백화점,그 밖의 대규모점포,I,2025-12-15 16:15:28,,휴업처리,2,02,026107000,,188175.807511909    ,441461.454807111    ,경기도 광명시 철산동 261호   ,2007-06-30 13:48:41
3900000,1996390000007504055,1996-12-04,,휴업,,,,,,,,광명한진타운시장,그 밖의 대규모점포,I,2025-12-15 16:15:28,,휴업처리,2,02,026899232,,,,경기도 광명시 광명동 200번지 4   호   ,2007-06-30 13:48:41
3900000,2004390007907500001,2004-09-03,,영업/정상,,,,,7765.32,,,크로앙스,그 밖의 대규모점포,I,2025-12-15 16:15:28,경기도 광명시 오리로 970 (광명동),정상영업,1,01,0220678000,대규모점포,187160.874188076    ,441928.353304808    ,경기도 광명시 광명동 150번지 19호,2014-10-07 15:16:10
3910000,1995391001407500002,1995-12-29,,휴업,,,,,36624,,,뉴코아아울렛평택점,백화점,I,2025-12-15 16:15:28,경기도 평택시 경기대로 279 (비전동),휴업처리,2,02,0316506501,,209932.581670857    ,388254.423734324    ,경기도 평택시 비전동 830호   ,2007-07-07 10:31:26
3910000,2012391024407500002,2012-05-22,,폐업,2020-01-31,,,,919.3,459-110,,롯데슈퍼 지산점,그 밖의 대규모점포,I,2025-12-15 16:15:28,경기도 평택시 지산로 114 (지산동),폐업처리,3,03,,준대규모점포,205918.427841165    ,397698.551742094    ,경기도 평택시 지산동 631번지 3호,2020-02-13 15:42:59
3910000,2001391014907500001,2001-07-30,,영업/정상,,,,,9364,,,주)이마트평택점,대형마트,I,2025-12-15 16:15:28,경기도 평택시 영신로 29 (지제동),정상영업,1,01,0313711234,대규모점포,206675.071220529    ,391060.040415712    ,경기도 평택시 지제동 50호,2024-04-17 10:52:34
3910000,2007391018107500001,2007-06-26,,영업/정상,,,,,12090.32,450-010,,엠프라자,쇼핑센터,I,2025-12-15 16:15:28,경기도 평택시 중앙로 46 (평택동),정상영업,1,01,0316526644,대규모점포,207757.770973839    ,388080.83595037     ,경기도 평택시 평택동 35번지 3호,2014-10-06 11:33:21
3910000,2009391018107500001,2009-09-29,,영업/정상,,,,,14648.42,450-150,,뉴코아아울렛평택점,구분없음,U,2026-05-07 03:03:03,경기도 평택시 경기대로 279 (비전동),정상영업,1,01,0316506720,대규모점포,209947.80648191     ,388208.048761482    ,경기도 평택시 비전동 830번지 1호,2026-05-06 18:29:18
3910000,2009391018107500002,2009-04-22,,영업/정상,,,,,31750,450-827,,AK PLAZA 평택점,백화점,I,2025-12-15 16:15:28,경기도 평택시 평택로 51 (평택동),정상영업,1,01,0316151296,대규모점포,207523.442711596    ,387674.877266816    ,경기도 평택시 평택동 185번지 568호,2024-12-24 10:25:07
3910000,2009391018107500003,2009-05-28,,영업/정상,,,,,11450.91,450-020,,롯데쇼핑(주) 롯데마트 평택점,전문점,U,2026-05-07 03:03:03,경기도 평택시 평택5로 30 (합정동),정상영업,1,01,03180532521,대규모점포,209876.420133429    ,387425.098329575    ,경기도 평택시 합정동 968번지 1호,2026-05-06 17:59:10
3910000,2009391018107500004,2009-05-29,,영업/정상,,,,,10343.35,459-020,,홈플러스 송탄점,대형마트,I,2025-12-15 16:15:28,경기도 평택시 경기대로 1103 (장당동),정상영업,1,01,03180538000,대규모점포,205228.393696342    ,393704.000108834    ,경기도 평택시 장당동 390번지 1호,2024-02-29 10:52:08
3910000,2011391024407500001,2011-03-28,,영업/정상,,,,,16000,,17816,홈플러스 평택안중,대형마트,I,2025-12-15 16:15:28,경기도 평택시 안중읍 서동대로 1489,정상영업,1,01,03180468200,대규모점포,192485.121561252    ,387625.950254015    ,경기도 평택시 안중읍 현화리 산 274번지,2024-02-29 10:50:31
3910000,2011391024407500002,2011-11-25,,영업/정상,,2025-09-11,2026-09-10,2025-09-11,887.6,451-885,,롯데슈퍼 주식회사 미친데이 안중점,구분없음,U,2026-05-05 03:03:03,경기도 평택시 안중읍 안중믿음길 50-6,정상영업,1,01,0316865601,준대규모점포,192967.232439378    ,387072.994089902    ,경기도 평택시 안중읍 현화리 323번지 1호,2026-05-04 09:13:00
3910000,2012391024407500001,2012-05-14,,영업/정상,,,,,1213.47,459-030,,(주)지에스리테일 평택이충점,그 밖의 대규모점포,I,2025-12-15 16:15:28,경기도 평택시 이충로35번길 28-22 (이충동),정상영업,1,01,,준대규모점포,205796.899262265    ,395351.975127968    ,경기도 평택시 이충동 667번지,2025-04-18 17:36:17
3910000,2021391039707500001,2021-12-14,,영업/정상,,,,,29652,,17787,평택프리미엄아울렛,전문점,I,2025-12-15 16:15:28,경기도 평택시 경기대로 945(장당동),정상영업,1,01,0316601000,대규모점포,206113.48015676     ,392491.288366379    ,경기도 평택시 장당동 154-2,2023-04-26 18:32:14
3910000,2023391041807500001,2023-03-28,,영업/정상,,,,,31268.84,,18018,브리티시 고덕,그 밖의 대규모점포,I,2025-12-15 16:15:28,"경기도 평택시 고덕국제대로 77 (고덕동, 힐스테이트고덕센트럴)",정상영업,1,01,03180655947,대규모점포,203709.243236458    ,393590.810761107    ,경기도 평택시 고덕동 2618-3 힐스테이트고덕센트럴,2024-12-04 10:29:43
3910000,2023391041807500002,2023-12-08,,영업/정상,,,,,277,,18014,GS THE FRESH 평택고덕점,구분없음,I,2025-12-15 16:15:28,"경기도 평택시 고덕국제3길 143, 101호 (고덕동)",정상영업,1,01,0316676479,준대규모점포,204166.817716298    ,394301.558793892    ,경기도 평택시 고덕동 1956-1,2025-04-18 17:37:18
3910000,2023391041807500003,2023-12-27,,영업/정상,,,,,23840.71,,,평택고덕2차아이파크,쇼핑센터,U,2026-04-09 03:03:03,,정상영업,1,01,0316689372,대규모점포,206062.586095977    ,392749.494890103    ,경기도 평택시 장당동 153-1,2026-04-08 11:05:01
3910000,2024391041807500001,2024-10-02,,영업/정상,,,,,5898.55,,,송탄농협 종합타운 하나로마트,대형마트,U,2026-04-03 03:03:03,,정상영업,1,01,0316631521,대규모점포,207241.107390591    ,394255.761663547    ,경기도 평택시 가재동 345-8,2026-04-02 17:35:05
3910000,2026391041807500001,2026-01-16,,영업/정상,,,,,1436,,17779,송탄농업협동조합 하나로마트 서정점,구분없음,I,2026-01-23 21:51:30,"경기도 평택시 서정역로36번길 11-2, 송탄농협 하나로마트 (서정동)",정상영업,1,01,0316671521,준대규모점포,204988.918145296    ,395107.290741008    ,경기도 평택시 서정동 270-21 송탄농협 하나로마트,2026-01-22 09:20:14
3910000,2000391001407500002,1996-09-23,,영업/정상,,,,,,,,킴스클럽평택점,대형마트,I,2025-12-15 16:15:28,,정상영업,1,01,0316506005,,,,경기도 평택시 비전동 830-2호   ,2007-07-07 10:31:26
3920000,2009392005707500001,2009-10-15,,영업/정상,,,,,8798.06,483-010,,롯데쇼핑(주) 롯데마트 동두천점,대형마트,I,2026-01-07 21:18:10,경기도 동두천시 평화로2169번길 21 (송내동),정상영업,1,01,0318302521,대규모점포,204589.217640042    ,486451.318446758    ,경기도 동두천시 송내동 551번지,2026-01-06 13:38:33
3920000,2010392005707500001,2010-12-20,,영업/정상,,,,,3713.88,483-030,,동두천농협하나로마트,대형마트,I,2025-12-15 16:15:28,경기도 동두천시 중앙로 207 (생연동),정상영업,1,01,0318613300,대규모점포,204525.719674795    ,488583.056118126    ,경기도 동두천시 생연동 698번지 11호,2025-09-19 10:56:59
3920000,2012392005707500003,2012-05-04,,폐업,2020-07-27,,,,241.32,483-020,,롯데쇼핑(주)롯데슈퍼지행점,구분없음,I,2025-12-15 16:15:28,경기도 동두천시 중앙로 130 (지행동),폐업처리,3,03,0318655601,준대규모점포,204552.560765899    ,487822.390972397    ,경기도 동두천시 지행동 693번지 1호,2020-09-03 18:26:46
3920000,2011392005707500001,2011-09-14,,폐업,2017-09-07,,,,1838.4,483-030,,롯데쇼핑(주)롯데슈퍼동두천점,구분없음,I,2025-12-15 16:15:28,경기도 동두천시 평화로 2375 (생연동),폐업처리,3,03,,준대규모점포,204926.887212884    ,488565.873404122    ,경기도 동두천시 생연동 722번지,2017-11-24 10:29:22
3920000,2012392005707500002,2012-05-01,,폐업,2017-09-07,,,,1838.4,483-030,,롯데쇼핑(주)롯데슈퍼동두천점,구분없음,I,2025-12-15 16:15:28,경기도 동두천시 평화로 2375 (생연동),폐업처리,3,03,,준대규모점포,204926.887212884    ,488565.873404122    ,경기도 동두천시 생연동 722번지,2017-09-07 10:37:18
3920000,2012392005707500001,2012-04-30,,영업/정상,,,,,199.9,483-020,,홈플러스(주)익스프레스동두천지행점,구분없음,I,2025-12-15 16:15:28,경기도 동두천시 지행로 50 (지행동),정상영업,1,01,0318668545,준대규모점포,204557.102323171    ,487718.114551363    ,"경기도 동두천시 지행동 718번지 2호 성지에스엔비타워 103,104호",2024-03-26 14:48:51
3930000,2010393021207500001,2010-08-06,,영업/정상,,,,,6759,425-020,,중앙상가,그 밖의 대규모점포,I,2025-12-15 16:15:28,경기도 안산시 단원구 광덕4로 246 (고잔동),정상영업,1,01,,대규모점포,185736.057614723    ,423607.180837891    ,경기도 안산시 단원구 고잔동 729번지 6호,2019-12-26 11:42:08
3930000,2012393028707500001,2012-10-24,,폐업,2017-11-01,,,,0,,15320,롯데쇼핑(주)롯데마켓999안산일동가맹점,구분없음,I,2025-12-15 16:15:28,"경기도 안산시 상록구 호동로 31, 1층 (일동)",폐업처리,3,03,0314159500,준대규모점포,187681.98           ,423994.915          ,경기도 안산시 상록구 일동 542번지 13호,2017-11-03 09:35:21
3930000,2011393027607500001,2011-01-26,,영업/정상,,,,,5320.93,425-906,,부일프라자,그 밖의 대규모점포,I,2025-12-15 16:15:28,경기도 안산시 단원구 광덕4로 96 (고잔동),정상영업,1,01,0314051658,,184252.314410349    ,423707.368637448    ,경기도 안산시 단원구 고잔동 681번지 2호,2011-02-21 13:23:03
3930000,2011393027607500002,2011-03-04,,영업/정상,,,,,5641.73,425-809,,중앙제일시장,그 밖의 대규모점포,I,2025-12-15 16:15:28,경기도 안산시 단원구 광덕4로 230 (고잔동),정상영업,1,01,0314117733,,185571.417328567    ,423617.16637322     ,경기도 안산시 단원구 고잔동 729번지 2호,2011-03-07 10:31:41
3930000,2011393027607500003,2011-06-22,,영업/정상,,,,,9207.06,,15402,트레이더스 홀세일클럽 안산점,대형마트,I,2025-12-15 16:15:28,"경기도 안산시 단원구 중앙대로 397, 이마트트레이더스 (신길동)",정상영업,1,01,023809422,대규모점포,180873.786214121    ,425492.088360076    ,경기도 안산시 단원구 신길동 1687번지 이마트트레이더스,2023-06-30 17:46:41
3930000,2013393028707500001,2013-10-17,,영업/정상,,,,,10746.11,425-850,,트리플렉스 B단지,그 밖의 대규모점포,I,2025-12-15 16:15:28,경기도 안산시 단원구 풍전로 37-24 (원곡동),정상영업,1,01,025108073,대규모점포,181240.4821091      ,424913.855250784    ,경기도 안산시 단원구 원곡동 994번지 8호,2013-10-17 18:22:37
3930000,2013393028707500002,2013-10-17,,영업/정상,,,,,31618.98,425-850,,트리플렉스 A단지,그 밖의 대규모점포,I,2025-12-15 16:15:28,경기도 안산시 단원구 풍전로 37-9 (원곡동),정상영업,1,01,025108073,대규모점포,181258.71259879     ,424761.274007584    ,경기도 안산시 단원구 원곡동 994번지 6호,2013-10-17 18:04:10
3930000,2018393028707500001,2018-12-24,,영업/정상,,,,,129.79,,15351,GS슈퍼마켓 안산고잔점,구분없음,I,2025-12-15 16:15:28,"경기도 안산시 단원구 고잔로 67, 힐스테이트중앙 A동 101호 (고잔동)",영업개시전,5,01,,준대규모점포,185324.208806538    ,424231.908617811    ,경기도 안산시 단원구 고잔동 532번지,2018-12-24 14:42:40
3930000,2024393048207500001,2024-07-23,,영업/정상,,,,,19927.49,,15360,현대타워랜드,그 밖의 대규모점포,I,2025-12-15 16:15:28,경기도 안산시 단원구 당곡로 20 (고잔동),정상영업,1,01,,대규모점포,185196.01753702     ,424100.3316153      ,경기도 안산시 단원구 고잔동 533,2024-07-25 14:18:15
3930000,1991393017607500001,1991-07-29,,영업/정상,,,,,7837,,15540,한양프라자 반월점,쇼핑센터,I,2025-12-15 16:15:28,"경기도 안산시 상록구 반석로 20, 롯데마트 (본오동)",정상영업,1,01,03104072509,대규모점포,187595.980278835    ,421479.053985183    ,경기도 안산시 상록구 본오동 880번지 롯데마트,2018-04-09 10:03:29
3930000,1992393017607500001,1992-10-21,,영업/정상,,,,,10995,,15235,한양프라자 안산점,그 밖의 대규모점포,I,2025-12-15 16:15:28,"경기도 안산시 단원구 달미로 64, 롯데마트 (선부동)",정상영업,1,01,03104100033,대규모점포,183607.833754358    ,426385.004910461    ,경기도 안산시 단원구 선부동 1086번지 롯데마트,2018-01-02 10:30:52
3930000,1999393000007500001,1999-12-01,,영업/정상,,,,,25462,,,롯데쇼핑(주) 안산점,백화점,U,2026-04-07 03:03:03,경기도 안산시 단원구 고잔1길 12 (고잔동),정상영업,1,01,0314121085,대규모점포,185262.981866275    ,424012.30109378     ,경기도 안산시단원구 고잔동 536번지 2   호,2026-04-06 20:41:09
3930000,2000393000007500001,1990-07-02,,영업/정상,,,,,5227.97,,,스타프라자,그 밖의 대규모점포,I,2025-12-15 16:15:28,,정상영업,1,01,03104825067,대규모점포,186091.131285293    ,424433.703969071    ,경기도 안산시상록구 성포동 583호,2024-05-17 10:40:59
3930000,2000393000007500002,1991-06-17,,영업/정상,,,,,4354.31,,15561,월드프라자,그 밖의 대규모점포,I,2025-12-15 16:15:28,경기도 안산시 상록구 본오로 60 (본오동),정상영업,1,01,0314070951,대규모점포,187970.805119162    ,421993.766657779    ,경기도 안산시 상록구 본오동 872번지,2019-01-09 10:00:49
3930000,2000393000007500003,1992-03-12,,영업/정상,,,,,8490.34,,,안산제일종합시장,그 밖의 대규모점포,I,2025-12-15 16:15:28,경기도 안산시 단원구 선이로 14 (선부동),정상영업,1,01,0314012240,대규모점포,182528.570604292    ,426722.925669933    ,경기도 안산시단원구 선부동 1028호,2018-01-22 17:17:55
3930000,2000393000007500004,1992-04-30,,영업/정상,,,,,18121.96,425-850,,안산종합유통단지,그 밖의 대규모점포,I,2025-12-15 16:15:28,경기도 안산시 단원구 산단로 348 (원곡동),정상영업,1,01,03104945787,대규모점포,181034.70168025     ,424985.683162494    ,경기도 안산시 단원구 원곡동 994번지,2015-06-17 08:04:01
3930000,2000393000007500007,1989-12-26,,영업/정상,,,,,7033,,15382,라성프라자,그 밖의 대규모점포,I,2025-12-15 16:15:28,"경기도 안산시 단원구 화랑로 103, 라성프라자 (원곡동)",정상영업,1,01,0314808840,대규모점포,182294.985340242    ,425039.319016326    ,경기도 안산시 단원구 원곡동 846번지 3호 라성프라자,2019-11-25 10:52:37
3930000,2000393000007500008,1993-12-20,,영업/정상,,,,,13310.36,,,다농마트,그 밖의 대규모점포,I,2025-12-15 16:15:28,경기도 안산시 상록구 예술광장로 1 (월피동),정상영업,1,01,0314106666,대규모점포,186106.832558134    ,425161.59402192     ,경기도 안산시상록구 월피동 445호,2018-07-16 17:58:16
3930000,2000393000007500009,1993-04-03,,영업/정상,,,,,3382.93,425-020,,동서코아,그 밖의 대규모점포,I,2025-12-15 16:15:28,경기도 안산시 단원구 중앙대로 921 (고잔동),정상영업,1,01,0314846000,대규모점포,185656.844322398    ,423918.131295682    ,경기도 안산시단원구 고잔동 541번지 1호,2018-04-05 10:58:20
3930000,2000393000007500010,1993-07-01,,영업/정상,,,,,16480.52,,15541,신안프라자,그 밖의 대규모점포,I,2026-02-14 21:48:10,"경기도 안산시 상록구 반석로 54 (본오동, 신안프라자)",정상영업,1,01,0314062104,대규모점포,187960.429281747    ,421469.517837306    ,경기도 안산시 상록구 본오동 871번지,2026-02-13 16:50:59
3930000,2000393000007500011,1994-12-06,,영업/정상,,,,,4901.9,,,서울프라자,그 밖의 대규모점포,I,2025-12-15 16:15:28,경기도 안산시 단원구 삼일로 310 (선부동),정상영업,1,01,0314804773,대규모점포,183276.530808057    ,425771.686562823    ,경기도 안산시단원구 선부동 1077호,2016-05-13 14:53:12
3930000,2000393000007500012,1995-07-06,,영업/정상,,,,,19409.18,,15433,서부공단전시판매센타,그 밖의 대규모점포,I,2025-12-15 16:15:28,경기도 안산시 단원구 동산로 63 (원시동),정상영업,1,01,0314958460,대규모점포,181961.733012032    ,423615.27638305     ,경기도 안산시 단원구 원시동 773번지 9호,2018-01-02 10:23:59
3930000,2000393000007500014,1997-08-14,,영업/정상,,,,,4748.8,,15387,안산시 시민시장,그 밖의 대규모점포,I,2025-12-15 16:15:28,"경기도 안산시 단원구 화랑로 149 (초지동, 안산시민시장)",정상영업,1,01,0314111040,대규모점포,182678.467316641    ,424813.191382151    ,경기도 안산시 단원구 초지동 604번지 4호,2025-02-17 09:49:52
3930000,2002393011407500001,2002-01-03,,영업/정상,,,,,5277.71,,,안산의류상설할인매장 A동,전문점,I,2025-12-15 16:15:28,경기도 안산시 상록구 삼리로 45 (사동),정상영업,1,01,03104179700,준대규모점포,186111.597633757    ,422567.088892419    ,경기도 안산시상록구 사동 1530호,2018-12-21 15:13:52
3930000,2002393011407500002,2002-01-04,,영업/정상,,,,,5729.77,,,안산의류상설할인매장 B동,전문점,I,2025-12-15 16:15:28,경기도 안산시 상록구 삼리로 49 (사동),정상영업,1,01,03104173737,대규모점포,186273.656995747    ,422561.165688697    ,경기도 안산시상록구 사동 1531호,2014-10-22 11:52:47
3930000,2002393011407500003,2002-07-24,,휴업,,2026-02-01,2027-01-31,,15909.39,425-807,,홈플러스(주)안산고잔점,대형마트,I,2026-01-31 21:48:10,경기도 안산시 단원구 광덕대로 175 (고잔동),휴업처리,2,02,0314452080,대규모점포,184766.070784522    ,423338.223688148    ,경기도 안산시 단원구 고잔동 707번지 2호,2026-01-30 16:30:52
3930000,2003393014107500001,2003-06-13,,영업/정상,,,,,13872,425-080,,(주)이마트 안산고잔점,대형마트,I,2025-12-15 16:15:28,경기도 안산시 단원구 원포공원1로 46-0 (초지동),정상영업,1,01,0315991051,대규모점포,183256.582373298    ,422372.55371816     ,경기도 안산시 단원구 초지동 742번지 4호,2024-05-02 17:29:21
3930000,2005393017607500001,2005-09-13,,영업/정상,,,,,15987.56,,,롯데쇼핑(주)롯데마트안산점,쇼핑센터,U,2026-04-28 03:03:03,경기도 안산시 상록구 항가울로 422 (성포동),정상영업,1,01,0314128811,대규모점포,186396.067737112    ,423947.236380533    ,경기도 안산시상록구 성포동 590호,2026-04-27 13:19:04
3930000,2005393017607500005,2005-11-14,,휴업,,2017-08-09,2018-12-31,2018-12-31,8602.8,,,네스앙스,쇼핑센터,I,2025-12-15 16:15:28,,휴업처리,2,02,0314810500,대규모점포,,,경기도 안산시단원구 고잔동 703-4호,2017-08-10 11:16:24
3930000,2006393017607500001,2006-07-10,,영업/정상,,,,,5854,,,로데오프라자,그 밖의 대규모점포,I,2025-12-15 16:15:28,경기도 안산시 단원구 광덕4로 234 (고잔동),정상영업,1,01,0314117733,,185617.609879423    ,423614.052555144    ,경기도 안산시단원구 고잔동 729번지 3호,2010-07-18 09:51:52
3930000,2007393017607500001,2007-06-26,,영업/정상,,,,,7343,,15464,케이플러스,그 밖의 대규모점포,I,2025-12-15 16:15:28,경기도 안산시 단원구 광덕4로 256 (고잔동),정상영업,1,01,03104753301,대규모점포,185825.827615102    ,423600.945837679    ,경기도 안산시 단원구 고잔동 729번지 8호,2018-01-02 10:18:13
3930000,2007393017607500002,2007-10-29,,영업/정상,,,,,15823.57,,15462,NC고잔점,복합쇼핑몰,U,2026-04-30 03:03:03,경기도 안산시 단원구 광덕대로 194 (고잔동),정상영업,1,01,0314052001,대규모점포,184953.121683517    ,423556.960051606    ,경기도 안산시 단원구 고잔동 725번지 1호,2026-04-29 13:48:41
3930000,2008393021207500001,2008-07-22,,영업/정상,,,,,5397.23,425-130,,(주)군자포커스프라자,그 밖의 대규모점포,I,2025-12-15 16:15:28,경기도 안산시 단원구 화랑로 32 (원곡동),정상영업,1,01,0314943771,,181845.332285791    ,425523.446902785    ,경기도 안산시단원구 원곡동 762번지,2008-07-24 11:35:16
3930000,2009393021207500001,2009-11-24,,영업/정상,,,,,7483,425-802,,슈마프라자,그 밖의 대규모점포,I,2025-12-15 16:15:28,경기도 안산시 단원구 광덕4로 112 (고잔동),정상영업,1,01,0314801314,,184396.666284407    ,423698.166827741    ,경기도 안산시 단원구 고잔동 681번지 6호,2009-11-25 09:32:39
3930000,2000393000007500006,1993-01-29,,폐업,2009-06-19,,,,4893.84,,,월드코아,시장,I,2025-12-15 16:15:28,경기도 안산시 단원구 중앙대로 915 (고잔동),폐업처리,3,03,,,185596.157132447    ,423922.206261155    ,경기도 안산시단원구 고잔동 541번지 4   호,2010-01-06 15:44:55
3930000,2000393009207500015,2000-07-07,,폐업,2021-12-11,,,,18793,,,홈플러스(주) 안산점,대형마트,I,2025-12-15 16:15:28,경기도 안산시 상록구 충장로 432 (성포동),폐업처리,3,03,0314128088,대규모점포,186639.994472089    ,423921.240397456    ,경기도 안산시상록구 성포동 586호,2022-01-13 13:39:32
3930000,2004393017607500001,2004-01-13,,폐업,2020-12-31,2008-03-31,2008-06-30,,10716,425-020,,뉴코아아울렛안산점,쇼핑센터,I,2025-12-15 16:15:28,"경기도 안산시 단원구 당곡로 20 (고잔동, 2001아울렛)",폐업처리,3,03,03180408500,대규모점포,185196.01753702     ,424100.3316153      ,경기도 안산시단원구 고잔동 533번지,2021-02-03 10:50:01
3930000,2005393015607500001,2005-02-21,,폐업,2010-04-15,,,,7183,,,코즈니,그 밖의 대규모점포,I,2025-12-15 16:15:28,,폐업처리,3,03,0315087597,,,,경기도 안산시단원구 고잔동 539-10호,2010-06-26 16:20:18
3930000,2005393017607500007,2005-12-07,,폐업,2025-09-04,,,,9350.94,,15368,홈플러스(주)안산선부점,대형마트,I,2025-12-15 16:15:28,경기도 안산시 단원구 삼일로 316 (선부동),폐업처리,3,03,0314008000,대규모점포,183322.266879279    ,425768.716754194    ,경기도 안산시 단원구 선부동 1077번지 1호 홈플러스,2025-09-09 14:43:38
3930000,2008393021207500002,2008-12-03,,폐업,2016-05-20,,,,8834,425-866,,롯데쇼핑(주)롯데마트 와~스타디움점,대형마트,I,2025-12-15 16:15:28,경기도 안산시 단원구 화랑로 260 (초지동),폐업처리,3,03,03104113804,대규모점포,183897.629119608    ,424184.561226779    ,경기도 안산시 단원구 초지동 666번지 1호,2016-05-20 17:57:54
3930000,2010393027607500001,2010-12-08,,영업/정상,,,,,6105.58,425-020,,천혜그레이스,그 밖의 대규모점포,I,2025-12-15 16:15:28,경기도 안산시 단원구 광덕4로 244 (고잔동),정상영업,1,01,0314117733,,185689.81761758     ,423609.133118183    ,경기도 안산시 단원구 고잔동 729번지 5호,2010-12-09 13:16:25
3940000,2016394029807500001,2016-04-25,,영업/정상,,,,,129225,,10595,스타필드 고양,복합쇼핑몰,I,2025-12-15 16:15:28,"경기도 고양시 덕양구 고양대로 1955, 스타필드 고양 (동산동)",정상영업,1,01,07078967801,대규모점포,190645.314309928    ,460528.947974088    ,경기도 고양시 덕양구 동산동 370 스타필드 고양,2025-08-06 13:57:32
3940000,2016394029807500002,2016-08-26,,영업/정상,,,,,42599.44,,10450,일산 벨라씨타(Bella Citta),쇼핑센터,I,2025-12-15 16:15:28,"경기도 고양시 일산동구 강송로 33 (백석동, 일산요진와이시티)",영업개시전,5,01,0234389480,대규모점포,181637.189249099    ,460029.013400211    ,경기도 고양시 일산동구 백석동 1237번지,2020-02-17 16:38:55
3940000,199800000000000003,1998-06-13,,영업/정상,,,,,11890,410-350,,올리브상가,그 밖의 대규모점포,I,2025-12-15 16:15:28,,정상영업,1,01,0319015414,대규모점포,180539.609005671    ,460835.850681465    ,경기도 고양시일산동구 마두동 806번지,2017-04-06 18:18:32
3940000,1998394015907500003,1998-09-17,,영업/정상,,,,,12733.77,410-380,,홈플러스테스코 일산점,대형마트,I,2025-12-15 16:15:28,,정상영업,1,01,0319069100,,179536.212704008    ,461876.531597015    ,경기도 고양시일산동구 장항동 755번지,2008-10-23 16:29:25
3940000,2000394000007500001,1981-10-20,,영업/정상,,,,,0,,,일산시장,시장,I,2025-12-15 16:15:28,,정상영업,1,01,,,,,경기도 고양시일산서구 일산동 617-20호,2009-01-16 17:04:11
3940000,2000394000007500003,1994-10-11,,영업/정상,,,,,6360.45,,,유니코(UNICO),그 밖의 대규모점포,I,2025-12-15 16:15:28,,정상영업,1,01,03449001201,대규모점포,180731.148172095    ,460645.088503364    ,경기도 고양시일산동구 백석동 1194호,2019-07-02 15:48:02
3940000,2000394000007500004,2015-03-06,,영업/정상,,,,,4162,412-290,,두진레이크,그 밖의 대규모점포,I,2025-12-15 16:15:28,경기도 고양시 일산서구 중앙로 1391-0 (주엽동),정상영업,1,01,0319126011,대규모점포,179162.766413313    ,462851.25056701     ,경기도 고양시 일산서구 주엽동 83번지,2017-04-06 18:31:13
3940000,2000394000007500005,1992-07-01,,영업/정상,,,,,2634.86,411-848,,태영프라자,그 밖의 대규모점포,I,2025-12-15 16:15:28,경기도 고양시 일산서구 중앙로 1388 (주엽동),정상영업,1,01,0319154147,대규모점포,179238.725261115    ,462941.223697841    ,경기도 고양시 일산서구 주엽동 73번지,2017-04-06 14:45:18
3940000,2000394000007500006,1991-11-18,,영업/정상,,,,,7334.79,,,뉴서울프라자,그 밖의 대규모점포,I,2025-12-15 16:15:28,,정상영업,1,01,0319140300,대규모점포,179290.502288104    ,462727.239411742    ,경기도 고양시일산서구 주엽동 81호,2017-04-06 14:39:16
3940000,2000394000007500007,1996-04-26,,영업/정상,,,,,22291.47,,,뉴코아 아울렛 일산점,그 밖의 대규모점포,I,2026-01-17 21:18:10,"경기도 고양시 일산동구 중앙로 1206 (마두동, 뉴코아백화점일산점)",정상영업,1,01,0319005501,대규모점포,180259.17           ,461406.409999999    ,경기도 고양시일산동구 마두동 797호,2026-01-16 13:47:18
3940000,2000394000007500008,1996-05-24,,영업/정상,,,,,7133.47,,,대우로얄마트,그 밖의 대규모점포,I,2025-12-15 16:15:28,,정상영업,1,01,,,180458.844874681    ,460748.278360947    ,경기도 고양시일산동구 장항동 902호,2009-01-15 18:29:14
3940000,2000394000007500009,1996-11-06,,영업/정상,,,,,12885.27,,,까르푸일산점,대형마트,I,2025-12-15 16:15:28,,,BBBB,01,0319069100,,180458.844874681    ,460748.278360947    ,경기도 고양시일산동구 장항동 902호   ,2007-06-30 13:26:54
3940000,2000394000007500010,1996-11-15,,영업/정상,,,,,18957.13,,,그랜드백화점일산점,백화점,I,2025-12-15 16:15:28,,정상영업,1,01,,대규모점포,178859.791398959    ,463205.227173138    ,경기도 고양시일산서구 주엽동 22호,2012-11-27 13:31:22
3940000,2000394000007500011,1996-11-15,,휴업,,,,,,,,(주)지에스리테일지에스마트고양점,그 밖의 대규모점포,I,2025-12-15 16:15:28,,휴업처리,2,02,03449307010,,185469.285638831    ,458105.907013269    ,경기도 고양시덕양구 행신동 941호   ,2007-06-30 13:26:54
3940000,2000394000007500012,1996-12-31,,영업/정상,,,,,11810.25,,,월마트코리아(주),대형마트,I,2025-12-15 16:15:28,,,BBBB,01,03449005903,,,,경기도 고양시일산서구 덕이동 203-3호   ,2007-06-30 13:26:54
3940000,2000394000007500013,1996-12-31,,영업/정상,,,,,5768.57,,,뉴삼창마트,그 밖의 대규모점포,I,2025-12-15 16:15:28,,정상영업,1,01,0319037888,대규모점포,,,"경기도 고양시일산동구 마두동 802,3호",2017-04-06 14:34:23
3940000,2000394000007500014,1997-01-29,,휴업,,,,,,,,월마트슈퍼센터화정점,대형마트,I,2025-12-15 16:15:28,,휴업처리,2,02,0319301210,,185226.158241731    ,458936.976683497    ,경기도 고양시덕양구 화정동 976호   ,2007-06-30 13:26:54
3940000,2017394029807500001,2017-08-25,,영업/정상,,,,,16505.82,,10391,고양 일산 호수공원 가로수길,그 밖의 대규모점포,I,2025-12-15 16:15:28,경기도 고양시 일산서구 주엽로 80 (대화동),영업개시전,5,01,,대규모점포,178443.772452423    ,462653.992741763    ,경기도 고양시 일산서구 대화동 1050번지 185호,2017-08-25 17:00:37
3940000,2018394029807500001,2018-04-10,,영업/정상,,,,,11120.34,,10595,e-편한세상 시티 삼송(World Avenue),그 밖의 대규모점포,I,2025-12-15 16:15:28,경기도 고양시 덕양구 동송로 33 (동산동),정상영업,1,01,0317823752,대규모점포,190793.745581355    ,460809.3267951      ,경기도 고양시 덕양구 동산동 369번지,2019-01-29 13:51:14
3940000,2019394038807500001,2019-01-22,,영업/정상,,,,,6030.85,,10393,라 몬테 이탈리아노,그 밖의 대규모점포,I,2025-12-15 16:15:28,"경기도 고양시 일산동구 연리지로 51, 라몬테이탈리아노 (장항동)",영업개시전,5,01,0319479603,대규모점포,178307.044705103    ,461974.801224849    ,경기도 고양시 일산동구 장항동 1800번지 라몬테이탈리아노,2019-01-22 21:54:58
3940000,2019394038807500002,2019-01-23,,영업/정상,,,,,9385.02,,10391,GIFC MALL,그 밖의 대규모점포,I,2025-12-15 16:15:28,경기도 고양시 일산서구 킨텍스로 240 (대화동),영업개시전,5,01,,대규모점포,177925.172169511    ,462673.381313058    ,경기도 고양시 일산서구 대화동 2603번지,2019-01-23 18:52:35
3940000,2019394038807500003,2019-06-04,,영업/정상,,,,,7989.5,,10591,힐스몰,그 밖의 대규모점포,I,2025-12-15 16:15:28,경기도 고양시 덕양구 동송로 70 (삼송동),정상영업,1,01,023818036,대규모점포,190815.458049782    ,461119.342314115    ,경기도 고양시 덕양구 삼송동 291번지,2022-04-26 10:56:02
3940000,2021394038807500001,2021-07-02,,영업/정상,,,,,15789,,10592,고양삼송현대헤리엇,그 밖의 대규모점포,I,2025-12-15 16:15:28,"경기도 고양시 덕양구 삼송로 222, 고양삼송현대헤리엇 (삼송동)",영업개시전,5,01,0319016611,대규모점포,191025.010600686    ,461186.001629362    ,경기도 고양시 덕양구 삼송동 293,2021-07-02 12:33:29
3940000,2022394038807500001,2022-08-10,,영업/정상,,,,,1111.32,,10231,(주)이마트에브리데이 고양덕이점,구분없음,I,2025-12-15 16:15:28,"경기도 고양시 일산서구 하이파크2로 65, 1층 (덕이동)",정상영업,1,01,023805042,준대규모점포,178440.320567802    ,466401.449064464    ,경기도 고양시 일산서구 덕이동 373-21,2024-07-19 16:29:41
3940000,2023394038807500001,2023-03-29,,영업/정상,,,,,643.63,,10468,(주)이마트에브리데이 신원당점,구분없음,I,2025-12-15 16:15:28,"경기도 고양시 덕양구 고양대로1384번길 6, 지하층 1~3호 (성사동)",정상영업,1,01,0319940274,준대규모점포,185439.519310023    ,461265.376605749    ,경기도 고양시 덕양구 성사동 726,2024-07-19 15:55:53
3940000,2024394044407500001,2024-01-17,,영업/정상,,,,,337.19,,10517,GS THE FRESH 행신사거리점,구분없음,I,2025-12-15 16:15:28,"경기도 고양시 덕양구 행신로 151, 1층 (행신동, 양일빌딩)",정상영업,1,01,0319710244,준대규모점포,185099.284190187    ,457469.600901344    ,경기도 고양시 덕양구 행신동 616-1 양일빌딩,2025-04-23 10:59:53
3940000,2025394044407500001,2025-06-23,,영업/정상,,,,,25203.39,,,에비뉴 드 엘로이,그 밖의 대규모점포,I,2025-12-15 16:15:28,,정상영업,1,01,027829114,대규모점포,181588.686552499    ,462370.643368579    ,경기도 고양시 일산동구 풍동 1183,2025-07-22 17:10:16
3940000,2000394000007500015,1997-06-09,,영업/정상,,,,,5371.17,,,요진타워,그 밖의 대규모점포,I,2025-12-15 16:15:28,,정상영업,1,01,0319780030,대규모점포,185166.687145694    ,459037.825613683    ,경기도 고양시덕양구 화정동 973호,2017-04-06 14:26:17
3940000,2000394000007500016,1997-07-05,,휴업,,,,,,,,현대프리젠트프라자,그 밖의 대규모점포,I,2025-12-15 16:15:28,,휴업처리,2,02,03449015678,,180301.698161064    ,461028.179194405    ,경기도 고양시일산동구 장항동 895호   ,2007-06-30 13:26:54
3940000,2000394000007500018,1998-02-05,,영업/정상,,,,,10126.54,,,한솔코아,그 밖의 대규모점포,I,2025-12-15 16:15:28,,정상영업,1,01,,,,,경기도 고양시일산서구 주엽동 72-2호,2009-01-15 19:35:28
3940000,2000394000007500019,2001-10-15,,휴업,,,,,,,,아워스몰,그 밖의 대규모점포,I,2025-12-15 16:15:28,,휴업처리,2,02,,,180539.609005671    ,460835.850681465    ,경기도 고양시일산동구 마두동 806호   ,2007-06-30 13:26:54
3940000,2000394000007500020,2001-10-15,,휴업,,,,,,,,한양2차상가,그 밖의 대규모점포,I,2025-12-15 16:15:28,,휴업처리,2,02,,,179379.074360347    ,462805.739928927    ,경기도 고양시일산서구 주엽동 75호   ,2007-06-30 13:26:54
3940000,2000394000007500021,1998-09-24,,영업/정상,,,,,13513.27,,10500,세이브존,그 밖의 대규모점포,I,2025-12-15 16:15:28,"경기도 고양시 덕양구 화정로 52, 세이브존 (화정동)",정상영업,1,01,0319789000,대규모점포,185048.426384758    ,459123.51978397     ,경기도 고양시 덕양구 화정동 970번지 세이브존,2025-01-03 09:11:43
3940000,2000394000007500022,1999-09-20,,영업/정상,,,,,,,,롯데백화점 일산점,백화점,I,2025-12-15 16:15:28,,정상영업,1,01,0319092701,,,,경기도 고양시일산동구 장항동 784-2호   ,2007-06-30 13:26:54
3940000,2000394000007500023,2000-01-10,,영업/정상,,,,,9665,,,롯데쇼핑(주) 롯데마트 주엽점,대형마트,U,2026-05-07 03:03:03,"경기도 고양시 일산서구 중앙로 1496 (주엽동, 문촌마을11단지아파트)",정상영업,1,01,,대규모점포,178348.883331191    ,463464.183725362    ,경기도 고양시일산서구 주엽동 15호,2026-05-06 11:32:18
3940000,2000394029807500008,1996-05-24,,영업/정상,,,,,4026,,10422,대우로얄마트,그 밖의 대규모점포,I,2025-12-15 16:15:28,"경기도 고양시 일산동구 중앙로 1129 (장항동, 호수마을1단지아파트)",정상영업,1,01,0319054501,대규모점포,180458.844874681    ,460748.278360947    ,경기도 고양시 일산동구 장항동 902번지,2017-04-06 18:05:30
3940000,2001394005707500024,2001-05-26,,영업/정상,,,,,6916.04,,,롯데쇼핑(주) 롯데마트 화정점,대형마트,I,2026-01-06 21:18:10,경기도 고양시 덕양구 화중로 66 (화정동),정상영업,1,01,,대규모점포,185024.681774615    ,458969.125315118    ,경기도 고양시덕양구 화정동 982호,2026-01-05 10:49:57
3940000,200300000000000001,2003-07-01,,영업/정상,,,,,28608,410-380,,라페스타,그 밖의 대규모점포,I,2025-12-15 16:15:28,"경기도 고양시 일산동구 중앙로 1305-56, D동 3층 1호 (장항동)",정상영업,1,01,0319209600,대규모점포,179468.243313613    ,462123.032607408    ,경기도 고양시 일산동구 장항동 765번지 라페스타 쇼핑몰  D동 301-1호,2018-07-18 14:19:55
3940000,2003394011407500001,2003-07-21,,휴업,,,,,28608.65,,,라페스타,그 밖의 대규모점포,I,2025-12-15 16:15:28,,휴업처리,2,02,,,,,경기도 고양시일산동구 장항동 766외 23필지호   ,2007-06-30 13:26:54
3940000,2004394011407500001,2004-09-06,,휴업,,,,,0,,,뉴코아백화점,대형마트,I,2025-12-15 16:15:28,,휴업처리,2,02,03449005501,,180259.17           ,461406.409999999    ,경기도 고양시일산동구 마두동 797호   ,2007-06-30 13:26:54
3940000,2005394011407500001,2005-04-29,,휴업,,,,,0,,,월마트코리아,그 밖의 대규모점포,I,2025-12-15 16:15:28,,휴업처리,2,02,,,178760.034309099    ,465096.559170889    ,경기도 고양시일산서구 덕이동 203번지 1호   ,2007-06-30 13:26:54
3940000,2005394011407500002,2005-04-29,,휴업,,,,,0,,,월마트슈퍼센터,그 밖의 대규모점포,I,2025-12-15 16:15:28,,휴업처리,2,02,,,185226.158241731    ,458936.976683497    ,경기도 고양시덕양구 화정동 976호   ,2007-06-30 13:26:54
3940000,2006394011407500001,2006-11-03,,휴업,,,,,12733.77,,,주식회사 이랜드리테일,대형마트,I,2025-12-15 16:15:28,,휴업처리,2,02,,,179536.212704008    ,461876.531597015    ,경기도 고양시일산동구 장항동 755호   ,2007-06-30 13:26:54
3940000,2007394015907500001,2007-04-16,,영업/정상,,,,,32905.73,,,웨스턴돔,쇼핑센터,I,2025-12-15 16:15:28,,정상영업,1,01,0319328408,,179810.178969729    ,461526.164368873    ,경기도 고양시일산동구 장항동 867호,2009-01-15 18:20:17
3940000,2007394015907500002,2007-05-01,,영업/정상,,,,,34419,,10401,롯데쇼핑(주) 롯데백화점 일산점,백화점,U,2026-05-07 03:03:03,"경기도 고양시 일산동구 중앙로 1283, 롯데백화점 일산점 (장항동)",정상영업,1,01,0319092714,대규모점포,179812.331183859    ,462059.506265122    ,경기도 고양시 일산동구 장항동 784 롯데백화점일산점,2026-05-06 11:31:18
3940000,2007394015907500003,2007-09-11,,휴업,,2025-12-28,2026-12-27,,12885,410-837,,홈플러스(주) 일산점,대형마트,I,2026-01-01 02:40:00,경기도 고양시 일산동구 중앙로1275번길 64 (장항동),휴업처리,2,02,0319268035,대규모점포,179536.212704008    ,461876.531597015    ,경기도 고양시 일산동구 장항동 755번지,2025-12-30 13:03:55
3940000,2008394015907500001,1997-01-29,,영업/정상,,,,,8988,412-270,,(주)이마트 화정점,그 밖의 대규모점포,I,2025-12-15 16:15:28,"경기도 고양시 덕양구 백양로 79 (화정동, 이마트)",정상영업,1,01,0319951052,대규모점포,185226.158241731    ,458936.976683497    ,경기도 고양시덕양구 화정동 976번지,2024-04-22 09:33:38
3940000,2008394015907500003,2008-01-02,,영업/정상,,,,,14989,410-360,,코스트코 홀세일 일산점,대형마트,I,2025-12-15 16:15:28,,정상영업,1,01,0319043300,대규모점포,181269.282136063    ,459854.286250466    ,경기도 고양시일산동구 백석동 1312번지,2015-12-04 16:30:57
3940000,2009394017807500001,1998-06-13,,영업/정상,,,,,7733,411-370,,포리치,그 밖의 대규모점포,I,2025-12-15 16:15:28,,정상영업,1,01,,,179379.074360347    ,462805.739928927    ,경기도 고양시일산서구 주엽동 75번지,2009-01-15 18:06:21
3940000,2009394017807500002,1996-10-10,,영업/정상,,,,,11214.7,,10495,롯데쇼핑(주) 롯데마트 고양점,대형마트,I,2026-01-06 21:18:10,"경기도 고양시 덕양구 충장로 150, 및 중앙로558번길 21 (행신동)",정상영업,1,01,0319307008,대규모점포,185469.285638831    ,458105.907013269    ,경기도 고양시 덕양구 행신동 941 롯데마트 고양점,2026-01-05 13:24:20
3940000,2010394021807500001,2010-07-13,,영업/정상,,,,,37832.73,,10391,현대백화점 킨텍스점,백화점,I,2025-12-15 16:15:28,경기도 고양시 일산서구 호수로 817 (대화동),정상영업,1,01,0318222233,대규모점포,178006.080301401    ,462865.812502378    ,경기도 고양시 일산서구 대화동 2602번지,2024-04-15 13:21:48
3940000,2010394021807500002,2010-08-04,,영업/정상,,,,,20138,411-410,,홈플러스(주) 킨텍스점,대형마트,I,2025-12-15 16:15:28,경기도 고양시 일산서구 호수로 817 (대화동),정상영업,1,01,0319321558,대규모점포,178006.080301401    ,462865.812502378    ,경기도 고양시 일산서구 대화동 2602번지,2024-03-04 10:30:57
3940000,2010394021807500003,2010-08-26,,영업/정상,,,,,7121,411-410,,레이킨스몰,그 밖의 대규모점포,I,2025-12-15 16:15:28,경기도 고양시 일산서구 호수로 817 (대화동),정상영업,1,01,0319121170,대규모점포,178006.080301401    ,462865.812502378    ,경기도 고양시 일산서구 대화동 2602번지,2016-02-02 10:11:59
3940000,2011394025707500001,2011-06-15,,영업/정상,,2014-07-25,2014-12-15,2014-10-16,18422.06,410-816,,홈플러스(주) 고양터미널점,대형마트,I,2025-12-15 16:15:28,경기도 고양시 일산동구 중앙로 1036-0 (백석동),정상영업,1,01,0319608264,대규모점포,181369.967204096    ,460117.354561195    ,경기도 고양시 일산동구 백석동 1242번지,2024-03-04 10:37:27
3940000,2012394025707500003,2012-03-22,,영업/정상,,,,,363,411-320,,홈플러스(주)익스프레스 탄현점,구분없음,I,2025-12-15 16:15:28,경기도 고양시 일산서구 일현로 123 (탄현동),정상영업,1,01,0319168545,준대규모점포,179240.700409735    ,466193.295792191    ,경기도 고양시 일산서구 탄현동 139번지 32호,2017-04-06 10:52:52
3940000,2012394025707500004,2012-03-22,,영업/정상,,,,,189,411-320,,홈플러스(주) 익스프레스 탄현2점,구분없음,I,2025-12-15 16:15:28,경기도 고양시 일산서구 산현로17번길 9 (탄현동),정상영업,1,01,0319178545,준대규모점포,179058.795          ,465330.68           ,경기도 고양시 일산서구 탄현동 1576번지 5호,2024-03-28 14:48:10
3940000,2012394025707500005,2012-03-26,,영업/정상,,,,,1119.2,410-831,,롯데쇼핑(주) 롯데슈퍼일산점,구분없음,U,2026-05-07 03:03:03,경기도 고양시 일산동구 고봉로 250 (중산동),정상영업,1,01,0319765600,준대규모점포,180396.246472763    ,464432.961173643    ,경기도 고양시 일산동구 중산동 1669번지 3호,2026-05-06 11:31:37
3940000,2012394025707500007,2012-03-29,,영업/정상,,,,,320.4,411-827,,홈플러스(주) 익스프레스 후곡점,구분없음,I,2025-12-15 16:15:28,"경기도 고양시 일산서구 일산로 530, 1층 4호 (일산동)",정상영업,1,01,0319138545,준대규모점포,179561.662632651    ,463924.147534329    ,경기도 고양시 일산서구 일산3동 1080번지 모아프라자  104호,2024-03-28 14:45:10
3940000,2012394025707500008,2012-04-03,,영업/정상,,,,,380.36,411-827,,홈플러스 익스프레스 후곡2점,구분없음,I,2025-12-15 16:15:28,경기도 고양시 일산서구 일산로 571 (일산동),정상영업,1,01,0319238543,준대규모점포,179151.981593488    ,464076.049428838    ,경기도 고양시 일산서구 일산3동 1060번지 뉴시티프라자 1층,2019-07-05 14:36:11
3940000,2012394025707500009,2012-04-03,,영업/정상,,,,,399.59,412-806,,홈플러스 익스프레스 고양성사점,구분없음,I,2025-12-15 16:15:28,경기도 고양시 덕양구 호국로 822 (성사동),정상영업,1,01,0319688545,준대규모점포,185710.90617803     ,461803.393283108    ,경기도 고양시 덕양구 성사1동 501번지 2호 명지캐럿  101호,2020-09-04 17:55:16
3940000,2012394025707500010,2012-06-01,,영업/정상,,,,,997.28,411-852,,(주)이마트에브리데이 일산2호점,구분없음,I,2025-12-15 16:15:28,경기도 고양시 일산서구 일청로 46 (일산동),정상영업,1,01,,준대규모점포,179899.116192876    ,465058.323539311    ,경기도 고양시 일산서구 일산동 588번지 1호,2024-07-19 16:27:12
3940000,2012394025707500011,2012-11-21,,영업/정상,,,,,12545,,10311,이마트 풍산점,대형마트,I,2025-12-15 16:15:28,경기도 고양시 일산동구 무궁화로 237 (중산동),정상영업,1,01,023809414,대규모점포,181149.682181138    ,463521.801944649    ,경기도 고양시 일산동구 중산동 1809번지,2024-04-22 09:32:39
3940000,2013394025707500001,2013-01-24,,영업/정상,,,,,27094.76,,10390,(주)이마트 스타필드마켓 일산점,대형마트,I,2025-12-15 16:15:28,"경기도 고양시 일산서구 킨텍스로 171 (대화동, 이마트타운)",정상영업,1,01,0319361123,대규모점포,177349.707402843    ,462162.606173795    ,경기도 고양시 일산서구 대화동 2703번지,2025-09-05 13:50:58
3940000,2013394025707500002,2013-03-13,,영업/정상,,,,,31767.45,411-802,,고양 원마운트,복합쇼핑몰,I,2025-12-15 16:15:28,경기도 고양시 일산서구 한류월드로 300 (대화동),정상영업,1,01,15662232,대규모점포,,,경기도 고양시 일산서구 대화동 300번지,2014-03-03 10:05:53
3940000,2013394025707500003,2013-05-30,,영업/정상,,,,,1775.01,411-320,,(주)이마트에브리데이 탄현역점,구분없음,I,2025-12-15 16:15:28,"경기도 고양시 일산서구 일현로 97-11 (탄현동, 위브더제니스 스퀘어)",정상영업,1,01,0317247081,준대규모점포,179005.665068939    ,465786.029740427    ,경기도 고양시 일산서구 탄현동 1640번지 위브더제니스 스퀘어,2024-07-19 15:53:14
3940000,2013394025707500004,2013-06-04,,영업/정상,,,,,302.3,412-818,,홈플러스(주) 익스프레스 고양토당점,구분없음,I,2025-12-15 16:15:28,경기도 고양시 덕양구 지도로35번길 12-3 (토당동),정상영업,1,01,0319788560,준대규모점포,184353.219963187    ,457627.740291999    ,경기도 고양시 덕양구 토당동 387번지 1호,2024-03-28 14:46:08
3940000,2013394025707500005,2013-07-24,,영업/정상,,,,,21623,,10450,롯데아울렛 고양터미널점,복합쇼핑몰,I,2025-12-15 16:15:28,"경기도 고양시 일산동구 중앙로 1036 (백석동, 베스트 고양터미널)",정상영업,1,01,,대규모점포,181369.967204096    ,460117.354561195    ,경기도 고양시 일산동구 백석동 1242번지,2017-02-01 10:21:46
3940000,2014394029807500001,2014-07-22,,휴업,,2025-07-31,2026-07-30,,19834.8,,10391,롯데쇼핑(주) VIC마켓 킨텍스점,대형마트,U,2026-05-07 03:03:03,"경기도 고양시 일산서구 주엽로 79 (대화동, 롯데마트빅마켓일산킨텍스점)",휴업처리,2,02,0221458455,대규모점포,178207.798502925    ,462784.587737594    ,경기도 고양시 일산서구 대화동 1050번지 171호,2026-05-06 17:36:42
3940000,2000394000007500002,1983-01-28,,폐업,2015-03-02,,,,0,,,원당종합시장,그 밖의 대규모점포,I,2025-12-15 16:15:28,,폐업처리,3,03,03449625422,,,,경기도 고양시덕양구 성사동 698-2호,2015-03-02 16:36:49
3940000,2000394000007500017,1998-01-17,,폐업,2024-07-29,,,,4609.84,,,해태쇼핑타운,그 밖의 대규모점포,I,2025-12-15 16:15:28,,폐업처리,3,03,,,,,경기도 고양시일산서구 일산동 1561-1호,2024-07-23 08:51:22
3940000,2008394015907500002,1996-12-26,,폐업,2019-03-20,,,,11810.25,411-450,,(주)이마트 덕이점,대형마트,I,2025-12-15 16:15:28,경기도 고양시 일산서구 경의로 798 (덕이동),폐업처리,3,03,0319271234,대규모점포,178789.757869856    ,465153.656242302    ,경기도 고양시일산서구 덕이동 203번지,2019-05-01 14:58:22
3940000,2012394025707500001,2012-01-20,,폐업,2017-05-22,,,,1016,411-850,,(주)이마트에브리데이 일산동점,구분없음,I,2025-12-15 16:15:28,경기도 고양시 일산서구 원일로 69 (일산동),폐업처리,3,03,0319758400,준대규모점포,179661.530305725    ,464960.066910531    ,경기도 고양시 일산서구 일산동 606번지 1호 시티프라자 1층,2017-05-26 16:54:00
3940000,2012394025707500002,2012-03-15,,폐업,2020-02-04,,,,222.4,411-809,,홈플러스(주) 익스프레스 고양덕이점,구분없음,I,2025-12-15 16:15:28,경기도 고양시 일산서구 하이파크3로78번길 1 (덕이동),폐업처리,3,03,,준대규모점포,,,경기도 고양시 일산서구 덕이동 1541번지,2020-02-19 13:20:25
3940000,2012394025707500006,2012-03-26,,폐업,2015-06-01,,,,295.93,411-827,,롯데쇼핑(주) 롯데슈퍼 일산후곡점,구분없음,I,2025-12-15 16:15:28,경기도 고양시 일산서구 일산로 541 (일산동),폐업처리,3,03,0319125602,준대규모점포,179430.491672366    ,463922.29396786     ,경기도 고양시 일산서구 일산3동 1084번지 1호,2017-04-07 11:22:13
3940000,2016394029807500003,2016-10-28,,영업/정상,,,,,16529.11,,10551,롯데아울렛 고양점,쇼핑센터,U,2026-05-07 03:03:03,경기도 고양시 덕양구 권율대로 420(도내동),정상영업,1,01,03180352612,대규모점포,187849.01957446     ,458589.280565554    ,경기도 고양시 덕양구 도내동 1003 이케아 고양점,2026-05-06 11:30:57
3940000,2016394029807500004,2016-10-28,,영업/정상,,,,,25226.79,,10551,이케아 고양점,전문점,I,2025-12-15 16:15:28,"경기도 고양시 덕양구 권율대로 420 (도내동, 이케아고양점)",정상영업,1,01,023108700,대규모점포,187849.01957446     ,458589.280565554    ,경기도 고양시 덕양구 도내동 1003번지,2024-02-14 11:14:20
3970000,2001397003207500891,1989-03-03,,영업/정상,,,,,,,,과천3차현대종합상가,그 밖의 대규모점포,I,2025-12-15 16:15:28,,정상영업,1,01,025022910,,,,경기도 과천시 별양동 52호   ,2007-07-14 10:27:44
3970000,2012397003207500003,2012-08-23,,폐업,2023-08-08,,,,677.22,427-804,,(주)지에스리테일 과천8점,구분없음,I,2025-12-15 16:15:28,경기도 과천시 부림로 2 (부림동),폐업처리,3,03,0220063059,준대규모점포,199860.923285594    ,437044.091834849    ,경기도 과천시 부림동 41번지 복합상가 제라동,2025-03-10 16:00:29
3970000,2012397003207500001,2012-05-21,,폐업,2022-04-18,,,,605.2,427-040,,롯데쇼핑(주)롯데슈퍼 새서울점,구분없음,I,2025-12-15 16:15:28,"경기도 과천시 별양상가2로 20 (별양동, 새서울프라자 지하)",폐업처리,3,03,025071574,준대규모점포,199271.515          ,436077.66           ,경기도 과천시 별양동 1번지 18호,2025-03-10 13:23:30
3970000,2001397003207500961,1996-12-21,,폐업,2014-11-20,,,,10954,,,뉴코아아울렛과천지점,쇼핑센터,I,2025-12-15 16:15:28,"경기도 과천시 별양상가3로 11 (별양동, 뉴코아)",폐업처리,3,03,025095000,대규모점포,199209.021144538    ,436019.965418918    ,경기도 과천시 별양동 1번지 19호,2014-11-20 16:29:34
3970000,2022397009407500001,2022-01-06,,영업/정상,,,,,370.2,,13833,GS THE FRESH 과천자이점,그 밖의 대규모점포,I,2025-12-15 16:15:28,"경기도 과천시 별양로 142, 131~144호 (별양동)",정상영업,1,01,022062678,준대규모점포,,,경기도 과천시 별양동 52,2025-04-07 16:50:36
3970000,2015397003207500001,2015-03-17,,영업/정상,,,,,9798,,,이마트과천점,복합쇼핑몰,I,2025-12-15 16:15:28,경기도 과천시 별양상가3로 11-0 (별양동),정상영업,1,01,023809396,대규모점포,199209.021144538    ,436019.965418918    ,,2024-04-17 16:41:40
3970000,2012397003207500002,2012-05-21,,영업/정상,,,,,1021.67,427-739,,(주)지에스리테일 과천3점,그 밖의 대규모점포,I,2025-12-15 16:15:28,경기도 과천시 별양로 28 (원문동),정상영업,1,01,0269337200,준대규모점포,199247.7714676      ,435394.603870331    ,경기도 과천시 원문동 4번지 래미안슈르 상가 지하 1층,2025-04-07 16:42:36
3970000,2005397003207500001,2005-12-02,,휴업,,,,,8577.32,,,과천제일쇼핑센터시장,그 밖의 대규모점포,I,2025-12-15 16:15:28,경기도 과천시 별양상가2로 14 (별양동),휴업처리,2,02,,,199310.960632204    ,436133.924232434    ,경기도 과천시 별양동 1번지 13호   ,2007-07-14 10:27:44
3970000,2001397003207500893,1998-02-06,,영업/정상,,,,,0,,,새서울프라자,그 밖의 대규모점포,I,2025-12-15 16:15:28,경기도 과천시 별양상가2로 20 (별양동),정상영업,1,01,025035911,대규모점포,199271.515          ,436077.66           ,경기도 과천시 별양동 1번지 18호,2025-05-20 16:56:28
3970000,2001397003207500892,1989-04-04,,영업/정상,,,,,,,,과천2차종합상가,그 밖의 대규모점포,I,2025-12-15 16:15:28,,정상영업,1,01,025020223,,199247.7714676      ,435394.603870331    ,경기도 과천시 원문동 4호   ,2007-07-14 10:27:44
3980000,2000398001707500003,1998-03-07,,영업/정상,,,,,24555,,,(주)지에스리테일 GS스퀘어 구리점,백화점,I,2025-12-15 16:15:28,경기도 구리시 경춘로 261 (인창동),정상영업,1,01,0315507114,,212647.021160325    ,455616.655198478    ,경기도 구리시 인창동 677호,2008-10-14 11:32:36
3980000,2026398012907500001,2026-04-29,,영업/정상,,,,,142,,11933,롯데슈퍼 구리수택점,구분없음,I,2026-04-30 21:18:10,"경기도 구리시 원수택로 37, 1층 (수택동)",영업개시전,5,01,0315691919,준대규모점포,212336.678807743    ,454812.956816602    ,경기도 구리시 수택동 437-10,2026-04-29 17:01:35
3980000,2010398007807500001,2010-05-07,,영업/정상,,,,,30010.78,471-010,,롯데쇼핑(주) 구리점,백화점,I,2025-12-15 16:15:28,경기도 구리시 경춘로 261 (인창동),정상영업,1,01,,대규모점포,212647.021160325    ,455616.655198478    ,경기도 구리시 인창동 677번지  롯데스퀘어(주)구리점,2017-04-27 10:55:00
3980000,2012398010807500004,2012-05-22,,영업/정상,,,,,592.2,,11938,롯데슈퍼 교문점,복합쇼핑몰,U,2026-04-30 03:03:03,"경기도 구리시 장자대로37번길 61, 덕현아파트 상가 (교문동)",정상영업,1,01,0315695602,준대규모점포,211732.000146084    ,454218.547394414    ,경기도 구리시 교문동 808 덕현아파트 상가,2026-04-29 17:14:59
3980000,2000398001707500005,1992-09-22,,폐업,2007-10-12,,,,468,,,럭키종합상가,대형마트,I,2025-12-15 16:15:28,,폐업처리,3,03,0315621010,,,,경기도 구리시 수택동 707-1호,2007-10-12 15:35:25
3980000,2003398005007500001,2003-04-11,,폐업,2008-11-10,,,,4860,,,구리아울렛 The Box,쇼핑센터,I,2025-12-15 16:15:28,경기도 구리시 경춘로 282 (수택동),폐업처리,3,03,0315536060,,212800.919305349    ,455610.47833689     ,경기도 구리시 수택동 562호,2008-11-13 14:04:40
3980000,2006398005007500001,2006-09-20,,폐업,2007-08-03,,,,0,,,비앤큐 홈(구리점),전문점,I,2025-12-15 16:15:28,"경기도 구리시 동구릉로136번길 57, 아울렛동 (인창동)",폐업처리,3,03,025696300,,212367.118425352    ,456712.576784184    ,경기도 구리시 인창동 430호  아울렛,2007-08-06 21:49:26
3980000,2011398010807500001,2011-09-06,,폐업,2017-07-12,,,,110.9,471-815,,롯데쇼핑(주)롯데마켓999 수택점,그 밖의 대규모점포,I,2025-12-15 16:15:28,경기도 구리시 체육관로 170 (수택동),폐업처리,3,03,0315585604,준대규모점포,211977.33994739     ,455281.752740031    ,경기도 구리시 수택1동,2017-07-27 16:56:54
3980000,2012398010807500001,2012-04-18,,폐업,2021-03-09,,,,356.04,,,GS슈퍼 수택3점,복합쇼핑몰,I,2025-12-15 16:15:28,경기도 구리시 체육관로80번길 13 (수택동),폐업처리,3,03,0315548500,준대규모점포,,,,2021-03-16 13:11:25
3980000,2012398010807500002,2012-04-18,,폐업,2021-03-09,,,,863.22,,,GS슈퍼 구리수택점,전문점,I,2025-12-15 16:15:28,경기도 구리시 검배로 70 (수택동),폐업처리,3,03,0315225391,준대규모점포,212813.095069411    ,454860.383649496    ,,2021-03-16 13:12:38
3980000,2012398010807500003,2012-05-21,,폐업,2016-12-09,,,,690.2,471-834,,롯데슈퍼 인창점,복합쇼핑몰,I,2025-12-15 16:15:28,경기도 구리시 동구릉로 55 (인창동),폐업처리,3,03,,준대규모점포,,,경기도 구리시 인창동 543번지 1호,2016-12-09 18:04:07
3980000,2012398010807500005,2012-05-22,,폐업,2015-12-24,,,,158.4,,,익스프레스 구리동구점,그 밖의 대규모점포,I,2025-12-15 16:15:28,경기도 구리시 동구릉로 120 (인창동),폐업처리,3,03,,준대규모점포,212024.477144164    ,456397.139086741    ,,2015-12-24 13:21:48
3980000,2012398010807500007,2012-06-05,,폐업,2018-01-31,,,,241,,,익스프레스 구리토평점,대형마트,I,2025-12-15 16:15:28,경기도 구리시 이문안로 126-2 (토평동),폐업처리,3,03,03105678545,준대규모점포,212738.542267593    ,454286.064127389    ,,2018-02-23 13:32:29
3980000,2007398007807500001,2007-08-09,,영업/정상,,,,,10498.3,471-010,,롯데쇼핑(주) 롯데마트 그랑그로서리 구리점,대형마트,I,2026-01-10 21:18:10,경기도 구리시 동구릉로136번길 57 (인창동),정상영업,1,01,0221458000,대규모점포,212367.118425352    ,456712.576784184    ,경기도 구리시 인창동 430번지,2026-01-09 07:25:51
3980000,1988398005007500001,1988-03-04,,영업/정상,,,,,,,,남양종합시장,그 밖의 대규모점포,I,2025-12-15 16:15:28,,정상영업,1,01,0315551486,,212649.486418551    ,454907.121955254    ,경기도 구리시 수택동 481호   ,2007-06-23 09:43:48
3980000,2000398001707500002,1999-03-30,,영업/정상,,,,,,,,구리농수산물소매시장,그 밖의 대규모점포,I,2025-12-15 16:15:28,경기도 구리시 동구릉로136번길 57 (인창동),정상영업,1,01,0315605121,,212367.118425352    ,456712.576784184    ,경기도 구리시 인창동 430호   ,2007-06-23 09:43:48
3980000,2025398012907500001,2025-11-28,,영업/정상,,,,,4125.17,,11932,유탑트윈펠리스,그 밖의 대규모점포,I,2025-12-15 16:15:28,"경기도 구리시 원수택로64번길 33 (수택동, 유탑 트윈팰리스)",영업개시전,5,01,0315512100,대규모점포,212649.486418551    ,454907.121955254    ,경기도 구리시 수택동 481 유탑 트윈팰리스,2025-12-01 17:47:10
3980000,2023398012907500001,2023-12-04,,영업/정상,,,,,18408.86,,11915,시민마트,대형마트,I,2025-12-15 16:15:28,"경기도 구리시 동구릉로136번길 57, 구리유통종합상가 A동 (인창동)",정상영업,1,01,0315136001,대규모점포,212367.118425352    ,456712.576784184    ,경기도 구리시 인창동 430 구리유통종합상가,2023-12-04 14:24:26
3980000,2021398012907500001,2021-04-06,,영업/정상,,,,,18408.86,,11915,시민마트,구분없음,I,2025-12-15 16:15:28,"경기도 구리시 동구릉로136번길 57, 구리유통종합상가 할인점동 (인창동)",정상영업,1,01,0315136001,대규모점포,212367.118425352    ,456712.576784184    ,경기도 구리시 인창동 430 구리유통종합상가,2023-07-14 15:54:24
3980000,2017398010807500001,2017-09-26,,영업/정상,,,,,21346.37,,11901,모다아울렛,전문점,I,2025-12-15 16:15:28,"경기도 구리시 경춘북로 230 (갈매동, 구리갈매지구판매시설)",정상영업,1,01,0315149000,대규모점포,210176.709339399    ,458999.953981333    ,경기도 구리시 갈매동 599번지,2021-04-30 15:05:48
3980000,2013398010807500001,2013-12-31,,영업/정상,,,,,19936.36,,11915,롯데 아울렛 구리점,쇼핑센터,U,2026-04-30 03:03:03,"경기도 구리시 동구릉로136번길 47, 구리 복합몰(롯데아울렛 구리점) (인창동)",정상영업,1,01,025578828,대규모점포,212338.516597728    ,456623.179059563    ,경기도 구리시 인창동 419번지 7호 구리 복합몰(롯데아울렛 구리점),2026-04-29 16:57:34
3980000,2012398010807500008,2012-08-14,,영업/정상,,,,,30700.27,471-040,,롯데쇼핑(주)구리점,백화점,U,2026-04-30 03:03:03,경기도 구리시 경춘로 261 (인창동),정상영업,1,01,0315508083,대규모점포,212647.021160325    ,455616.655198478    ,경기도 구리시 동구동 677번지,2026-04-29 17:04:44
3980000,2012398010807500006,2012-05-22,,영업/정상,,,,,382.58,471-838,,익스프레스 구리 인창점,복합쇼핑몰,I,2025-12-15 16:15:28,경기도 구리시 건원대로76번길 42 (인창동),정상영업,1,01,0315658545,준대규모점포,212442.947355824    ,456144.78128741     ,경기도 구리시 인창동 666번지 2호,2024-03-26 11:03:50
3980000,2000398001707500004,1991-07-16,,폐업,2007-10-12,,,,788.26,,,동현종합상가,대형마트,I,2025-12-15 16:15:28,,폐업처리,3,03,0315573845,,211883.553917781    ,454545.440884413    ,경기도 구리시 교문동 766호,2007-10-12 15:36:23
3980000,2000398001707500001,1999-07-09,,폐업,2021-03-31,,,,17880.19,,,롯데쇼핑(주) 롯데마트 구리점,대형마트,I,2025-12-15 16:15:28,경기도 구리시 동구릉로136번길 57 (인창동),폐업처리,3,03,0315509613,대규모점포,212367.118425352    ,456712.576784184    ,경기도 구리시 인창동 430호,2021-04-06 16:28:05
3990000,2005399008907500002,2005-11-15,,영업/정상,,,,,10925.67,472-120,,(주)이마트 남양주점,그 밖의 대규모점포,I,2025-12-15 16:15:28,경기도 남양주시 늘을2로 27 (호평동),정상영업,1,01,0315901234,대규모점포,221378.987723763    ,461433.576798678    ,경기도 남양주시 호평동 637번지,2024-04-22 16:39:17
3990000,2001399008907500001,2001-11-28,2021-01-15,취소/말소/만료/정지/중지,,,,,0,,,코리아마트,대형마트,I,2025-12-15 16:15:28,경기도 남양주시 화도읍 경춘로 1725,직권취소,4,04,0315587000,대규모점포,224788.908585668    ,461612.798454074    ,경기도 남양주시 화도읍 묵현리 368번지 2호,2021-09-13 09:24:37
3990000,2008399008907500001,2008-03-28,,영업/정상,,,,,10760,,12256,(주)이마트 다산점,복합쇼핑몰,I,2025-12-15 16:15:28,"경기도 남양주시 도농로 24 (다산동, 부영애시앙)",정상영업,1,01,0315791052,대규모점포,213941.170509698    ,456267.182532575    ,경기도 남양주시 다산동 4001번지 29호,2024-04-22 16:40:22
3990000,2009399015407500001,2009-11-26,,영업/정상,,,,,9041,472-865,,홈플러스(주)남양주진접점,그 밖의 대규모점포,I,2025-12-15 16:15:28,경기도 남양주시 진접읍 금강로 1447,정상영업,1,01,0315708000,대규모점포,216587.285919176    ,468805.572134094    ,경기도 남양주시 진접읍 장현리 216번지 1호,2024-02-29 14:37:31
3990000,2010399015407500001,2010-06-01,,영업/정상,,,,,10148.33,,12073,주식회사 이마트 진접점,복합쇼핑몰,I,2025-12-15 16:15:28,"경기도 남양주시 진접읍 금강로유연들1길 154, 진접이마트",정상영업,1,01,0315221234,대규모점포,215971.923346848    ,467391.99875644     ,경기도 남양주시 진접읍 연평리 101번지 14호 진접이마트,2024-04-22 16:40:38
3990000,2010399021407500001,2010-11-12,,영업/정상,,,,,8090.9,472-845,,롯데쇼핑(주)롯데마트 마석점,전문점,I,2026-01-15 21:18:08,경기도 남양주시 화도읍 경춘로 1992,정상영업,1,01,0317482500,대규모점포,227234.544976879    ,460930.696005881    ,경기도 남양주시 화도읍 마석우리 255번지 24호,2026-01-14 19:11:58
3990000,2003399008907526651,2003-06-11,,폐업,2005-03-24,,,,750,,,LG마트 덕소점,대형마트,I,2025-12-15 16:15:28,,폐업처리,3,03,,,,,경기도 남양주시 와부읍 덕소리 501-3호,2010-05-24 16:42:49
3990000,2005399008907500001,2005-03-24,,영업/정상,,,,,7189,,,롯데쇼핑(주)롯데마트덕소점,구분없음,I,2026-01-15 21:18:08,경기도 남양주시 와부읍 월문천로 33,정상영업,1,01,0315797700,대규모점포,218882.001813215    ,453620.325834171    ,경기도 남양주시 와부읍 덕소리 501-3호,2026-01-14 19:15:36
3990000,2004399008907500001,2004-07-02,,휴업,,,,,3584.58,,,선플렉스미트,대형마트,I,2025-12-15 16:15:28,,휴업처리,2,02,0315213003,,,,경기도 남양주시 와부읍 덕소리 483 외1호   ,2009-10-22 10:29:42
3990000,2002399008907500001,2002-07-10,,영업/정상,,,,,5791,,,(주)마트링크,대형마트,I,2025-12-15 16:15:28,,,BBBB,01,0315753900,,,,경기도 남양주시 오남읍 오남리 203번지 7호   ,2007-07-14 10:36:00
3990000,2021399046507500001,2021-06-17,,영업/정상,,,,,9057.85,,12171,한성몰 남양주점,전문점,I,2025-12-15 16:15:28,경기도 남양주시 화도읍 경춘로 1725,정상영업,1,01,0222111311,대규모점포,224788.908585668    ,461612.798454074    ,경기도 남양주시 화도읍 묵현리 368-2,2021-06-17 18:06:48
3990000,2020399042107500001,2020-02-21,,영업/정상,,,,,53672.64,,12248,현대프리미엄아울렛 SPACE1,쇼핑센터,I,2025-12-15 16:15:28,"경기도 남양주시 다산순환로 50, 다산진건 자족시설용지 1BL 판매시설 (다산동)",정상영업,1,01,0234165861,대규모점포,213414.26557821     ,457095.530042213    ,경기도 남양주시 다산동 6141번지 다산진건 자족시설용지 1BL 판매시설,2024-05-24 18:07:20
3990000,2012399015407500001,2012-07-30,,영업/정상,,,,,9833.49,,12113,이마트 별내점,대형마트,U,2026-04-07 03:03:03,"경기도 남양주시 순화궁로 167, 이마트 (별내동)",정상영업,1,01,0315501252,대규모점포,211047.543226491    ,460054.746656557    ,경기도 남양주시 별내동 989번지 이마트,2026-04-06 16:07:09
3990000,2022399046507500001,2022-12-29,,영업/정상,,,,,13474,,,다산역 데시앙 상업시설,그 밖의 대규모점포,I,2025-12-15 16:15:28,,영업개시전,5,01,,대규모점포,213465.986919386    ,458131.768703582    ,경기도 남양주시 다산동 6056,2023-02-02 13:34:34
4000000,2002400005007500001,2002-09-06,,영업/정상,,,,,8575,,,롯데쇼핑(주) 롯데마트 오산점,대형마트,I,2025-12-15 16:15:28,경기도 오산시 경기대로 271 (오산동),정상영업,1,01,,대규모점포,206416.225089197    ,405292.957866229    ,경기도 오산시 오산동 868호,2025-04-30 16:55:38
4000000,2005400005007500001,2005-11-17,,영업/정상,,,,,11742,447-060,,(주)이마트 오산점,그 밖의 대규모점포,I,2025-12-15 16:15:28,경기도 오산시 경기대로 181 (원동),정상영업,1,01,0313697052,대규모점포,206383.775609107    ,404319.688193021    ,경기도 오산시 원동 360번지 6호,2024-11-05 13:50:02
4000000,2011400010607500001,2011-11-28,,영업/정상,,,,,427.7,447-802,,롯데쇼핑(주)롯데슈퍼 오산점,구분없음,I,2026-01-07 21:48:10,경기도 오산시 대원로15번길 17 (오산동),정상영업,1,01,0313755602,준대규모점포,206134.694133401    ,405121.782352674    ,경기도 오산시 오산동 877번지 21호,2026-01-06 16:42:06
4000000,2012400012507500001,2012-06-13,,영업/정상,,,,,3383.28,447-230,,모다아울렛 B동 오산점,전문점,I,2025-12-15 16:15:28,경기도 오산시 경기대로 822-22 (외삼미동),정상영업,1,01,0318313712,대규모점포,204020.411719317    ,410030.536433244    ,경기도 오산시 외삼미동 562번지 10호,2024-10-29 15:28:42
4000000,2012400012507500002,2012-11-12,,영업/정상,,,,,19241.74,447-290,,홈플러스(주)오산점,대형마트,I,2025-12-15 16:15:28,경기도 오산시 청학로 238 (수청동),정상영업,1,01,03180778924,대규모점포,205417.553946702    ,407590.511508128    ,경기도 오산시 수청동 610번지,2025-05-07 18:03:43
4000000,2008400005007500001,2008-07-22,,폐업,2013-01-31,,,,6023.48,447-060,,오산 파크스퀘어,그 밖의 대규모점포,I,2025-12-15 16:15:28,경기도 오산시 원동로 6 (원동),폐업처리,3,03,0313785225,대규모점포,206118.273622077    ,404474.595570101    ,경기도 오산시 원동 841번지,2013-02-05 12:41:26
4000000,2021400019407500001,2021-04-22,,영업/정상,,,,,0,,18141,오산 원동 상점가,구분없음,I,2025-12-15 16:15:28,경기도 오산시 원동로37번길 27 (원동),정상영업,1,01,,대규모점포,206226.32427256     ,404756.266645655    ,경기도 오산시 원동 773-1,2024-05-09 10:25:16
4000000,2025400019407500001,2026-01-06,,영업/정상,,,,,8575,,18135,롯데쇼핑(주)롯데마트,대형마트,I,2026-01-07 21:48:10,"경기도 오산시 경기대로 271, 롯데마트오산점 (오산동)",정상영업,1,01,0313712501,대규모점포,206416.225089197    ,405292.957866229    ,경기도 오산시 오산동 868 롯데마트오산점,2026-01-06 16:41:48
4000000,2025400019407500002,2025-09-29,,영업/정상,,,,,0,,18109,금암중심상가 골목형상점가,구분없음,I,2025-12-15 16:15:28,"경기도 오산시 수청로 188, 롯데슈퍼 (금암동)",정상영업,1,01,,준대규모점포,203988.221680623    ,408389.663202656    ,경기도 오산시 금암동 512-4 롯데슈퍼,2025-11-05 15:38:10
4000000,1999400000007500006,1999-05-08,,폐업,2009-12-10,,,,5853,,18131,(주)투마트,대형마트,I,2025-12-15 16:15:28,경기도 오산시 현충로 95 (은계동),폐업처리,3,03,03103763171,대규모점포,206817.265008302    ,406565.211787749    ,경기도 오산시 은계동 7번지,2019-01-03 09:11:36
4000000,1999400000007500008,1999-08-14,,폐업,2009-12-01,,,,8201,,18141,오산종합시장,그 밖의 대규모점포,I,2025-12-15 16:15:28,경기도 오산시 오산로198번길 30 (원동),폐업처리,3,03,03103751616,대규모점포,206283.681928175    ,404797.016340247    ,경기도 오산시 원동 771번지 2호,2019-01-03 09:15:56
4000000,2013400014507500001,2013-12-30,,영업/정상,,,,,4779.04,447-230,,모다아울렛 A동 오산점,전문점,I,2025-12-15 16:15:28,경기도 오산시 경기대로 822-30 (외삼미동),정상영업,1,01,03180434492,대규모점포,204020.411719317    ,410030.536433244    ,경기도 오산시 외삼미동 562번지 30호,2024-05-08 14:01:24
4010000,2008401016707500002,2008-06-16,,영업/정상,,,,,19599.9,429-450,,시화공작기계 스텐레스판매조합,전문점,I,2026-05-11 22:05:13,경기도 시흥시 산기대학로 115 (정왕동),정상영업,1,01,,대규모점포,175342.113845703    ,427240.561121589    ,경기도 시흥시 정왕동 2166번지 2호,2018-06-28 09:21:29
4010000,2013401023907500001,2011-10-24,,폐업,2019-06-30,,,,100.7,,,롯데쇼핑(주) 롯데슈퍼 시흥정왕점,그 밖의 대규모점포,I,2026-05-11 22:05:13,경기도 시흥시 군서로46번길 8-1 (정왕동),폐업처리,3,03,0314315601,준대규모점포,177594.236362478    ,427201.94056199     ,,2019-07-30 11:25:27
4010000,2012401019907500003,2012-04-19,,영업/정상,,,,,168.9,429-452,,롯데마켓 999 시흥정왕역점,,I,2026-05-11 22:05:13,경기도 시흥시 오동마을로 14 (정왕동),정상영업,1,01,0314333859,준대규모점포,177169.734152622    ,427882.357489452    ,경기도 시흥시 정왕2동 2319번지 3호   101호,2013-09-30 08:46:10
4010000,2016401023907500001,2016-09-22,,영업/정상,,,,,13550.1,,15011,롯데쇼핑(주) 롯데마트 시흥배곧점,대형마트,I,2026-05-11 22:05:13,"경기도 시흥시 서울대학로278번길 67 (정왕동, 롯데마트(시흥배곧점))",정상영업,1,01,0221458487,대규모점포,176109.153092015    ,429698.791930655    ,,2026-01-15 14:05:53
4010000,2016401023907500002,2019-03-18,,영업/정상,,,,,46903.89,,15010,신세계프리미엄아울렛 시흥점,복합쇼핑몰,I,2026-05-11 22:05:13,경기도 시흥시 서해안로 699 (정왕동),정상영업,1,01,0221851234,대규모점포,176568.020503007    ,430857.327073249    ,,2025-05-15 11:11:44
4010000,2017401023907500001,2017-04-06,,영업/정상,,,,,26011.6,,15119,한국기계유통단지관리사무소,전문점,I,2026-05-11 22:05:13,경기도 시흥시 시화벤처로 6-19 (정왕동),정상영업,1,01,0315072004,대규모점포,172175.520009975    ,425615.044650386    ,,2021-04-06 11:18:03
4010000,2019401031707500001,2019-08-06,,영업/정상,,,,,47820.69,,15011,시흥배곧 아브뉴프랑 센트럴,그 밖의 대규모점포,I,2026-05-11 22:05:13,"경기도 시흥시 서울대학로264번길 7, 시흥배곧 아브뉴프랑 센트럴 (정왕동)",정상영업,1,01,0261770315,대규모점포,175664.38434522     ,429710.991159924    ,경기도 시흥시 정왕동 1771번지 31호,2021-12-30 09:11:48
4010000,2020401031707500001,2020-06-17,,영업/정상,,,,,27134.94,,14999,시흥플랑드르,그 밖의 대규모점포,I,2026-05-11 22:05:13,"경기도 시흥시 장현능곡로 155, 시흥 플랑드르 (능곡동)",정상영업,1,01,,대규모점포,182864.742763587    ,429902.071373508    ,경기도 시흥시 능곡동 235-1 시흥 플랑드르,2023-03-03 14:22:15
4010000,2022401031707500001,2021-10-20,,영업/정상,,,,,205.9,,15010,홈플러스 익스프레스 시흥배곧점,구분없음,I,2026-05-11 22:05:13,"경기도 시흥시 서울대학로278번길 19-13(배곧동, 시흥배곧 C1 호반 써밋플레이스)",정상영업,1,01,03180422293,준대규모점포,175778.500048456    ,429887.847826116    ,경기도 시흥시 배곧동 191 시흥배곧 C1 호반 써밋플레이스,2022-04-12 15:08:34
4010000,2023401031707500001,2023-04-03,,영업/정상,,,,,44052.4,,15119,아쿠아펫랜드,그 밖의 대규모점포,I,2026-05-11 22:05:13,"경기도 시흥시 거북섬북로 54, 아쿠아펫랜드 (정왕동)",정상영업,1,01,07077735390,대규모점포,171450.600413716    ,425422.79435828     ,경기도 시흥시 정왕동 2684 아쿠아펫랜드,2023-04-03 15:02:56
4010000,1997401007807500001,1997-03-17,,영업/정상,,,,,22877.58,429-879,,시화공구상가사업협동조합,그 밖의 대규모점포,I,2026-05-11 22:05:13,경기도 시흥시 공단1대로 204 (정왕동),정상영업,1,01,0314305001,대규모점포,175470.687063644    ,426164.742756383    ,경기도 시흥시 정왕2동 1364번지,2025-04-22 14:25:03
4010000,1997401007807500003,1997-12-31,,휴업,,,,,,,,엘지마트시화점,그 밖의 대규모점포,I,2026-05-11 22:05:13,,휴업처리,2,02,,,,,   호   ,2007-07-21 10:24:51
4010000,2000401007807500001,2000-02-26,,영업/정상,,2012-01-30,2012-09-19,2012-09-12,7480,429-874,,롯데쇼핑(주) 롯데마트 시흥점,대형마트,I,2026-05-11 22:05:13,경기도 시흥시 비둘기공원로 28 (대야동),정상영업,1,01,0314357500,대규모점포,181520.673307238    ,437898.181862031    ,경기도 시흥시 대야동 542번지,2026-01-15 13:52:39
4010000,2000401007807500002,2000-04-12,,영업/정상,,,,,12684.89,429-450,,성담스퀘어,쇼핑센터,I,2026-05-11 22:05:13,경기도 시흥시 정왕대로 210 (정왕동),정상영업,1,01,0313655050,대규모점포,176599.546077229    ,427145.740913738    ,경기도 시흥시 정왕동 1734번지 1호,2024-04-19 14:16:58
4010000,2003401011307500001,2003-07-29,,휴업,,,,,3019.99,,,정왕시장조합,그 밖의 대규모점포,I,2026-05-11 22:05:13,,휴업처리,2,02,0314335177,,178415.477913612    ,429982.431301423    ,경기도 시흥시 정왕동 1호   ,2007-07-21 10:24:51
4010000,2004401011307500001,2004-03-17,,영업/정상,,,,,19305,,,홈플러스(주)시화점,대형마트,I,2026-05-11 22:05:13,경기도 시흥시 희망공원로 269 (정왕동),정상영업,1,01,0314347684,대규모점포,175571.408649221    ,427063.061719326    ,경기도 시흥시 정왕동 2166번지 4호,2024-02-29 18:02:32
4010000,2004401011307500002,2004-09-08,,휴업,,,,,19305,,,삼성테스코(주)홈플러스시화점,대형마트,I,2026-05-11 22:05:13,,휴업처리,2,02,,,,,경기도 시흥시 정왕동 2166-4호   ,2007-07-21 10:24:51
4010000,2004401011307500003,2004-12-03,,휴업,,,,,23740.74,,,시화유통상가사업협동조합,그 밖의 대규모점포,I,2026-05-11 22:05:13,,휴업처리,2,02,0314303636,,,,경기도 시흥시 정왕동 호 시화공단 3다 3다,2007-07-21 10:24:51
4010000,2004401011307500004,2004-12-03,,휴업,,,,,23740.74,,,시화유통상가사업협동조합,그 밖의 대규모점포,I,2026-05-11 22:05:13,,휴업처리,2,02,0314303636,,,,경기도 시흥시 정왕동 호 시화공단 3다 3다,2007-07-21 10:24:51
4010000,2005401011307500001,2005-03-31,,영업/정상,,,,,2512,,,롯데쇼핑(주) 롯데마트 시화점,대형마트,I,2026-05-11 22:05:13,경기도 시흥시 마유로238번길 26 (정왕동),정상영업,1,01,0314967722,대규모점포,176013.580530478    ,426137.322631345    ,경기도 시흥시 정왕동 1366번지 4호,2026-01-15 14:08:23
4010000,2008401016707500001,2008-02-20,,영업/정상,,,,,214876.79,429-450,,스틸랜드 관리단,전문점,I,2026-05-11 22:05:13,경기도 시흥시 오이도로 21 (정왕동),정상영업,1,01,03180414500,대규모점포,173354.884787312    ,426990.403993901    ,"경기도 시흥시 정왕동 2210,2212,2213번지",2024-12-11 10:33:52
4010000,2003401011307500002,2003-08-20,,폐업,2024-07-11,,,,4762,429-867,,오이도종합어시장,그 밖의 대규모점포,I,2026-05-11 22:05:13,경기도 시흥시 오이도어시장로 8 (정왕동),폐업처리,3,03,0314993770,대규모점포,172364.612934904    ,427003.027263832    ,경기도 시흥시 정왕동 2005번지 3호,2024-07-12 16:21:19
4010000,2012401019907500002,2012-04-23,,폐업,2013-12-31,,,,267.3,429-010,,롯데슈퍼 대야가맹점,,I,2026-05-11 22:05:13,경기도 시흥시 대골안길 41 (대야동),폐업처리,3,03,0313140270,준대규모점포,,,경기도 시흥시 대야동 472호,2014-05-16 20:44:22
4010000,2012401019907500001,1997-03-17,,영업/정상,,,,,23740.74,,,시화유통상가사업협동조합,그 밖의 대규모점포,I,2026-05-11 22:05:13,"경기도 시흥시 공단1대로 244, 지원상가동 308호 (정왕동)",정상영업,1,01,0314300114,대규모점포,175751.992022502    ,425940.901471747    ,,2025-05-14 09:51:44
4020000,2005402008107500001,2005-10-28,,영업/정상,,,,,11180,435-045,,뉴코아아울렛 산본점,그 밖의 대규모점포,U,2026-05-05 03:03:03,경기도 군포시 번영로 504 (산본동),정상영업,1,01,0313905000,대규모점포,193729.872096481    ,428221.430499605    ,경기도 군포시 산본동 1231번지,2026-05-04 16:05:41
4020000,1999402000007500001,1999-10-30,,폐업,2005-03-25,,,,0,,,이-마트 산본점,대형마트,I,2025-12-15 16:15:28,경기도 군포시 산본로 347 (산본동),폐업처리,3,03,03434501050,대규모점포,193861.874466854    ,428787.505318045    ,경기도 군포시 산본동 호,2011-10-30 13:49:32
4020000,2010402010807500001,2011-05-17,,영업/정상,,,,,12198,435-040,,(주)이마트 산본점,대형마트,I,2025-12-15 16:15:28,경기도 군포시 산본로 347 (산본동),정상영업,1,01,0314501053,대규모점포,193861.874466854    ,428787.505318045    ,경기도 군포시 산본동 1123번지,2024-04-17 17:54:35
4020000,2011402010807500001,2011-08-11,,영업/정상,,,,,397,435-040,,홈플러스(주)익스프레스 산본점,구분없음,I,2025-12-15 16:15:28,경기도 군포시 고산로 691 (산본동),정상영업,1,01,0234598000,준대규모점포,194154.953449054    ,429969.442251446    ,경기도 군포시 산본동 1060번지 2호,2024-03-25 18:26:47
4020000,2011402010807500002,2017-03-27,,영업/정상,,,,,1498,435-815,,(주)이마트에브리데이 당동점,구분없음,I,2025-12-15 16:15:28,경기도 군포시 군포로 502 (당동),정상영업,1,01,0314515200,준대규모점포,195068.379230476    ,427673.238824229    ,경기도 군포시 군포1동 784번지 5호,2024-07-24 11:08:51
4020000,2012402010807500001,2017-04-18,,영업/정상,,,,,265.5,435-849,,롯데쇼핑(주) 롯데슈퍼 산본2동점,복합쇼핑몰,U,2026-04-17 03:03:03,경기도 군포시 고산로677번길 40 (산본동),정상영업,1,01,0313935601,준대규모점포,193780.003004765    ,430085.434546529    ,경기도 군포시 산본동 1066번지 2호,2026-04-16 17:36:07
4020000,2016402010807500001,2016-02-11,,영업/정상,,,,,17003.14,,15866,LOTTE FITIN 산본점,쇼핑센터,U,2026-04-18 03:03:03,경기도 군포시 번영로 485 (산본동),정상영업,1,01,0222992684,대규모점포,193789.410732019    ,428419.578316283    ,,2026-04-17 09:03:57
4020000,2017402010807500001,2017-08-08,,영업/정상,,,,,11524,,15874,트레이더스 홀세일 클럽 군포점,대형마트,I,2025-12-15 16:15:28,경기도 군포시 삼성로 74 (부곡동),정상영업,1,01,0313613456,대규모점포,194143.227537911    ,426457.360631877    ,경기도 군포시 부곡동 1227번지 1호,2024-04-17 17:58:23
4020000,2017402010807500002,2010-01-01,,영업/정상,,,,,265,,15880,홈플러스(주)익스프레스 군포부곡점,구분없음,I,2025-12-15 16:15:28,"경기도 군포시 번영로28번길 37-12, 거성프라자1 1층 (부곡동)",정상영업,1,01,0314628545,준대규모점포,195013.499293229    ,424754.17773732     ,경기도 군포시 부곡동 1120번지 1호 거성프라자1,2024-03-27 08:52:32
4020000,2017402010807500003,2011-01-01,,영업/정상,,,,,264,,15870,홈플러스(주)익스프레스 군포수리산역점,구분없음,I,2025-12-15 16:15:28,"경기도 군포시 번영로 380-1, 한라1차아파트 상가 상가동 110호 (산본동)",정상영업,1,01,0313988545,준대규모점포,193415.086927879    ,427497.390218597    ,경기도 군포시 산본동 1156번지 8호 한라1차아파트 상가,2024-03-26 14:44:31
4020000,2017402010807500004,2012-01-01,,영업/정상,,,,,291,,15869,홈플러스(주)익스프레스 군포오금점,구분없음,I,2025-12-15 16:15:28,"경기도 군포시 번영로 405, 가야아파트 종합상가 지하1층 1호 (산본동)",정상영업,1,01,0313938545,준대규모점포,193281.319905552    ,427757.706149318    ,경기도 군포시 산본동 1155번지 1호 가야아파트 종합상가,2024-03-26 14:40:53
4020000,2020402010807500001,2020-06-05,,영업/정상,,,,,25366.05,,15809,힐스테이트 금정역 상업시설,구분없음,I,2025-12-15 16:15:28,"경기도 군포시 엘에스로 143(금정동, 힐스테이트 금정역)",정상영업,1,01,03151751206,대규모점포,195045.840185728    ,430029.875659413    ,경기도 군포시 금정동 916 힐스테이트 금정역,2022-07-06 09:34:14
4020000,2021402022707500001,2021-04-09,,영업/정상,,,,,4763.86,,15885,군포송정 풍산리치안 플랫몰,그 밖의 대규모점포,I,2025-12-15 16:15:28,경기도 군포시 송부로96번길 12 (도마교동),정상영업,1,01,03180036400,대규모점포,193182.580781349    ,423740.621946567    ,경기도 군포시 도마교동 478,2021-04-15 14:40:08
4020000,2022402022707500001,2022-10-05,,영업/정상,,2023-09-01,2024-08-31,,347.54,,15818,GS THE FRESH 산본프라자점,구분없음,I,2025-12-15 16:15:28,"경기도 군포시 산본로 394, 대림프라자 1층 111호 (산본동)",정상영업,1,01,0313934479,준대규모점포,193696.742392293    ,429245.936418065    ,경기도 군포시 산본동 1099-2 대림프라자 111호,2025-04-11 10:53:08
4020000,2006402008107500001,2006-10-02,,영업/정상,,,,2006-10-02,6867,,,디퍼아울렛타운,그 밖의 대규모점포,I,2025-12-15 16:15:28,경기도 군포시 산본천로 99 (산본동),정상영업,1,01,0313914589,대규모점포,193959.422006292    ,429040.455261927    ,경기도 군포시 산본동 1096번지 2호,2025-11-25 13:39:33
4030000,2002403006007500001,2002-06-17,,영업/정상,,,,,11003.35,,,롯데쇼핑(주) 롯데마트 의왕점,대형마트,I,2025-12-15 16:15:28,,,BBBB,01,,,,,경기도 의왕시 고천동 호   ,2007-07-21 10:09:54
4030000,2002403006007500002,2002-06-17,,영업/정상,,,,,11003.35,,,롯데쇼핑(주) 롯데마트 의왕점,대형마트,I,2025-12-15 16:15:28,,,BBBB,01,,,197598.213989563    ,430907.769943711    ,경기도 의왕시 내손동 743호   ,2007-07-21 10:09:54
4030000,2002403006007500003,2002-06-17,,영업/정상,,,,,11672,,,롯데쇼핑(주) 롯데마트 의왕점,대형마트,U,2026-05-07 03:03:03,"경기도 의왕시 계원대학로 7 (내손동, 롯데마트)",정상영업,1,01,0314712521,대규모점포,197598.213989563    ,430907.769943711    ,경기도 의왕시 내손동 743호,2026-05-06 14:53:26
4030000,2019403018707500001,2019-12-04,,영업/정상,,,,,49011.79,,16016,롯데쇼핑(주) 프리미엄아울렛 의왕점,복합쇼핑몰,U,2026-04-28 03:03:03,경기도 의왕시 바라산로 1 (학의동),정상영업,1,01,03180642732,대규모점포,200775.6096513      ,430435.021970577    ,경기도 의왕시 학의동 1039 롯데프리미엄아울렛 타임빌라스,2026-04-27 11:29:45
4030000,2004403007007500001,2002-06-17,,휴업,,,,,0,,,롯데쇼핑(주)롯데마트 의왕점,대형마트,I,2025-12-15 16:15:28,,휴업처리,2,02,,,197598.213989563    ,430907.769943711    ,경기도 의왕시 내손동 743호   ,2007-07-21 10:09:54
4030000,2012403013507500001,2012-04-13,,영업/정상,,,,,9875.45,,16058,(주)이마트 의왕점,대형마트,I,2025-12-15 16:15:28,"경기도 의왕시 경수대로 262, 지하5층~지상1층 (오전동, 의왕서해그랑블(블루스퀘어))",정상영업,1,01,023809461,대규모점포,197590.089971229    ,427590.743059589    ,경기도 의왕시 오전동 892 의왕서해그랑블(블루스퀘어),2024-04-29 14:07:44
4030000,2002403008007500001,2002-06-17,,휴업,,,,,,,,롯데쇼핑(주)롯데마트 의왕점,대형마트,I,2025-12-15 16:15:28,,휴업처리,2,02,,,197598.213989563    ,430907.769943711    ,경기도 의왕시 내손동 743호   ,2007-07-21 10:09:54
4040000,2020404022807500001,2020-06-10,,영업/정상,,,,,14148.62,,12927,이마트 하남점,대형마트,I,2025-12-15 16:15:28,"경기도 하남시 덕풍서로 70, 하남풍산지구 이마트 (덕풍동)",정상영업,1,01,023805234,대규모점포,218076.91973786     ,450073.163619109    ,경기도 하남시 덕풍동 736번지 하남풍산지구 이마트,2020-06-10 15:16:17
4040000,2011404015507500001,2011-12-26,,폐업,2019-11-26,,,,385,465-807,,(주)지에스리테일 하남덕풍점,구분없음,I,2025-12-15 16:15:28,경기도 하남시 신장로 179 (덕풍동),폐업처리,3,03,0317958587,준대규모점포,217561.103273101    ,448778.529029858    ,경기도 하남시 덕풍2동 358번지 1호,2022-04-21 14:14:04
4040000,1994404000007500002,1994-08-30,,영업/정상,,,,,,,,현대상가,대형마트,I,2025-12-15 16:15:28,,정상영업,1,01,,,219293.47326337     ,448616.30099642     ,경기도 하남시 신장동 528호   ,2007-06-23 11:02:12
4040000,1996404000007500001,1996-01-24,,영업/정상,,,,,,,,백송한신종합상가,대형마트,I,2025-12-15 16:15:28,,정상영업,1,01,0317948660,,,,경기도 하남시 신장동 528-5호   ,2007-06-23 11:02:12
4040000,1996404000007500005,1996-06-20,,영업/정상,,,,,,,,신안종합상가,대형마트,I,2025-12-15 16:15:28,,정상영업,1,01,0317915650,,219875.138844448    ,448305.808523169    ,경기도 하남시 창우동 521호   ,2007-06-23 11:02:12
4040000,1998404000007500006,1998-09-24,,영업/정상,,,,,,,,현대베스코아,대형마트,I,2025-12-15 16:15:28,,정상영업,1,01,,,,,경기도 하남시 신장동 523-1호   ,2007-06-23 11:02:12
4040000,2008404008507500001,2008-05-20,,영업/정상,,,,,14148.62,465-010,,이마트 하남점,대형마트,I,2025-12-15 16:15:28,경기도 하남시 덕풍서로 70 (덕풍동),정상영업,1,01,023805234,대규모점포,218076.91973786     ,450073.163619109    ,경기도 하남시 덕풍동 736번지,2024-05-14 15:55:57
4040000,2010404008507500001,2010-12-07,,영업/정상,,,,,10650,465-821,,홈플러스(주) 경기하남점,대형마트,I,2025-12-15 16:15:28,"경기도 하남시 하남대로 747 (신장동, 홈플러스 하남점)",정상영업,1,01,0317777015,대규모점포,218722.326285059    ,448437.965903226    ,경기도 하남시 신장1동 570번지,2024-03-26 09:21:04
4040000,2011404015507500002,2011-12-26,,영업/정상,,,,,1047,465-030,,(주)지에스리테일 하남점,구분없음,I,2025-12-15 16:15:28,경기도 하남시 신장1로9번길 74 (신장동),정상영업,1,01,0317951682,준대규모점포,218092.270999261    ,448561.965519817    ,경기도 하남시 신장동 427번지 53호,2025-04-18 14:54:08
4040000,2016404015507500001,2016-02-01,,영업/정상,,,,,10350,465-030,,홈플러스(주)하남점,대형마트,I,2025-12-15 16:15:28,,정상영업,1,01,0234578000,대규모점포,,,경기도 하남시 신장동 747번지,2016-02-19 15:55:46
4040000,2016404015507500002,2016-04-14,,영업/정상,,,,,133515.61,,12942,스타필드 하남,복합쇼핑몰,I,2025-12-15 16:15:28,"경기도 하남시 미사대로 750 (신장동, 스타필드하남)",정상영업,1,01,0317964254,대규모점포,219699.010520355    ,449270.371200837    ,경기도 하남시 신장동 616번지 지역현안사업2지구 내 물류유통시설용지,2025-08-12 10:11:42
4040000,2016404015507500003,2016-10-31,,영업/정상,,,,,45170,465-240,,스타필드 시티 위례점,쇼핑센터,I,2025-12-15 16:15:28,경기도 하남시 위례대로 200 (학암동),정상영업,1,01,023809396,대규모점포,213056.041875501    ,441993.377546086    ,경기도 하남시 학암동 660번지,2024-05-14 14:41:34
4040000,2016404022807500001,2016-10-31,,영업/정상,,,,,45170,,13012,스타필드 시티 위례점,쇼핑센터,I,2025-12-15 16:15:28,"경기도 하남시 위례대로 200, 스타필드시티 위례점 (학암동)",정상영업,1,01,023809396,대규모점포,213056.041875501    ,441993.377546086    ,경기도 하남시 학암동 660번지 스타필드시티 위례점,2020-06-10 15:15:29
4040000,2017404019907500001,2017-10-25,,영업/정상,,,,,14625.31,,12938,코스트코 홀세일 하남점,대형마트,I,2025-12-15 16:15:28,"경기도 하남시 미사강변중앙로 40, 코스트코 홀세일 하남점 (풍산동)",정상영업,1,01,0226302648,대규모점포,217063.768457455    ,449847.097381194    ,경기도 하남시 풍산동 609 코스트코 홀세일 하남점,2024-02-26 11:14:50
4040000,1995404000007500004,1995-01-12,,폐업,2022-03-15,,,,2366,,12944,부영아파트상가,대형마트,I,2025-12-15 16:15:28,"경기도 하남시 대청로 119-1, 부영아파트상가동 (창우동)",폐업처리,3,03,,대규모점포,219844.373408712    ,448746.945495603    ,경기도 하남시 창우동 518 부영아파트상가동,2024-02-28 17:06:26
4040000,1977404000007500003,1977-03-05,,영업/정상,,,,,,,,신장시장,그 밖의 대규모점포,I,2025-12-15 16:15:28,,정상영업,1,01,0317922651,,,,경기도 하남시 신장동 427-159호   ,2007-06-23 11:02:12
4050000,2002405024007500001,2002-05-31,,취소/말소/만료/정지/중지,,,,,10715.38,446-913,,신세계이마트 구성점,대형마트,I,2026-04-01 22:13:51,"경기도 용인시 기흥구 용구대로 2457 (보정동,외 31필지)",직권취소,4,04,0313271052,대규모점포,209271.840918768    ,422612.412300721    ,경기도 용인시기흥구 보정동 1019번지 237호 외 31필지,2014-12-15 15:52:38
4050000,2007405016307500001,2007-02-28,,폐업,2021-01-28,,,,10973.41,446-528,,(주)쥬네브문월드,쇼핑센터,I,2026-04-01 22:14:01,경기도 용인시 기흥구 동백5로 22 (중동),폐업처리,3,03,0316790505,대규모점포,213356.807704504    ,419341.204287297    ,경기도 용인시 기흥구 중동 838번지,2021-01-31 19:53:36
4050000,2003405008307500001,2003-05-12,,취소/말소/만료/정지/중지,,,,,10202.07,,,(주)프리미엄아울렛,전문점,I,2026-04-01 22:13:52,경기도 용인시 기흥구 중부대로 64 (영덕동),직권취소,4,04,0312042006,대규모점포,206698.825871309    ,418302.265469101    ,경기도 용인시기흥구 영덕동 517호,2021-03-17 19:03:03
4050000,2003405008307500002,2003-08-09,,영업/정상,,,,,11448,,,신세계 이마트 수지점,대형마트,I,2026-04-01 22:13:53,,,BBBB,01,023805231,,,,경기도 용인시수지구 고기동 호 17블럭  ,2007-07-21 11:11:05
4050000,2004405008307500001,2003-12-31,,영업/정상,,,,,3006.71,,,(주)에프앤에프용인,전문점,I,2026-04-01 22:13:54,경기도 용인시 수지구 용구대로 2725 (죽전동),정상영업,1,01,0312666071,대규모점포,209558.52502256     ,425199.371817884    ,경기도 용인시수지구 죽전동 1003-175호,2017-03-08 15:30:39
4050000,2004405008307500002,2004-10-15,,휴업,,,,,4311,,,동양마트,대형마트,I,2026-04-01 22:13:54,경기도 용인시 기흥구 중부대로 682 (상하동),휴업처리,2,02,0312811970,,211994.061448131    ,418246.880193391    ,경기도 용인시기흥구 상하동 351호   ,2007-07-21 11:11:05
4050000,2005405008307500001,2005-04-11,,휴업,,,,,11448.84,,,신세계이마트 수지점,대형마트,I,2026-04-01 22:13:55,경기도 용인시 수지구 수지로 203 (신봉동),휴업처리,2,02,,,207318.572861803    ,424204.581779995    ,경기도 용인시수지구 신봉동 909호   ,2007-07-21 11:11:05
4050000,2005405008307500002,2005-04-11,,영업/정상,,,,,11448.84,,,(주)이마트 수지점,대형마트,I,2026-04-01 22:13:56,경기도 용인시 수지구 수지로 203 (신봉동),정상영업,1,01,03102701052,대규모점포,207318.572861803    ,424204.581779995    ,경기도 용인시수지구 신봉동 909호,2024-04-22 17:49:50
4050000,2005405008307500003,2005-04-11,,휴업,,,,,11771.78,,,롯데쇼핑(주) 롯데마트 수지점,쇼핑센터,I,2026-04-01 22:13:58,경기도 용인시 기흥구 진산로 116 (보정동),휴업처리,2,02,0312721746,,208744.181347972    ,424312.39111545     ,경기도 용인시기흥구 보정동 266번지 4호   ,2007-07-21 11:11:05
4050000,2005405008307500005,2005-05-12,,영업/정상,,,,2006-10-20,10715,,,트레이더스 홀세일 클럽 구성점,대형마트,I,2026-04-01 22:14:00,경기도 용인시 기흥구 용구대로 2457 (보정동),정상영업,1,01,03103271234,대규모점포,209271.840918768    ,422612.412300721    ,경기도 용인시기흥구 보정동 1019번지 237호,2024-04-18 09:01:17
4050000,2005405008307500007,2005-09-02,,휴업,,,,,13659.57,,,신세계 이마트 죽전점,그 밖의 대규모점포,I,2026-04-01 22:14:00,,휴업처리,2,02,023805234,,,,경기도 용인시수지구 죽전동 호 죽전택지개발사업지구 1703블럭  ,2007-07-21 11:11:05
4050000,2005405008307500008,2005-09-02,,영업/정상,,,,,13659.57,448-811,,(주)이마트 스타필드 마켓 죽전점,대형마트,I,2026-04-01 22:14:00,경기도 용인시 수지구 포은대로 552 (죽전동),정상영업,1,01,03108881052,대규모점포,209673.343954233    ,424823.677745145    ,경기도 용인시 수지구 죽전1동 1282번지,2024-08-02 10:15:31
4050000,2005405016307500001,2005-11-22,,영업/정상,,,,,6252.59,,,(주)이마트 용인점,대형마트,I,2026-04-01 22:14:01,경기도 용인시 처인구 명지로 53 (역북동),정상영업,1,01,03103261052,대규모점포,216717.733040208    ,414404.502750642    ,경기도 용인시처인구 역북동 586-6 외 1필지호,2024-04-22 17:18:13
4050000,2006405016307500001,2006-02-14,,영업/정상,,,,,0,,,죽전패션타운,그 밖의 대규모점포,I,2026-04-01 22:14:01,경기도 용인시 수지구 용구대로 2729 (죽전동),정상영업,1,01,0312660455,대규모점포,209534.186914691    ,425290.470135945    ,경기도 용인시수지구 죽전동 1003번지 13호,2012-08-27 10:02:56
4050000,2006405016307500002,2006-07-18,,영업/정상,,,,,6797.48,446-528,,(주)이마트 동백점,대형마트,I,2026-04-01 22:14:01,경기도 용인시 기흥구 동백죽전대로 444 (중동),정상영업,1,01,03105461052,대규모점포,213383.977793755    ,419575.34117754     ,경기도 용인시 기흥구 중동 833번지,2024-04-22 17:23:35
4050000,2007405016307500002,2007-03-08,,휴업,,,,,0,,,(주)신세계백화점 죽전점,백화점,I,2026-04-01 22:14:01,,휴업처리,2,02,,,,,경기도 용인시수지구 죽전동 1285번지 1289호   ,2007-07-21 11:11:05
4050000,2007405024007500001,2007-08-13,,취소/말소/만료/정지/중지,,,,,14835.21,446-765,,쥬네브쇼핑몰,쇼핑센터,I,2026-04-01 22:14:01,경기도 용인시 기흥구 동백죽전대로 444 (중동),직권취소,4,04,0316790001,대규모점포,213383.977793755    ,419575.34117754     ,경기도 용인시 기흥구 중동 쥬네브썬월드빌딩,2014-12-15 16:12:43
4050000,2007405024007500002,2007-11-02,,취소/말소/만료/정지/중지,,,,,3184.69,446-515,,농협 하나로클럽 기흥점,대형마트,I,2026-04-01 22:14:01,경기도 용인시 기흥구 중부대로 682 (상하동),직권취소,4,04,0312890600,대규모점포,211994.061448131    ,418246.880193391    ,경기도 용인시 기흥구 상하동 351번지,2014-12-15 16:02:18
4050000,2007405024007500003,2007-08-13,,영업/정상,,,,,14835.21,446-528,,쥬네브썬월드,쇼핑센터,I,2026-04-01 22:14:01,경기도 용인시 기흥구 동백죽전대로 444 (중동),정상영업,1,01,,대규모점포,213383.977793755    ,419575.34117754     ,경기도 용인시 기흥구 중동 833번지,2024-12-16 10:07:09
4050000,2008405024007500001,2008-03-28,,영업/정상,,,,,4292.69,446-516,,(주)농협유통하나로클럽 용인점,대형마트,I,2026-04-01 22:14:01,경기도 용인시 기흥구 중부대로 682 (상하동),정상영업,1,01,0312890604,대규모점포,211994.061448131    ,418246.880193391    ,경기도 용인시기흥구 상하동 351번지,2023-05-10 11:29:52
4050000,2008405024007500002,2008-10-31,,영업/정상,,,,,7116.1,446-904,,(주)이마트 보라점,대형마트,I,2026-04-01 22:14:01,경기도 용인시 기흥구 한보라1로 92 (보라동),정상영업,1,01,03180091051,대규모점포,209257.142312204    ,416191.247743094    ,경기도 용인시 기흥구 보라동 623번지 1호,2024-12-06 10:44:07
4050000,2009405024007500001,2009-07-14,,영업/정상,,,,,9170.24,446-908,,(주)이마트 흥덕점,대형마트,I,2026-04-01 22:14:01,경기도 용인시 기흥구 흥덕중앙로 60 (영덕동),정상영업,1,01,03180211051,대규모점포,206434.251915465    ,419314.165365317    ,경기도 용인시 기흥구 영덕동 985번지 3호,2024-05-20 14:05:35
4050000,2009405024007500002,2009-11-09,,영업/정상,,,,,50586,448-702,,(주) 신세계 사우스시티,백화점,I,2026-04-01 22:14:02,경기도 용인시 수지구 포은대로 536 (죽전동),정상영업,1,01,,대규모점포,209514.367988403    ,424782.528523847    ,경기도 용인시 수지구 죽전2동 (주)신세계백화점죽전점,2024-12-06 10:43:39
4050000,2011405028807500001,2011-11-02,,영업/정상,,,,,1310.47,449-925,,(주)지에스리테일 용인점,구분없음,I,2026-04-01 22:14:02,경기도 용인시 처인구 금령로55번길 12 (김량장동),정상영업,1,01,0313372033,준대규모점포,217932.238250672    ,414910.46176146     ,경기도 용인시 처인구 김량장동 254번지 1호,2025-04-17 15:06:15
4050000,2012405028807500001,2012-01-11,,취소/말소/만료/정지/중지,,,,,1970.7,449-925,,용인농협파머스마켓,구분없음,I,2026-04-01 22:14:03,경기도 용인시 처인구 금령로55번길 3 (김량장동),직권취소,4,04,0313217100,준대규모점포,217861.473236659    ,414842.294991122    ,경기도 용인시 처인구 김량장동 254번지 413호,2014-12-15 15:50:23
4050000,2012405028807500002,2012-01-18,,영업/정상,,,,,1872,449-924,,롯데슈퍼 용인점,복합쇼핑몰,U,2026-04-26 03:03:03,경기도 용인시 처인구 백옥대로 1066 (김량장동),정상영업,1,01,0313385601,준대규모점포,218609.119199767    ,414323.727786853    ,경기도 용인시 처인구 김량장동 13번지,2026-04-25 15:51:01
4050000,2012405028807500003,2012-05-04,,영업/정상,,,,,15152.38,446-597,,롯데쇼핑(주) 롯데마트 신갈점,복합쇼핑몰,U,2026-05-08 03:03:03,경기도 용인시 기흥구 신갈로58번길 16 (신갈동),정상영업,1,01,0221458470,대규모점포,209459.248962457    ,418917.232336063    ,경기도 용인시 기흥구 신갈동 62번지,2026-05-07 16:21:02
4050000,2013405028807500001,2013-01-03,,영업/정상,,,,,13960.94,,,코스트코홀세일 공세점,대형마트,I,2026-04-01 22:14:06,경기도 용인시 기흥구  탑실로  38 (공세동),정상영업,1,01,0312895602,대규모점포,209595.481846485    ,415153.934258813    ,,2015-12-10 14:00:04
4050000,2013405028807500002,2013-01-03,,영업/정상,,,,,13960.94,446-902,,코스트코 홀세일 공세점,대형마트,I,2026-04-01 22:14:07,경기도 용인시 기흥구 탑실로 38-0 (공세동),영업개시전,5,01,0312895602,대규모점포,209595.481846485    ,415153.934258813    ,경기도 용인시 기흥구 공세동 734번지 1호,2021-03-17 18:19:50
4050000,2015405037107500001,2015-05-28,,영업/정상,,,,,5766.11,446-902,,한섬 패션웨어하우스,전문점,I,2026-04-01 22:14:07,경기도 용인시 기흥구 공세로 186 (공세동),정상영업,1,01,0312854724,대규모점포,209153.939131626    ,415263.040054563    ,경기도 용인시 기흥구 공세동,2021-04-20 14:10:08
4050000,2016405037107500001,2016-08-01,,영업/정상,,,,,23126.86,,,"(주)천우산업개발 역북패션아울렛, 마트",쇼핑센터,I,2026-04-01 22:14:08,,정상영업,1,01,0234535117,대규모점포,,,경기도 용인시 처인구 역북동 역북지구 복합용지 1,2017-03-15 08:53:43
4050000,2016405037107500002,2016-08-01,,영업/정상,,,,,46783.58,,16847,롯데몰 용인점,쇼핑센터,I,2026-04-01 22:14:09,경기도 용인시 수지구 심곡로 121 (성복동),정상영업,1,01,0312815400,대규모점포,,,경기도 용인시 수지구 성복동 23번지,2021-03-17 18:16:36
4050000,2018405042207500001,2018-02-22,,영업/정상,,,,,10202.07,,16956,수원프리미엄아울렛,전문점,I,2026-04-01 22:14:10,"경기도 용인시 기흥구 중부대로 64, 영통프리미엄아울렛 (영덕동)",정상영업,1,01,0312042006,대규모점포,206698.825871309    ,418302.265469101    ,경기도 용인시 기흥구 영덕동 517번지 1호 영통프리미엄아울렛,2025-03-27 09:27:22
4050000,2018405042207500002,2018-06-15,,영업/정상,,,,,49115,,17087,롯데프리미엄아울렛 기흥점,복합쇼핑몰,U,2026-04-15 03:03:03,경기도 용인시 기흥구 신고매로 124 (고매동),정상영업,1,01,03180363073,대규모점포,210547.479033545    ,413684.298426578    ,경기도 용인시 기흥구 고매동 280번지,2026-04-14 14:55:15
4050000,2018405042207500003,2018-06-18,,영업/정상,,,,,29521,,17065,애경자산관리(주)AK기흥,쇼핑센터,I,2026-04-01 22:14:12,"경기도 용인시 기흥구 기흥역로 63(구갈동, 힐스테이트 기흥)",정상영업,1,01,03151866508,대규모점포,210353.782614485    ,419192.22676332     ,경기도 용인시 기흥구 구갈동 234-3,2021-12-08 18:11:43
4050000,2019405048407500001,2019-08-12,,영업/정상,,,,,24775.89,,17086,이케아 기흥점,전문점,I,2026-04-01 22:14:12,"경기도 용인시 기흥구 신고매로 62, IKEA Korea 기흥점 (고매동)",정상영업,1,01,023108700,대규모점포,210247.571320786    ,413380.673935188    ,경기도 용인시 기흥구 고매동 산 41-7 IKEA Korea 기흥점,2024-02-13 15:21:50
4050000,2019405048407500002,2019-11-29,,영업/정상,,,,,47573,,17086,리빙파워센터,전문점,I,2026-04-01 22:14:13,경기도 용인시 기흥구 신고매로 59 (고매동),정상영업,1,01,0262637500,대규모점포,210124.077461246    ,413542.129882444    ,경기도 용인시 기흥구 고매동 271번지,2020-11-25 16:20:59
4050000,2021405051807500001,2021-12-02,,영업/정상,,,,,4106.09,,17149,정동마트,대형마트,I,2026-04-01 22:14:13,경기도 용인시 처인구 고림로 206(고림동),정상영업,1,01,0313358808,대규모점포,219741.52429013     ,416424.828522115    ,경기도 용인시 처인구 고림동 599-8,2023-04-17 13:06:51
4050000,2022405051807500001,2022-03-25,,영업/정상,,,,,4099.6,,17158,세영산업주식회사,전문점,I,2026-04-01 22:14:13,경기도 용인시 처인구 양지면 죽양대로 2309,정상영업,1,01,,대규모점포,226267.419758712    ,414698.939838046    ,경기도 용인시 처인구 양지면 양지리 112,2023-01-30 09:54:51
4050000,2023405053807500001,2023-04-17,,영업/정상,,,,,4305.19,,,느티나무마트,대형마트,I,2026-04-01 22:14:13,,정상영업,1,01,0312653555,대규모점포,206535.42430122     ,422654.398675024    ,경기도 용인시 수지구 상현동 166-8,2023-12-19 09:43:12
4050000,2024405053807500001,2024-05-20,,영업/정상,,,,,8528.19,,16995,링크맘,전문점,I,2026-04-01 22:14:14,경기도 용인시 기흥구 동백죽전대로175번길 6 (중동),정상영업,1,01,07052281224,대규모점포,214120.476410312    ,417325.614126043    ,경기도 용인시 기흥구 중동 31-5,2025-10-02 15:46:32
4050000,2025405055307500001,2025-06-18,,영업/정상,,,,,4901.29,,17100,더팩토리 아울렛,전문점,I,2026-04-01 22:14:14,경기도 용인시 기흥구 공세로 202 (공세동),정상영업,1,01,0312021623,대규모점포,209055.326991917    ,415283.591517845    ,경기도 용인시 기흥구 공세동 359-2,2025-08-05 10:32:23
4050000,1995405048407500001,1995-12-07,,폐업,2020-12-23,,,,0,,16837,현대그린프라자,그 밖의 대규모점포,I,2026-04-01 22:13:50,"경기도 용인시 수지구 풍덕천로 149, 현대그린프라자 (풍덕천동)",폐업처리,3,03,0312624811,대규모점포,208580.71713056     ,424737.738121321    ,경기도 용인시 수지구 풍덕천동 715-2 현대그린프라자,2021-01-31 19:52:30
4050000,2002405008307500001,2002-02-25,,폐업,2025-05-15,,,,5595,449-925,,용인골드타워모드빌,그 밖의 대규모점포,I,2026-04-01 22:13:50,경기도 용인시 처인구 금령로71번길 8 (김량장동),폐업처리,3,03,0313393430,대규모점포,218077.759335427    ,414900.572821014    ,경기도 용인시 처인구 김량장동 254번지 51호,2025-05-16 10:54:01
4050000,2005405008307500004,2005-04-11,,폐업,2019-11-24,,,,15563,,,롯데쇼핑(주) 롯데마트 수지점,대형마트,I,2026-04-01 22:13:59,경기도 용인시 기흥구 진산로 116 (보정동),폐업처리,3,03,0312662500,대규모점포,208744.181347972    ,424312.39111545     ,경기도 용인시기흥구 보정동 266번지 4호,2019-12-05 09:56:23
4050000,2005405008307500006,2005-05-12,,폐업,2006-10-16,,,,0,,,월마트코리아(주)구성점,그 밖의 대규모점포,I,2026-04-01 22:14:00,경기도 용인시 기흥구 용구대로 2457 (보정동),폐업처리,3,03,0312890210,대규모점포,209055.866253282    ,423099.978718931    ,경기도 용인시기흥구 보정동 1019-237호 외31필지,2011-10-30 14:49:12
4050000,2003220030807500000,2003-08-09,,휴업,,,,,,,,신세계이마트수지점,대형마트,I,2026-04-01 22:13:52,,휴업처리,2,02,0312701052,,206997.559666667    ,424474.107666667    ,경기도 용인시수지구 신봉동 17호   ,2007-07-21 11:11:05
4060000,2012406029207500006,2012-05-23,,폐업,2026-01-05,,,,980.75,,10850,이마트에브리데이 팜스프링점,구분없음,I,2026-05-02 22:04:32,경기도 파주시 시청로 190 (아동동),폐업처리,3,03,0319489489,준대규모점포,180355.254248507    ,474266.843537213    ,,2026-01-07 09:14:51
4060000,2025406055207500001,2025-12-30,,영업/정상,,,,,36314,,10881,롯데쇼핑㈜ 프리미엄아울렛 파주점,복합쇼핑몰,I,2026-05-02 22:04:32,"경기도 파주시 회동길 390, 롯데프리미엄아울렛 (문발동)",정상영업,1,01,0319603194,대규모점포,172931.265518853    ,468411.848859123    ,경기도 파주시 문발동 645 롯데프리미엄아울렛,2026-04-14 16:44:44
4060000,2000406001307500001,1992-06-17,,영업/정상,,,,,285.75,,,문산시장,그 밖의 대규모점포,I,2026-05-02 22:04:32,경기도 파주시 문산읍 문산로26번길 14,정상영업,1,01,0319522438,준대규모점포,180721.240886153    ,483823.915592572    ,경기도 파주시 문산읍 문산리 10-92호,2013-04-25 17:03:09
4060000,2000406001307500002,1993-01-28,,영업/정상,,,,,,,,청도훼미리코아,그 밖의 대규모점포,I,2026-05-02 22:04:32,,정상영업,1,01,0319533860,,,,경기도 파주시 문산읍 문산리 17-25호   ,2013-04-25 17:09:07
4060000,2000406001307500003,1995-05-12,,영업/정상,,,,,,,,금촌신시장,그 밖의 대규모점포,I,2026-05-02 22:04:32,,정상영업,1,01,0319412723,,,,경기도 파주시 금촌동 64-60호   ,2007-06-30 11:36:41
4060000,2000406001307500004,1998-06-12,,영업/정상,,,,,7737.81,,,금촌타워상가,그 밖의 대규모점포,I,2026-05-02 22:04:32,경기도 파주시 중앙로 308 (금촌동),정상영업,1,01,0319459910,대규모점포,180164.400733412    ,473454.182060402    ,경기도 파주시 금촌동 52-39호,2019-05-30 10:35:04
4060000,2000406001307500005,1999-04-16,,영업/정상,,,,,,,,팜스프링상가,그 밖의 대규모점포,I,2026-05-02 22:04:32,,정상영업,1,01,0319431231,,,,경기도 파주시 금촌동 5-1호   ,2007-06-30 11:36:41
4060000,2003406001307500001,2003-12-16,2006-06-21,취소/말소/만료/정지/중지,,,,,0,,,파주 농수산물 물류센타,그 밖의 대규모점포,I,2026-05-02 22:04:32,경기도 파주시 검산로 301-22 (검산동),직권취소,4,04,0319498000,대규모점포,176884.275578943    ,477393.927508944    ,경기도 파주시 검산동 448번지 2호,2012-08-20 14:47:03
4060000,2004406001307500001,2004-06-16,,휴업,,,,,9184.17,,,신세계 이마트 파주점,대형마트,I,2026-05-02 22:04:32,,휴업처리,2,02,,,,,경기도 파주시 교하읍 당하리 195번지 5호   ,2007-06-30 11:36:41
4060000,2012406011007500001,2012-02-06,,폐업,2022-04-18,,,,1384.99,413-826,,(주)지에스리테일금촌점,구분없음,I,2026-05-02 22:04:32,경기도 파주시 황골로 39 (금촌동),폐업처리,3,03,0319440732,준대규모점포,179944.018070176    ,472609.616003388    ,경기도 파주시 금촌2동 956번지 5호,2022-04-17 16:30:38
4060000,2012406029207500001,2012-03-14,,폐업,2014-12-31,,,,825.53,,,(주)지에스리테일 GS슈퍼 파주금능점,구분없음,I,2026-05-02 22:04:32,경기도 파주시 중앙로 190 (금능동),폐업처리,3,03,0319442288,준대규모점포,180776.026776359    ,472509.560385377    ,,2015-02-24 09:28:31
4060000,2012406029207500002,2012-05-23,,폐업,2016-07-07,,,,990,413-904,,에브리데이 문산점,구분없음,I,2026-05-02 22:04:32,경기도 파주시 문산읍 문향로39번길 8,폐업처리,3,03,0319539533,준대규모점포,181019.445231202    ,483687.324736958    ,경기도 파주시 문산읍 문산1리 11번지 9호,2016-07-07 18:05:02
4060000,2012406029207500003,2012-05-23,,폐업,2015-01-31,,,,998.01,413-904,,에브리데이 문산역점,구분없음,I,2026-05-02 22:04:32,경기도 파주시 문산읍 문향로 23,폐업처리,3,03,0319527952,준대규모점포,181068.616414545    ,483509.520615807    ,경기도 파주시 문산읍 문산1리 22번지 6호,2015-02-12 11:55:27
4060000,2012406029207500005,2012-05-23,,폐업,2017-06-30,,,,995.98,413-012,,이마트에브리데이 금촌동점,구분없음,I,2026-05-02 22:04:32,경기도 파주시 후곡로 14 (금촌동),폐업처리,3,03,0319455545,준대규모점포,179924.709582771    ,472664.081355195    ,경기도 파주시 금촌2동 956번지 1호,2017-07-03 13:34:26
4060000,2004406001307500002,2004-09-20,,영업/정상,,,,,7776.31,,,이채쇼핑몰,쇼핑센터,I,2026-05-02 22:04:32,경기도 파주시 문발로 220 (문발동),정상영업,1,01,0319463742,대규모점포,172401.251761358    ,467977.5877297      ,경기도 파주시 교하읍 문발리 502번지 1호,2013-04-25 16:43:45
4060000,2005406011007500001,2005-03-31,,영업/정상,,,,,0,,,신세계 이마트 파주점,대형마트,I,2026-05-02 22:04:32,,정상영업,1,01,0319501234,대규모점포,,,경기도 파주시 교하읍 당하리 195번지 5호,2020-10-01 14:25:34
4060000,2008406017607500001,2008-09-01,,영업/정상,,,,,10326.4,413-902,,홈플러스(주)파주문산점,대형마트,I,2026-05-02 22:04:32,경기도 파주시 문산읍 방촌로 1759,정상영업,1,01,0319608000,대규모점포,181002.777532337    ,485203.012122524    ,경기도 파주시 문산읍 당동리 산업단지내 지원시설용지 1-1,2024-03-05 15:10:55
4060000,2010406011007500001,2010-12-09,,영업/정상,,,,,10417.88,413-100,,(주)이마트 파주운정점,대형마트,I,2026-05-02 22:04:32,경기도 파주시 한울로 123 (동패동),정상영업,1,01,0319412150,대규모점포,177453.945515036    ,467576.438594292    ,경기도 파주시 동패동 1763번지,2024-04-18 10:28:36
4060000,2010406017607500001,2010-03-24,,영업/정상,,,,,9184.17,413-835,,(주)이마트파주점,대형마트,I,2026-05-02 22:04:32,경기도 파주시 당하길 10 (당하동),정상영업,1,01,0319501053,대규모점포,178030.82794167     ,471632.260930404    ,경기도 파주시 교하읍 야당1리 195번지 5호,2024-04-18 10:32:55
4060000,2010406017607500002,2010-09-17,,영업/정상,,,,,52503,413-841,,(주)신세계사이먼 파주점,전문점,I,2026-05-02 22:04:32,경기도 파주시 탄현면 필승로 200,정상영업,1,01,03180717001,대규모점포,173172.828879481    ,474158.9428211      ,경기도 파주시 탄현면 법흥리 1790번지 8호,2023-01-12 14:06:52
4060000,2011406011007500001,2011-10-26,,영업/정상,,,,,36314,413-120,,롯데프리미엄아울렛파주점,복합쇼핑몰,I,2026-05-02 22:04:32,경기도 회동길 390,정상영업,1,01,,대규모점포,172931.265518853    ,468411.848859123    ,경기도 파주시 문발동 104번지 1호 외,2026-02-20 17:08:32
4060000,2012406029207500004,2012-05-23,,영업/정상,,,,,996.6,413-854,,이마트에브리데이 광탄점,구분없음,I,2026-05-02 22:04:32,경기도 파주시 광탄면 큰여울길 44,정상영업,1,01,0319471923,준대규모점포,186601.793372607    ,475319.542751513    ,경기도 파주시 광탄면 신산리 188번지 11호,2024-07-25 16:32:16
4060000,2012406029207500007,2012-06-27,,영업/정상,,,,,34984,,,더콜로니운정몰,쇼핑센터,I,2026-05-02 22:04:32,,정상영업,1,01,025578828,대규모점포,176725.26242028     ,469706.991119381    ,경기도 파주시 목동동 927번지 (파주운정택지개발지구 F3-8 블럭),2016-10-12 15:19:00
4060000,2025406050707500001,2025-05-26,,영업/정상,,,,,70592.43,,10896,스타필드 빌리지 운정,쇼핑센터,I,2026-05-02 22:04:32,경기도 파주시 와석순환로515번길 70 (와동동),영업개시전,5,01,,대규모점포,179232.340113879    ,469528.61287477     ,경기도 파주시 와동동 1471-2,2025-06-02 11:12:08
4060000,2025406050707500002,2025-07-16,,영업/정상,,,,,36314,,10881,롯데프리미엄아울렛파주점,복합쇼핑몰,I,2026-05-02 22:04:32,"경기도 파주시 회동길 390, 롯데프리미엄아울렛 (문발동)",정상영업,1,01,0319603194,대규모점포,172931.265518853    ,468411.848859123    ,경기도 파주시 문발동 645 롯데프리미엄아울렛,2026-02-20 17:08:05
4060000,2000406000007500001,2000-09-15,,영업/정상,,,,,10000,,,팜스프링상가,그 밖의 대규모점포,I,2026-05-02 22:04:32,경기도 파주시 송화로 13 (금촌동),정상영업,1,01,,대규모점포,180301.586510037    ,474515.966540523    ,경기도 파주시 아동동 산6-1호,2013-11-20 17:26:25
4070000,2012407008807500002,2012-06-26,,영업/정상,,,,,1282,467-808,,(주)이마트에브리데이(이천점),구분없음,I,2026-05-09 22:02:22,경기도 이천시 중리천로 18 (중리동),정상영업,1,01,0316380017,준대규모점포,238934.316946629    ,419876.035365793    ,경기도 이천시 중리동 21번지 1호,2024-07-26 10:02:54
4070000,2012407008807500003,2012-06-26,,취소/말소/만료/정지/중지,,,,,576.67,467-800,,롯데슈퍼 이천중리가맹점,대형마트,I,2026-05-09 22:02:22,경기도 이천시 중리천로 76 (중리동),직권취소,4,04,0316352121,준대규모점포,239461.390091394    ,419701.557736528    ,경기도 이천시 중리동 213번지,2018-11-30 13:55:16
4070000,2012407020907500001,2012-06-26,,영업/정상,,,,,1282,,17375,(주)이마트에브리데이(이천점),구분없음,I,2026-05-09 22:02:22,경기도 이천시 중리천로 18 (중리동),정상영업,1,01,0316380017,준대규모점포,238934.316946629    ,419876.035365793    ,경기도 이천시 중리동 21-1,2024-08-02 10:29:07
4070000,2013407008807500001,2013-08-06,,취소/말소/만료/정지/중지,,,,,53512,467-821,,이천 롯데프리미엄 아울렛,복합쇼핑몰,I,2026-05-09 22:02:22,,직권취소,4,04,0316400521,대규모점포,,,경기도 이천시 호법면 단천리 산 48번지 1호,2018-11-30 13:47:59
4070000,2013407008807500002,2013-08-06,,영업/정상,,,,,69930,467-821,,롯데쇼핑(주) 프리미엄아울렛 이천점,복합쇼핑몰,I,2026-05-09 22:02:22,경기도 이천시 호법면 프리미엄아울렛로 177-74,정상영업,1,01,0316400521,대규모점포,235461.813044175    ,415640.639277805    ,경기도 이천시 호법면 단천리 산 48번지 1호,2026-04-16 11:15:52
4070000,2013407008807500003,2013-10-30,,영업/정상,,,,,14628,467-804,,(주)이랜드리테일NC이천점,쇼핑센터,I,2026-05-09 22:02:22,경기도 이천시 영창로 165 (창전동),정상영업,1,01,0316336898,대규모점포,239066.829966423    ,420094.84719581     ,경기도 이천시 창전동 152번지 5호,2026-04-29 10:58:08
4070000,2014407008807500001,2014-12-17,,영업/정상,,,,,14460.81,,17372,롯데쇼핑(주) 롯데마트 이천점,대형마트,I,2026-05-09 22:02:22,"경기도 이천시 구만리로 191 (안흥동, 롯데캐슬 골드스카이)",정상영업,1,01,,대규모점포,240254.30365186     ,419284.62693122     ,경기도 이천시 안흥동 474번지 롯데캐슬 골드스카이,2026-01-13 13:58:30
4070000,2016407008807500001,2016-03-29,,휴업,,2025-08-23,2026-08-22,2026-08-23,4832.38,,17384,라벨라 아울렛,쇼핑센터,I,2026-05-09 22:02:22,경기도 이천시 호법면 프리미엄아울렛로 177-145 (롯데프리미엄아울렛),휴업처리,2,02,07078412965,대규모점포,235115.906903708    ,415821.77062945     ,경기도 이천시 호법면 단천리 869번지,2025-09-02 11:08:20
4070000,2018407008807500003,2009-09-12,,영업/정상,,,,,0,,17344,롯데쇼핑(주) 롯데슈퍼 송정점,구분없음,I,2026-05-09 22:02:22,경기도 이천시 증신로291번길 82 (송정동),정상영업,1,01,0316385601,준대규모점포,238563.750432498    ,421703.583393763    ,경기도 이천시 송정동 317번지 3호,2022-01-17 10:19:02
4070000,2018407008807500005,2016-07-07,,영업/정상,,,,,772.08,,17359,(주)이마트에브리데이 이천갈산점,구분없음,I,2026-05-09 22:02:22,경기도 이천시 안흥로 70 (갈산동),정상영업,1,01,03180112021,준대규모점포,240306.158458325    ,420332.156379018    ,경기도 이천시 갈산동 602번지,2024-05-08 15:03:22
4070000,2018407008807500006,2017-09-20,,영업/정상,,,,,344,,17371,(주)노브랜드 이천안흥점,구분없음,I,2026-05-09 22:02:22,경기도 이천시 영창로 290 (안흥동),정상영업,1,01,0316388312,준대규모점포,240274.674064413    ,419969.69866586     ,경기도 이천시 안흥동 353번지 6호,2022-01-21 13:23:27
4070000,2018407008807500001,2002-12-26,,폐업,2022-04-28,,,,1586,,17328,롯데쇼핑(주) 롯데슈퍼 이천점,구분없음,I,2026-05-09 22:02:22,"경기도 이천시 부발읍 경충대로 2269, 롯데프라자",폐업처리,3,03,0316346747,준대규모점포,242016.421941572    ,417771.647304977    ,경기도 이천시 부발읍 신하리 399번지 1호 롯데프라자,2022-04-28 15:51:27
4070000,2018407008807500002,2011-07-04,,폐업,2021-01-01,,,,615,,17359,롯데쇼핑(주) 롯데슈퍼 이천갈산점,구분없음,I,2026-05-09 22:02:22,경기도 이천시 증신로 83 (갈산동),폐업처리,3,03,0316375603,준대규모점포,240460.438731023    ,420391.082149565    ,경기도 이천시 갈산동 592번지 43호,2022-01-10 15:59:21
4070000,2018407008807500004,2013-04-04,,폐업,2020-09-21,,,,310,,17384,롯데쇼핑(주) 롯데슈퍼 마장휴게소점,구분없음,I,2026-05-09 22:02:22,경기도 이천시 마장면 중부고속도로 82,폐업처리,3,03,0316455701,준대규모점포,236094.101912691    ,418052.206218779    ,경기도 이천시 마장면 목리 산 13번지 32호,2020-09-21 16:46:18
4070000,2025407026507500001,2025-03-04,,영업/정상,,,,,0,,17328,(주)이마트에브리데이 이천부발점,구분없음,I,2026-05-09 22:02:22,"경기도 이천시 부발읍 경충대로 2269, 롯데프라자 1층",정상영업,1,01,023805060,준대규모점포,242016.421941572    ,417771.647304977    ,경기도 이천시 부발읍 신하리 399-1 롯데프라자,2025-04-18 15:14:54
4070000,2012407008807500001,2012-06-26,,폐업,2020-01-31,,,,740.8,467-020,,롯데쇼핑(주) 롯데슈퍼 관고점,구분없음,I,2026-05-09 22:02:22,경기도 이천시 설봉로19번길 12 (관고동),폐업처리,3,03,0316345601,준대규모점포,238639.271861948    ,419727.492981804    ,경기도 이천시 관고동 501번지 7호,2020-02-27 18:45:37
4070000,1996407001707500003,1996-03-25,,영업/정상,,,,,,,,서전타운,그 밖의 대규모점포,I,2026-05-09 22:02:21,,정상영업,1,01,0316371864,,,,경기도 이천시 부발읍 아미리 1006-3호   ,2007-07-07 09:50:12
4070000,1999407001707500001,1999-09-13,,영업/정상,,,,,,,,(주)프라자2000,그 밖의 대규모점포,I,2026-05-09 22:02:21,경기도 이천시 중리천로 98 (중리동),정상영업,1,01,0313671677,,239629.266702268    ,419598.835872292    ,경기도 이천시 중리동 220호   ,2007-07-07 09:50:12
4070000,2000407001707500001,2000-05-22,,영업/정상,,,,,8879,,,(주)이마트이천점,복합쇼핑몰,I,2026-05-09 22:02:22,경기도 이천시 이섭대천로 1440-50 (증포동),정상영업,1,01,0316448053,대규모점포,240622.258190291    ,421449.129399305    ,경기도 이천시 증포동 47-4번지 13호,2024-04-17 13:19:02
4070000,2000407001707500002,2000-05-03,,취소/말소/만료/정지/중지,,,,,0,,,(주)이마트 이천점,대형마트,I,2026-05-09 22:02:22,경기도 이천시 이섭대천로 1440-50 (증포동),직권취소,4,04,0316448053,대규모점포,240622.258190291    ,421449.129399305    ,경기도 이천시 증포동 47번지 4호,2018-11-30 13:58:13
4080000,2004408006707500001,2004-07-20,,휴업,,,,,3048.06,,,시농마트,그 밖의 대규모점포,I,2026-05-10 22:09:12,,휴업처리,2,02,,,,,경기도 안성시 당왕동 475외5필지호   ,2007-06-30 11:18:53
4080000,2003408006707500001,2003-10-14,,휴업,,,,,3078.75,,,(주)E-가구랜드,대형마트,I,2026-05-10 22:09:12,경기도 안성시 원곡면 만세로 1413-3,휴업처리,2,02,0316556441,,,,경기도 안성시 원곡면 외가천리 228번지 12호   ,2007-06-30 11:18:53
4080000,2006408014107500001,2006-10-10,,폐업,2010-10-10,,,,2605.63,,,롯데쇼핑(주)롯데마트안성점,쇼핑센터,I,2026-05-10 22:09:12,,폐업처리,3,03,0316599220,대규모점포,,,경기도 안성시 공도읍 양기리 산2번지 13호,2012-05-07 13:35:12
4080000,2017408020807500002,2017-11-13,,영업/정상,,,,,7987.27,,17553,주식회사 락앤락,그 밖의 대규모점포,I,2026-05-10 22:09:12,경기도 안성시 원곡면 만세로 1260,영업개시전,5,01,025209557,대규모점포,212484.621566391    ,393724.819512457    ,경기도 안성시 원곡면 지문리 33번지 1호,2017-11-13 18:03:00
4080000,2017408020807500001,2017-07-05,,영업/정상,,,,,541.2,,17592,노브랜드 안성시장점,그 밖의 대규모점포,I,2026-05-10 22:09:12,"경기도 안성시 시장길 37 (서인동, 안성시장 지하1층)",정상영업,1,01,023809461,준대규모점포,224008.128670892    ,389496.559547726    ,,2024-04-23 14:37:06
4080000,2016408020807500001,2016-04-06,,영업/정상,,,,,106011,,17563,스타필드 안성,복합쇼핑몰,I,2026-05-10 22:09:12,경기도 안성시 공도읍 서동대로 3980,정상영업,1,01,027273732,대규모점포,213062.918998049    ,388093.036705258    ,경기도 안성시 공도읍 진사리 354번지 외 17필지,2025-08-07 10:28:45
4080000,2006408014107500002,2006-10-04,,영업/정상,,,,,13587.5,456-824,,롯데쇼핑(주)롯데마트안성점,대형마트,I,2026-05-10 22:09:12,경기도 안성시 공도읍 서동대로 4478,정상영업,1,01,0316912500,대규모점포,217695.637116434    ,389592.895375219    ,경기도 안성시 공도읍 양기리 산 2번지 13호,2026-04-27 10:10:45
4080000,2012408014107500001,2012-04-02,,영업/정상,,,,,1267.46,456-060,,(주)지에스리테일 안성점,그 밖의 대규모점포,I,2026-05-10 22:09:12,경기도 안성시 중앙로 430 (영동),정상영업,1,01,0316778056,준대규모점포,224346.846210761    ,389422.608470627    ,경기도 안성시 영동 410번지 외4필지,2025-05-28 14:15:30
4080000,2011408014107500001,2011-05-20,2011-05-20,취소/말소/만료/정지/중지,,,,,10035.66,456-240,,(주)이마트 안성점,대형마트,I,2026-05-10 22:09:12,경기도 안성시 중앙로 246 (석정동),직권취소,4,04,,대규모점포,222711.793919182    ,390149.787207476    ,경기도 안성시 석정동 149번지 3호,2012-07-27 17:05:27
4080000,2010408014107500001,2010-03-29,,영업/정상,,,,,4326.62,456-280,,안성축산농협 하나로마트,대형마트,I,2026-05-10 22:09:12,경기도 안성시 안성맞춤대로 833 (계동),정상영업,1,01,03180468000,대규모점포,223771.205358289    ,387484.797282739    ,경기도 안성시 계동 85번지 3호,2018-08-10 10:15:27
4080000,2008408014107500002,2008-11-14,,영업/정상,,,,,5620.51,456-823,,서안성농협 하나로마트,대형마트,I,2026-05-10 22:09:12,경기도 안성시 공도읍 덕봉서원로 68,정상영업,1,01,,대규모점포,215254.109871143    ,389810.889681838    ,경기도 안성시 공도읍 만정리 381번지 1호,2015-04-17 17:03:50
4080000,2008408014107500001,2008-08-27,,영업/정상,,,,,10035.66,456-240,,(주)이마트 안성점,대형마트,I,2026-05-10 22:09:12,경기도 안성시 중앙로 246 (석정동),정상영업,1,01,,대규모점포,222711.793919182    ,390149.787207476    ,경기도 안성시 석정동 149번지 3호,2023-07-26 18:34:31
4080000,2013408014107500001,2013-01-07,,영업/정상,,,,,10035.66,456-240,,(주)이마트안성,대형마트,I,2026-05-10 22:09:12,경기도 안성시 중앙로 246 (석정동),정상영업,1,01,0316781234,대규모점포,222711.793919182    ,390149.787207476    ,경기도 안성시 석정동 149번지 3호,2024-04-23 09:29:37
4090000,1999409004407500002,1999-08-27,,폐업,2008-12-31,,,,3513,,,농협중앙회 하나로클럽 김포점,대형마트,I,2025-12-15 16:15:28,,폐업처리,3,03,0319986500,,,,경기도 김포시 운양동 124-1호,2009-02-06 15:08:12
4090000,2000409004407500003,2000-09-28,,폐업,2009-08-26,,,,0,,,수협바다마트 쇼핑몰,쇼핑센터,I,2025-12-15 16:15:28,경기도 김포시 풍무로 20 (풍무동),폐업처리,3,03,0319981003,,175300.492202442    ,455067.898518183    ,경기도 김포시 풍무동 595호,2010-11-04 13:22:41
4090000,2009409020407500001,2009-12-30,,폐업,2017-08-14,,,,6985.45,415-807,,롯데쇼핑(주) 롯데마트 김포점,대형마트,I,2025-12-15 16:15:28,경기도 김포시 김포대로 1466-34 (운양동),폐업처리,3,03,0319312500,대규모점포,170799.828335658    ,461633.544598275    ,경기도 김포시 운양동 1077번지 2호,2017-08-14 16:38:55
4090000,2012409022907500005,2012-10-29,,폐업,2020-03-25,,,,1107.9,415-865,,롯데쇼핑(주)롯데슈퍼 통진점,구분없음,I,2025-12-15 16:15:28,경기도 김포시 통진읍 김포대로 2232,폐업처리,3,03,0319885603,준대규모점포,164515.425324902    ,465388.701387178    ,경기도 김포시 통진읍 마송리 104번지 71호,2022-01-19 14:38:21
4090000,2012409022907500006,2012-12-26,,폐업,2021-11-09,,,,861,415-865,,(주)이마트에브리데이 통진점,구분없음,I,2025-12-15 16:15:28,경기도 김포시 통진읍 김포대로 2244,폐업처리,3,03,0319811700,준대규모점포,164429.325739178    ,465423.225442858    ,경기도 김포시 통진읍 마송리 117번지 2호,2021-11-09 15:32:38
4090000,2018409032207500001,2018-03-28,,폐업,2024-06-24,,,,257.85,,10063,이마트 에브리데이 김포구래점,구분없음,I,2025-12-15 16:15:28,"경기도 김포시 김포한강4로420번길 88, 슈퍼스타타워(101호 외 4개실) (구래동)",폐업처리,3,03,,준대규모점포,167542.995851124    ,460979.452892696    ,경기도 김포시 구래동 6874번지 23호,2024-06-24 13:20:12
4090000,2001409006507500001,2001-08-01,,휴업,,,,,12971,,,삼성홈플러스 김포점,대형마트,I,2025-12-15 16:15:28,경기도 김포시 중봉로 14 (감정동),휴업처리,2,02,0234598001,,173328.23709684     ,457991.128265107    ,경기도 김포시 감정동 692호   ,2007-02-24 21:00:58
4090000,2001409006507500004,2001-08-01,,영업/정상,,,,,12971,415-010,,홈플러스 주식회사 김포점,대형마트,I,2025-12-15 16:15:28,경기도 김포시 중봉로 14 (감정동),정상영업,1,01,0319998000,대규모점포,173328.23709684     ,457991.128265107    ,경기도 김포시 감정동 692번지,2024-02-21 18:08:15
4090000,2007409012307500001,2007-02-20,,영업/정상,,,,,14125.61,415-070,,홈플러스(주) 김포풍무점,대형마트,I,2025-12-15 16:15:28,경기도 김포시 풍무로 167 (풍무동),정상영업,1,01,0319990000,대규모점포,175533.126928566    ,456437.773530883    ,경기도 김포시 풍무동 38번지 1호 외4필지,2024-02-21 18:11:03
4090000,1999409004407500001,1999-03-26,,폐업,2010-04-07,,,,4661,,,월드아파트 상가,그 밖의 대규모점포,I,2025-12-15 16:15:28,,폐업처리,3,03,,,,,경기도 김포시 장기동 556호,2010-04-07 10:04:21
4090000,2012409022907500001,2012-01-11,,폐업,2025-12-23,,,,642,415-010,,(주)지에스리테일 GS수퍼 김포감정점,구분없음,I,2025-12-28 02:40:00,경기도  봉화로181번길 31-20,폐업처리,3,03,,준대규모점포,173440.919786368    ,458231.526224764    ,경기도 김포시 감정동 676번지,2025-12-26 16:49:02
4090000,2024409046507500001,2024-07-02,,영업/정상,,,,,236.66,,10063,GS THE FRESH 김포구래점,구분없음,I,2025-12-15 16:15:28,"경기도 김포시 김포한강4로420번길 88, 슈퍼스타타워 101호, 102호, 113호, 114호, 115호 (구래동)",정상영업,1,01,,준대규모점포,167542.995851124    ,460979.452892696    ,경기도 김포시 구래동 6874-23,2024-07-16 17:36:10
4090000,2021409039907500001,2021-05-20,,영업/정상,,,,,188.52,,10071,롯데프레시 김포구래가맹점,구분없음,I,2025-12-15 16:15:28,"경기도 김포시 김포한강10로133번길 142, B동 104호 (구래동)",정상영업,1,01,0319826766,준대규모점포,166347.213933274    ,460323.071108525    ,경기도 김포시 구래동 6871-33,2021-08-13 13:15:46
4090000,2019409035407500001,2019-03-05,,영업/정상,,,,,7183.43,,10096,김포농협 농수축산물판매장,대형마트,I,2025-12-15 16:15:28,"경기도 김포시 홍도평로 20, 김포농협 농수축산물판매장 (걸포동)",정상영업,1,01,0319842811,대규모점포,174592.445872281    ,458856.710374198    ,경기도 김포시 걸포동 1440번지,2019-05-08 17:46:26
4090000,2018409032207500002,2018-05-23,,영업/정상,,,,,11812.8,,10135,현대프리미엄아울렛 김포점 별관,쇼핑센터,I,2025-12-15 16:15:28,경기도 김포시 고촌읍 아라육로152번길 97,정상영업,1,01,03180482621,대규모점포,180850.069343035    ,455088.56165281     ,경기도 김포시 고촌읍 전호리 668번지,2024-05-08 14:38:59
4090000,2017409032207500001,2017-12-21,,영업/정상,,,,,11900.82,,,롯데쇼핑(주) 롯데마트 김포한강점,대형마트,I,2026-01-23 21:18:10,경기도 김포시 김포한강2로 41-0 (장기동),정상영업,1,01,03180492500,대규모점포,171471.604963288    ,459839.83969575     ,,2026-01-22 13:34:51
4090000,2016409022907500001,2016-07-13,,영업/정상,,,,,15477.73,,10113,트레이더스 홀세일클럽 김포점,대형마트,I,2025-12-15 16:15:28,경기도 김포시 김포대로 715(풍무동),정상영업,1,01,03180485652,대규모점포,176161.639045124    ,456729.11026583     ,경기도 김포시 풍무동 884 트레이더스 김포점,2024-04-12 09:15:27
4090000,2015409022907500001,2015-02-09,,영업/정상,,,,,38726.6,415-816,,현대프리미엄아울렛 김포점,쇼핑센터,I,2025-12-15 16:15:28,경기도 김포시 고촌읍 아라육로152번길  100,정상영업,1,01,07072044920,대규모점포,180999.482133785    ,455254.138222429    ,경기도 김포시 고촌읍 전호리 654번지,2024-05-08 13:08:37
4090000,2014409022907500002,2014-05-12,,영업/정상,,,,,12339.22,415-080,,이마트 김포한강점,대형마트,I,2025-12-15 16:15:28,경기도 김포시 김포한강7로 71 (구래동),정상영업,1,01,0319968434,대규모점포,167119.660833957    ,460295.332269763    ,경기도 김포시 구래동 6880번지 9호,2024-04-15 17:09:25
4090000,2014409022907500001,2014-09-26,,영업/정상,,,,,11900.82,415-060,,롯데쇼핑(주) 롯데마트 김포한강점,대형마트,I,2025-12-15 16:15:28,경기도 김포시 김포한강2로 41 (장기동),정상영업,1,01,0221458487,대규모점포,171471.604963288    ,459839.83969575     ,경기도 김포시 장기동 2031번지,2017-12-20 17:03:35
4090000,2012409022907500002,2012-02-06,,영업/정상,,,,,1988.24,415-040,,(주)지에스리테일 GS수퍼 김포사우점,구분없음,I,2025-12-15 16:15:28,경기도 김포시 돌문로 43 (사우동),정상영업,1,01,,준대규모점포,175023.331033541    ,457434.64458019     ,경기도 김포시 사우동 237번지 2호 외 2필지,2025-04-16 16:07:26
4090000,2012409022907500003,2012-02-07,,영업/정상,,,,,163,415-030,,홈플러스(주)익스프레스 북변점,구분없음,I,2025-12-15 16:15:28,경기도 김포시 사우중로 77 (북변동),정상영업,1,01,0319898549,준대규모점포,175242.244211209    ,457735.002549407    ,경기도 김포시 북변동 824번지,2024-04-15 13:58:29
4090000,2012409022907500004,2012-06-28,,영업/정상,,,,,312,415-020,,(주)이마트에브리데이 걸포동점,구분없음,I,2025-12-15 16:15:28,경기도 김포시 걸포2로 9 (걸포동),정상영업,1,01,0319839854,준대규모점포,173967.515912723    ,458904.997740507    ,경기도 김포시 걸포동 1563번지 2호,2021-05-04 16:11:23
4140000,2012414004807500001,2012-04-27,,영업/정상,,,,,1526.95,,,롯데슈퍼전곡점,그 밖의 대규모점포,I,2026-02-11 21:48:10,경기도 연천군 전곡읍 전곡로 187-1,정상영업,1,01,0318326981,준대규모점포,205749.023512098    ,502827.430494496    ,,2026-02-10 15:56:19
4170000,2018417013407500001,2018-03-07,,영업/정상,,,,,6085.75,,12560,롯데쇼핑(주)롯데마트 경기양평점,그 밖의 대규모점포,I,2026-01-03 21:48:10,"경기도 양평군 양평읍 남북로 76, 롯데마트",정상영업,1,01,0221458000,대규모점포,244381.267486222    ,443145.649076961    ,경기도 양평군 양평읍 공흥리 468-33 롯데마트,2026-01-02 14:59:43
4170000,2012417008307500001,2005-01-20,,영업/정상,,2022-10-26,2026-10-22,2026-10-22,2188.06,476-801,,(주)메가마트 양평점,시장,U,2026-05-09 03:03:03,경기도 양평군 양평읍 남북로 79-1,정상영업,1,01,0317750002,준대규모점포,244268.697648456    ,443204.514085558    ,경기도 양평군 양평읍 공흥리 441번지 1호,2026-05-08 10:04:03
4181000,2014418027707500002,2004-08-31,,폐업,2024-04-05,,,,429,,,춘천철원화천양구축산농협 하나로마트 (공단점),구분없음,I,2026-05-10 21:30:40,강원특별자치도 춘천시 후석로 436 (후평동),폐업처리,3,03,0332523211,준대규모점포,265333.764226926    ,487564.100535317    ,,2024-04-05 16:09:16
4181000,2019418034907500001,2019-08-20,,폐업,2023-01-03,,,,282,,24358,하나로마트 강원지역본부점,구분없음,I,2026-05-10 21:30:40,"강원특별자치도 춘천시 중앙로 105, 농협중앙회강원지역본부 (중앙로3가)",폐업처리,3,03,0332588121,준대규모점포,263591.901797558    ,486256.984750418    ,강원특별자치도 춘천시 중앙로3가 61번지 농협중앙회강원지역본부,2023-01-17 17:50:22
4181000,2025418108107500001,2025-08-11,,영업/정상,,,,,786.84,,24232,춘천철원화천양구축산농협 하나로마트(후평점),구분없음,I,2026-05-10 21:30:41,강원특별자치도 춘천시 후석로440번길 10 (후평동),정상영업,1,01,0332523211,준대규모점포,265400.35106042     ,487577.815703786    ,강원특별자치도 춘천시 후평동 244-34,2025-12-02 14:02:58
4181000,2023418039207500001,2023-03-02,,영업/정상,,,,,253.62,,24428,GS THE FRESH 춘천온의점,구분없음,I,2026-05-10 21:30:41,"강원특별자치도 춘천시 스포츠타운길 459, 춘천센트럴파크플라자 (온의동)",정상영업,1,01,0220062747,준대규모점포,262227.458407332    ,485293.745684132    ,강원특별자치도 춘천시 온의동 593,2025-04-18 13:53:14
4181000,2022418034907500001,2022-08-31,,영업/정상,,,,,25063.95,,24363,춘천 센트럴타워 푸르지오 프리미엄몰,그 밖의 대규모점포,I,2026-05-10 21:30:41,"강원특별자치도 춘천시 방송길 77(온의동, 춘천 센트럴타워 푸르지오)",정상영업,1,01,0332690100,대규모점포,263345.431242431    ,485397.525389929    ,강원특별자치도 춘천시 온의동 575 춘천 센트럴타워 푸르지오,2024-05-08 10:13:07
4181000,2020418034907500001,2020-03-05,,영업/정상,,,,,3493.65,,24445,롯데슈퍼 춘천점,구분없음,I,2026-05-10 21:30:41,"강원특별자치도 춘천시 영서로 2195, 롯데슈퍼 (퇴계동)",정상영업,1,01,0332523000,준대규모점포,264048.38885859     ,484444.290618198    ,강원특별자치도 춘천시 퇴계동 381번지 1호 롯데슈퍼,2026-02-23 17:19:08
4181000,2019418034907500002,2019-08-20,,영업/정상,,,,,212,,24358,하나로마트 강원지역본부점,구분없음,I,2026-05-10 21:30:40,"강원특별자치도 춘천시 중앙로 105, 농협중앙회강원지역본부 (중앙로3가)",영업개시전,5,01,0332588114,준대규모점포,263591.901797558    ,486256.984750418    ,강원특별자치도 춘천시 중앙로3가 61번지 농협중앙회강원지역본부,2023-01-17 17:51:48
4181000,2016418027707500001,2016-03-14,,영업/정상,,,,,3820.61,200-853,,엠에스리테일,대형마트,I,2026-05-10 21:30:40,강원특별자치도 춘천시 건일길 79,정상영업,1,01,0332519352,대규모점포,266666.985605448    ,487881.87763029     ,강원특별자치도 춘천시 동면 장학리 산 35번지 2호,2017-06-21 17:08:42
4181000,2015418027707500001,1960-08-16,,영업/정상,,,,,9014,,24354,춘천중앙시장 (주),복합쇼핑몰,I,2026-05-10 21:30:40,강원특별자치도 춘천시 중앙로77번길 4-4 (중앙로2가),정상영업,1,01,0332542558,대규모점포,263778.629199641    ,486455.739323481    ,강원특별자치도 춘천시 중앙로2가 42-68,2025-04-23 15:59:37
4181000,2014418027707500001,2004-08-31,,폐업,2026-03-30,,,,413.57,,,춘천철원화천양구축산농협 하나로마트 (강남점),구분없음,I,2026-05-10 21:30:39,강원특별자치도 춘천시 경춘로 2342 (온의동),폐업처리,3,03,0332438106,준대규모점포,263244.686473259    ,484697.696269724    ,,2026-04-14 19:37:03
4181000,2013418022907500001,2008-12-17,,영업/정상,,,,,6447.28,,,춘천철원화천양구축산농협 하나로마트(퇴계점),대형마트,I,2026-05-10 21:30:39,강원특별자치도 춘천시 지석로 11 (퇴계동),정상영업,1,01,0332643802,대규모점포,264838.52203719     ,483744.542704867    ,,2020-06-17 16:05:20
4181000,2012418022907500001,2012-03-26,,영업/정상,,,,,314.05,200-969,,GS수퍼마켓 춘천후평점,그 밖의 대규모점포,I,2026-05-10 21:30:38,강원특별자치도 춘천시 춘천로 306-5 (후평동),정상영업,1,01,0332526900,준대규모점포,265652.823236414    ,486777.473538161    ,강원특별자치도 춘천시 후평2동 692번지 6호,2012-07-26 11:53:23
4181000,2011418018507500001,2011-02-25,,영업/정상,,,,,8086,200-112,,춘천서부시장,그 밖의 대규모점포,I,2026-05-10 21:30:38,"강원특별자치도 춘천시 서부대성로 12 (소양로2가, 서부시장)",정상영업,1,01,,대규모점포,263675.833817836    ,487157.336209289    ,강원특별자치도 춘천시 소양로2가 172번지 1호,2019-10-15 15:09:47
4181000,2010418016607500003,2010-06-01,,영업/정상,,,,,6272,,24315,롯데쇼핑(주)롯데마트 석사점,대형마트,I,2026-05-10 21:30:37,"강원특별자치도 춘천시 세실로 108, 롯데마트 석사점 (석사동)",정상영업,1,01,0332607781,대규모점포,266737.880921009    ,485159.020559127    ,강원특별자치도 춘천시 석사동 27-2 롯데마트 석사점,2025-12-29 13:52:29
4181000,2010418016607500002,2010-03-11,,영업/정상,,,,,12426,200-943,,홈플러스(주)춘천점,대형마트,I,2026-05-10 21:30:37,"강원특별자치도 춘천시 김유정로 1840 (퇴계동, 홈플러스 춘천점)",정상영업,1,01,0332698000,대규모점포,264597.191878957    ,483368.29049207     ,강원특별자치도 춘천시 퇴계동 141번지,2024-03-05 19:20:31
4181000,2010418016607500001,2010-02-04,,영업/정상,,,,,14598.79,200-190,,롯데쇼핑(주)롯데마트 춘천점,대형마트,I,2026-05-10 21:30:36,"강원특별자치도 춘천시 방송길 84 (온의동, 롯데마트 춘천점)",정상영업,1,01,0332402500,대규모점포,263109.175778889    ,485355.40305733     ,강원특별자치도 춘천시 온의동 6번지 25호,2025-12-29 13:55:14
4181000,2009418016607500001,2009-11-27,,영업/정상,,,,,9687.55,200-070,,(주)메가마트 엠 춘천점,백화점,I,2026-05-10 21:30:36,강원특별자치도 춘천시 금강로 68-9 (조양동),정상영업,1,01,0332487016,대규모점포,264033.833068137    ,486464.959442249    ,강원특별자치도 춘천시 조양동 34번지,2024-12-30 17:48:05
4181000,2005418016607500001,2005-11-03,,영업/정상,,,,,9722.01,200-938,,(주)이마트 춘천점,대형마트,I,2026-05-10 21:30:36,강원특별자치도 춘천시 경춘로 2353 (온의동),정상영업,1,01,0332401052,대규모점포,263141.943193102    ,484821.289677657    ,강원특별자치도 춘천시 온의동 511번지,2024-04-16 18:10:47
4181000,1997418001607500001,1997-08-08,,영업/정상,,,,,,,,LG마트춘천점,대형마트,I,2026-05-10 21:30:35,,정상영업,1,01,0332607000,,,,   호   ,2007-07-21 10:12:48
4181000,1996418001607500003,2020-03-05,,영업/정상,,,,,3493.65,200-943,,롯데슈퍼 춘천점,구분없음,I,2026-05-10 21:30:34,강원특별자치도 춘천시 영서로 2195 (퇴계동),정상영업,1,01,0332435588,준대규모점포,264048.38885859     ,484444.290618198    ,강원특별자치도 춘천시 퇴계동 381번지 1호,2023-04-28 11:18:24
4181000,1995418001607500004,1995-05-23,,영업/정상,,,,,,,,벨몽드,대형마트,I,2026-05-10 21:30:34,,정상영업,1,01,0332526581,,,,강원특별자치도 춘천시 효자동 641번지 5   호   ,2007-07-21 10:12:48
4181000,1983418001607514012,1983-03-30,,영업/정상,,,,,5544.6,200-954,,사단법인 춘천남부시장조합,복합쇼핑몰,I,2026-05-10 21:30:32,강원특별자치도 춘천시 공지로 367 (효자동),정상영업,1,01,0332421561,대규모점포,263776.104141899    ,485573.469431416    ,강원특별자치도 춘천시 효자1동 684번지 11호,2025-10-24 15:07:20
4181000,1985418001607500010,1985-01-21,,영업/정상,,,,,7141.98,200-050,,제일시장,그 밖의 대규모점포,I,2026-05-10 21:30:32,"강원특별자치도 춘천시 약사고개길 13 (죽림동, 제일시장)",정상영업,1,01,0332547320,대규모점포,263815.717679964    ,486351.132414808    ,강원특별자치도 춘천시 죽림동 32번지,2025-06-30 11:25:00
4181000,1988418016607500001,1988-04-14,,영업/정상,,,,,4045,200-080,,춘천동부시장,그 밖의 대규모점포,I,2026-05-10 21:30:33,"강원특별자치도 춘천시 동부시장길 8 (운교동, 동부시장)",정상영업,1,01,0332542235,대규모점포,264518.245047485    ,486328.376714699    ,강원특별자치도 춘천시 운교동 183번지,2026-04-23 15:59:32
4191000,1965419007907500004,1965-03-03,,영업/정상,,,,,7092,,,중앙시장,시장,I,2025-12-15 16:15:28,강원특별자치도 중앙시장길 6 (중앙시장),정상영업,1,01,0337432570,대규모점포,284121.214130228    ,427959.859428438    ,강원특별자치도 원주시 중앙동 62번지 55호 중앙시장 2층 다동 19호,2019-04-02 16:11:57
4191000,1965419007907500006,1965-03-03,,영업/정상,,,,,4122.62,,,남부시장,시장,I,2025-12-15 16:15:28,강원특별자치도 원주시 치악로 1803 (명륜동),정상영업,1,01,0337640607,대규모점포,284505.128476342    ,427202.926014401    ,강원특별자치도 원주시 명륜동 26번지 남부시장 2층,2011-12-22 15:01:02
4191000,1965419007907500005,1965-03-03,,영업/정상,,,,,5408,,,자유시장,시장,I,2025-12-15 16:15:28,강원특별자치도 원주시 자유시장길 12 (중앙동),정상영업,1,01,0337465037,대규모점포,284005.234706843    ,428073.8236109      ,강원특별자치도 원주시 중앙동 57번지,2023-09-26 17:59:45
4191000,2024419100607500001,2024-03-20,,영업/정상,,,,,41870.41,,26436,더블유시티,쇼핑센터,I,2025-12-15 16:15:28,강원특별자치도 원주시 서원대로 171 (단계동),영업개시전,5,01,0337389000,대규모점포,282420.45355925     ,427386.499314318    ,강원특별자치도 원주시 단계동 877-1,2024-03-20 13:53:05
4191000,2018419024107500001,2018-05-21,,영업/정상,,,,,3300.29,,26394,원주 무실동 판매시설(CROSS AVENUE WONJU),전문점,I,2025-12-15 16:15:28,강원특별자치도 원주시 북원로 2054 (무실동),정상영업,1,01,025496693,대규모점포,281918.041268589    ,425757.187016122    ,강원특별자치도 원주시 무실동 630번지 3호 외 1,2021-04-30 13:34:28
4191000,2012419020307500002,2012-07-06,,영업/정상,,,,,18737.35,220-934,,홈플러스 원주점,대형마트,I,2025-12-15 16:15:28,강원특별자치도 원주시 치악로 1489 (관설동),정상영업,1,01,0336498027,대규모점포,285677.402683418    ,424408.068770392    ,강원특별자치도 원주시 관설동 1453번지,2024-03-06 16:26:41
4191000,2012419020307500001,2012-04-06,,영업/정상,,,,,27718.69,220-100,,에이케이플라자(주) 원주점,쇼핑센터,I,2025-12-15 16:15:28,"강원특별자치도 원주시 봉화로 1 (단계동,원주시티쇼핑몰)",정상영업,1,01,03381150000,대규모점포,282120.73395865     ,427477.545400161    ,강원특별자치도 원주시 단계동 1123번지 원주시티쇼핑몰,2024-12-30 15:03:59
4191000,2011419020307500001,2011-12-27,,영업/정상,,,,,12044.4,220-100,,롯데쇼핑(주)롯데마트 원주점,대형마트,I,2026-01-31 21:18:10,강원특별자치도 원주시 봉화로 1 (단계동),정상영업,1,01,0337492500,대규모점포,282120.73395865     ,427477.545400161    ,강원특별자치도 원주시 단계동 1123번지,2026-01-30 10:02:44
4191000,2006419015307500001,2006-02-08,,영업/정상,,,,,2809.46,220-903,,중앙시민전통시장,시장,I,2025-12-15 16:15:28,강원특별자치도 원주시 자유시장길 28 (중앙동),정상영업,1,01,0337326501,대규모점포,284072.32267231     ,428160.288733114    ,강원특별자치도 원주시 중앙동 42번지 3호,2021-03-12 16:40:13
4191000,2004419020307500001,2004-03-16,,영업/정상,,,,,1877.2,220-930,,롯데쇼핑(주)롯데슈퍼원주점,복합쇼핑몰,I,2026-01-30 21:18:10,"강원특별자치도 원주시 치악로 1781 (개운동,외1)",정상영업,1,01,0337641262,준대규모점포,284548.772950682    ,427027.162385187    ,강원특별자치도 원주시 개운동 118번지 2호 외1,2026-01-29 17:45:47
4191000,2004419011507500003,2004-12-22,,휴업,,,,,3466.43,,,원주원예농협하나로클럽,대형마트,I,2025-12-15 16:15:28,,휴업처리,2,02,0337498832,,,,강원특별자치도 원주시 단계동 803-2호   ,2007-07-21 10:32:58
4191000,2004419011507500002,2004-12-22,,휴업,,,,,3466.43,,,원주원예농협하나로클럽,대형마트,I,2025-12-15 16:15:28,,휴업처리,2,02,0337498832,,,,강원특별자치도 원주시 단계동 803-2호   ,2007-07-21 10:32:58
4191000,2004419011507500001,2004-12-22,,휴업,,,,,4627.34,,,원주원예농협하나로클럽,대형마트,I,2025-12-15 16:15:28,,휴업처리,2,02,0337498832,,,,강원특별자치도 원주시 단계동 803-2호   ,2007-07-21 10:32:58
4191000,2003419011507500001,2003-09-05,,영업/정상,,,,,5669,,,원주 프리미엄 아울렛,전문점,I,2025-12-15 16:15:28,강원특별자치도 원주시 서원대로 500 (단구동),정상영업,1,01,0337617902,대규모점포,284818.874360771    ,425225.032426821    ,강원특별자치도 원주시 단구동 1599-1호,2011-12-22 14:50:13
4191000,2001419000007500001,2001-06-27,,영업/정상,,,,,3495.91,,26434,원주원예농협하나로클럽,쇼핑센터,I,2025-12-15 16:15:28,"강원특별자치도 원주시 무실로 182, 원주원예농협하나로클럽 (단계동)",정상영업,1,01,0337498888,대규모점포,283125.943357781    ,426975.404734288    ,강원특별자치도 원주시 단계동 803번지 2호 원주원예농협하나로클럽,2019-08-23 09:23:10
4191000,1997419007907500002,1997-08-29,,영업/정상,,,,,8136.9,220-150,,(주)이마트원주점,대형마트,I,2025-12-15 16:15:28,강원특별자치도 원주시 북원로 1928 (무실동),정상영업,1,01,0337491205,대규모점포,281366.703634706    ,424684.582635502    ,강원특별자치도 원주시 무실동 1062번지 1호 외3필지,2024-05-08 11:10:13
4191000,1991419007907500003,1991-03-26,,영업/정상,,,,,8120.83,,,도영쇼핑센타,그 밖의 대규모점포,I,2025-12-15 16:15:28,강원특별자치도 원주시 예술관길 10 (명륜동),정상영업,1,01,0337624030,준대규모점포,283499.859175004    ,426218.270035789    ,강원특별자치도 원주시 명륜동 408호,2011-12-22 14:57:20
4191000,1991419007907500001,1992-12-31,,영업/정상,,,,,2075.47,,,북원상가시장,시장,I,2025-12-15 16:15:28,강원특별자치도 원주시 북원상가길 13 (태장동),정상영업,1,01,0337313491,대규모점포,283930.336891135    ,431834.400099925    ,강원특별자치도 원주시 태장동 1379-23호,2021-03-12 16:40:34
4191000,1980419007907500001,1980-11-25,2005-02-28,취소/말소/만료/정지/중지,,,,,380.43,,,지하상가,그 밖의 대규모점포,I,2025-12-15 16:15:28,,직권취소,4,04,0337427339,대규모점포,,,강원특별자치도 원주시 일산동 50번지 0   호,2021-09-12 16:51:46
4191000,1991419007907500002,1991-09-30,,폐업,2003-05-16,,,,1305.07,,,우산시장,시장,I,2025-12-15 16:15:28,,폐업처리,3,03,0337425953,,,,강원특별자치도 원주시 우산동 234-2호,2007-09-20 11:28:34
4201000,2012420011507500001,2012-01-09,,폐업,2021-07-14,,,,388,,,롯데슈퍼 강릉입암점,그 밖의 대규모점포,I,2025-12-15 16:15:28,강원특별자치도 강릉시 율곡로2692번길 56 (입암동),폐업처리,3,03,0336426262,준대규모점포,368411.478854135    ,473875.192732668    ,,2021-07-15 09:05:06
4201000,2012420011507500002,2012-01-10,,폐업,2021-07-14,,,,388,,,롯데슈퍼강릉입암점,구분없음,I,2025-12-15 16:15:28,강원특별자치도 강릉시 율곡로2692번길 56 (입암동),폐업처리,3,03,0336426262,준대규모점포,368411.478854135    ,473875.192732668    ,,2021-07-14 16:14:21
4201000,2020420032207500001,2020-04-08,,영업/정상,,,,,261.84,,25413,노브랜드 주문진수산시장점,그 밖의 대규모점포,I,2025-12-15 16:15:28,"강원특별자치도 강릉시 주문진읍 시장길 38, 주문진수산시장 1층",영업개시전,5,01,023809461,준대규모점포,360718.233934395    ,489191.326440786    ,강원특별자치도 강릉시 주문진읍 주문리 312번지 91호 주문진수산시장,2020-04-10 08:50:21
4201000,2010420011507500001,2002-12-13,,영업/정상,,,,2002-12-13,8263.39,210-140,,(주)이마트강릉점,대형마트,I,2025-12-15 16:15:28,강원특별자치도 강릉시 경강로 2398-10 (송정동),정상영업,1,01,0336491052,대규모점포,369334.629080122    ,475954.381315576    ,강원특별자치도 강릉시 송정동 1008번지 7호,2024-04-22 16:13:29
4201000,2009420011507500002,2009-09-24,,영업/정상,,,,,16617,210-933,,강릉 씨네몰,복합쇼핑몰,I,2025-12-15 16:15:28,강원특별자치도 강릉시 경강로 2120 (옥천동),정상영업,1,01,0336498000,대규모점포,367257.089561415    ,474274.357968797    ,강원특별자치도 강릉시 옥천동 189번지,2024-03-13 13:29:34
4201000,2005420008507500002,2005-12-19,,휴업,,,,,5462,,,강릉서부시장,그 밖의 대규모점포,I,2025-12-15 16:15:28,강원특별자치도 강릉시 임영로155번길 6 (용강동),휴업처리,2,02,0336489136,,366564.34266928     ,474192.135182166    ,강원특별자치도 강릉시 용강동 29호   ,2007-07-14 11:05:40
4201000,2005420008507500001,2005-12-19,,휴업,,,,,5462,,,강릉서부시장,그 밖의 대규모점포,I,2025-12-15 16:15:28,강원특별자치도 강릉시 임영로155번길 6 (용강동),휴업처리,2,02,0336489136,,366564.34266928     ,474192.135182166    ,강원특별자치도 강릉시 용강동 29호   ,2007-07-14 11:05:40
4201000,2000420001907500008,1994-12-30,,영업/정상,,,,,,,,사)노암한라시장,그 밖의 대규모점포,I,2025-12-15 16:15:28,,정상영업,1,01,0336476707,,367565.639850681    ,473063.933064057    ,강원특별자치도 강릉시 노암동 390호   ,2007-07-14 11:05:40
4201000,2000420001907500007,1995-06-19,,취소/말소/만료/정지/중지,,,,,0,,,(주)삼우주택 이태수,그 밖의 대규모점포,I,2025-12-15 16:15:28,,직권취소,4,04,0336515608,대규모점포,368408.132156805    ,475968.018406903    ,강원특별자치도 강릉시 포남동 1292 - 1호,2012-05-24 10:07:28
4201000,2000420001907500006,1995-03-25,,영업/정상,,,,,,,,사)청송상가시장,그 밖의 대규모점포,I,2025-12-15 16:15:28,,정상영업,1,01,0336519622,,368582.995749496    ,476191.948640647    ,강원특별자치도 강릉시 포남동 1293 - 2호   ,2007-07-14 11:05:40
4201000,2000420001907500005,1987-06-25,,영업/정상,,,,,,,,주) 포남시장,그 밖의 대규모점포,I,2025-12-15 16:15:28,,정상영업,1,01,0336475285,,,,강원특별자치도 강릉시 주문진읍 주문리 312-91호   ,2007-07-14 11:05:40
4201000,2000420001907500004,1986-07-03,,영업/정상,,,,,,,,주) 주문진시장,그 밖의 대규모점포,I,2025-12-15 16:15:28,,정상영업,1,01,0336628011,,,,강원특별자치도 강릉시 주문진읍 주문리 312-91호   ,2007-07-14 11:05:40
4201000,2000420001907500003,1980-01-18,,영업/정상,,,,,7449,,,사단법인 강릉중앙시장번영회,시장,I,2025-12-15 16:15:28,강원특별자치도 강릉시 금성로 21 (성남동),정상영업,1,01,0336482285,대규모점포,367255.878725242    ,474087.754397503    ,강원특별자치도 강릉시 성남동 50호,2024-03-13 13:31:28
4201000,2000420001907500002,1977-10-08,,영업/정상,,,,,5462,,,(사)강릉서부시장번영회,시장,I,2025-12-15 16:15:28,강원특별자치도 강릉시 임영로155번길 6 (용강동),정상영업,1,01,0336489136,대규모점포,366564.34266928     ,474192.135182166    ,강원특별자치도 강릉시 용강동 29호,2022-06-27 17:56:11
4201000,2000420001907500001,1977-06-15,,영업/정상,,,,,,,,사) 동부시장,그 밖의 대규모점포,I,2025-12-15 16:15:28,강원특별자치도 강릉시 옥천로 48 (옥천동),정상영업,1,01,0336485976,,367443.601105971    ,474756.310270998    ,강원특별자치도 강릉시 옥천동 223호   ,2007-07-14 11:05:40
4201000,2000420000007500001,1977-06-15,,영업/정상,,,,,,,,사) 동부시장,그 밖의 대규모점포,I,2025-12-15 16:15:28,강원특별자치도 강릉시 옥천로 48 (옥천동),정상영업,1,01,0336485976,,367443.601105971    ,474756.310270998    ,강원특별자치도 강릉시 옥천동 223호   ,2007-07-14 11:05:40
4201000,1977420008507500001,1977-10-08,,영업/정상,,,,,,,,강릉서부시장,그 밖의 대규모점포,I,2025-12-15 16:15:28,강원특별자치도 강릉시 임영로155번길 6 (용강동),정상영업,1,01,0336489136,,366564.34266928     ,474192.135182166    ,강원특별자치도 강릉시 용강동 29호   ,2011-11-21 09:55:09
4201000,2020420032207500002,2020-04-30,,폐업,2025-03-18,,,,261.84,,25413,노브랜드 주문진수산시장점,그 밖의 대규모점포,I,2025-12-15 16:15:28,"강원특별자치도 강릉시 주문진읍 시장길 38, 주문진수산시장",폐업처리,3,03,023809461,준대규모점포,360718.233934395    ,489191.326440786    ,강원특별자치도 강릉시 주문진읍 주문리 312번지 91호 주문진수산시장,2025-03-20 17:31:34
4211000,1997421000007500003,1997-03-17,,영업/정상,,2009-07-23,2010-07-22,,3705.05,,,동성프라자,그 밖의 대규모점포,I,2025-12-15 16:15:28,강원특별자치도 동해시 효자로 691 (효가동),정상영업,1,01,0335219323,대규모점포,386514.829007717    ,445508.119238943    ,강원특별자치도 동해시 효가동 153번지 1호,2020-08-24 09:54:38
4211000,2003421009307500001,2003-12-24,,영업/정상,,,,,6585.16,,,(주)이마트 동해점,대형마트,I,2025-12-15 16:15:28,강원특별자치도 동해시 천곡로 100 (천곡동),정상영업,1,01,0335397051,대규모점포,387085.790410418    ,448958.829445114    ,강원특별자치도 동해시 천곡동 831호,2024-04-22 14:31:35
4211000,1999421000007500004,1999-07-07,,폐업,2018-03-28,,,,5173.85,,,신동해프라자,그 밖의 대규모점포,I,2025-12-15 16:15:28,강원특별자치도 동해시 동굴로 149 (천곡동),폐업처리,3,03,0335333997,대규모점포,387364.862935738    ,448530.798942451    ,강원특별자치도 동해시 천곡동 942호,2020-08-24 09:55:46
4211000,1987421000007500001,1987-11-24,,폐업,2006-06-14,,,,5008.96,,,동해프라자,그 밖의 대규모점포,I,2025-12-15 16:15:28,강원특별자치도 동해시 발한로 176 (발한동),폐업처리,3,03,03305334133,대규모점포,386041.551458151    ,451448.893618302    ,강원특별자치도 동해시 발한동 219번지 5호,2013-12-18 13:32:50
4211000,1994421000007500002,1994-08-17,,폐업,2018-01-01,,,,7517.59,,,(주)중앙시장동해유통타운,그 밖의 대규모점포,I,2025-12-15 16:15:28,강원특별자치도 동해시 동굴로 147 (천곡동),폐업처리,3,03,0335338303,대규모점포,387316.573717286    ,448511.524472683    ,강원특별자치도 동해시 천곡동 941호,2020-08-24 09:54:15
4211000,2019421021507500001,2019-07-11,,영업/정상,,,,,258,,25807,노브랜드 동해남부재래시장점,구분없음,I,2025-12-15 16:15:28,"강원특별자치도 동해시 청운1길 29 (동회동, 대동,현대아파트)",영업개시전,5,01,0335220630,준대규모점포,386177.814049483    ,444870.370953969    ,"강원특별자치도 동해시 동회동 442번지 대동,현대아파트",2019-07-11 12:09:37
4221000,2019422105407500001,2019-07-12,,영업/정상,,,,,1320,,26038,롯데슈퍼 태백점,구분없음,I,2025-12-15 16:15:28,"강원특별자치도 태백시 번영로 144, 1층 (황지동)",정상영업,1,01,0335549495,준대규모점포,376460.158282674    ,407946.301990225    ,강원특별자치도 태백시 황지동 200-26,2025-03-07 11:22:43
4221000,2006422001007500001,2006-10-30,,영업/정상,,,,,3123,,,(주)이마트,그 밖의 대규모점포,I,2025-12-15 16:15:28,강원특별자치도 태백시 굴거랑길 4 (화전동),정상영업,1,01,0335540672,대규모점포,374110.235734391    ,412725.109444359    ,강원특별자치도 태백시 화전동 113호,2024-04-15 14:05:58
4221000,2000422001007502017,1980-03-05,,영업/정상,,,,,,,,합명회사장성중앙시장,그 밖의 대규모점포,I,2025-12-15 16:15:28,,정상영업,1,01,0335816521,,,,강원특별자치도 태백시 장성동 159-2호   ,2007-07-14 10:33:54
4221000,2000422001007502008,1971-04-14,,영업/정상,,,,,,,,사단법인황지자유시장,그 밖의 대규모점포,I,2025-12-15 16:15:28,,정상영업,1,01,0335522634,,,,강원특별자치도 태백시 황지동 38호   ,2007-07-14 10:33:54
4221000,2000422001007500076,1965-09-09,,영업/정상,,,,,,,,사단법인철암시장,그 밖의 대규모점포,I,2025-12-15 16:15:28,,정상영업,1,01,0335829025,,,,강원특별자치도 태백시 철암동 278-1호   ,2007-07-14 10:33:54
4231000,2002423004307500002,2002-09-23,,폐업,2006-11-01,,,,0,,,D-마트,대형마트,I,2025-12-15 16:15:28,강원특별자치도 속초시 조양상가길 25 (조양동),폐업처리,3,03,0336355000,,338339.974552757    ,521995.523480661    ,강원특별자치도 속초시 조양동 1498번지 2호,2008-06-25 14:49:35
4231000,2002423004307500001,2002-05-02,,폐업,2005-08-24,,,,4101.24,,,대원마트,대형마트,I,2025-12-15 16:15:28,,폐업처리,3,03,0336371100,,,,강원특별자치도 속초시 조양동 663-1호,2008-06-25 14:54:10
4231000,2010423006407500001,2010-09-15,,영업/정상,,,,,6813.14,217-060,,속초농협하나로마트엑스포지점,대형마트,I,2025-12-15 16:15:28,강원특별자치도 속초시 동해대로 4202 (교동),정상영업,1,01,0336371501,대규모점포,338253.717723804    ,522445.158586875    ,강원특별자치도 속초시 교동 673번지 1호,2021-11-24 09:38:31
4231000,2003423005107500001,2003-10-30,,영업/정상,,,,,9448,,24885,(주)이마트 속초점,대형마트,I,2025-12-15 16:15:28,"강원특별자치도 속초시 설악금강대교로 12, E마트 (청호동)",정상영업,1,01,0336301054,대규모점포,339761.153723826    ,522089.806016399    ,강원특별자치도 속초시 청호동 459-134 E마트,2024-04-17 13:22:16
4231000,2004423005107500001,2003-11-06,,휴업,,,,,0,,,신세계E마트속초점,대형마트,I,2025-12-15 16:15:28,강원특별자치도 속초시 설악금강대교로 12 (청호동),휴업처리,2,02,023805231,,339761.153723826    ,522089.806016399    ,강원특별자치도 속초시 청호동 459번지 134호   ,2007-07-14 10:50:08
4231000,2004423005107500003,1994-09-12,,휴업,,2026-04-02,2027-04-01,,4093.84,,,아남프라자,그 밖의 대규모점포,U,2026-04-02 03:03:03,강원특별자치도 속초시 동해대로 4236 (교동),휴업처리,2,02,0336362020,대규모점포,338132.520338395    ,522766.508207672    ,강원특별자치도 속초시 교동 737번지 7   호,2026-04-01 17:50:18
4231000,2005423005107500001,2005-12-13,,영업/정상,,,,,3385.42,,,D-마트,그 밖의 대규모점포,I,2025-12-15 16:15:28,강원특별자치도 속초시 조양상가길 25 (조양동),,BBBB,01,0336355000,,338339.974552757    ,521995.523480661    ,강원특별자치도 속초시 조양동 1498번지 2호   ,2007-07-14 10:50:08
4231000,2004423005107500002,2004-04-29,,영업/정상,,,,,0,,,속초종합중앙시장상인회,그 밖의 대규모점포,I,2025-12-15 16:15:28,강원특별자치도 속초시 중앙로147번길 12 (중앙동),정상영업,1,01,0336353501,대규모점포,339217.40641696     ,523592.327071737    ,강원특별자치도 속초시 중앙동 471번지 4호,2011-10-30 13:35:32
4241000,2019424019207500001,2019-07-05,,영업/정상,,,,,312.61,,25920,노브랜드 삼척중앙시장점,대형마트,I,2025-12-15 16:15:28,"강원특별자치도 삼척시 진주로 12-21, 중앙시장 (남양동)",정상영업,1,01,023809843,준대규모점포,391554.434447351    ,439972.918024365    ,강원특별자치도 삼척시 남양동 55번지 4호 중앙시장,2024-04-29 10:34:09
4241000,2014424011307500003,2005-11-10,,영업/정상,,,,,2845,,,도계전두시장,시장,I,2025-12-15 16:15:28,강원특별자치도 삼척시 도계읍 도계로 199,정상영업,1,01,,대규모점포,381204.855770761    ,415937.465434592    ,,2022-04-05 13:37:54
4241000,2014424011307500001,1999-09-14,,영업/정상,,,,,21365,,,삼척중앙시장,시장,I,2025-12-15 16:15:28,"강원특별자치도 삼척시 진주로 12-21 (남양동, 중앙시장)",정상영업,1,01,,대규모점포,391554.434447351    ,439972.918024365    ,,2022-02-22 08:49:42
4241000,2009424011307500001,2009-04-17,,영업/정상,,,,,27420,245-070,,삼성데스코 홈플러스 삼척점,그 밖의 대규모점포,I,2025-12-15 16:15:28,,정상영업,1,01,,,,,강원특별자치도 삼척시 당저동,2011-10-31 14:21:29
4241000,2006424001007500001,2006-08-14,,영업/정상,,,,,13710.13,,,홈플러스(주)삼척점,대형마트,I,2025-12-15 16:15:28,강원특별자치도 삼척시  중앙로  258 (당저동),정상영업,1,01,0335718000,대규모점포,391815.78579528     ,440452.323948572    ,강원특별자치도 삼척시 당저동 33번지 3호,2024-03-05 09:03:48
4241000,2006424001007500002,2006-10-24,,영업/정상,,,,,13710.13,,,삼성테스코(주)홈플러스삼척점,대형마트,I,2025-12-15 16:15:28,강원특별자치도 삼척시 중앙로 258 (당저동),정상영업,1,01,0335736972,,391815.78579528     ,440452.323948572    ,강원특별자치도 삼척시 당저동 33번지 3  호,2011-10-31 14:27:41
4251000,1981425004207500001,1981-10-27,,영업/정상,,,,,4374.48,,25137,홍천중앙시장,시장,I,2025-12-15 16:15:28,강원특별자치도 홍천군 홍천읍 홍천로8길 17,정상영업,1,01,0334342955,대규모점포,278086.78842997     ,465792.77709058     ,강원특별자치도 홍천군 홍천읍 신장대리 5번지 3호,2020-01-29 17:54:00
4251000,1998425004207500001,1998-02-27,,영업/정상,,,,,,,,홍천종합온천장,그 밖의 대규모점포,I,2025-12-15 16:15:28,강원특별자치도 홍천군 북방면 온천길 183,정상영업,1,01,0334355000,,273789.496455895    ,466226.934730527    ,강원특별자치도 홍천군 북방면 소매곡리 산34호   ,2007-06-30 10:43:21
4251000,2025425102207500001,2025-04-15,,영업/정상,,,,,1441,,25139,(주)지에스리테일 홍천점,그 밖의 대규모점포,I,2025-12-15 16:15:28,강원특별자치도 홍천군 홍천읍 홍천로 344,정상영업,1,01,0334350085,준대규모점포,277870.200862898    ,465464.803193958    ,강원특별자치도 홍천군 홍천읍 신장대리 62-1,2025-04-15 16:42:29
4251000,2016425012107500001,2016-02-05,,영업/정상,,,,,1441,,25139,(주) 지에스리테일 홍천점,그 밖의 대규모점포,I,2025-12-15 16:15:28,강원특별자치도 홍천군 홍천읍 홍천로 344,정상영업,1,01,0334330085,준대규모점포,277870.200862898    ,465464.803193958    ,,2025-04-14 11:55:05
4251000,2013425009607500001,2002-11-26,,영업/정상,,,,,3334,250-805,,홍천시장,시장,I,2025-12-15 16:15:28,강원특별자치도 홍천군 홍천읍 홍천로8길 13,정상영업,1,01,0334342689,대규모점포,278125.615018782    ,465735.074155747    ,강원특별자치도 홍천군 홍천읍 신장대리 8번지 130호,2017-11-17 09:24:13
4251000,2011425009607500001,2011-07-26,,영업/정상,,,,,1441,250-805,,(주)지에스리테일홍천점,그 밖의 대규모점포,I,2025-12-15 16:15:28,강원특별자치도 홍천군 홍천읍 홍천로 344,정상영업,1,01,0334350085,준대규모점포,277870.200862898    ,465464.803193958    ,강원특별자치도 홍천군 홍천읍 신장대리 62번지 1호,2016-02-05 14:23:14
4251000,2002425004207500001,2002-11-26,,영업/정상,,,,,3334,,,홍천시장,그 밖의 대규모점포,I,2025-12-15 16:15:28,,,BBBB,01,0334342960,,,,강원특별자치도 홍천군 홍천읍 신장대리 8-130호   ,2007-06-30 10:43:21
4261000,2012426006307500001,2012-01-27,,폐업,2019-11-11,,,,576.9,,,롯데쇼핑(주)롯데슈퍼 횡성점,구분없음,I,2025-12-15 16:15:28,강원특별자치도 횡성군 횡성읍 태기로 29,폐업처리,3,03,0333445601,준대규모점포,287203.780662324    ,443693.265458422    ,,2019-11-11 15:26:08
4261000,2009426005907500001,1998-08-04,,영업/정상,,,,2006-05-31,3174,,25232,(사)횡성시장조합,시장,U,2026-04-08 03:03:03,강원특별자치도 횡성군 횡성읍 읍상서로7번길 38-1,정상영업,1,01,,대규모점포,287192.946947993    ,443525.36593856     ,강원특별자치도 횡성군 횡성읍 읍상리 277-3,2026-04-07 13:33:41
4271000,2014427007007500001,2014-06-23,,취소/말소/만료/정지/중지,,,,,764.5,,,롯데쇼핑(주) 롯데슈퍼 영월점,구분없음,I,2025-12-15 16:15:28,강원특별자치도 영월군 영월읍 중앙로 5-10,직권취소,4,04,0333745601,준대규모점포,329961.246335626    ,410133.019258366    ,,2021-12-24 08:59:01
4271000,2011427005907500001,2011-06-24,,영업/정상,,,,,764.5,230-808,,롯데쇼핑(주) 롯데슈퍼 영월점,그 밖의 대규모점포,I,2026-04-24 21:18:11,강원특별자치도 영월군 영월읍 중앙로 5-10,정상영업,1,01,0333735601,준대규모점포,329961.246335626    ,410133.019258366    ,강원특별자치도 영월군 영월읍 하송리 251번지 2호,2026-04-22 14:34:01
4281000,2011428008307500001,2011-11-04,,영업/정상,,,,,654.25,232-948,,롯데쇼핑(주)롯데슈퍼평창진부점,복합쇼핑몰,I,2026-01-08 21:18:10,강원특별자치도 평창군 진부면 진부시장뒷길 57-3,정상영업,1,01,0333355601,준대규모점포,337498.910963726    ,460723.341252456    ,강원특별자치도 평창군 진부면 하진부리 206번지 9호,2026-01-07 13:30:20
4291000,2009429004007500003,1965-03-03,,영업/정상,,,,,4916,233-901,,사북시장상인회,시장,I,2025-12-15 16:15:28,강원특별자치도 정선군 사북읍 사북2길 6,정상영업,1,01,0335917277,준대규모점포,361132.486063348    ,415489.838319734    ,강원특별자치도 정선군 사북읍 사북리 366번지 59호 8통 3반,2012-01-06 11:15:54
4291000,2009429004007500002,1967-12-22,,영업/정상,,,,,8314,233-811,,고한시장상인회,시장,I,2025-12-15 16:15:28,강원특별자치도 정선군 고한읍 고한4길 46,정상영업,1,01,0335914989,,364568.2521799      ,412653.804447511    ,강원특별자치도 정선군 고한읍 고한리 62번지 430호 10통,2009-12-11 11:53:20
4291000,2009429004007500001,1966-02-17,,영업/정상,,,,,9187,233-804,,정선시장상인회,시장,I,2025-12-15 16:15:28,강원특별자치도 정선군 정선읍 봉양7길 39,정상영업,1,01,0335636200,준대규모점포,347418.761037845    ,432223.064371999    ,강원특별자치도 정선군 정선읍 봉양1리 349번지 20호,2012-01-06 11:17:58
4301000,2014430006907500002,2015-04-16,,폐업,2016-01-15,,,,851.1,,,에브리데이 철원점,그 밖의 대규모점포,I,2025-12-15 16:15:28,강원특별자치도 철원군 갈말읍 명성로 187,폐업처리,3,03,0334524532,준대규모점포,226855.969678903    ,516214.984394342    ,,2016-01-15 17:59:55
4301000,2009430006907500001,1981-01-21,,영업/정상,,,,,2068,269-805,,신철원시장(등록),시장,I,2025-12-15 16:15:28,강원특별자치도 철원군 갈말읍 삼부연로18번길 8-1,정상영업,1,01,0334527070,준대규모점포,227089.204728934    ,515810.37089671     ,강원특별자치도 철원군 갈말읍 신철원리 679번지,2013-12-19 17:09:47
4301000,2009430006907500002,1981-01-21,,영업/정상,,,,,1482,269-816,,동송시장(등록),시장,I,2025-12-15 16:15:28,강원특별자치도 철원군 동송읍 이평로47번길 20,정상영업,1,01,0334552230,준대규모점포,219098.448507271    ,522898.547960981    ,강원특별자치도 철원군 동송읍 이평리 680번지 1호,2013-12-19 17:07:35
4301000,2009430006907500003,1981-01-21,,영업/정상,,,,,2036,269-841,,와수시장(등록),시장,I,2025-12-15 16:15:28,강원특별자치도 철원군 서면 와수로184번길 6-3,정상영업,1,01,0334589688,준대규모점포,238393.759533807    ,526333.178792545    ,강원특별자치도 철원군 서면 와수리 1171번지 21호,2013-12-19 17:05:03
4301000,2014430006907500001,2014-03-19,,영업/정상,,,,,1174,,,롯데슈퍼 철원점,그 밖의 대규모점포,I,2026-02-28 21:18:11,강원특별자치도 철원군 동송읍 이평2로 14,정상영업,1,01,0334557300,준대규모점포,219276.113407794    ,522598.469112606    ,,2026-02-27 11:41:58
4311000,1979431000707500001,1979-01-16,,영업/정상,,,,,,,,사단법인 화천시장조합,그 밖의 대규모점포,I,2025-12-15 16:15:28,,정상영업,1,01,,,,,   호   ,2007-07-21 10:47:01
4311000,1979431000707500006,1979-06-01,,영업/정상,,,,,,,,사내면5일장터,그 밖의 대규모점포,I,2025-12-15 16:15:28,,정상영업,1,01,,,,,   호   ,2007-07-21 10:47:01
4311000,1999431000707500001,1999-10-08,,영업/정상,,,,,,,,화천읍5일장터,그 밖의 대규모점포,I,2025-12-15 16:15:28,,정상영업,1,01,,,,,   호   ,2007-07-21 10:47:01
4351000,2023435100907500001,2023-09-13,,영업/정상,,,,,3276.22,,25061,강현농협 하나로마트,그 밖의 대규모점포,I,2025-12-15 16:15:28,강원특별자치도 양양군 강현면 물치천로 14,정상영업,1,01,0336715810,대규모점포,340693.912244024    ,517983.699145683    ,강원특별자치도 양양군 강현면 물치리 126-11,2024-06-14 10:28:02
4351000,2024435100907500001,2024-09-11,,영업/정상,,,,,0,,25009,강현농협 하나로마트 낙산점,구분없음,I,2025-12-15 16:15:28,"강원특별자치도 양양군 강현면 해맞이길 8-12, 강현농협낙산지점",정상영업,1,01,0336718952,준대규모점포,342881.510532634    ,514216.129963089    ,강원특별자치도 양양군 강현면 전진리 7-1 강현농협낙산지점,2024-12-24 14:07:40
4390000,2011439010307500001,1997-05-06,,폐업,2019-11-12,,,1988-11-05,8928.07,380-020,,충주현대타운,그 밖의 대규모점포,I,2025-12-15 16:15:28,,폐업처리,3,03,,,282848.651647227    ,385942.151488413    ,충청북도 충주시 성서동 163번지,2019-11-12 12:58:32
4390000,1999439000007500001,1999-06-29,,영업/정상,,,,,1002,,,동북프라자,대형마트,I,2025-12-15 16:15:28,,정상영업,1,01,04418508500,,282088.444481745    ,387609.78628381     ,충청북도 충주시 칠금동 600호   ,2007-06-30 11:35:13
4390000,1999439000007500002,1999-07-23,,영업/정상,,,,,200,,,c-mart,대형마트,I,2025-12-15 16:15:28,,정상영업,1,01,04412344567,,,,충청북도 충주시 가금면 가흥리 호   ,2007-06-30 11:35:13
4390000,2001439002407500002,2001-09-24,,휴업,,,,,,,,신세계이마트충주점,대형마트,I,2025-12-15 16:15:28,,휴업처리,2,02,,,,,충청북도 충주시 문화동 호 1024  ,2007-06-30 11:35:13
4390000,2002439002407500001,2002-01-08,,영업/정상,,,,,9854.37,,,롯데쇼핑(주)롯데마트충주점,대형마트,I,2026-01-24 22:48:10,충청북도 충주시 봉계1길 49 (칠금동),정상영업,1,01,0438412500,대규모점포,281360.558407973    ,387072.883137435    ,충청북도 충주시 칠금동 849번지 00호,2026-01-23 11:19:09
4390000,2002439002407500002,2002-12-17,,영업/정상,,,,,,,,애플존,대형마트,I,2025-12-15 16:15:28,,,BBBB,01,0438426000,,282066.471631431    ,387630.151701596    ,충청북도 충주시 칠금동 598호   ,2007-06-30 11:35:13
4390000,2005439010307500001,2005-04-15,,휴업,,,,,0,,,(주)신세계 이마트 충주점,대형마트,I,2025-12-15 16:15:28,,휴업처리,2,02,0438411234,,282189.198577445    ,386015.218668088    ,충청북도 충주시 문화동 1024호   ,2007-06-30 11:35:13
4390000,2010439010307500001,2010-04-06,,영업/정상,,,,,8429.86,,27407,(주) 이마트 충주점,대형마트,I,2025-12-15 16:15:28,"충청북도 충주시 중원대로 3420, 이마트 (문화동)",정상영업,1,01,0438411052,대규모점포,282189.198577445    ,386015.218668088    ,충청북도 충주시 문화동 1024번지 이마트,2024-04-19 10:29:53
4390000,2012439010307500001,2016-02-22,,영업/정상,,,,,1622.1,380-962,,(주)지에스리테일 충주연수점,그 밖의 대규모점포,I,2025-12-15 16:15:28,충청북도 충주시 금곡로 55-0 (연수동),정상영업,1,01,0437241001,준대규모점포,283409.973811725    ,388056.457705197    ,충청북도 충주시 연수동 591번지 1호,2025-04-09 14:45:23
4390000,2012439010307500002,2012-04-17,,영업/정상,,,,,1981.1,,27403,지에스더프레시(충주용산점),복합쇼핑몰,I,2025-12-15 16:15:28,"충청북도 충주시 남산로 72 (용산동, GS슈퍼마켓)",정상영업,1,01,0437243001,준대규모점포,283647.740848228    ,384815.270605605    ,충청북도 충주시 용산동 1639번지,2025-05-22 17:56:08
4390000,2015439012107500001,2015-01-26,,영업/정상,,,,,594,380-964,,롯데슈퍼 충주칠금점,,I,2025-12-15 16:15:28,,정상영업,1,01,0438525335,준대규모점포,281319.844286491    ,387482.58704793     ,충청북도 충주시 칠금동 171번지 2호,2015-01-26 20:47:23
4390000,2019439021407500001,2019-07-31,,영업/정상,,,,,13570.08,,27476,모다아울렛,전문점,I,2025-12-15 16:15:28,충청북도 충주시 중원대로 3683 (달천동),정상영업,1,01,0437240002,대규모점포,279950.011010575    ,384819.062612119    ,충청북도 충주시 달천동 786번지 5호,2024-05-03 15:05:44
4390000,2020439021407500001,2020-02-14,,영업/정상,,,,,6668,,27465,홈마트,대형마트,I,2025-12-15 16:15:28,"충청북도 충주시 대소원면 기업도시로 26, 홈마트",정상영업,1,01,,대규모점포,274265.635641832    ,389179.707204565    ,충청북도 충주시 대소원면 완오리 1198 홈마트,2022-12-01 11:36:40
4400000,2011440018107500001,2011-05-20,,영업/정상,,,,,8257.41,390-160,,(주)이마트 제천점,대형마트,I,2026-01-08 22:48:10,충청북도 제천시 장평천로 11 (강제동),정상영업,1,01,0436411051,대규모점포,308612.065962418    ,403106.413353613    ,충청북도 제천시 강제동 684번지,2026-01-07 09:29:31
4400000,2009440014607500001,2009-12-17,,영업/정상,,,,,8257.41,390-160,,주식회사 신세계,그 밖의 대규모점포,I,2025-12-15 16:15:28,충청북도 제천시 장평천로 11 (강제동),정상영업,1,01,0436533021,,308612.065962418    ,403106.413353613    ,충청북도 제천시 강제동 684번지,2009-12-24 09:19:51
4400000,2026440029707500001,2026-03-03,,영업/정상,,,,,891,,27142,노브랜드 제천장락점,구분없음,I,2026-03-07 22:48:10,"충청북도 제천시 장락로 146, - 1층 (장락동)",영업개시전,5,01,0436447496,준대규모점포,308877.420571829    ,406585.143845894    ,충청북도 제천시 장락동 406-3 0통,2026-03-06 14:17:57
4400000,2019440027107500001,2019-04-29,,영업/정상,,,,,312.5,,27173,노브랜드 제천중앙시장점,그 밖의 대규모점포,I,2025-12-15 16:15:28,"충청북도 제천시 풍양로 108, 중앙시장상가 (중앙로1가)",정상영업,1,01,0436539566,준대규모점포,307561.514227929    ,404557.864514466    ,충청북도 제천시 중앙로1가 77번지 중앙시장상가 제1층 제나동일부,2024-04-28 11:38:27
4400000,2012440020907500001,2012-04-20,,영업/정상,,,,,4067,,,롯데쇼핑(주) 롯데마트 제천점,복합쇼핑몰,U,2026-05-01 03:03:03,충청북도 제천시 용두대로 111 (하소동),정상영업,1,01,0436402600,대규모점포,306621.778539108    ,404931.341312042    ,,2026-04-30 09:05:30
4400000,2012440020907500002,2012-04-20,,폐업,2023-12-01,,,,1499.3,,,롯데쇼핑(주) 롯데슈퍼 청전점,그 밖의 대규모점포,I,2025-12-15 16:15:28,충청북도 제천시 의림대로 201 (청전동),폐업처리,3,03,0222905853,준대규모점포,307742.180437602    ,405540.785138948    ,,2023-12-04 15:08:06
4400000,2024440029707500001,2024-04-15,,영업/정상,,,,,0,,27198,이마트,대형마트,I,2025-12-15 16:15:28,"충청북도 제천시 장평천로 11, 제천E-MART (강제동)",정상영업,1,01,0436411052,대규모점포,308612.065962418    ,403106.413353613    ,충청북도 제천시 강제동 684 제천E-MART,2024-04-15 10:22:05
4450000,2011445005307500001,2011-12-07,,영업/정상,,,,,1243.02,365-803,,(주)지에스리테일 진천점,그 밖의 대규모점포,I,2025-12-15 16:15:28,충청북도 진천군 진천읍 남산길 78,정상영업,1,01,0435362303,준대규모점포,239497.37327675     ,372568.007341718    ,충청북도 진천군 진천읍 교성리 206번지 1호,2025-04-19 11:15:43
4470000,2022447010207500001,2022-10-25,,영업/정상,,,,,994.44,,27628,롯데프레시 음성금왕점,그 밖의 대규모점포,I,2026-03-26 22:48:24,충청북도 음성군 금왕읍 무극로 329,정상영업,1,01,0438828780,준대규모점포,,,충청북도 음성군 금왕읍 무극리 124-2,2024-08-01 11:18:22
4490000,2012449023407500002,2012-03-20,,영업/정상,,,,,1437.48,330-160,,롯데쇼핑(주)롯데슈퍼 신부점,구분없음,U,2026-04-29 03:03:03,충청남도 천안시 동남구 신부7길 5-1 (신부동),정상영업,1,01,0416225601,준대규모점포,214077.446687248    ,368217.689466243    ,충청남도 천안시 동남구 신부동 84번지 1호,2026-04-28 10:16:57
4490000,2012449023407500003,2012-03-28,,영업/정상,,,,,49471,331-230,,펜타포트 복합쇼핑몰,그 밖의 대규모점포,I,2025-12-15 16:15:28,"충청남도 천안시 서북구 공원로 196 (불당동, 외1)",정상영업,1,01,0415233316,대규모점포,208976.4764518      ,366326.634370741    ,충청남도 천안시 서북구 불당동 1289번지 외1,2013-01-02 17:09:39
4490000,2012449023407500005,2013-06-10,,영업/정상,,,,,13610,331-200,,코스트코 홀세일 천안점,대형마트,I,2025-12-15 16:15:28,충청남도 천안시 서북구 3공단6로 77 (차암동),정상영업,1,01,0226302764,대규모점포,209318.605925811    ,371245.738706969    ,충청남도 천안시 서북구 차암동 제3일반산업단지내 지원시설 B1블럭,2015-12-09 10:46:40
4490000,2013449023407500001,2013-02-26,,영업/정상,,,,,49516,331-728,,펜타포트 복합쇼핑몰,복합쇼핑몰,I,2025-12-15 16:15:28,"충청남도 천안시 서북구 공원로 196 (불당동,펜타포트(1~3층))",정상영업,1,01,,대규모점포,208976.4764518      ,366326.634370741    ,충청남도 천안시 서북구 불당동 1289번지 펜타포트(1~3층),2021-12-28 14:14:24
4490000,2013449023407500002,2013-11-29,,영업/정상,,,,,9248,,,원랜드 패션몰,그 밖의 대규모점포,I,2025-12-15 16:15:28,충청남도 천안시 서북구 음봉로 891 (백석동),정상영업,1,01,0415541111,대규모점포,209375.772420834    ,369243.828899857    ,,2018-05-25 10:05:56
4490000,2014449023407500001,2014-04-09,,취소/말소/만료/정지/중지,,,,,7503.57,,,이랜드아웃렛,쇼핑센터,I,2025-12-15 16:15:28,"충청남도 천안시 동남구 만남로 14 (신부동, 랜드마크타워)",직권취소,4,04,0415524512,대규모점포,213621.212066729    ,368554.291224141    ,,2015-04-15 17:19:52
4490000,2017449034407500001,2017-09-20,,영업/정상,,,,,21031.94,,31087,마치에비뉴,그 밖의 대규모점포,I,2025-12-15 16:15:28,충청남도 천안시 서북구 한들1로 196 (백석동),정상영업,1,01,0415587809,대규모점포,210564.963663027    ,370723.910022674    ,,2021-02-21 17:40:51
4490000,2021449037507500001,2021-02-10,,영업/정상,,,,,8226,,31171,맘마마트 천안점,대형마트,I,2025-12-15 16:15:28,충청남도 천안시 서북구 월봉로 95 (쌍용동),영업개시전,5,01,07040604128,대규모점포,210350.365980618    ,366539.832359485    ,충청남도 천안시 서북구 쌍용동 1367,2021-02-10 10:34:59
4490000,2021449037507500002,2021-02-10,,영업/정상,,,,,8226,,31171,맘마마트 천안점,대형마트,I,2025-12-15 16:15:28,충청남도 천안시 서북구 월봉로 95 (쌍용동),정상영업,1,01,07040604128,대규모점포,210350.365980618    ,366539.832359485    ,충청남도 천안시 서북구 쌍용동 1367,2021-07-09 20:00:41
4490000,2023449037507500001,2023-06-21,,영업/정상,,,,,8316.34,,31171,대하식자재마트 천안점,대형마트,I,2025-12-15 16:15:28,충청남도 천안시 서북구 월봉로 95 (쌍용동),정상영업,1,01,0415710300,대규모점포,210350.365980618    ,366539.832359485    ,충청남도 천안시 서북구 쌍용동 1367,2023-09-05 13:14:57
4490000,2024449037507500001,2024-11-21,,영업/정상,,,,,161,,31188,GS THR FRESH 천안극동점,구분없음,I,2025-12-15 16:15:28,"충청남도 천안시 동남구 풍세로 933, 단지내상가112호~115호동 (다가동, 천안극동스타클래스 더퍼스트)",정상영업,1,01,,준대규모점포,213219.406838992    ,365677.786529933    ,충청남도 천안시 동남구 다가동 30 천안극동스타클래스 더퍼스트,2024-11-27 10:18:20
4490000,1989449013107500008,1989-09-19,,영업/정상,,,,,,,,성정프라자,그 밖의 대규모점포,I,2025-12-15 16:15:28,,정상영업,1,01,0415513569,,,,충청남도 천안시 성정동 658번지 1   호   ,2007-06-30 10:52:49
4490000,2007449013107500001,2007-04-06,,휴업,,,,,6437.07,,,오렌지 씨네스타,쇼핑센터,I,2025-12-15 16:15:28,충청남도 천안시 동남구 명동길 47 (대흥동),휴업처리,2,02,0416223699,,213170.605218936    ,367376.081706936    ,충청남도 천안시 대흥동 102번지 10호   ,2007-06-30 10:52:49
4490000,2000449011907500001,2000-01-12,,휴업,,2026-02-01,2027-01-30,2027-01-31,14350,,,홈플러스(주) 천안신방점,대형마트,I,2026-01-28 22:48:10,충청남도 천안시 동남구 신촌1길 23 (신방동),휴업처리,2,02,0415522080,대규모점포,210681.520347633    ,365092.813367026    ,충청남도 천안시 동남구 신방동 784번지 9   호,2026-01-27 14:43:36
4490000,2000449011907500002,1999-11-18,,영업/정상,,,,,9626,331-280,,(주)메가마트 메가도매센터 천안점,대형마트,U,2026-05-08 03:03:03,충청남도 천안시 서북구 천안대로 1348 (신당동),정상영업,1,01,0415896019,대규모점포,213510.454224013    ,373363.361136626    ,충청남도 천안시 서북구 신당동 452번지 3호,2026-05-07 16:06:20
4490000,2000449011907500003,1969-08-09,,영업/정상,,,,,0,,,자유시장,그 밖의 대규모점포,I,2025-12-15 16:15:28,,정상영업,1,01,0415514168,대규모점포,213455.014283668    ,367887.682393836    ,충청남도 천안시 성황동 86번지 2호,2015-01-08 11:14:44
4490000,2000449011907500004,1970-04-22,,영업/정상,,,,,,,,중앙시장,그 밖의 대규모점포,I,2025-12-15 16:15:28,,정상영업,1,01,0415512226,,,,충청남도 천안시 사직동 3호   ,2007-06-30 10:52:49
4490000,2000449011907500005,1918-01-01,,영업/정상,,,,,,,,병천시장,그 밖의 대규모점포,I,2025-12-15 16:15:28,,정상영업,1,01,0415502011,,226936.793579544    ,362851.576419821    ,충청남도 천안시 동남구 병천면 병천리 360번지 1호   ,2007-06-30 10:52:49
4490000,2000449011907500006,1973-10-19,,영업/정상,,,,,,,,천일시장,그 밖의 대규모점포,I,2025-12-15 16:15:28,,정상영업,1,01,,,,,충청남도 천안시 사직동 33호   ,2007-06-30 10:52:49
4490000,2000449011907500007,1988-12-12,,영업/정상,,,,,0,,,천안역 지하상가,그 밖의 대규모점포,I,2025-12-15 16:15:28,충청남도 천안시 동남구 버들로 지하 2 (대흥동),정상영업,1,01,0415638742,,213180.875172159    ,367585.212712004    ,충청남도 천안시 대흥동 30번지 7호,2011-04-11 17:48:18
4490000,2000449011907500009,2000-09-01,,영업/정상,,,,,63095,,31120,신세계백화점 천안아산점,백화점,I,2025-12-15 16:15:28,"충청남도 천안시 동남구 만남로 43, 신세계백화점 천안아산점  (신부동)",정상영업,1,01,0416207000,대규모점포,213910.850637373    ,368774.087611534    ,충청남도 천안시 동남구 신부동 354-1 신세계백화점 천안아산점,2021-12-01 13:36:04
4490000,2000449011907500010,1994-11-29,,영업/정상,,,,,,,,우성(아)단지상가,그 밖의 대규모점포,I,2025-12-15 16:15:28,,정상영업,1,01,0415534781,,,,충청남도 천안시 서북구 직산읍 부송리 산22호   ,2007-06-30 10:52:49
4490000,2000449011907500011,2000-09-04,,영업/정상,,,,,1023.7,331-090,,롯데쇼핑(주)롯데마트천안점,대형마트,I,2025-12-15 16:15:28,충청남도 천안시 서북구 월봉로 95 (쌍용동),정상영업,1,01,0415852500,대규모점포,210350.365980618    ,366539.832359485    ,충청남도 천안시 서북구 쌍용동 1367번지,2020-02-25 15:07:24
4490000,2000449011907500012,1996-09-14,,영업/정상,,,,,,,,각원사 레저센터,그 밖의 대규모점포,I,2025-12-15 16:15:28,충청남도 천안시 동남구 각원사길 191 (안서동),정상영업,1,01,0415541661,,216933.652630367    ,370278.99996139     ,충청남도 천안시 안서동 159번지 10호   ,2007-06-30 10:52:49
4490000,2000449011907500013,1997-06-04,,영업/정상,,,,,,,,동우(아)상가,그 밖의 대규모점포,I,2025-12-15 16:15:28,충청남도 천안시 동남구 목천읍 신계1길 41,정상영업,1,01,,,217238.128327968    ,363423.789607699    ,충청남도 천안시 동남구 목천읍 신계리 422호   ,2007-06-30 10:52:49
4490000,2000449011907500014,1998-12-12,,영업/정상,,,,,,,,초원그린타운상가,그 밖의 대규모점포,I,2025-12-15 16:15:28,,정상영업,1,01,0415744811,,,,충청남도 천안시 동남구 신방동 77번지 4호   ,2007-06-30 10:52:49
4490000,2000449011907500015,1999-12-16,,영업/정상,,,,,,,,르씨엘 패션 쇼핑블럭,그 밖의 대규모점포,I,2025-12-15 16:15:28,충청남도 천안시 동남구 옛시청길 6 (대흥동),정상영업,1,01,0415624880,,213134.202092253    ,367288.368967386    ,충청남도 천안시 대흥동 165호   ,2007-06-30 10:52:49
4490000,2000449011907500016,1914-12-12,,영업/정상,,,,,,,,성환시장,그 밖의 대규모점포,I,2025-12-15 16:15:28,,정상영업,1,01,0415502011,,211554.177933295    ,379720.190226599    ,충청남도 천안시 서북구 성환읍 성환리 449번지 1호   ,2007-06-30 10:52:49
4490000,2001449013107500007,2001-04-13,,영업/정상,,,,,11786,,31180,이마트 천안점,대형마트,I,2025-12-15 16:15:28,"충청남도 천안시 서북구 충무로 187, E 마트 (쌍용동)",정상영업,1,01,0416201052,대규모점포,211285.641300884    ,366082.226799409    ,충청남도 천안시 서북구 쌍용동 191번지 E 마트,2024-04-19 17:53:00
4490000,2003449013107500001,2003-01-29,,영업/정상,,,,,29438,,,천안산업기자재유통단지,그 밖의 대규모점포,I,2025-12-15 16:15:28,충청남도 천안시 동남구 신촌로 24 (신방동),정상영업,1,01,0415708000,,210769.482928735    ,365154.552924088    ,충청남도 천안시 동남구 신방동 784번지 1  호,2011-06-13 15:38:05
4490000,2003449013107500002,2003-02-20,,휴업,,,,,29438,,,천안산업기자재유통단지,그 밖의 대규모점포,I,2025-12-15 16:15:28,충청남도 천안시 동남구 신촌로 24 (신방동),휴업처리,2,02,0415708000,,210769.482928735    ,365154.552924088    ,충청남도 천안시 동남구 신방동 784번지 1호   ,2007-06-30 10:52:49
4490000,2004449023407500001,2004-04-30,,영업/정상,,,,,12126.78,331-170,,롯데쇼핑(주)롯데마트성정점,복합쇼핑몰,U,2026-05-08 03:03:03,충청남도 천안시 서북구 성정두정로 1 (성정동),정상영업,1,01,0416298511,대규모점포,212419.103451336    ,369433.656719309    ,충청남도 천안시 서북구 성정동 1486번지,2026-05-07 16:41:43
4490000,2005449013107500001,2005-04-11,,휴업,,,,,11786.13,,,(주)신세계 이마트 천안점,대형마트,I,2025-12-15 16:15:28,,휴업처리,2,02,0416201234,,,,충청남도 천안시 쌍용동 191호   ,2007-06-30 10:52:49
4490000,2005449013107500002,2005-05-09,,휴업,,,,,8388.54,,,갤러리아백화점,백화점,I,2025-12-15 16:15:28,충청남도 천안시 동남구 만남로 43 (신부동),휴업처리,2,02,0415599010,,213910.850637373    ,368774.087611534    ,충청남도 천안시 신부동 354번지 1호   ,2007-06-30 10:52:49
4490000,2006449013107500001,2006-03-21,,영업/정상,,,,,0,,,(주)데카플러스,쇼핑센터,I,2025-12-15 16:15:28,,,BBBB,01,0415226020,,,,충청남도 천안시 사직동 55번지 2   호   ,2007-06-30 10:52:49
4490000,2012449023407500001,2012-03-20,,영업/정상,,,,,1530,,,(주)지에스리테일 천안점,구분없음,I,2025-12-15 16:15:28,충청남도 천안시 동남구  충절로  148 (원성동),정상영업,1,01,0415652090,준대규모점포,214063.923830588    ,367122.096951248    ,충청남도 천안시 동남구 원성동 126번지 3호,2025-04-16 17:05:38
4490000,2011449023407500002,2011-09-19,,영업/정상,,,,,14805.79,331-300,,이마트 서북점,대형마트,I,2025-12-15 16:15:28,충청남도 천안시 서북구 삼성대로 20 (백석동),정상영업,1,01,023809422,대규모점포,210827.459637775    ,370795.653061274    ,충청남도 천안시 서북구 성성동 천안물류단지 상A4-1,2024-04-19 17:47:23
4490000,2010449023407500003,2010-12-10,,영업/정상,,,,,6138.86,330-160,,이마트  천안터미널점,대형마트,I,2025-12-15 16:15:28,충청남도 천안시 동남구 만남로 43 (신부동),정상영업,1,01,0414111234,대규모점포,213910.850637373    ,368774.087611534    ,충청남도 천안시 동남구 신부동 354번지 1호,2024-04-19 17:52:41
4490000,2010449023407500002,2010-11-29,,영업/정상,,,,,45344.53,331-230,,한화갤러리아(주) 센터시티,백화점,I,2025-12-15 16:15:28,충청남도 천안시 서북구 공원로 227 (불당동),정상영업,1,01,0414115018,대규모점포,209271.952837052    ,366567.801041603    ,충청남도 천안시 서북구 불당동 1299번지,2023-11-29 09:54:46
4490000,2008449023407500001,2008-08-08,,휴업,,2026-04-17,2027-04-16,,10350,,31069,홈플러스 천안점,대형마트,U,2026-04-21 03:03:03,"충청남도 천안시 동남구 천안대로 574, 홈플러스 (구성동)",휴업처리,2,02,0417318152,대규모점포,214695.358784324    ,366435.793995253    ,충청남도 천안시 동남구 구성동 50-3 외 8필지,2026-04-20 16:19:03
4490000,2008449013107500001,2008-02-11,,영업/정상,,,,,5174,330-943,,캐럿21,쇼핑센터,I,2025-12-15 16:15:28,,정상영업,1,01,,,213543.702684353    ,368568.407776592    ,충청남도 천안시 신부동 451번지 1호,2010-05-17 10:25:33
4490000,2012449023407500004,2012-03-28,,폐업,2024-04-02,,,,10590,331-230,,이마트 펜타포트점,대형마트,I,2025-12-15 16:15:28,충청남도 천안시 서북구 공원로 196 (불당동),폐업처리,3,03,0415379190,대규모점포,208976.4764518      ,366326.634370741    ,충청남도 천안시 서북구 불당동 1289번지,2024-04-04 16:40:28
4490000,2011449023407500001,2011-09-09,,폐업,2016-08-22,,,,792.07,331-805,,롯데쇼핑(주)롯데슈퍼천안성환점,그 밖의 대규모점포,I,2025-12-15 16:15:28,충청남도 천안시 서북구 성환읍 성환1로 213,폐업처리,3,03,0415835601,준대규모점포,211309.297811917    ,379137.23718117     ,충청남도 천안시 서북구 성환읍 성환리 449번지 333호,2016-08-22 09:08:46
4490000,2010449023407500001,2010-04-28,,폐업,2010-11-23,,,,6558,330-993,,(주)한화갤러리아 천안점,백화점,I,2025-12-15 16:15:28,,폐업처리,3,03,0415599011,,213601.761090866    ,368566.902192329    ,충청남도 천안시 동남구 신부동 451번지 2호,2010-11-23 17:19:00
4490000,2000449011907500000,1989-09-30,,폐업,2010-04-23,,,,8388,,,갤러리아백화점,백화점,I,2025-12-15 16:15:28,충청남도 천안시 동남구 만남로 43 (신부동),폐업처리,3,03,0415599011,,213910.850637373    ,368774.087611534    ,충청남도 천안시 신부동 354번지 1호,2010-04-27 10:28:34
4500000,2012450021607500001,2012-03-06,,영업/정상,,,,,1465,314-040,,(주)지에스리테일 공주점,복합쇼핑몰,I,2026-05-06 22:48:21,충청남도 공주시 무령로 310 (옥룡동),정상영업,1,01,0418566330,준대규모점포,211968.574981584    ,328297.857566515    ,충청남도 공주시 옥룡동 338번지 1호,2025-04-15 11:07:42
4500000,2017450025407500001,2017-02-21,,영업/정상,,,,,21566.49,,,U7 SQUARE,복합쇼핑몰,I,2026-05-06 22:48:21,,영업개시전,5,01,,대규모점포,,,충청남도 공주시 금흥동 201번지 1호,2017-04-28 17:50:25
4510000,2004451007907500001,2004-04-12,,휴업,,,,,1150,,,청정보령 지역특산수산물풍물시장,그 밖의 대규모점포,I,2026-05-06 22:48:23,충청남도 보령시 대천항중앙길 66 (신흑동),휴업처리,2,02,0419336535,,155664.029855507    ,314155.428628585    ,충청남도 보령시 신흑동 2240호   ,2007-06-23 09:41:03
4510000,2003451007907500002,2003-04-08,,영업/정상,,,,,1280,,,(사)한국수산업경영인보령시연합회,그 밖의 대규모점포,I,2026-05-06 22:48:23,충청남도 보령시 대천항중앙길 66 (신흑동),,BBBB,01,0419333473,,155664.029855507    ,314155.428628585    ,충청남도 보령시 신흑동 2240호   ,2007-06-23 09:41:03
4510000,2003451007907500001,2003-01-14,,영업/정상,,,,,1922.2,355-010,,동부시장,그 밖의 대규모점포,I,2026-05-06 22:48:23,충청남도 보령시 구상가길 22-8 (대천동),정상영업,1,01,0419322336,준대규모점포,163745.104091836    ,316582.584889214    ,충청남도 보령시 대천동 618번지 64호,2012-03-08 15:46:48
4510000,1998451007907500001,1998-01-06,,영업/정상,,,,,,,,대천프라자,쇼핑센터,I,2026-05-06 22:48:23,,정상영업,1,01,0419342801,,,,충청남도 보령시 대천동 828-5호   ,2007-06-23 09:41:03
4510000,2010451013607500001,2008-09-19,,영업/정상,,,,2008-09-19,8061.15,355-060,,(주) 이마트 보령점,복합쇼핑몰,I,2026-05-06 22:48:23,충청남도 보령시 해안로 25 (궁촌동),정상영업,1,01,0416401052,대규모점포,163004.078094159    ,315990.484664465    ,충청남도 보령시 궁촌동 340번지 1호,2024-04-19 17:20:36
4510000,2011451016407500001,2011-03-21,,영업/정상,,,,,8967,,33430,홈플러스(주)보령점,복합쇼핑몰,I,2026-05-06 22:48:24,"충청남도 보령시 명암1길 17 (명천동, 홈플러스)",정상영업,1,01,0419398000,대규모점포,165267.663548079    ,315975.315462083    ,충청남도 보령시 명천동 129번지,2024-02-28 14:57:40
4510000,2003451007907500003,2003-04-08,,영업/정상,,,,,1280,,,(사)한국수산업경영인보령시연합회,그 밖의 대규모점포,I,2026-05-06 22:48:23,충청남도 보령시 대천항중앙길 66 (신흑동),,BBBB,01,0419333473,,155664.029855507    ,314155.428628585    ,충청남도 보령시 신흑동 2240호   ,2007-06-23 09:41:03
4520000,2005452018707500001,2005-01-13,,폐업,2013-08-19,,,,3295,336-070,,아산원예농협하나로클럽,대형마트,I,2026-05-06 22:48:23,,폐업처리,3,03,0415385000,,198725.020879886    ,364775.637989325    ,충청남도 아산시 방축동 101번지 4호,2013-08-19 09:38:11
4520000,2011452022507500004,2011-11-30,,폐업,2018-10-22,,,,1498.9,336-815,,롯데쇼핑(주)롯데슈퍼 아산점,그 밖의 대규모점포,I,2026-05-06 22:48:27,충청남도 아산시 시민로 444 (온천동),폐업처리,3,03,0415493111,준대규모점포,,,충청남도 아산시 온양1동 1637번지,2018-10-23 10:24:23
4520000,2025452038307500001,2025-08-08,,영업/정상,,,,,7643.85,,31580,온양농협 하나로마트 이순신점,대형마트,I,2026-05-06 22:48:28,충청남도 아산시 남부로 246 (용화동),정상영업,1,01,0415444864,대규모점포,200807.952676366    ,363254.305043069    ,충청남도 아산시 용화동 111-1,2025-09-05 13:31:32
4520000,2012452030107500001,2012-10-30,,영업/정상,,,,,21456.18,,31522,롯데마트 터미널점,대형마트,I,2026-05-06 22:48:27,"충청남도 아산시 번영로 225, 아산시외버스터미널복합시설 (모종동)",정상영업,1,01,0415702521,대규모점포,201341.191554264    ,364818.034415495    ,충청남도 아산시 모종동 555번지 5호 아산시외버스터미널복합시설,2026-05-02 14:47:00
4520000,2012452022507500001,2012-01-05,,영업/정상,,,,,23345.93,336-040,,주식회사엠지엘,복합쇼핑몰,I,2026-05-06 22:48:27,충청남도 아산시 번영로 225 (모종동),정상영업,1,01,0415499009,대규모점포,201341.191554264    ,364818.034415495    ,충청남도 아산시 모종동 555번지 9호,2023-10-10 09:48:59
4520000,2011452022507500005,2011-12-26,,영업/정상,,,,,33712,336-873,,퍼스트빌리지 아울렛,쇼핑센터,I,2026-05-06 22:48:27,충청남도 아산시 둔포면 해위안길 127,정상영업,1,01,0415360513,대규모점포,202395.445486741    ,377287.512012604    ,충청남도 아산시 둔포면 신항리 17번지 3호,2023-05-04 12:59:26
4520000,2011452022507500003,2011-09-14,,영업/정상,,,,,11107.3,336-857,,트레이더스 홀세일 클럽 천안아산점,대형마트,I,2026-05-06 22:48:26,충청남도 아산시 배방읍 고속철대로 133,정상영업,1,01,023809422,대규모점포,209360.843218577    ,366129.793611595    ,충청남도 아산시 배방읍 장재리 1760번지,2024-04-22 10:21:58
4520000,2011452022507500002,2011-06-30,,휴업,,2026-06-23,2027-06-22,,13738,336-857,,롯데쇼핑(주) 롯데마트 아산점,대형마트,I,2026-05-06 22:48:25,충청남도 아산시 배방읍 광장로 210,휴업처리,2,02,0415392520,대규모점포,,,충청남도 아산시 배방읍 장재리 13번지 1호 택지개발지구M-1블럭Y시티주상복합상가1층,2026-05-04 10:56:56
4520000,2011452022507500001,2011-05-30,,영업/정상,,,,,15518,336-850,,롯데쇼핑(주)롯데마트 아산점,대형마트,I,2026-05-06 22:48:24,,정상영업,1,01,0415392520,,,,충청남도 아산시 배방읍 택지개발지구 M-1블럭 Y시티주상복합상가1층,2011-05-30 11:01:41
4520000,2010452018707500001,2010-12-22,,영업/정상,,,,,15517.5,336-850,,롯데쇼핑(주) 롯데마트 아산점,그 밖의 대규모점포,I,2026-05-06 22:48:24,,정상영업,1,01,0416218910,,,,충청남도 아산시 배방읍 택지개발지구 M-1블럭 Y시티주상복합상가1층,2010-12-22 09:47:32
4520000,2006452011607500001,2011-06-09,,영업/정상,,,,,7087.63,336-060,,(주)이마트 아산점,대형마트,I,2026-05-06 22:48:24,충청남도 아산시 온천대로 1678 (풍기동),정상영업,1,01,0414221052,대규모점포,201878.423890349    ,363909.743136977    ,충청남도 아산시 풍기동 192번지 2호 외 7필지,2024-04-22 10:24:08
4520000,2005452001807500001,2005-01-11,,휴업,,,,,3295,,,아산원예농협 하나로 클럽,대형마트,I,2026-05-06 22:48:23,,휴업처리,2,02,0415385000,,198725.020879886    ,364775.637989325    ,충청남도 아산시 방축동 101번지 4호   ,2007-06-23 10:11:01
4520000,1997452001807500001,1997-12-05,,영업/정상,,,,,,,,(주)동방생활산업아산점,대형마트,I,2026-05-06 22:48:23,,정상영업,1,01,0415304511,,,,충청남도 아산시 배방읍 장재리 515번지 2호   ,2007-06-23 10:11:01
4520000,1994452001807500001,1994-12-17,,영업/정상,,,,,,,,제일타워,그 밖의 대규모점포,I,2026-05-06 22:48:23,충청남도 아산시 시민로 346 (온천동),정상영업,1,01,,,199848.613284479    ,364260.269147754    ,충청남도 아산시 온천동 194번지 5호   ,2007-06-23 10:11:01
4520000,1987452001807500001,1987-02-09,,영업/정상,,,,,,,,녹산스토아,그 밖의 대규모점포,I,2026-05-06 22:48:23,충청남도 아산시 온천대로 1502-3 (온천동),정상영업,1,01,,,200353.036482849    ,364380.754829205    ,충청남도 아산시 온천동 87번지 5호   ,2007-06-23 10:11:01
4520000,1986452001807500001,1986-08-29,,영업/정상,,,,,,,,중앙시장,그 밖의 대규모점포,I,2026-05-06 22:48:23,충청남도 아산시 번영로143번길 10 (권곡동),정상영업,1,01,0415448993,,200583.199116678    ,365048.848156911    ,충청남도 아산시 권곡동 543번지 2호   ,2007-06-23 10:11:01
4520000,1980452001807500001,1980-03-18,,영업/정상,,,,,,,,온양상가,그 밖의 대규모점포,I,2026-05-06 22:48:23,충청남도 아산시 온천대로 1506 (온천동),정상영업,1,01,,,200357.951353904    ,364403.311631975    ,충청남도 아산시 온천동 87번지 7호   ,2007-06-23 10:11:01
4520000,1974452001807500001,1974-04-20,,영업/정상,,,,,,,,온양상설시장,그 밖의 대규모점포,I,2026-05-06 22:48:23,충청남도 아산시 시민로 400 (온천동),정상영업,1,01,0415454082,,200077.879953948    ,364745.331990884    ,충청남도 아산시 온천동 41번지 2호   ,2007-06-23 10:11:01
4530000,2011453021107500001,2011-07-22,,영업/정상,,,,,9972.4,356-040,,이마트 서산점,대형마트,I,2026-03-26 22:48:23,"충청남도 서산시 서해로 3685 (잠홍동,외 7필지)",정상영업,1,01,0416701271,대규모점포,153402.526239337    ,365343.26499901     ,충청남도 서산시 잠홍동 463번지 외 7필지,2024-04-24 09:01:48
4530000,2013453021607500001,2013-01-15,,폐업,2014-04-24,,,,2104.55,356-020,,서산농협 서부지점 하나로마트,,I,2026-03-26 22:48:23,충청남도 서산시 고운로 106 (읍내동),폐업처리,3,03,0416604801,준대규모점포,150781.169659879    ,364400.857245827    ,충청남도 서산시 읍내동 114번지 13호,2014-04-24 11:00:32
4530000,2022453039107500001,2022-03-23,,영업/정상,,,,,4150.89,,31966,충서원예농협 하나로마트,대형마트,I,2026-03-26 22:48:23,충청남도 서산시 고운로 353(잠홍동),정상영업,1,01,0416691378,대규모점포,152914.504639942    ,365160.666934624    ,충청남도 서산시 잠홍동 568,2025-06-05 17:04:11
4530000,2009453021107500001,2007-08-30,,폐업,2014-04-24,,,,3342.82,356-110,,서산농업협동조합 하나로마트,그 밖의 대규모점포,I,2026-03-26 22:48:23,충청남도 서산시 동서1로 157 (석남동),폐업처리,3,03,,대규모점포,151123.238669277    ,362915.483553412    ,충청남도 서산시 석남동 128번지,2014-04-24 10:58:08
4530000,2000453011607500008,1999-05-01,,폐업,2014-05-12,,,,0,,,L마트,그 밖의 대규모점포,I,2026-03-26 22:48:23,,폐업처리,3,03,0410000000,대규모점포,151377.256953313    ,364285.197751335    ,충청남도 서산시 동문동 1031번지 1   호 외 3필지,2014-05-12 15:21:09
4530000,2000453011607500007,1999-04-09,,폐업,2014-05-12,,,,0,,,크레바스마트,대형마트,I,2026-03-26 22:48:23,,폐업처리,3,03,0416693311,대규모점포,150878.333044417    ,364446.170648853    ,충청남도 서산시 읍내동 144번지 1   호 서부종합시장내 지하층,2014-05-12 15:23:10
4530000,2000453011607500002,2000-01-13,,영업/정상,,,,,,,,대산종합시장,그 밖의 대규모점포,I,2026-03-26 22:48:23,충청남도 서산시 대산읍 충의로 1942,정상영업,1,01,,,149499.617092301    ,381981.091395062    ,충청남도 서산시 대산읍 대산리 119호   ,2007-06-23 10:45:46
4530000,2000453011607500001,1956-07-18,,영업/정상,,,,,,,,동부시장,그 밖의 대규모점포,I,2026-03-26 22:48:23,충청남도 서산시 시장3길 3-12 (동문동),정상영업,1,01,,,151312.141094052    ,364699.580031825    ,충청남도 서산시 동문동 900호   ,2007-06-23 10:45:46
4530000,2000453011607500003,1997-07-08,,영업/정상,,,,,,,,해미종합시장,그 밖의 대규모점포,I,2026-03-26 22:48:23,,정상영업,1,01,,,,,충청남도 서산시 해미면 읍내리 184번지 1   호   ,2007-06-23 10:45:46
4530000,2000453011607500004,1924-09-08,,영업/정상,,,,,,,,해미시장(신시장),그 밖의 대규모점포,I,2026-03-26 22:48:23,충청남도 서산시 해미면 읍성마을4길 17-2,정상영업,1,01,,,159316.964761071    ,356729.660195208    ,충청남도 서산시 해미면 읍내리 202호   ,2012-05-03 13:09:24
4530000,2002453011607500001,2002-06-25,,영업/정상,,,,,5952,,,(주)세계유통,그 밖의 대규모점포,I,2026-03-26 22:48:23,,,BBBB,01,0416682103,,,,충청남도 서산시 갈산동 222호   ,2007-06-23 10:45:46
4530000,2002453011607500003,2002-03-06,,휴업,,,,,,,,롯데쇼핑(주)롯데마트서산점,대형마트,I,2026-03-26 22:48:23,,휴업처리,2,02,,,149769.23191319     ,363714.668155441    ,충청남도 서산시 예천동 508호   ,2007-06-23 10:45:46
4530000,2004453011607500001,2002-03-06,,휴업,,,,,0,,,롯데쇼핑(주)롯데마트서산점,대형마트,I,2026-03-26 22:48:23,,휴업처리,2,02,,,149769.23191319     ,363714.668155441    ,충청남도 서산시 예천동 508호   ,2007-06-23 10:45:46
4530000,2000453011607500006,1995-12-02,,영업/정상,,,,,,,,그린필백화점,백화점,I,2026-03-26 22:48:23,,정상영업,1,01,0416697390,,,,충청남도 서산시 동문동 888번지 11  호   ,2007-06-23 10:45:46
4530000,2000453011607500005,1988-08-29,,영업/정상,,,,,,,,서부종합시장,그 밖의 대규모점포,I,2026-03-26 22:48:23,,정상영업,1,01,,,,,충청남도 서산시 읍내동 144번지 1   호   ,2007-06-23 10:45:46
4530000,2014453023307500001,2002-03-06,,영업/정상,,,,,8324.71,,31988,롯데쇼핑(주)롯데마트서산점,대형마트,U,2026-04-30 03:03:03,충청남도 서산시 충의로 27 (예천동),정상영업,1,01,0416610005,대규모점포,149832.159460757    ,363740.98236237     ,충청남도 서산시 예천동 508-10,2026-04-29 17:26:02
4540000,1995454001207500013,1995-03-07,,영업/정상,,,,,,,,아원백화점,백화점,I,2025-12-15 16:15:28,,정상영업,1,01,04107358975,,,,충청남도 논산시 반월동 66-1호   ,2007-07-14 15:45:18
4540000,1996454001207500001,1996-03-09,,영업/정상,,,,,,,,논산청과(주),그 밖의 대규모점포,I,2025-12-15 16:15:28,,정상영업,1,01,04107358081,,,,충청남도 논산시 등화동 439-7호   ,2007-07-14 15:45:18
4540000,2004454007807500001,2004-02-10,,영업/정상,,,,,3168.05,320-070,,청안백화점,백화점,I,2025-12-15 16:15:28,충청남도 논산시 중앙로 464 (반월동),정상영업,1,01,0417356891,대규모점포,207616.421564919    ,300437.62989623     ,충청남도 논산시 반월동 66번지 1호,2014-02-26 14:24:21
4540000,2007454012507500001,2013-06-07,,영업/정상,,,,,10121,320-030,,홈플러스(주) 논산점,대형마트,I,2025-12-15 16:15:28,충청남도 논산시 시민로 187 (내동),정상영업,1,01,0417318124,대규모점포,208765.139329138    ,298112.90198857     ,충청남도 논산시 내동 436번지 8호,2024-03-04 17:02:33
4540000,2016454019507500001,2016-07-15,,폐업,2019-10-30,,,,3952.61,,32997,논산농협하나로마트분사,대형마트,I,2025-12-15 16:15:28,충청남도 논산시 대학로 48 (내동),폐업처리,3,03,,대규모점포,,,충청남도 논산시 내동 72번지 4호,2019-10-30 15:01:38
4550000,2011455001007500001,2011-07-05,,폐업,2013-12-31,,,,493,312-941,,롯데슈퍼추부가맹점,그 밖의 대규모점포,I,2026-05-06 22:48:23,충청남도 금산군 추부면 하마전로 56-7,폐업처리,3,03,0417514333,준대규모점포,242444.61753194     ,298990.524793339    ,충청남도 금산군 추부면 마전리 427번지,2013-12-31 13:30:32
4550000,2011455001007500002,2011-11-22,,영업/정상,,,,,4056.42,312-804,,금산수삼시장(주),그 밖의 대규모점포,I,2026-05-06 22:48:23,충청남도 금산군 금산읍 인삼약초로 48-8,정상영업,1,01,0417518555,대규모점포,244855.420333218    ,288986.229095926    ,충청남도 금산군 금산읍 신대리 677번지 1호,2014-11-13 10:19:43
4570000,2012457008307500001,2017-05-30,,영업/정상,,,,,20630.87,323-812,,롯데 아울렛 부여점,쇼핑센터,I,2025-12-15 16:15:28,충청남도 부여군 백제문로 387-0,정상영업,1,01,0221185825,대규모점포,,,충청남도 부여군 규암면 합정리 172번지,2017-06-02 17:38:47
4580000,2004458006707500001,2004-08-26,,휴업,,,,,3383.75,,,서천 특화시장,그 밖의 대규모점포,I,2025-12-15 16:15:28,,휴업처리,2,02,,,171760.994809093    ,286084.717439332    ,충청남도 서천군 서천읍 군사리 686번지 1호   ,2007-07-14 10:39:45
4600000,2019460017307500001,2019-04-22,,폐업,2023-09-08,,,,969.04,,32234,(주)이마트에브리데이 홍성남장점,구분없음,I,2026-05-06 22:48:26,충청남도 홍성군 홍성읍 홍장북로 414-19,폐업처리,3,03,023805012,준대규모점포,170359.351112623    ,343480.18449677     ,충청남도 홍성군 홍성읍 남장리 74번지 1호,2023-08-31 10:48:41
4600000,2022460018607500001,2022-02-17,,폐업,2022-12-23,,,,1314.88,,32247,이마트에브리데이 홍성중앙점,그 밖의 대규모점포,I,2026-05-06 22:48:26,충청남도 홍성군 홍성읍 내포로 125,폐업처리,3,03,,준대규모점포,169184.703661848    ,343846.132796022    ,충청남도 홍성군 홍성읍 옥암리 1064,2023-09-05 14:15:48
4600000,2011460009107500001,2011-04-19,,영업/정상,,,,,6086,350-801,,롯데쇼핑(주)롯데마트 홍성점,대형마트,I,2026-05-06 22:48:25,충청남도 홍성군 홍성읍 조양로247번길 9,정상영업,1,01,0413392500,대규모점포,170963.816189316    ,344485.565134627    ,충청남도 홍성군 홍성읍 고암리 1042번지,2025-05-16 11:04:49
4610000,2013461009307500003,2012-03-21,,폐업,2024-07-30,,,,1517.6,,,주식회사 지에스리테일,그 밖의 대규모점포,I,2025-12-15 16:15:28,충청남도 예산군 예산읍 벚꽃로77번길 77-11,폐업처리,3,03,0413350090,준대규모점포,,,,2024-07-31 08:18:48
4610000,2008461007607500001,2008-10-22,,영업/정상,,,,,3570.43,340-913,,예산홍성패션타운,그 밖의 대규모점포,I,2025-12-15 16:15:28,충청남도 예산군 오가면 충서로 381,정상영업,1,01,0416210540,대규모점포,180297.347241328    ,352230.337405422    ,충청남도 예산군 오가면 월곡리 142번지 1호,2011-10-30 13:39:36
4610000,2013461009307500001,2013-01-11,,영업/정상,,,,,4533.99,340-831,,내포패션아울렛,그 밖의 대규모점포,I,2025-12-15 16:15:28,충청남도 예산군 응봉면 충서로 255,정상영업,1,01,0413318500,대규모점포,179348.34099908     ,351351.257286939    ,충청남도 예산군 응봉면 송석리 205번지 3호 외 5필지,2013-12-22 12:42:17
4610000,2018461011607500001,2018-04-05,,영업/정상,,,,,3570.43,,32426,예산홍성패션타운,전문점,I,2025-12-15 16:15:28,충청남도 예산군 오가면 충서로 381,정상영업,1,01,,대규모점포,180276.580660657    ,352254.247397341    ,충청남도 예산군 오가면 월곡리 142번지 18호,2018-04-06 17:15:26
4610000,2013461009307500002,2012-03-21,,폐업,2016-09-09,,,,459.62,,,롯데슈퍼 예산가맹점,그 밖의 대규모점포,I,2025-12-15 16:15:28,충청남도 예산군 예산읍 사직로 16,폐업처리,3,03,0413351155,준대규모점포,186383.441962961    ,353305.331066013    ,,2016-09-09 17:50:05
4620000,2011462007607500001,2011-08-30,,취소/말소/만료/정지/중지,,,,,909.12,357-905,,롯데슈퍼태안동문점,그 밖의 대규모점포,I,2026-03-26 22:48:23,,직권취소,4,04,,준대규모점포,137793.003461125    ,361266.412968466    ,충청남도 태안군 태안읍 동문리 340번지 15호,2014-01-19 10:09:46
4620000,2011462006607500001,2011-07-26,,영업/정상,,,,,617,357-961,,롯데슈퍼안면도점,그 밖의 대규모점포,I,2026-03-26 22:48:23,충청남도 태안군 안면읍 방포로 35,정상영업,1,01,,준대규모점포,141107.847258754    ,334985.259300004    ,충청남도 태안군 안면읍 승언리 1277번지 1호,2014-11-25 16:37:52
4641000,1992600000007500000,1992-03-03,,영업/정상,,,,,,,,기린시장,그 밖의 대규모점포,I,2025-12-15 16:15:28,,정상영업,1,01,0632432611,,,,전북특별자치도 전주시덕진구 인후동1가 호 782  ,2007-06-30 17:13:15
4641000,1993300000007500000,1993-05-10,,영업/정상,,,,,,,,전일시장,그 밖의 대규모점포,I,2025-12-15 16:15:28,,정상영업,1,01,0632866233,,,,전북특별자치도 전주시완산구 고사동 호 1가 155-1  ,2007-06-30 17:13:15
4641000,1994800000007500000,1994-02-28,,영업/정상,,,,,,,,코오롱 상가,그 밖의 대규모점포,I,2025-12-15 16:15:28,,정상영업,1,01,0632870057,,,,전북특별자치도 전주시완산구 전동3가 호 136  ,2007-06-30 17:13:15
4641000,1994900000007500000,1994-09-04,,영업/정상,,,,,10523,,55080,서도프라자,그 밖의 대규모점포,I,2025-12-15 16:15:28,"전북특별자치도 전주시 완산구 용머리로 36 (효자동1가, 서도프라자)",정상영업,1,01,0632270238,대규모점포,210268.023534024    ,256157.437097099    ,전북특별자치도 전주시 완산구 효자동1가 454번지 1호,2017-06-15 10:32:24
4641000,1996000001007500000,1996-01-31,,영업/정상,,,,,,,,두산 그랜드 타운,그 밖의 대규모점포,I,2025-12-15 16:15:28,,정상영업,1,01,0632534490,,,,전북특별자치도 전주시덕진구 금암동 호 1584  ,2007-06-30 17:13:15
4641000,1997110000007500000,1997-01-30,,영업/정상,,,,,,,,대한통운 마트,그 밖의 대규모점포,I,2025-12-15 16:15:28,,정상영업,1,01,0632414131,,,,전북특별자치도 전주시덕진구 우아동3가 호 753-1  ,2007-06-30 17:13:15
4641000,1997120000007500000,1997-06-13,,영업/정상,,,,,,,,굿마트,그 밖의 대규모점포,I,2025-12-15 16:15:28,,정상영업,1,01,0632503304,,,,전북특별자치도 전주시덕진구 송천동1가 호 481-4  ,2007-06-30 17:13:15
4641000,1998130000007500000,1998-07-01,,영업/정상,,,,,,,,유스데스크,그 밖의 대규모점포,I,2025-12-15 16:15:28,,정상영업,1,01,0632815302,,,,전북특별자치도 전주시완산구 고사동 호 1가418  ,2007-06-30 17:13:15
4641000,1998140000007500000,1998-11-26,,영업/정상,,,,,,,,E 마트,그 밖의 대규모점포,I,2025-12-15 16:15:28,,정상영업,1,01,0632591050,,,,전북특별자치도 전주시완산구 서신동 호 767  ,2007-06-30 17:13:15
4641000,1998464047907500001,1998-07-01,,영업/정상,,,,,6626.97,,54999,디쟈트,전문점,I,2025-12-15 16:15:28,전북특별자치도 전주시 완산구 충경로 45 (중앙동2가),정상영업,1,01,0632863546,대규모점포,212924.239818722    ,257539.432439917    ,전북특별자치도 전주시 완산구 중앙동2가 26-16,2020-08-04 18:23:32
4641000,1999150000007500000,1999-02-12,,영업/정상,,,,,10248,560-773,,전주중앙시장,그 밖의 대규모점포,U,2026-03-26 03:03:03,전북특별자치도 전주시 완산구 태평3길 70 (태평동),정상영업,1,01,0632755285,대규모점포,212782.608277532    ,258307.533556245    ,전북특별자치도 전주시 완산구 태평동 36번지 1호,2026-03-25 14:50:56
4641000,1983400000007500000,1983-09-21,,폐업,2010-08-23,,,,0,,,코아백화점,백화점,I,2025-12-15 16:15:28,,폐업처리,3,03,0632801681,대규모점포,,,전북특별자치도 전주시완산구 서노송동 호 627-1,2013-01-04 10:16:48
4641000,2008464032407500002,2012-10-29,,폐업,2015-12-29,,,,1913,560-241,,전주마트,그 밖의 대규모점포,I,2025-12-15 16:15:28,전북특별자치도 전주시 완산구 용머리로 46 (효자동1가),폐업처리,3,03,0632887700,대규모점포,210396.713757185    ,256203.674495787    ,전북특별자치도 전주시완산구 효자동1가 444번지,2015-12-29 18:03:37
4641000,2011464036307500005,2011-12-14,,폐업,2020-08-20,,,,676.9,,,(주)지에스리테일 GS수퍼 전주인후점,그 밖의 대규모점포,I,2025-12-15 16:15:28,전북특별자치도 전주시 덕진구 팽나무4길 7 (인후동1가),폐업처리,3,03,,준대규모점포,213941.210019418    ,259537.40504121     ,,2020-08-20 16:04:47
4641000,1999160000007500000,1999-08-01,,영업/정상,,,,,,,,새하나 백화점,백화점,I,2025-12-15 16:15:28,,정상영업,1,01,0632301142,,,,   호   ,2007-06-30 17:13:15
4641000,2004464016207500001,2004-03-30,,휴업,,,,,4802.93,,,전주코아아울렛,그 밖의 대규모점포,I,2025-12-15 16:15:28,,휴업처리,2,02,0632841700,,,,전북특별자치도 전주시완산구 남노송동 100번지 6호   ,2007-06-30 17:13:15
4641000,2004464016207500002,2004-05-21,,휴업,,,,,28179.22,,,롯데백화점 전주점,백화점,I,2025-12-15 16:15:28,전북특별자치도 전주시 완산구 온고을로 2 (서신동),휴업처리,2,02,027712500,,210932.176422652    ,259384.667767568    ,전북특별자치도 전주시완산구 서신동 971호   ,2007-06-30 17:13:15
4641000,2004464027907500001,2004-05-21,,영업/정상,,,,,28179,,,롯데쇼핑(주) 롯데백화점 전주점,백화점,U,2026-04-10 03:03:03,전북특별자치도 전주시 완산구 온고을로 2 (서신동),정상영업,1,01,0632893611,대규모점포,210932.176422652    ,259384.667767568    ,전북특별자치도 전주시완산구 서신동 971호,2026-04-09 13:17:27
4641000,2005464016207500001,2005-05-11,,휴업,,,,,1563,,,동부시장,그 밖의 대규모점포,I,2025-12-15 16:15:28,전북특별자치도 전주시 완산구 충경로 109 (경원동3가),휴업처리,2,02,0632884487,,213592.435541353    ,257789.483361644    ,전북특별자치도 전주시완산구 경원동3가 90번지 13호   ,2007-06-30 17:13:15
4641000,2005464016207500002,2005-08-05,,휴업,,2026-02-12,2027-02-11,,12591,,,홈플러스 주식회사 전주완산점,대형마트,I,2026-02-13 22:48:10,전북특별자치도 전주시 완산구 기린대로 170 (중노송동),휴업처리,2,02,0632632080,대규모점포,213487.497985724    ,258187.996076138    ,전북특별자치도 전주시완산구 중노송동 495번지 6호,2026-02-12 17:16:27
4641000,2006464027907500001,2006-11-17,,휴업,,,,,8471.02,,,삼성테스코(주) 홈플러스전주점,대형마트,I,2025-12-15 16:15:28,,휴업처리,2,02,0632498124,,,,전북특별자치도 전주시덕진구 우아동3가 733번지 1  호   ,2008-10-24 09:51:07
4641000,2008464032407500001,2008-03-21,,휴업,,2012-06-15,2012-08-31,,3858,560-241,,(유)전주마트,그 밖의 대규모점포,I,2025-12-15 16:15:28,전북특별자치도 전주시 완산구 용머리로 46 (효자동1가),휴업처리,2,02,0632226425,대규모점포,210396.713757185    ,256203.674495787    ,전북특별자치도 전주시완산구 효자동1가 444번지,2013-01-04 10:04:07
4641000,2008464032407500003,2008-11-19,,영업/정상,,,,,10429,560-242,,롯데쇼핑(주) 롯데마트 전주점,대형마트,U,2026-05-05 03:03:03,전북특별자치도 전주시 완산구 우전로 240 (효자동2가),정상영업,1,01,0632492500,대규모점포,209193.584320494    ,257365.921223342    ,전북특별자치도 전주시완산구 효자동2가 1234번지 3호,2026-05-04 15:01:31
4641000,2008464032407500004,2008-12-17,,영업/정상,,,,,10386.54,561-301,,롯데쇼핑(주)롯데마트맥스 송천점,그 밖의 대규모점포,U,2026-05-05 03:03:03,전북특별자치도 전주시 덕진구 송천중앙로 82 (송천동1가),정상영업,1,01,0632767350,대규모점포,210806.895238058    ,261606.503373051    ,전북특별자치도 전주시덕진구 송천동1가 281번지 1호,2026-05-04 15:00:25
4641000,2009464032407500001,2006-11-17,,영업/정상,,,,,8890.4,561-825,,홈플러스 주식회사 전주점,대형마트,I,2025-12-15 16:15:28,전북특별자치도 전주시 덕진구 백제대로 771 (우아동3가),정상영업,1,01,0632498120,대규모점포,213740.884762631    ,260828.803055357    ,전북특별자치도 전주시 덕진구 우아동3가 733번지 1호,2024-03-04 11:07:11
4641000,2009464032407500002,1983-09-20,,영업/정상,,,,,16456,560-926,,전주코아백화점,백화점,I,2025-12-15 16:15:28,"전북특별자치도 전주시 완산구 팔달로 262-6 (서노송동,전주코아백화점)",정상영업,1,01,,,213010.115138226    ,258388.283849404    ,전북특별자치도 전주시 완산구 서노송동 627번지 1호 전주코아백화점,2009-06-15 17:07:50
4641000,2010464032407500001,2010-03-31,,영업/정상,,,,,6571.04,560-821,,(주)이마트 전주점,대형마트,I,2025-12-15 16:15:28,전북특별자치도 전주시 완산구 당산로 111 (서신동),정상영업,1,01,0632591050,대규모점포,210795.594377656    ,259168.919302767    ,전북특별자치도 전주시 완산구 서신동 767번지,2024-04-17 10:17:10
4641000,2010464036307500001,2010-10-26,,영업/정상,,,,,5449.29,560-803,,노벨리나,쇼핑센터,I,2025-12-15 16:15:28,"전북특별자치도 전주시 완산구 전주객사4길 19 (고사동,외 9필지)",정상영업,1,01,0637156100,대규모점포,212912.859277727    ,257618.73045152     ,전북특별자치도 전주시 완산구 고사동 412번지 2호 외 9필지,2018-06-11 10:08:30
4641000,2011464036307500001,2011-01-26,,영업/정상,,,,,18741,,54995,(주)세이브존아이앤씨 전주코아점,쇼핑센터,I,2025-12-15 16:15:28,"전북특별자치도 전주시 완산구 팔달로 262-6 (서노송동, 세이브존)",정상영업,1,01,,대규모점포,213010.115138226    ,258388.283849404    ,전북특별자치도 전주시 완산구 서노송동 627번지 1호,2024-06-10 21:38:29
4641000,2011464036307500002,2011-07-07,,영업/정상,,,,,934.9,,55093,롯데쇼핑(주)롯데수퍼효자점,그 밖의 대규모점포,U,2026-04-21 03:03:03,전북특별자치도 전주시 완산구 효동2길 8 (효자동1가),정상영업,1,01,0632244545,준대규모점포,211378.359542979    ,256160.998856098    ,전북특별자치도 전주시 완산구 효자동1가 197번지 2호,2026-04-20 16:47:28
4641000,2011464036307500003,2011-07-26,,영업/정상,,,,,22657,560-856,,홈플러스(주) 전주효자점,대형마트,I,2025-12-15 16:15:28,전북특별자치도 전주시 완산구 용머리로 31 (효자동1가),정상영업,1,01,0632818125,대규모점포,210232.852798594    ,256286.73889888     ,전북특별자치도 전주시 완산구 효자동1가 431번지 5호,2024-03-04 11:08:21
4641000,2013464036307500001,2000-10-12,,영업/정상,,,,,7721,560-060,,NC WAVE 객사점,복합쇼핑몰,U,2026-05-05 03:03:03,전북특별자치도 전주시 완산구 전주객사5길 35 (고사동),정상영업,1,01,0632850012,대규모점포,213034.495714735    ,257726.858521044    ,전북특별자치도 전주시 완산구 고사동 96번지 1호 고사동 105번지,2026-05-04 14:57:08
4641000,2014464036307500001,2014-07-23,,영업/정상,,,,,12433.45,,,몰오브효자(Mall of hyoja),복합쇼핑몰,I,2025-12-15 16:15:28,전북특별자치도 전주시 완산구 용머리로 45 (효자동1가),정상영업,1,01,,대규모점포,210401.08065162     ,256333.133658056    ,,2020-04-11 21:42:42
4641000,2020464047907500001,2020-08-05,,영업/정상,,,,,15882.9,,54865,전북혁신도시 대방디엠시티,그 밖의 대규모점포,I,2025-12-15 16:15:28,"전북특별자치도 전주시 덕진구 기지로 77 (장동, 전북혁신도시 더 M city 센텀)",정상영업,1,01,0221819400,대규모점포,205360.64276712     ,259875.953149564    ,전북특별자치도 전주시 덕진구 장동 1111 전북혁신도시 더 M city 센텀,2021-03-26 17:32:34
4641000,2021464047907500001,2021-03-03,,영업/정상,,,,,18192.9,,55149,전주에코시티 DK-mall,쇼핑센터,I,2025-12-15 16:15:28,"전북특별자치도 전주시 덕진구 세병서로 9, 전주 에코시티 이마트 (송천동2가)",영업개시전,5,01,,대규모점포,211105.947625828    ,263591.430026264    ,전북특별자치도 전주시 덕진구 송천동2가 1329-2 전주 에코시티 이마트,2021-10-01 08:26:31
4641000,2021464047907500002,2021-07-19,,영업/정상,,,,,34776.8,,55149,로마네시티,그 밖의 대규모점포,I,2025-12-15 16:15:28,"전북특별자치도 전주시 덕진구 세병2길 10, 로마네시티 (송천동2가)",영업개시전,5,01,0632531115,대규모점포,211179.421253138    ,263662.329079759    ,전북특별자치도 전주시 덕진구 송천동2가 1329-1 로마네시티,2021-07-19 12:57:31
4641000,2021464047907500003,2021-11-29,,영업/정상,,,,,23194.32,,54827,파인트리몰,그 밖의 대규모점포,I,2025-12-15 16:15:28,전북특별자치도 전주시 덕진구 송천중앙로 225(송천동2가),영업개시전,5,01,0632717001,대규모점포,210850.269806142    ,262991.692422289    ,전북특별자치도 전주시 덕진구 송천동2가 488-3,2021-12-01 07:56:34
4641000,2023464055507500001,2023-04-12,,영업/정상,,,,,15400.23,,55148,포레나 전주 에코시티 판매시설,그 밖의 대규모점포,I,2025-12-15 16:15:28,"전북특별자치도 전주시 덕진구 세병로 21 (송천동2가, 포레나 전주 에코시티)",영업개시전,5,01,0632768163,대규모점포,211582.97213836     ,263890.316119111    ,전북특별자치도 전주시 덕진구 송천동2가 1313 포레나 전주 에코시티,2023-04-14 11:18:10
4641000,1978100000007500000,1978-10-13,,영업/정상,,,,,,,,남부시장,그 밖의 대규모점포,I,2025-12-15 16:15:28,,정상영업,1,01,0632841344,,,,전북특별자치도 전주시완산구 전동3가 호 3-242  ,2007-06-30 17:13:15
4641000,1982200000007500000,1982-05-28,,영업/정상,,,,,,,,동부시장,그 밖의 대규모점포,I,2025-12-15 16:15:28,,정상영업,1,01,0632884487,,,,전북특별자치도 전주시완산구 경원동3가 호 90-13  ,2007-06-30 17:13:15
4641000,1982300000007500000,1982-10-26,,영업/정상,,,,,,,,서부시장,그 밖의 대규모점포,I,2025-12-15 16:15:28,,정상영업,1,01,0632215336,,,,전북특별자치도 전주시완산구 효자동1가 호 201-2  ,2007-06-30 17:13:15
4641000,1982464016207500002,1982-05-28,,영업/정상,,,,,,,,전주동부시장,그 밖의 대규모점포,I,2025-12-15 16:15:28,전북특별자치도 전주시 완산구 충경로 109 (경원동3가),정상영업,1,01,0632884487,,213592.435541353    ,257789.483361644    ,전북특별자치도 전주시완산구 경원동3가 90번지 13호   ,2007-06-30 17:13:15
4641000,1992500000007500000,1992-02-21,,영업/정상,,,,,,,,성락시장,그 밖의 대규모점포,I,2025-12-15 16:15:28,,정상영업,1,01,0632462543,,,,전북특별자치도 전주시덕진구 인후동2가 호 1575-1  ,2007-06-30 17:13:15
4671000,1999467011207500001,1999-08-24,,영업/정상,,,,,,,,동아26센타,그 밖의 대규모점포,I,2026-05-06 22:48:22,,정상영업,1,01,0634682960,,,,전북특별자치도 군산시 나운동 805-1호   ,2007-07-21 10:38:09
4671000,2001467011207500002,2001-03-05,,영업/정상,,,,,13871,,,(주)이마트군산점,대형마트,I,2026-05-06 22:48:22,전북특별자치도 군산시 구암3.1로 137 (경암동),정상영업,1,01,0634721053,대규모점포,176003.990213014    ,275855.723670155    ,전북특별자치도 군산시 경암동 590번지 296 호,2024-04-16 16:25:19
4671000,2005467011207500001,2005-03-31,,취소/말소/만료/정지/중지,,,,,0,,,신세계이마트군산점,대형마트,I,2026-05-06 22:48:22,전북특별자치도 군산시 구암3.1로 137 (경암동),직권취소,4,04,0634721053,대규모점포,176003.990213014    ,275855.723670155    ,전북특별자치도 군산시 경암동 590번지 296호,2017-06-22 09:31:51
4671000,2012467017707500003,2012-03-26,,영업/정상,,,,,2211.79,573-742,,이마트에브리데이 나운동점,그 밖의 대규모점포,I,2026-05-06 22:48:23,"전북특별자치도 군산시 하나운로 32 (나운동, 세경아파트상가)",정상영업,1,01,0634715847,준대규모점포,173015.244506711    ,273432.17647701     ,전북특별자치도 군산시 나운동 155번지 세경아파트상가 지하 1층,2024-07-17 17:21:04
4671000,2012467017707500002,2012-03-24,,취소/말소/만료/정지/중지,,,,,2212,573-742,,(주)에브리데이리테일 나운동점,그 밖의 대규모점포,I,2026-05-06 22:48:23,전북특별자치도 군산시 하나운로 28 (나운동),직권취소,4,04,0634718740,준대규모점포,173015.244506711    ,273432.17647701     ,전북특별자치도 군산시 나운동 세경아파트상가 지하 1층,2017-04-04 10:13:44
4671000,2011467017707500001,2011-07-13,,폐업,2024-03-18,,,,819.33,573-866,,(주)지에스리테일 군산나운점,그 밖의 대규모점포,I,2026-05-06 22:48:23,전북특별자치도 군산시 수송로 50 (나운동),폐업처리,3,03,0637343005,준대규모점포,172990.997205494    ,274037.79526228     ,전북특별자치도 군산시 나운동 486번지 1호,2024-03-18 11:02:08
4671000,2010467017707500001,2010-04-14,,취소/말소/만료/정지/중지,,,,,10020.32,573-860,,신세계 이마트 군산점,대형마트,I,2026-05-06 22:48:23,전북특별자치도 군산시 구암3.1로 137 (경암동),직권취소,4,04,0634721053,대규모점포,176003.990213014    ,275855.723670155    ,전북특별자치도 군산시 경암동 590번지 296호,2017-06-22 09:29:21
4671000,2009467017707500001,2009-11-03,,영업/정상,,,,,3337.78,573-450,,새만금종합수산시장,그 밖의 대규모점포,I,2026-05-06 22:48:23,전북특별자치도 군산시 비응남로 111 (비응도동),정상영업,1,01,0634619112,,157913.334174405    ,271057.413258608    ,전북특별자치도 군산시 비응도동 78번지,2009-11-03 13:32:47
4671000,2016467021307500001,2016-12-27,,영업/정상,,,,,31069.5,,54072,롯데쇼핑 주식회사 아울렛 군산점,복합쇼핑몰,I,2026-05-06 22:48:23,전북특별자치도 군산시 조촌로 130(조촌동),정상영업,1,01,0634470035,대규모점포,176350.48248947     ,275156.881801195    ,전북특별자치도 군산시 조촌동 450-21 외 3필지,2026-04-15 09:15:36
4671000,2007467011207500001,2007-02-20,,영업/정상,,,,,14381,,54091,롯데쇼핑 (주) 롯데마트군산점,구분없음,I,2026-05-06 22:48:23,전북특별자치도 군산시 수송로 185(수송동),정상영업,1,01,0634412520,대규모점포,174344.898655429    ,273872.128355095    ,전북특별자치도 군산시 수송동 833,2026-01-14 16:18:57
4671000,2012467017707500001,2002-12-03,,영업/정상,,,,,1622,,,(주)킴스클럽마트 군산점,그 밖의 대규모점포,I,2026-05-06 22:48:23,전북특별자치도  하나운로 32 (세경아파트단지 상가지하 1층),정상영업,1,01,,준대규모점포,173015.244506711    ,273432.17647701     ,,2012-02-29 18:49:28
4681000,2006468012007500002,2006-10-02,,영업/정상,,,,,20617,570-982,,홈플러스(주) 익산점,대형마트,I,2026-05-06 22:48:23,전북특별자치도 익산시 무왕로 1035 (영등동),정상영업,1,01,0635408287,대규모점포,197427.898529025    ,273180.627096081    ,전북특별자치도 익산시 영등동,2024-03-05 13:36:50
4681000,2006468012007500001,2006-10-02,,영업/정상,,,,,12344,,,(주)이마트 익산점,대형마트,I,2026-05-06 22:48:23,전북특별자치도 익산시 평동로 705 (동산동),정상영업,1,01,0638601052,대규모점포,196136.263287508    ,270040.176346396    ,전북특별자치도 익산시 동산동 호 667-53 외 4필지,2024-05-13 11:06:18
4681000,2001468002007500001,2001-08-28,,영업/정상,,,,,11765,,,롯데쇼핑(주)롯데마트 익산점,전문점,I,2026-05-06 22:48:23,전북특별자치도 익산시 무왕로 1053 (영등동),정상영업,1,01,0638302500,대규모점포,197583.920751451    ,273199.222864609    ,전북특별자치도 익산시 영등동 833번지 2호,2026-04-29 14:52:18
4681000,2000468002007500003,1989-12-27,,영업/정상,,,,,,,,(주)큰길 여산휴게소,대형마트,I,2026-05-06 22:48:23,,정상영업,1,01,0638358007,,,,전북특별자치도 익산시 영등동 224번지 2  호   ,2007-07-21 11:08:15
4681000,2000468002007500002,1993-06-10,,영업/정상,,,,,,,,(주)큰길 여산휴게소,대형마트,I,2026-05-06 22:48:23,,정상영업,1,01,0638365168,,,,전북특별자치도 익산시 여산면 호산리 산32번지 6  호   ,2007-07-21 11:08:15
4681000,2000468002007500001,1997-02-19,,영업/정상,,,,,58,,54593,익산송원백화점,백화점,I,2026-05-06 22:48:23,전북특별자치도 익산시 중앙로5길 17-4 (창인동1가),영업개시전,5,01,0638407000,준대규모점포,,,전북특별자치도 익산시 창인동1가 152번지 24호,2016-03-09 13:49:19
4681000,1975468002007500002,1975-11-04,,휴업,,,,,,,,이리북부시장,그 밖의 대규모점포,I,2026-05-06 22:48:23,,휴업처리,2,02,0638556891,,,,전북특별자치도 익산시 남중동 35번지 4   호   ,2007-07-21 11:08:15
4681000,2012468027107500001,2012-05-31,,폐업,2021-11-03,,,,714.2,,54659,롯데쇼핑(주)롯데슈퍼 익산점,구분없음,I,2026-05-06 22:48:23,전북특별자치도 익산시 선화로8길 19 (모현동1가),폐업처리,3,03,0638535601,준대규모점포,194780.711023293    ,271830.501446518    ,전북특별자치도 익산시 모현동1가 298번지 2호,2021-11-02 15:53:44
4681000,2009468022707500001,2009-10-09,,폐업,2017-07-06,,,,4028.52,,54554,GNG쇼핑몰,그 밖의 대규모점포,I,2026-05-06 22:48:23,전북특별자치도 익산시 부송로 95 (부송동),폐업처리,3,03,0638388000,대규모점포,198997.171789812    ,273321.907687201    ,전북특별자치도 익산시 부송동 1102번지 1호,2017-07-11 11:25:13
4691000,2009469019307500001,2009-12-18,,영업/정상,,,,,11219.01,580-090,,롯데쇼핑(주) 롯데마트 정읍점,대형마트,I,2026-04-30 22:48:24,"전북특별자치도 정읍시 벚꽃로 85 (농소동,외 15필지)",정상영업,1,01,0635702500,대규모점포,185466.212511596    ,231110.263474669    ,전북특별자치도 정읍시 농소동 446번지 1호 외 15필지,2025-05-12 13:10:47
4691000,2025469107607500001,2025-12-31,,영업/정상,,,,,11219.01,,56156,롯데쇼핑(주) 롯데마트 정읍점,대형마트,I,2026-04-30 22:48:24,"전북특별자치도 정읍시 벚꽃로 85, 롯데마트 (농소동)",정상영업,1,01,0635702500,대규모점포,185466.212511596    ,231110.263474669    ,전북특별자치도 정읍시 농소동 446-1 롯데마트,2025-12-31 18:00:40
4701000,2012470011407500002,2012-07-12,,영업/정상,,,,,15683.78,,55726,롯데쇼핑(주) 롯데마트 남원점,대형마트,I,2026-05-06 22:48:27,"전북특별자치도 남원시 춘향로 96, 롯데마트 (향교동)",정상영업,1,01,0636202500,대규모점포,235597.223811364    ,213824.78339516     ,전북특별자치도 남원시 향교동 2-6 롯데마트,2026-04-24 14:39:05
4701000,1997470101807500001,1997-04-23,,영업/정상,,,,,2949.75,,55764,이마트 남원점,대형마트,I,2026-05-06 22:48:25,"전북특별자치도 남원시 남문로 385-16, 금호프라자아파트 (왕정동)",정상영업,1,01,0636203050,준대규모점포,233973.177377479    ,212076.444622392    ,전북특별자치도 남원시 왕정동 146-1 금호프라자아파트,2024-05-03 17:31:39
4701000,2012470011407500001,2012-05-21,,폐업,2013-06-28,,,,369.1,590-090,,롯데슈퍼 남원노암가맹점,,I,2026-05-06 22:48:26,전북특별자치도 남원시 쑥고개로 50 (노암동),폐업처리,3,03,0636262888,준대규모점포,234380.798714753    ,210910.395421369    ,전북특별자치도 남원시 노암동 517번지 10호,2013-06-28 09:57:32
4711000,2006471001107500001,2006-07-05,,영업/정상,,,,,13766.59,,,홈플러스 김제점,대형마트,I,2026-05-03 22:50:53,,정상영업,1,01,0635408000,,,,전북특별자치도 김제시 검산동 841번지 16호 외 12필지,2011-04-15 13:35:15
4711000,2001471001107500001,2001-01-11,,휴업,,,,,,,,김제쇼핑센터,그 밖의 대규모점포,I,2026-05-03 22:50:53,,휴업처리,2,02,0635403879,,,,전북특별자치도 김제시 요촌동 423번지 2   호   ,2007-07-07 11:05:41
4711000,2000471001107500007,1998-09-15,,영업/정상,,,,,,,,뉴마트,쇼핑센터,I,2026-05-03 22:50:53,,정상영업,1,01,0635451007,,190986.735570165    ,254921.612295221    ,전북특별자치도 김제시 신풍동 44번지 6호   ,2007-07-07 11:05:41
4711000,2000471001107500006,1997-02-27,,영업/정상,,,,,,,,농협하나로마트,쇼핑센터,I,2026-05-03 22:50:53,전북특별자치도 김제시 동서로 185 (요촌동),정상영업,1,01,0635443700,,189851.296400918    ,255603.023408597    ,전북특별자치도 김제시 요촌동 213번지 4호   ,2007-07-07 11:05:41
4711000,2000471001107500005,1999-12-07,,영업/정상,,,,,,,,디씨몰,쇼핑센터,I,2026-05-03 22:50:53,,정상영업,1,01,0635455855,,,,전북특별자치도 김제시 요촌동 272번지 1   호   ,2007-07-07 11:05:41
4711000,2000471001107500004,1994-07-01,,영업/정상,,,,,,,,김제축협매장,쇼핑센터,I,2026-05-03 22:50:53,전북특별자치도 김제시 남북로 218 (요촌동),정상영업,1,01,0635460450,,189506.146320053    ,255935.765577168    ,전북특별자치도 김제시 요촌동 288호   ,2007-07-07 11:05:41
4711000,2000471001107500003,2000-02-07,,영업/정상,,,,,,,,마트크럽,쇼핑센터,I,2026-05-03 22:50:53,,정상영업,1,01,0635452441,,,,전북특별자치도 김제시 서암동 397번지 1  호   ,2007-07-07 11:05:41
4711000,2000471001107500002,1999-09-18,,영업/정상,,,,,,,,N마트,쇼핑센터,I,2026-05-03 22:50:53,,정상영업,1,01,0635450411,,,,전북특별자치도 김제시 옥산동 286번지 3   호   ,2007-07-07 11:05:41
4711000,2000471001107500001,1997-12-05,,영업/정상,,,,,,,,썬마트,쇼핑센터,I,2026-05-03 22:50:53,,정상영업,1,01,0635466000,,,,전북특별자치도 김제시 검산동 820번지 3  호   ,2007-07-07 11:05:41
4711000,2013471018207500001,2013-06-12,,영업/정상,,,,,13766.59,,54399,홈플러스(주) 김제점,대형마트,I,2026-05-03 22:50:53,전북특별자치도 김제시 금성로 114 (검산동),정상영업,1,01,0635408224,대규모점포,191146.883710671    ,255517.370352134    ,전북특별자치도 김제시 검산동 841번지 16호,2024-03-05 09:11:43
4711000,2020471020907500001,2020-01-10,,영업/정상,,,,,21138.68,,54334,모다아울렛,쇼핑센터,I,2026-05-03 22:50:54,전북특별자치도 김제시 용지면 콩쥐팥쥐로 855,정상영업,1,01,03180600700,대규모점포,199319.139170008    ,257448.484296989    ,전북특별자치도 김제시 용지면 부교리 57번지 22호,2024-05-27 18:36:36
4711000,2024471101507500001,2024-03-07,,영업/정상,,,,,13766.59,,54399,홈플러스(주) 김제점,대형마트,I,2026-05-03 22:50:54,전북특별자치도 김제시 금성로 114 (검산동),정상영업,1,01,0635408230,대규모점포,191146.883710671    ,255517.370352134    ,전북특별자치도 김제시 검산동 838,2024-03-07 15:37:26
4711000,2024471101507500002,2024-05-27,,영업/정상,,,,,21138.68,,54334,모다아울렛,대형마트,I,2026-05-03 22:50:54,"전북특별자치도 김제시 용지면 콩쥐팥쥐로 855, 모다아울렛",정상영업,1,01,0635409311,대규모점포,199319.139170008    ,257448.484296989    ,전북특별자치도 김제시 용지면 부교리 57-22 모다아울렛,2024-05-27 18:46:20
4721000,2015472015307500001,2015-04-30,,폐업,2020-06-11,,,,363,,55365,롯데슈퍼 이서에코르가맹점,그 밖의 대규모점포,I,2025-12-15 16:15:28,"전북특별자치도 완주군 이서면 지사제로 5, 1층",폐업처리,3,03,0632244979,준대규모점포,202096.73           ,258618.691          ,전북특별자치도 완주군 이서면 용서리 782번지 6호,2020-06-11 14:07:42
4731000,2014473007607500001,2017-04-13,,영업/정상,,,,,789.9,567-806,,롯데쇼핑(주)롯데슈퍼 진안점,그 밖의 대규모점포,I,2025-12-15 16:15:28,,정상영업,1,01,0222905853,준대규모점포,238156.629043304    ,254017.229923252    ,전북특별자치도 진안군 진안읍 군하리 309번지 4호,2017-04-13 12:36:53
4731000,2017473007607500001,2017-04-13,,폐업,2020-04-22,,,,789.9,,55432,롯데쇼핑(주) 롯데슈퍼 진안점,그 밖의 대규모점포,I,2025-12-15 16:15:28,전북특별자치도 진안군 진안읍 진무로 1104,폐업처리,3,03,0634325609,준대규모점포,238739.288539034    ,254720.220054386    ,,2020-04-23 13:43:42
4731000,2011473006107500002,2011-10-28,,영업/정상,,,,,780,567-871,,롯데쇼핑(주)롯데슈퍼 진안점,쇼핑센터,I,2025-12-15 16:15:28,전북특별자치도 진안군 진무로 1004-0,정상영업,1,01,,준대규모점포,238156.629043304    ,254017.229923252    ,전북특별자치도 진안군 진안읍 군하리 309번지 4호,2014-07-02 13:30:46
4731000,2011473006107500001,1918-03-15,,영업/정상,,,,2010-02-04,3930,567-804,,진안시장,시장,I,2025-12-15 16:15:28,,정상영업,1,01,,,238750.217359681    ,254810.271772554    ,전북특별자치도 진안군 진안읍 군상리 406번지 7호,2011-02-10 20:38:35
4761000,2011476006307500003,2011-12-05,,영업/정상,,,,,190,566-805,,임실농협 임실하나로마트,그 밖의 대규모점포,I,2025-12-15 16:15:28,전북특별자치도 임실군 임실읍 운수로 22,정상영업,1,01,0636422506,준대규모점포,225585.293376284    ,235046.133145131    ,전북특별자치도 임실군 임실읍 이도리 233번지 3호,2011-12-05 15:58:24
4761000,2011476006307500002,2011-12-05,,영업/정상,,,,,137.1,566-862,,임실농협 강진하나로마트,그 밖의 대규모점포,I,2025-12-15 16:15:28,전북특별자치도 임실군 강진면 호국로 41,정상영업,1,01,,준대규모점포,214726.767469284    ,225597.418590095    ,전북특별자치도 임실군 강진면 갈담리 279번지,2011-12-05 15:57:56
4761000,2001476000807500000,1984-08-27,,영업/정상,,,,,,,,오수상설시장,그 밖의 대규모점포,I,2025-12-15 16:15:28,전북특별자치도 임실군 오수면 오수로 159,정상영업,1,01,0636425207,,229578.829195806    ,226554.694490963    ,전북특별자치도 임실군 오수면 오수리 351번지 1호   ,2007-06-30 10:53:16
4761000,2011476006307500004,2011-12-09,,영업/정상,,,,,482.63,566-805,,임실축협하나로마트,그 밖의 대규모점포,I,2025-12-15 16:15:28,전북특별자치도 임실군 임실읍 운수로 6,정상영업,1,01,0636403604,준대규모점포,225492.528496952    ,235159.748333614    ,전북특별자치도 임실군 임실읍 이도리,2011-12-09 14:20:25
4761000,2012476006307500001,2012-02-03,,영업/정상,,,,,286.53,,,오수관촌농협관촌지점하나로마트,그 밖의 대규모점포,I,2025-12-15 16:15:28,전북특별자치도 임실군 관촌면 사선로 42,정상영업,1,01,0636420340,준대규모점포,224418.856969701    ,241647.763695894    ,,2012-02-03 17:13:43
4761000,2012476006307500002,2012-02-26,,영업/정상,,,,,286.53,566-812,,오수관촌농협관촌지점하나로마트,그 밖의 대규모점포,I,2025-12-15 16:15:28,전북특별자치도 임실군 관촌면 사선로 42,정상영업,1,01,0636420340,준대규모점포,224418.856969701    ,241647.763695894    ,전북특별자치도 임실군 관촌면 관촌리 497번지,2013-12-19 16:41:01
4761000,2021476010507500001,2021-07-06,,영업/정상,,,,,784.4,,55927,(주)이마트에브리데이 전북임실점,복합쇼핑몰,I,2025-12-15 16:15:28,전북특별자치도 임실군 임실읍 운수로 33,정상영업,1,01,0637787200,준대규모점포,225690.249038772    ,235002.355980377    ,전북특별자치도 임실군 임실읍 이도리 236-13,2024-08-13 11:33:42
4761000,2011476006307500001,2011-12-05,,영업/정상,,,,,218,566-895,,오수관촌농협 오수하나로마트,그 밖의 대규모점포,I,2025-12-15 16:15:28,전북특별자치도 임실군 오수면 오수로 145,정상영업,1,01,0636428025,준대규모점포,229724.623465602    ,226488.38629207     ,전북특별자치도 임실군 오수면 오수리 328번지,2011-12-05 15:57:45
4771000,2011477006707500001,2011-12-15,,취소/말소/만료/정지/중지,,,,,1067.7,595-803,,순창농협하나로마트,대형마트,I,2025-12-15 16:15:28,전북특별자치도 순창군 순창읍 장류로 388,직권취소,4,04,,준대규모점포,213077.457587303    ,208487.551123223    ,전북특별자치도 순창군 순창읍 남계리 227번지 5호,2012-03-09 08:42:14
4791000,2000479005307500001,1974-10-10,,영업/정상,,,,,0,,56308,부안상설시장,그 밖의 대규모점포,I,2025-12-15 16:15:28,"전북특별자치도 부안군 부안읍 부풍로 47, 상설시장",정상영업,1,01,0635804428,대규모점포,175770.042483966    ,247490.397315118    ,전북특별자치도 부안군 부안읍 서외리 21 상설시장,2021-08-12 14:43:32
4791000,1995479005307500001,1995-08-31,,폐업,1996-12-30,,,,1924.34,,56307,(주)부안프라자,그 밖의 대규모점포,I,2025-12-15 16:15:28,"전북특별자치도 부안군 부안읍 석정로 209, 부안프라자",폐업처리,3,03,0635810500,대규모점포,176174.754803561    ,247475.281676574    ,전북특별자치도 부안군 부안읍 봉덕리 574-94 부안프라자,2021-08-17 15:58:01
4791000,1988479005307500003,1988-08-20,,폐업,2020-10-15,,,,770.24,,56308,(주)신세계백화점,그 밖의 대규모점포,I,2025-12-15 16:15:28,"전북특별자치도 부안군 부안읍 시장길 22, 세이브마트",폐업처리,3,03,0635835131,대규모점포,175935.572363654    ,247496.233147725    ,전북특별자치도 부안군 부안읍 동중리 132-26 세이브마트,2021-08-23 09:25:18
4791000,1995479005307500002,1995-11-25,,영업/정상,,,,,2005,,56326,줄포상설시장,그 밖의 대규모점포,I,2025-12-15 16:15:28,"전북특별자치도 부안군 줄포면 부안로 865, 줄포시장",정상영업,1,01,0635804428,대규모점포,170632.350106953    ,232031.741943243    ,전북특별자치도 부안군 줄포면 줄포리 728-3 줄포시장,2022-06-17 15:10:23
4800000,2004480001307500001,2004-09-17,,폐업,2022-03-22,,,,3523,,58752,목포종합수산시장,그 밖의 대규모점포,I,2026-05-11 22:51:58,전라남도 목포시 해안로 267 (광동1가),폐업처리,3,03,0612450467,대규모점포,144096.279329049    ,143422.805141297    ,전라남도 목포시 광동1가 4번지 12호,2022-03-22 18:22:57
4800000,2000480000007500006,1997-05-06,,폐업,,,,,,,,대한통운(주)코렉스마트,대형마트,I,2026-05-11 22:51:58,전라남도 목포시 영산로110번길 25 (호남동),폐업처리,3,03,,,143864.720466958    ,144135.778691528    ,전라남도 목포시 호남동 89호   ,2007-07-07 20:35:50
4800000,2011480017707500001,2011-10-18,,폐업,2025-07-30,,,,888.2,530-370,,유한회사 롯데프레쉬연산가맹점,그 밖의 대규모점포,I,2026-05-11 22:51:58,전라남도 목포시 산정로 287 (연산동),폐업처리,3,03,0612722200,준대규모점포,143641.573690691    ,146123.371900147    ,전라남도 목포시 연산동 346번지,2025-07-30 09:22:41
4800000,2007480013207500001,2007-10-17,,폐업,2016-03-07,,,,3506.5,530-826,,HomeCC(목포점),전문점,I,2026-05-11 22:51:58,,폐업처리,3,03,0612805900,대규모점포,,,전라남도 목포시 상동 1115번지 5호,2016-03-09 11:11:54
4800000,2010480013207500001,2010-07-06,,영업/정상,,,,,4784.18,530-192,,동명종합어시장,그 밖의 대규모점포,I,2026-05-11 22:51:58,전라남도 목포시 수강로12번길 42 (축복동2가),정상영업,1,01,0612470440,,143977.77642581     ,143467.66935328     ,전라남도 목포시 축복동2가 1번지 1호,2010-07-06 13:15:48
4800000,2009480013207500001,2009-07-15,,영업/정상,,,,,3031.33,530-833,,용당시장,그 밖의 대규모점포,I,2026-05-11 22:51:58,전라남도 목포시 산정로128번길 33 (용당동),정상영업,1,01,,대규모점포,144650.162105168    ,144961.567623383    ,전라남도 목포시 용당1동 1133번지 1호,2012-01-05 20:35:31
4800000,2008480013207500001,2008-01-15,,영업/정상,,,,,13780.4,530-360,,홈플러스(주) 목포점,대형마트,I,2026-05-11 22:51:58,전라남도 목포시 영산로 313 (용당동),정상영업,1,01,,대규모점포,144991.481278312    ,145423.716150726    ,전라남도 목포시 용당동 1087번지 1호,2024-03-06 08:37:53
4800000,2006480013207500002,2006-09-21,,영업/정상,,,,,18651.38,,,포르모 큐브,그 밖의 대규모점포,I,2026-05-11 22:51:58,전라남도 목포시 옥암로 95 (상동),정상영업,1,01,0234557724,대규모점포,147387.700646288    ,145561.081821084    ,전라남도 목포시 상동 860번지 1호,2014-09-17 13:18:47
4800000,2006480013207500001,2006-09-21,,영업/정상,,,,,843.09,,,(유)대송유통,그 밖의 대규모점포,I,2026-05-11 22:51:58,,정상영업,1,01,0612879600,,147308.268442546    ,145515.822359967    ,전라남도 목포시 상동 860호,2007-10-29 11:39:15
4800000,2005480011707500001,1999-09-21,,영업/정상,,,,,472,,,자유시장,그 밖의 대규모점포,I,2026-05-11 22:51:58,전라남도 목포시 자유로 122 (산정동),정상영업,1,01,,대규모점포,145294.931733194    ,143982.39193346     ,전라남도 목포시 산정동 1383호,2012-01-05 20:05:13
4800000,2005480009307500002,2000-11-16,,영업/정상,,,,,10629.42,,,(주)이마트목포점,복합쇼핑몰,I,2026-05-11 22:51:58,전라남도 목포시 옥암로 138 (옥암동),정상영업,1,01,0612601053,대규모점포,147330.159338132    ,146042.70347835     ,전라남도 목포시 옥암동 915번지 25호,2024-05-09 14:44:11
4800000,2002480001307500012,2002-05-16,,영업/정상,,2021-09-23,2022-01-30,,10361.1,,,롯데쇼핑(주)롯데마트맥스 목포점,대형마트,I,2026-05-11 22:51:58,전라남도 목포시 원형서로 15 (상동),정상영업,1,01,0612802542,대규모점포,147706.171172646    ,144446.120390505    ,전라남도 목포시 상동 1134호,2025-12-31 15:18:37
4800000,2000480000007500001,1964-10-01,,영업/정상,,,,,,,,중앙공설시장,그 밖의 대규모점포,I,2026-05-11 22:51:58,,정상영업,1,01,,,,,전라남도 목포시 남교동 111번지 9호   ,2007-07-07 20:35:50
4800000,2000480000007500002,1966-02-20,,영업/정상,,,,,,,,중앙식료시장,그 밖의 대규모점포,I,2026-05-11 22:51:58,,정상영업,1,01,,,,,전라남도 목포시 남교동 88호   ,2007-07-07 20:35:50
4800000,2000480000007500003,1971-11-11,,영업/정상,,,,,,,,제일시장,그 밖의 대규모점포,I,2026-05-11 22:51:58,,정상영업,1,01,,,,,전라남도 목포시 남교동 108번지 40  호   ,2007-07-07 20:35:50
4800000,2000480000007500004,1972-02-28,,영업/정상,,,,,,,,동부시장,그 밖의 대규모점포,I,2026-05-11 22:51:58,,정상영업,1,01,,,,,전라남도 목포시 용당동 1052호   ,2007-07-07 20:35:50
4800000,2000480000007500009,1999-09-21,,영업/정상,,,,,0,,,청호시장,그 밖의 대규모점포,I,2026-05-11 22:51:58,,정상영업,1,01,,대규모점포,,,전라남도 목포시 석현동 1171번지 3   호,2012-01-05 20:03:55
4810000,2006481001907500001,2006-05-12,,영업/정상,,,,,14477,,,롯데쇼핑(주) 롯데몰 여수점,대형마트,I,2026-05-02 22:50:50,"전라남도 여수시 국포1로 36 (국동, 외 4필지)",정상영업,1,01,0616402500,대규모점포,266009.018232866    ,136883.364567217    ,전라남도 여수시 국동 호 37-100번지 외4필지,2026-01-15 10:18:19
4810000,2005481001907500002,2005-11-02,,영업/정상,,,,,7900,,,롯데쇼핑(주) 롯데마트 여천점,대형마트,I,2026-05-02 22:50:50,전라남도 여수시 무선로 187 (선원동),정상영업,1,01,,대규모점포,259541.66563628     ,142254.373781411    ,전라남도 여수시 선원동 1268번지 2호,2026-01-14 15:50:55
4810000,2005481001907500001,2001-12-20,,영업/정상,,,,,8991,,,(주)이마트여수점,복합쇼핑몰,I,2026-05-02 22:50:50,전라남도 여수시 좌수영로 277 (오림동),정상영업,1,01,0616501053,대규모점포,265386.473014616    ,140174.042858943    ,전라남도 여수시 오림동 405-1호,2024-04-19 09:04:31
4810000,2003481001907500001,2003-06-18,,영업/정상,,,,,4677.01,,,국동항 유통타운,그 밖의 대규모점포,I,2026-05-02 22:50:50,,,BBBB,01,0617443040,,,,"전라남도 여수시 봉산동 100-3, 100-15호   ",2007-07-21 13:39:11
4810000,2000481000007500001,2006-07-19,,폐업,2006-07-19,,,,0,,,영클리오,대형마트,I,2026-05-02 22:50:50,전라남도 여수시 쌍봉로 208 (신기동),폐업처리,3,03,0616902412,,262048.100945884    ,140801.210097628    ,전라남도 여수시 신기동 11호,2008-12-10 14:12:40
4810000,2010481016807500001,1996-08-22,,영업/정상,,,,,5418.5,550-130,,(주)서시장,시장,I,2026-05-02 22:50:50,전라남도 여수시 좌수영로 16-6 (서교동),정상영업,1,01,06106426720,대규모점포,266647.089758768    ,138384.015142656    ,전라남도 여수시 서교동 280번지,2019-12-26 08:34:26
4810000,2012481024107500001,2012-01-03,,폐업,2017-03-06,,,,570,555-706,,(주)일유통 롯데슈퍼 여수신기점,그 밖의 대규모점포,I,2026-05-02 22:50:50,,폐업처리,3,03,0616812626,준대규모점포,261044.163202657    ,140094.879769382    ,전라남도 여수시 신기동 139번지 부영상가 3동 2층,2017-03-07 11:34:35
4810000,2001481001907500001,2001-10-13,,폐업,2006-06-14,,,,1046,,,부림BM(주) 클레프 여수점,대형마트,I,2026-05-02 22:50:50,전라남도 여수시 무선로 187 (선원동),폐업처리,3,03,0626908000,,259541.66563628     ,142254.373781411    ,전라남도 여수시 선원동 1268번지 2호,2008-12-12 11:06:04
4810000,2001481001907500002,2001-12-20,,영업/정상,,,,,8619,,,신세계 이마트 여수점,대형마트,I,2026-05-02 22:50:50,전라남도 여수시 좌수영로 277 (오림동),,BBBB,01,0616501001,,265386.473014616    ,140174.042858943    ,전라남도 여수시 오림동 405번지 1호   ,2007-07-21 13:39:11
4820000,2006482011807500003,2006-04-04,,휴업,,,,,0,,,삼성테스코(주),대형마트,I,2026-05-02 22:48:50,,휴업처리,2,02,0234598000,,,,전라남도 순천시 조례동 975번지 1   호   ,2007-07-21 11:08:49
4820000,2006482011807500004,2006-04-04,,휴업,,,,,18447.62,,,삼성테스코(주)홈플러스 순천점,대형마트,I,2026-05-02 22:48:50,,휴업처리,2,02,0234598000,,,,전라남도 순천시 조례동 975번지 1 호   ,2007-07-21 11:08:49
4820000,2006482011807500005,2006-06-21,,영업/정상,,,,,416.63,,,순천원예농협 하나로마트,대형마트,I,2026-05-02 22:48:50,전라남도 순천시 남산로 46 (남정동),정상영업,1,01,,대규모점포,,,전라남도 순천시 남정동 10호,2013-01-07 17:00:41
4820000,2006482015207500001,2006-01-19,,영업/정상,,,,,7061.29,540-320,,뉴코아순천아울렛킴스,대형마트,U,2026-05-08 03:03:03,전라남도 순천시 비봉2길 4-12 (조례동),정상영업,1,01,0617525800,대규모점포,247589.899439906    ,163955.515824998    ,전라남도 순천시 조례동 758번지,2026-05-07 14:39:44
4820000,2009482015207500002,2009-05-07,,영업/정상,,,,,16761.49,540-715,,뉴코아순천점,복합쇼핑몰,U,2026-05-08 03:03:03,전라남도 순천시  비봉2길  22 (조례동),정상영업,1,01,0617205000,대규모점포,247410.736823692    ,163957.828214531    ,전라남도 순천시 조례동 766번지,2026-05-07 14:31:47
4820000,2011482015207500001,2014-09-17,,영업/정상,,,,,16224.04,540-745,,홈플러스(주)순천풍덕점,대형마트,I,2026-05-02 22:48:50,전라남도 순천시  팔마로  222 (풍덕동),정상영업,1,01,0617462080,대규모점포,246427.675879142    ,160255.485969845    ,전라남도 순천시 풍덕동 300번지,2024-03-05 11:10:59
4820000,2012482015207500003,2014-09-17,,영업/정상,,,,,247.47,,,순천농협황전지점 경제과,그 밖의 대규모점포,I,2026-05-02 22:48:50,전라남도 순천시 월등면 월등로 1040,정상영업,1,01,0617549292,준대규모점포,238990.396377924    ,178284.163859483    ,,2015-06-02 18:31:14
4820000,2012482015207500004,2012-03-20,,영업/정상,,,,,205,,,순천농협주암지점,그 밖의 대규모점포,I,2026-05-02 22:48:50,전라남도 순천시 주암면 주석로 5,정상영업,1,01,0617433580,준대규모점포,221371.601206614    ,175376.177399102    ,,2012-03-20 14:48:28
4820000,2012482015207500005,2014-09-17,,영업/정상,,,,,625.62,,,순천농협오성지점,그 밖의 대규모점포,I,2026-05-02 22:48:50,전라남도 순천시 주암면 동주로 2480,정상영업,1,01,0617544991,준대규모점포,225073.000760834    ,173467.444881897    ,,2023-10-18 18:02:15
4820000,2015482024907500001,2015-11-23,,영업/정상,,,,,9482.31,,58005,모다아울렛(MODAoutlet)순천만플라자,전문점,I,2026-05-02 22:48:50,전라남도 순천시 해룡면 상성길 70 (순천만플라자모다아울렛),정상영업,1,01,,대규모점포,249664.403726206    ,158698.469519398    ,전라남도 순천시 해룡면 남가리 43번지 2호,2024-05-16 13:04:32
4820000,2012482015207500001,2014-09-17,,폐업,2017-10-11,,,,1113,,,(주)이마트에브리데이 순천점,그 밖의 대규모점포,I,2026-05-02 22:48:50,전라남도 순천시 우석로 175 (인제동),폐업처리,3,03,0618321336,준대규모점포,244457.358198764    ,160709.793758127    ,,2017-10-12 08:53:50
4820000,2012482015207500002,2012-03-08,,폐업,2016-09-09,,,,3313,540-320,,순천농협 파머스마켓,대형마트,I,2026-05-02 22:48:50,전라남도 순천시  백연길  111 (조례동),폐업처리,3,03,0617258200,대규모점포,248607.181908838    ,161603.872955054    ,전라남도 순천시 조례동 70번지 2호,2016-09-20 18:27:59
4820000,2012482015207500006,2012-03-20,,폐업,2021-02-17,,,,719.86,,,순천농협 승주지점,그 밖의 대규모점포,I,2026-05-02 22:48:50,전라남도 순천시 승주읍 선암사길 2,폐업처리,3,03,0617545021,준대규모점포,235209.557174812    ,168366.483902695    ,,2021-02-23 11:01:16
4820000,2000482000007500022,1999-09-14,,영업/정상,,,,,,,,조은프라자,그 밖의 대규모점포,I,2026-05-02 22:48:49,전라남도 순천시 연향상가길 41 (연향동),정상영업,1,01,0617231578,,247450.192106173    ,161754.944671884    ,전라남도 순천시 연향동 1327호   ,2007-07-21 11:08:49
4820000,2000482000007500023,2000-02-02,,영업/정상,,,,,,,,블루마트,그 밖의 대규모점포,I,2026-05-02 22:48:49,,정상영업,1,01,0617219001,,248717.499864558    ,161072.786856417    ,전라남도 순천시 해룡면 상삼리 426호   ,2007-07-21 11:08:49
4820000,2000482000007500024,2000-08-01,,영업/정상,,,,,,,,한국까르푸주식회사순천점,쇼핑센터,I,2026-05-02 22:48:49,전라남도 순천시 팔마로 222 (풍덕동),정상영업,1,01,0617457092,,246427.675879142    ,160255.485969845    ,전라남도 순천시 풍덕동 300호   ,2007-07-21 11:08:49
4820000,2004482011807500001,2004-08-26,,휴업,,,,,16761.49,,,뉴코아순천점,그 밖의 대규모점포,I,2026-05-02 22:48:49,전라남도 순천시 비봉2길 22 (조례동),휴업처리,2,02,,,247410.736823692    ,163957.828214531    ,전라남도 순천시 조례동 766호   ,2007-07-21 11:08:49
4820000,2004482011807500002,2004-08-26,,휴업,,,,,10833.24,,,킴스클럽 순천점,대형마트,I,2026-05-02 22:48:49,,휴업처리,2,02,,,,,전라남도 순천시 조례동 산89-8외 10필지호   ,2007-07-21 11:08:49
4820000,2004482011807500003,2004-11-16,,영업/정상,,,,,1489,,,홈플러스(주) 순천점,대형마트,I,2026-05-02 22:48:49,"전라남도 순천시 신월큰길 10 (조례동,외 39필지)",정상영업,1,01,0617298121,대규모점포,247445.068249994    ,162608.714838679    ,전라남도 순천시 조례동 975번지 1호 외 39필지,2024-03-05 11:15:01
4820000,2005482011807500001,2014-09-17,,영업/정상,,,,,9507.52,,,(주)이마트 순천점,대형마트,I,2026-05-02 22:48:49,"전라남도 순천시 팔마로 191 (덕암동,외 4필지)",정상영업,1,01,,대규모점포,246400.830087538    ,160517.102712463    ,전라남도 순천시 덕암동 169호 외 4필지,2024-04-16 15:25:57
4820000,2005482011807500002,2005-11-07,,휴업,,,,,7062.99,,,킴스클럽순천점,대형마트,I,2026-05-02 22:48:49,전라남도 순천시 비봉2길 4-12 (조례동),휴업처리,2,02,0617205503,,247589.899439906    ,163955.515824998    ,전라남도 순천시 조례동 758호   ,2007-07-21 11:08:49
4820000,2000482000007500005,1969-01-23,,영업/정상,,,,,,,,창촌시장,그 밖의 대규모점포,I,2026-05-02 22:48:48,,정상영업,1,01,0617493355,,,,전라남도 순천시 주암면 창촌리 246-1호   ,2007-07-21 11:08:49
4820000,2000482000007500006,1988-08-03,,영업/정상,,,,,,,,송광시장,그 밖의 대규모점포,I,2026-05-02 22:48:48,,정상영업,1,01,0617493355,,223917.864622688    ,164074.207539805    ,전라남도 순천시 송광면 이읍리 1403-3호   ,2007-07-21 11:08:49
4820000,2000482000007500007,1964-10-01,,영업/정상,,,,,,,,별량시장,그 밖의 대규모점포,I,2026-05-02 22:48:48,,정상영업,1,01,0617493355,,,,전라남도 순천시 별량면 봉림리 207-4호   ,2007-07-21 11:08:49
4820000,2000482000007500008,1964-10-01,,영업/정상,,,,,,,,괴목시장,그 밖의 대규모점포,I,2026-05-02 22:48:48,,정상영업,1,01,0617493355,,,,전라남도 순천시 황전면 괴목리 45-1호   ,2007-07-21 11:08:49
4820000,2000482000007500009,1981-07-31,,영업/정상,,,,,,,,중앙시장,그 밖의 대규모점포,I,2026-05-02 22:48:48,,정상영업,1,01,,,,,전라남도 순천시 남내동 119호   ,2007-07-21 11:08:49
4820000,2000482000007500010,1979-10-12,,영업/정상,,,,,,,,역전시장,그 밖의 대규모점포,I,2026-05-02 22:48:48,,정상영업,1,01,0617434162,,,,전라남도 순천시 덕암동 227-1호   ,2007-07-21 11:08:49
4820000,2000482000007500011,1990-05-25,,영업/정상,,,,,,,,중앙지하상가,그 밖의 대규모점포,I,2026-05-02 22:48:48,,정상영업,1,01,,,,,전라남도 순천시 남내동 76-1호   ,2007-07-21 11:08:49
4820000,2000482000007500012,1992-11-04,,영업/정상,,,,,,,,로얄프라자,그 밖의 대규모점포,I,2026-05-02 22:48:48,,정상영업,1,01,0617437000,,,,전라남도 순천시 장천동 39-3호   ,2007-07-21 11:08:49
4820000,2000482000007500013,1992-12-07,,영업/정상,,,,,6700,,57929,뉴코아순천점,백화점,I,2026-05-02 22:48:48,"전라남도 순천시 비봉2길 22 (조례동, 시대아파트)",정상영업,1,01,0617205000,대규모점포,247410.736823692    ,163957.828214531    ,전라남도 순천시 조례동 766번지 시대아파트,2019-08-26 19:33:43
4820000,2000482000007500014,1992-12-08,,영업/정상,,,,,,,,대우상가,그 밖의 대규모점포,I,2026-05-02 22:48:48,전라남도 순천시 연향2로 55 (연향동),정상영업,1,01,0617211491,,247539.059214258    ,161225.415681677    ,전라남도 순천시 연향동 1345호   ,2007-07-21 11:08:49
4820000,2000482000007500015,1993-03-04,,영업/정상,,,,,,,,황금프라자,그 밖의 대규모점포,I,2026-05-02 22:48:48,,정상영업,1,01,0617597010,,,,전라남도 순천시 남내동 55-1호   ,2007-07-21 11:08:49
4820000,2000482000007500016,1994-12-22,,영업/정상,,,,,,,,동부상설시장,그 밖의 대규모점포,I,2026-05-02 22:48:48,전라남도 순천시 연향상가1길 4 (연향동),정상영업,1,01,0617224779,,247544.103970639    ,161540.303835792    ,전라남도 순천시 연향동 1333호   ,2007-07-21 11:08:49
4820000,2000482000007500017,1994-12-30,,영업/정상,,,,,,,,원앙아파트상가,그 밖의 대규모점포,I,2026-05-02 22:48:48,전라남도 순천시 해룡면 기적의도서관길 90,정상영업,1,01,0617213471,,248458.569142408    ,161027.146173887    ,전라남도 순천시 해룡면 상삼리 657호   ,2007-07-21 11:08:49
4820000,2000482000007500018,1995-03-10,,영업/정상,,,,,,,,동성아파트상가,그 밖의 대규모점포,I,2026-05-02 22:48:48,전라남도 순천시 연향번영길 94 (연향동),정상영업,1,01,0617228217,,247326.676617033    ,161374.061283529    ,전라남도 순천시 연향동 1347호   ,2007-07-21 11:08:49
4820000,2000482000007500019,1995-04-03,,영업/정상,,,,,,,,대주종합상가,그 밖의 대규모점포,I,2026-05-02 22:48:49,전라남도 순천시 지봉로 485 (조례동),정상영업,1,01,0617227383,,248216.119095857    ,162046.773590671    ,전라남도 순천시 조례동 1608호   ,2007-07-21 11:08:49
4820000,2000482000007500020,1995-06-23,,영업/정상,,,,,,,,월드마트,그 밖의 대규모점포,I,2026-05-02 22:48:49,전라남도 순천시 별미길 18 (남내동),정상영업,1,01,,,244238.055511945    ,161759.709547599    ,전라남도 순천시 남내동 65호   ,2007-07-21 11:08:49
4820000,2000482000007500021,1997-12-27,,영업/정상,,,,,0,,,킴스클럽순천점,대형마트,I,2026-05-02 22:48:49,전라남도 순천시 비봉2길 11-12 (조례동),정상영업,1,01,0617205000,준대규모점포,,,전라남도 순천시 조례동 산89-8호,2014-01-03 11:47:03
4820000,2005482011807500003,2005-11-07,,휴업,,,,,7062.99,,,킴스클럽순천점,대형마트,I,2026-05-02 22:48:50,전라남도 순천시 비봉2길 4-12 (조례동),휴업처리,2,02,0617205503,,247589.899439906    ,163955.515824998    ,전라남도 순천시 조례동 758호   ,2007-07-21 11:08:49
4820000,2006482011807500001,2006-03-06,,영업/정상,,,,,19612.32,540-120,,SC아울렛,전문점,I,2026-05-02 22:48:50,전라남도 순천시 충효로 15 (덕암동),정상영업,1,01,0617410015,대규모점포,246595.81940639     ,160387.285370863    ,전라남도 순천시 덕암동 151번지,2019-05-09 10:53:53
4820000,2000482000007500001,1977-08-23,,영업/정상,,,,,,,,남부상설시장,그 밖의 대규모점포,I,2026-05-02 22:48:47,전라남도 순천시 장평로 60 (풍덕동),정상영업,1,01,0617493355,,245177.703772744    ,160832.865216467    ,전라남도 순천시 풍덕동 1264호   ,2007-07-21 11:08:49
4820000,2000482000007500002,1975-04-23,,영업/정상,,,,,,,,북부상설시장,그 밖의 대규모점포,I,2026-05-02 22:48:47,,정상영업,1,01,0617493355,,,,전라남도 순천시 동외동 호 199-5  ,2007-07-21 11:08:49
4820000,2000482000007500003,1964-10-01,,영업/정상,,,,,,,,승주시장,그 밖의 대규모점포,I,2026-05-02 22:48:47,,정상영업,1,01,0617493355,,,,전라남도 순천시 승주읍 서평리 423-1호   ,2007-07-21 11:08:49
4820000,2000482000007500004,1964-10-01,,영업/정상,,,,,,,,주암시장,그 밖의 대규모점포,I,2026-05-02 22:48:47,,정상영업,1,01,0617493355,,,,전라남도 순천시 주암면 광천리 54-1호   ,2007-07-21 11:08:49
4820000,2006482011807500002,2006-04-04,,휴업,,,,,18447.62,,,삼성테스코(주),대형마트,I,2026-05-02 22:48:50,,휴업처리,2,02,,,,,전라남도 순천시 조례동 975번지 1   호   ,2007-07-21 11:08:49
4830000,2012483013707500001,2012-04-27,,영업/정상,,,,,3464.47,520-130,,롯데쇼핑(주) 롯데마트 나주점,복합쇼핑몰,I,2026-05-10 23:10:33,전라남도 나주시 내동길 15 (송월동),정상영업,1,01,0613393200,대규모점포,173723.946573431    ,168292.405472667    ,전라남도 나주시 송월동 1106번지 2호,2026-05-07 17:45:26
4840000,2006484005107500001,2005-08-31,,영업/정상,,,,,13558.2,545-827,,홈플러스 광양점,대형마트,I,2026-03-26 22:48:22,전라남도 광양시 항만11로 70 (중동),정상영업,1,01,0617608122,대규모점포,263409.919971471    ,159060.647898764    ,전라남도 광양시 중동 1811번지 1호,2024-03-14 17:32:08
4840000,2009484009207500001,2005-06-03,,영업/정상,,,,,2057,545-886,,중마시장,시장,I,2026-03-26 22:48:22,전라남도 광양시 중마중앙로 88 (중동),정상영업,1,01,,,263800.078421747    ,160116.633852747    ,전라남도 광양시 중동 1732번지 3호,2009-02-09 11:19:49
4840000,2017484012707500001,2017-01-02,,영업/정상,,,,,50824,,57764,LF 스퀘어 테라스몰 광양점,복합쇼핑몰,I,2026-03-26 22:48:22,전라남도 광양시 광양읍 순광로 466 (LF스퀘어 테라스몰 광양점),정상영업,1,01,0267102733,대규모점포,251696.859112409    ,162781.271124753    ,전라남도 광양시 광양읍 덕례리 739번지,2017-01-03 09:27:55
4840000,2012484009207500001,2012-05-15,,폐업,2021-01-31,,,,1291.9,545-881,,롯데쇼핑(주)롯데슈퍼광양중동점,구분없음,I,2026-03-26 22:48:22,전라남도 광양시 광장로 107 (중동),폐업처리,3,03,0617945601,준대규모점포,263371.015646802    ,159647.965941147    ,전라남도 광양시 중동 1674번지 27호,2022-03-22 16:32:14
4840000,1992484001207500001,1992-12-30,,영업/정상,,,,,8377.02,545-876,,백운쇼핑센터,쇼핑센터,I,2026-03-26 22:48:22,전라남도 광양시 폭포사랑길 99 (금호동),정상영업,1,01,0617901585,대규모점포,266789.909341529    ,160414.248689205    ,전라남도 광양시 금호동 716번지,2015-02-09 17:38:17
4840000,2021484012707500001,2021-06-22,,영업/정상,,,,,13558.2,,57793,홈플러스 광양점,대형마트,I,2026-03-26 22:48:23,"전라남도 광양시 항만11로 70, 홈플러스 광양점 (중동)",정상영업,1,01,0617608122,대규모점포,263409.919971471    ,159060.647898764    ,전라남도 광양시 중동 1811-1 홈플러스 광양점,2024-03-14 17:39:27
4840000,1995484001207500002,1995-03-20,,폐업,2017-11-23,,,,4204,545-875,,금당쇼핑센타,쇼핑센터,I,2026-03-26 22:48:22,전라남도 광양시 금호로 26 (금호동),폐업처리,3,03,0617951650,대규모점포,265896.964534353    ,159854.496738762    ,전라남도 광양시 금호동 624번지 12호,2017-12-11 19:42:13
4860000,2012486009607500001,2012-06-28,,폐업,2021-03-03,,,,600,516-804,,롯데슈퍼 곡성점,,I,2026-03-11 01:29:20,전라남도 곡성군 곡성읍 군청로 47,폐업처리,3,03,,준대규모점포,226391.065173984    ,198054.724644202    ,전라남도 곡성군 곡성읍 읍내리 739번지 3호,2021-03-03 16:55:06
4860000,2009486008107500001,2008-07-07,,영업/정상,,,,,0,516-800,,곡성농협,대형마트,I,2026-03-11 01:29:20,,정상영업,1,01,0613623612,,,,전라남도 곡성군 곡성읍,2009-03-19 11:20:58
4880000,2012488014707500001,2012-04-16,,영업/정상,,2019-05-01,2020-02-29,,489,548-802,,(주)이마트에브리데이 고흥점,그 밖의 대규모점포,I,2025-12-15 16:15:28,전라남도 고흥군 고흥읍 고흥로 1871,정상영업,1,01,0618321336,준대규모점포,226677.510632951    ,124257.624920785    ,전라남도 고흥군 고흥읍 남계리 231번지 1호,2021-04-20 17:59:49
4900000,2010490004007500001,2010-01-21,,취소/말소/만료/정지/중지,,,,,4530.23,519-807,,(주)빅마트 화순점,그 밖의 대규모점포,I,2026-05-06 22:48:25,전라남도 화순군 화순읍 충의로 43,직권취소,4,04,0626502217,대규모점포,198302.004767124    ,172996.695098741    ,전라남도 화순군 화순읍 삼천리 703번지,2013-05-30 18:16:42
4900000,2013490005507500001,2013-04-30,,폐업,2019-12-21,,,,2321.3,519-807,,롯데쇼핑(주)롯데슈퍼 화순지점,구분없음,I,2026-05-06 22:48:26,전라남도 화순군 화순읍 충의로 43,폐업처리,3,03,16889600,준대규모점포,198302.004767124    ,172996.695098741    ,전라남도 화순군 화순읍 삼천리 703번지 외 3필지,2020-01-06 14:10:18
4910000,2007491004507500001,2007-06-30,,영업/정상,,,,,7854,,,정남진장흥토요시장,그 밖의 대규모점포,I,2026-03-26 22:48:22,전라남도 장흥군 장흥읍 토요시장1길 53,정상영업,1,01,0618647002,대규모점포,191026.805323719    ,130893.036231361    ,전라남도 장흥군 장흥읍 예양리 158번지 1  호,2019-03-12 10:42:38
4950000,2022495014307500001,2022-07-25,,영업/정상,,,,,0,,58581,(주)이마트에브리데이 무안오룡점,구분없음,I,2026-05-06 22:48:27,"전라남도 무안군 일로읍 오남로1길 9-3, 101~111호",정상영업,1,01,0618768008,준대규모점포,152708.510181542    ,145282.092944752    ,전라남도 무안군 일로읍 오룡리 97,2023-03-13 17:02:31
4950000,2020495012507500001,2020-08-27,,영업/정상,,,,,0,,58580,롯데슈퍼오룡가맹점,그 밖의 대규모점포,I,2026-05-06 22:48:27,전라남도 무안군 일로읍 오룡번영로 185 (호반써밋APT),정상영업,1,01,0610000000,준대규모점포,153116.230641127    ,145528.423319226    ,전라남도 무안군 일로읍 오룡리 6 호반써밋APT,2021-04-29 17:10:40
4950000,2016495010907500001,2016-11-08,,영업/정상,,,,,36551.21,,58579,롯데쇼핑(주) 남악점,복합쇼핑몰,I,2026-05-06 22:48:27,전라남도 무안군 삼향읍 남악로162번길 80,정상영업,1,01,0221186854,대규모점포,150976.298714347    ,145015.31300588     ,전라남도 무안군 삼향읍 남악리 2622번지,2026-04-06 17:45:47
4950000,2015495014307500001,2015-08-20,,폐업,2020-12-31,,,,0,,58567,(주)롯데슈퍼 남악가맹점,그 밖의 대규모점포,I,2026-05-06 22:48:26,"전라남도 무안군 삼향읍 남악3로 15, 남악뉴캐슬복합상가 103, 104호",폐업처리,3,03,,준대규모점포,150496.872500905    ,145502.068220471    ,전라남도 무안군 삼향읍 남악리 2274 남악오룡시장,2024-08-26 16:12:26
4950000,2011495009707500001,2011-06-27,,영업/정상,,,,,901,,58529,주식회사 롯데슈퍼 무안점,그 밖의 대규모점포,I,2026-05-06 22:48:25,전라남도 무안군 무안읍 면성1길 131,정상영업,1,01,0614549400,준대규모점포,151821.824787706    ,165412.261458537    ,전라남도 무안군 무안읍 성남리 813번지 18호,2018-04-17 13:35:07
4980000,2008498006307500001,2008-12-01,,영업/정상,,,,,0,515-801,,농협하나로마트,그 밖의 대규모점포,I,2026-03-26 22:48:25,,정상영업,1,01,0613907777,,,,전라남도 장성군 장성읍 영천리 1040번지,2008-12-09 17:08:14
4990000,1975499001107500003,1975-01-24,,영업/정상,,,,,,,,중앙시장,그 밖의 대규모점포,I,2025-12-15 16:15:28,,정상영업,1,01,0615542250,,,,전라남도 완도군 완도읍 군내리 822번지 111호   ,2007-07-21 10:07:22
4990000,1981499001107500006,1981-08-20,,영업/정상,,,,,,,,완도읍5일시장,그 밖의 대규모점포,I,2025-12-15 16:15:28,,정상영업,1,01,0615545460,,,,전라남도 완도군 완도읍 군내리 1249번지 1   호   ,2007-07-21 10:07:22
4990000,1996499001107500001,1968-04-11,,영업/정상,,,,,,,,금일읍 5일시장,그 밖의 대규모점포,I,2025-12-15 16:15:28,,정상영업,1,01,0615532601,,,,전라남도 완도군 금일읍 화목리 739번지 1   호   ,2007-07-21 10:07:22
4990000,1964499001107500002,1964-10-01,,영업/정상,,,,,,,,군외5일시장,그 밖의 대규모점포,I,2025-12-15 16:15:28,,정상영업,1,01,0615525701,,,,전라남도 완도군 군외면 원동리 222번지 8   호   ,2007-07-21 10:07:22
4990000,1968499001107500004,1968-10-01,,영업/정상,,,,,,,,노화읍5일시장,그 밖의 대규모점포,I,2025-12-15 16:15:28,전라남도 완도군 노화읍 노화로 824-17,정상영업,1,01,0615534600,,160629.628505877    ,75647.2241056963    ,전라남도 완도군 노화읍 이포리 168호   ,2007-07-21 10:07:22
4990000,1964499001107500005,1964-10-01,,영업/정상,,,,,,,,고금면5일시장,그 밖의 대규모점포,I,2025-12-15 16:15:28,,정상영업,1,01,0615531008,,181535.218478394    ,99735.4905627841    ,전라남도 완도군 고금면 농상리 385호   ,2007-07-21 10:07:22
5020000,2012502018807500001,2012-04-25,,폐업,2025-11-30,,,,6842.33,,,(주)농협하나로유통 하나로마트포항점,대형마트,I,2026-05-07 22:37:45,경상북도 포항시 북구 장량로 171 (양덕동),폐업처리,3,03,0542308061,대규모점포,415979.94537735     ,289515.091165407    ,,2026-01-21 17:05:02
5020000,2018502031107500002,2018-11-12,,영업/정상,,,,,542,,37617,롯데쇼핑(주) 롯데슈퍼 포항장성점,구분없음,I,2026-05-07 22:37:46,"경상북도 포항시 북구 성실로 67-4, 1층 (장성동)",정상영업,1,01,,준대규모점포,413736.014340543    ,288021.958974305    ,경상북도 포항시 북구 장성동 977번지,2026-04-24 09:25:34
5020000,2000502007107500004,1999-09-02,,영업/정상,,,,,,,,그린프라자,그 밖의 대규모점포,I,2026-05-07 22:37:39,,정상영업,1,01,,,,,경상북도 포항시남구 지곡동 481-1호   ,2007-06-30 12:09:18
5020000,2000502007107500005,1965-02-01,,영업/정상,,,,,,,,북부시장,그 밖의 대규모점포,I,2026-05-07 22:37:39,,정상영업,1,01,,,,,경상북도 포항시북구 대신동 54-2호   ,2007-06-30 12:09:18
5020000,2000502007107500006,1937-12-24,,영업/정상,,,,,,,,구룡포시장,그 밖의 대규모점포,I,2026-05-07 22:37:39,,정상영업,1,01,,,,,경상북도 포항시남구 구룡포읍 구룡포리 호   ,2007-06-30 12:09:18
5020000,2000502007107500007,1965-02-01,,영업/정상,,,,,,,,흥해시장,그 밖의 대규모점포,I,2026-05-07 22:37:40,,정상영업,1,01,,,,,경상북도 포항시북구 흥해읍 성내리 호   ,2007-06-30 12:09:18
5020000,2000502007107500008,1930-04-10,,영업/정상,,,,,,,,오천시장,그 밖의 대규모점포,I,2026-05-07 22:37:40,,정상영업,1,01,,,,,경상북도 포항시북구 흥해읍 성내리 호   ,2007-06-30 12:09:18
5020000,2000502007107500009,1965-02-01,,영업/정상,,,,,,,,신광시장,그 밖의 대규모점포,I,2026-05-07 22:37:40,,정상영업,1,01,,,,,경상북도 포항시북구 신광면 토성리 호   ,2007-06-30 12:09:18
5020000,2000502007107500010,1965-02-01,,영업/정상,,,,,,,,청하시장,그 밖의 대규모점포,I,2026-05-07 22:37:40,,정상영업,1,01,,,,,경상북도 포항시북구 청하면 미남리 호   ,2007-06-30 12:09:18
5020000,2000502007107500011,1924-03-03,,영업/정상,,,,,,,,송라시장,그 밖의 대규모점포,I,2026-05-07 22:37:40,,정상영업,1,01,,,,,경상북도 포항시북구 송라면 광천리 호   ,2007-06-30 12:09:18
5020000,2000502007107500012,1923-04-01,,영업/정상,,,,,,,,기계시장,그 밖의 대규모점포,I,2026-05-07 22:37:40,,정상영업,1,01,,,,,경상북도 포항시북구 송라면 광천리 호   ,2007-06-30 12:09:18
5020000,2000502007107500013,1915-07-30,,영업/정상,,,,,,,,포항시장,그 밖의 대규모점포,I,2026-05-07 22:37:40,,정상영업,1,01,,,,,경상북도 포항시남구 동해면 도구리 호   ,2007-06-30 12:09:18
5020000,2000502007107500014,1919-10-01,,영업/정상,,,,,,,,죽장시장,그 밖의 대규모점포,I,2026-05-07 22:37:40,,정상영업,1,01,,,,,경상북도 포항시남구 동해면 도구리 호   ,2007-06-30 12:09:18
5020000,2000502007107500015,1914-12-15,,영업/정상,,,,,,,,장기시장,그 밖의 대규모점포,I,2026-05-07 22:37:40,,정상영업,1,01,,,,,경상북도 포항시남구 동해면 도구리 호   ,2007-06-30 12:09:18
5020000,2000502007107500016,1958-12-17,,영업/정상,,,,,,,,기북시장,그 밖의 대규모점포,I,2026-05-07 22:37:40,,정상영업,1,01,,,,,경상북도 포항시남구 동해면 도구리 호   ,2007-06-30 12:09:18
5020000,2000502007107500017,1971-11-02,,영업/정상,,,,,,,,죽도시장,그 밖의 대규모점포,I,2026-05-07 22:37:40,,정상영업,1,01,,,,,경상북도 포항시북구 죽도동 2-4호   ,2007-06-30 12:09:18
5020000,2000502007107500018,1995-04-21,,영업/정상,,,,,,,,신단지구매시설,그 밖의 대규모점포,I,2026-05-07 22:37:40,,정상영업,1,01,,,,,경상북도 포항시북구 죽도동 2-4호   ,2007-06-30 12:09:18
5020000,2000502007107500019,1996-03-02,,영업/정상,,,,,,,,지곡프라자.,그 밖의 대규모점포,I,2026-05-07 22:37:40,,정상영업,1,01,,,,,경상북도 포항시북구 죽도동 2-4호   ,2007-06-30 12:09:18
5020000,2000502007107500020,1994-02-28,,영업/정상,,,,,,,,(주)아남유통,그 밖의 대규모점포,I,2026-05-07 22:37:40,,정상영업,1,01,,,,,경상북도 포항시북구 죽도동 2-4호   ,2007-06-30 12:09:18
5020000,2000502007107500021,1996-09-06,,영업/정상,,,,,,,,그린종합시장,그 밖의 대규모점포,I,2026-05-07 22:37:40,,정상영업,1,01,,,,,경상북도 포항시북구 죽도동 2-4호   ,2007-06-30 12:09:18
5020000,2000502007107500022,1980-11-20,,영업/정상,,,,,,,,동해종합시장,그 밖의 대규모점포,I,2026-05-07 22:37:40,,정상영업,1,01,,,,,경상북도 포항시북구 죽도동 2-4호   ,2007-06-30 12:09:18
5020000,2000502007107500023,1981-07-29,,영업/정상,,,,,,,,양학시장,그 밖의 대규모점포,I,2026-05-07 22:37:40,,정상영업,1,01,,,,,경상북도 포항시북구 죽도동 2-4호   ,2007-06-30 12:09:18
5020000,2000502007107500024,1982-12-16,,영업/정상,,,,,,,,송도시장,그 밖의 대규모점포,I,2026-05-07 22:37:40,,정상영업,1,01,,,,,경상북도 포항시북구 죽도동 2-4호   ,2007-06-30 12:09:18
5020000,2000502007107500025,1985-08-01,,영업/정상,,,,,,,,청림시장,그 밖의 대규모점포,I,2026-05-07 22:37:41,,정상영업,1,01,,,,,경상북도 포항시남구 청림동 588-2호   ,2007-06-30 12:09:18
5020000,2000502007107500026,1986-05-27,,영업/정상,,,,,,,,상대종합시장,그 밖의 대규모점포,I,2026-05-07 22:37:41,,정상영업,1,01,,,,,경상북도 포항시북구 죽도동 2-4호   ,2007-06-30 12:09:18
5020000,2000502007107500027,1986-08-25,,영업/정상,,,,,,,,중앙종합시장,그 밖의 대규모점포,I,2026-05-07 22:37:41,,정상영업,1,01,,,,,경상북도 포항시북구 죽도동 625-15호   ,2007-06-30 12:09:18
5020000,2000502007107500028,1986-10-06,,영업/정상,,,,,,,,장성종합시장,그 밖의 대규모점포,I,2026-05-07 22:37:41,,정상영업,1,01,,,,,경상북도 포항시북구 장성동 866-301호   ,2007-06-30 12:09:18
5020000,2000502007107500029,1986-12-19,,영업/정상,,,,,,,,환호시장,그 밖의 대규모점포,I,2026-05-07 22:37:42,,정상영업,1,01,,,,,경상북도 포항시북구 환호동 377-5호   ,2007-06-30 12:09:18
5020000,2000502007107500030,1987-10-13,,영업/정상,,,,,,,,남부시장,그 밖의 대규모점포,I,2026-05-07 22:37:42,경상북도 포항시 남구 상공로 43 (상도동),정상영업,1,01,,,412355.449866335    ,281705.68038951     ,경상북도 포항시남구 상도동 629호   ,2007-06-30 12:09:18
5020000,2000502007107500031,1987-12-03,,영업/정상,,,,,,,,장량시장,그 밖의 대규모점포,I,2026-05-07 22:37:42,,정상영업,1,01,,,,,경상북도 포항시북구 장성동 866-302호   ,2007-06-30 12:09:18
5020000,2000502007107500032,1988-06-10,,영업/정상,,,,,,,,서부시장,그 밖의 대규모점포,I,2026-05-07 22:37:42,,정상영업,1,01,,,,,경상북도 포항시북구 용흥동 142-1호   ,2007-06-30 12:09:18
5020000,2000502007107500034,1990-01-13,,영업/정상,,,,,,,,해도5시장,그 밖의 대규모점포,I,2026-05-07 22:37:42,,정상영업,1,01,,,,,경상북도 포항시남구 대도동 143-1호   ,2007-06-30 12:09:18
5020000,2000502007107500035,1991-12-16,,영업/정상,,,,,,,,용흥시장,그 밖의 대규모점포,I,2026-05-07 22:37:42,,정상영업,1,01,,,411963.592737806    ,285048.296853377    ,경상북도 포항시북구 용흥동 366호   ,2007-06-30 12:09:18
5020000,2000502016507500001,2000-11-10,,영업/정상,,,,,24902.88,791-710,,롯데백화점 포항점,백화점,I,2026-05-07 22:37:42,경상북도 포항시 북구 학산로 62 (학산동),정상영업,1,01,0542301000,대규모점포,413457.339843014    ,285842.648592678    ,경상북도 포항시북구 학산동 127번지 9호 롯데백화점,2026-04-20 11:05:39
5020000,2004502010207500001,2004-08-30,,휴업,,,,,12257.29,,,월마트슈퍼센터포항점,그 밖의 대규모점포,I,2026-05-07 22:37:42,경상북도 포항시 북구 대이로 188 (득량동),휴업처리,2,02,0542809219,,410758.267998621    ,283785.013352991    ,경상북도 포항시북구 득량동 305호   ,2007-06-30 12:09:18
5020000,2005502010207500001,2001-11-21,,영업/정상,,,,,12499.62,790-350,,(주)이마트 포항점,복합쇼핑몰,I,2026-05-07 22:37:42,경상북도 포항시 남구 냉천로 10 (인덕동),정상영업,1,01,0542231052,대규모점포,416216.471156814    ,279431.541837674    ,경상북도 포항시 남구 인덕동 161번지 176호,2024-04-29 16:37:28
5020000,2005502013207500001,2005-05-11,,휴업,,,,,12257.09,,,월마트슈퍼센터포항점,그 밖의 대규모점포,I,2026-05-07 22:37:42,경상북도 포항시 북구 대이로 188 (득량동),휴업처리,2,02,0234681346,,410758.267998621    ,283785.013352991    ,경상북도 포항시북구 득량동 305호   ,2007-06-30 12:09:18
5020000,2006502013207500001,2006-12-01,,영업/정상,,,,,3411.57,,,롯데쇼핑(주) 롯데마트 포항점,대형마트,U,2026-05-09 03:03:03,경상북도 포항시 남구 지곡로 237 (지곡동),정상영업,1,01,0542222500,대규모점포,409480.142751731    ,283289.316547036    ,경상북도 포항시남구 지곡동 481번지 1호,2026-05-08 09:25:39
5020000,2007502013207500001,2007-02-23,,영업/정상,,,,,5748.53,,37773,홈플러스(주)죽도점,대형마트,I,2026-05-07 22:37:42,경상북도 포항시 북구 중흥로 328 (죽도동),정상영업,1,01,0542888125,대규모점포,413111.190838679    ,283750.326688713    ,경상북도 포항시 북구 죽도동 50-1,2024-03-05 10:35:58
5020000,2000502007107500002,1988-01-08,,폐업,2021-01-13,,,,0,,,대백쇼핑,쇼핑센터,I,2026-05-07 22:37:39,,폐업처리,3,03,,준대규모점포,,,경상북도 포항시북구 죽도동 48-27호,2021-02-08 09:40:35
5020000,2000502007107500003,2002-06-19,,폐업,2022-11-30,,,,2909.4,790-883,,(주)지에스리테일 포항연일점,전문점,I,2026-05-07 22:37:39,경상북도 포항시 남구 연일읍 연일로 123,폐업처리,3,03,0542772111,준대규모점포,411373.719048196    ,280230.21441873     ,경상북도 포항시 남구 연일읍 생지리 408번지,2022-12-20 17:44:46
5020000,2011502018807500001,2011-06-08,,폐업,2018-03-07,2011-02-14,2011-09-29,2011-08-05,1463.3,,37912,롯데쇼핑(주)롯데슈퍼 오천점,구분없음,I,2026-05-07 22:37:43,경상북도 포항시 남구 오천읍 세계길 33,폐업처리,3,03,0542935601,준대규모점포,417815.456129428    ,276545.396098292    ,경상북도 포항시 남구 오천읍 세계리 857번지 1호 외 2필지,2018-03-12 18:04:10
5020000,2011502018807500008,2011-10-10,,폐업,2017-08-26,,,,599.16,791-803,,(주)서원유통 탑마트 포항두호점,구분없음,I,2026-05-07 22:37:45,경상북도 포항시 북구 새천년대로 1026 (두호동),폐업처리,3,03,0542428400,준대규모점포,413551.286504066    ,287007.374250808    ,경상북도 포항시 북구 두호동 990번지 20호,2017-08-29 18:07:39
5020000,2011502018807500009,2011-10-10,,폐업,2014-09-22,,,,1604.07,791-030,,(주)서원유통 탑마트 포항역점,구분없음,I,2026-05-07 22:37:45,"경상북도 포항시 북구 용당로 85 (대흥동,외 11필지)",폐업처리,3,03,0542726543,준대규모점포,412697.590205708    ,284180.95023384     ,경상북도 포항시 북구 대흥동 618번지 20호 외 11필지,2017-12-08 17:36:19
5020000,2012502018807500002,2012-05-17,,폐업,2016-09-26,,,,268.16,791-220,,롯데슈퍼 포항우현가맹점,구분없음,I,2026-05-07 22:37:46,경상북도 포항시 북구 우창동로 70 (우현동),폐업처리,3,03,0542318300,준대규모점포,413161.853405787    ,286641.776264823    ,경상북도 포항시 북구 우현동 16B1L 테라스31 1층 101호~104호,2016-12-08 11:10:45
5020000,2007502016507500001,2007-08-30,,영업/정상,,,,,19688.71,790-828,,그랜드애비뉴,복합쇼핑몰,I,2026-05-07 22:37:42,경상북도 포항시 남구 중흥로 77 (상도동),정상영업,1,01,0542568888,대규모점포,411699.716488058    ,281700.620899084    ,경상북도 포항시남구 상도동 582번지,2024-04-26 14:40:59
5020000,2008502016507500001,2004-08-30,,영업/정상,,,,,13264.59,,37694,(주)이마트 포항이동점,복합쇼핑몰,I,2026-05-07 22:37:42,"경상북도 포항시 북구 대이로 188, 이마트 (득량동)",정상영업,1,01,0547211052,대규모점포,410758.267998621    ,283785.013352991    ,경상북도 포항시 북구 득량동 305 이마트,2024-04-19 15:36:08
5020000,2008502016507500002,2007-08-17,,영업/정상,,,,,8903.45,790-828,,홈플러스(주)포항점,대형마트,I,2026-05-07 22:37:42,경상북도 포항시 남구 중흥로 77 (상도동),정상영업,1,01,0545598014,대규모점포,411699.716488058    ,281700.620899084    ,경상북도 포항시남구 상도동 582번지,2024-03-05 10:48:21
5020000,2011502018807500002,2011-08-02,,영업/정상,,,,,1974,791-843,,(주)지에스리테일 포항죽도점,복합쇼핑몰,I,2026-05-07 22:37:43,경상북도 포항시 북구 중흥로 244 (죽도동),정상영업,1,01,0542781448,준대규모점포,412682.393387098    ,283074.461465934    ,경상북도 포항시 북구 죽도동 607번지 1호,2025-05-08 08:55:25
5020000,2011502018807500003,2011-08-02,,영업/정상,,,,,1475.63,791-804,,(주)지에스리테일 포항창포점,복합쇼핑몰,I,2026-05-07 22:37:44,경상북도 포항시 북구 새천년대로1076번길 4 (두호동),정상영업,1,01,0542569666,준대규모점포,413632.851469078    ,287436.511484075    ,경상북도 포항시 북구 두호동 1103번지 2호,2025-05-08 09:34:17
5020000,2011502018807500004,2011-08-02,,영업/정상,,,,,1002,791-803,,(주)지에스리테일 포항두호점,복합쇼핑몰,I,2026-05-07 22:37:44,경상북도 포항시 북구 용두산길 3 (두호동),정상영업,1,01,0542516213,준대규모점포,414597.491507994    ,287486.804858091    ,경상북도 포항시 북구 두호동 1087번지,2025-05-08 09:30:46
5020000,2011502018807500005,2011-09-30,,폐업,2026-04-13,2025-06-05,2026-06-04,,1785,,37754,롯데쇼핑(주)롯데슈퍼 포항점,복합쇼핑몰,I,2026-05-07 22:37:44,경상북도 포항시 북구 포스코대로 277 (죽도동),폐업처리,3,03,0542765602,준대규모점포,412221.390119272    ,282671.390844499    ,경상북도 포항시 북구 죽도동 641번지 1호 외 8필지,2026-04-29 13:07:24
5020000,2011502018807500006,2011-10-07,,영업/정상,,,,,330,791-921,,신포항농협 하나로마트,그 밖의 대규모점포,I,2026-05-07 22:37:45,경상북도 포항시 북구 청하면 청하로 203,정상영업,1,01,0542324172,준대규모점포,410309.526823599    ,302183.389920008    ,경상북도 포항시 북구 청하면 미남리 385번지 2호,2011-10-07 13:27:23
5020000,2011502018807500007,2011-10-07,,영업/정상,,,,,260,791-824,,서포항농협 하나로마트 기동점,그 밖의 대규모점포,I,2026-05-07 22:37:45,경상북도 포항시 북구 기계면 기계로57번길 6,정상영업,1,01,0542432012,준대규모점포,399008.808242152    ,287719.990484795    ,경상북도 포항시 북구 기계면 현내리 473번지 1호,2011-10-07 13:30:49
5020000,2011502018807500010,2011-10-10,,영업/정상,,,,,1296.8,791-818,,(주)서원유통 탑마트 포항죽도점,복합쇼핑몰,I,2026-05-07 22:37:45,경상북도 포항시 북구 죽도로 90 (죽도동),정상영업,1,01,0542814800,준대규모점포,413559.386364107    ,283993.228360425    ,경상북도 포항시 북구 죽도동 20번지 113호 외 2필지,2025-05-08 10:20:38
5020000,2011502018807500011,2011-10-13,,영업/정상,,,,,983.6,791-050,,포항농협 하나로마트 동부점,그 밖의 대규모점포,I,2026-05-07 22:37:45,경상북도 포항시 북구 죽도시장14길 15 (죽도동),정상영업,1,01,0542421599,준대규모점포,413493.283351384    ,284112.345238894    ,경상북도 포항시 북구 죽도동 580번지 4호,2011-10-13 18:17:14
5020000,2011502018807500012,2011-10-13,,영업/정상,,,,,243,790-801,,구룡포농협 하나로마트,그 밖의 대규모점포,I,2026-05-07 22:37:45,경상북도 포항시 남구 구룡포읍 구룡포길 76-6,정상영업,1,01,0542846311,준대규모점포,430295.005555083    ,279678.580550198    ,경상북도 포항시 남구 구룡포읍 구룡포리 963번지 1호 외 1필지,2011-11-22 11:19:18
5020000,2012503004907500001,2012-02-09,,영업/정상,,,,,1841.35,791-813,,(주)서원유통 탑마트 포항우현점,복합쇼핑몰,I,2026-05-07 22:37:46,경상북도 포항시 북구 중앙로419번길 29 (우현동),정상영업,1,01,0542325201,준대규모점포,412513.071221655    ,285834.166872719    ,경상북도 포항시 북구 우현동 115번지 2호,2025-05-08 10:23:09
5020000,2014502018807500001,2014-10-08,,영업/정상,,,,,647.25,,,(주)이마트에브리데이 연일점,구분없음,I,2026-05-07 22:37:46,경상북도 포항시 남구 연일읍 유강길 17,정상영업,1,01,0542834664,준대규모점포,408994.316830541    ,280795.937885499    ,,2024-08-05 10:12:10
5020000,2014502018807500002,2014-11-10,,영업/정상,,,,,850.87,,,(주)지에스리테일 포항환호점,구분없음,I,2026-05-07 22:37:46,경상북도 포항시 북구 삼호로 422 (환호동),정상영업,1,01,0220062156,준대규모점포,415634.642624846    ,288020.164760562    ,,2016-02-12 10:40:09
5020000,2018502031107500001,2018-05-10,,영업/정상,,,,,148.5,,37627,(주)GS리테일 창포메트로점,복합쇼핑몰,I,2026-05-07 22:37:46,"경상북도 포항시 북구 우창로 166-1, 105호 ~ 108호 (창포동)",정상영업,1,01,0515104698,준대규모점포,,,경상북도 포항시 북구 창포동 산 32번지 11호,2025-05-08 09:37:35
5020000,2000502007107500001,1987-03-24,,영업/정상,,,,,7509.01,,,효자프라자 웰빙아울렛,쇼핑센터,I,2026-05-07 22:37:39,경상북도 포항시 남구 효자로 70 (대잠동),정상영업,1,01,0542219901,대규모점포,410472.448123696    ,281473.262596734    ,,2026-04-02 11:40:52
5050000,2021505035207500002,2010-03-15,,영업/정상,,,,,0,,38011,홈플러스 익스프레스 경주 안강점,그 밖의 대규모점포,I,2025-12-15 16:15:28,경상북도 경주시 안강읍 구부랑4길 2,정상영업,1,01,0547618545,준대규모점포,398001.743686098    ,280216.893306033    ,경상북도 경주시 안강읍 산대리 2397-2,2024-04-12 17:51:35
5050000,2021505035207500003,2007-07-07,,영업/정상,,,,,0,,38048,GS슈퍼 경주 현곡푸르지오점,그 밖의 대규모점포,I,2025-12-15 16:15:28,경상북도 경주시 현곡면 용담로 538-17,정상영업,1,01,0547430550,준대규모점포,396325.084403915    ,267737.194004599    ,경상북도 경주시 현곡면 하구리 375-17,2021-07-26 11:43:09
5050000,2021505035207500004,2017-06-08,,영업/정상,,,,,0,,38069,롯데슈퍼 용황점,그 밖의 대규모점포,I,2025-12-15 16:15:28,"경상북도 경주시 용황로7길 8, 301동 101호 (용강동, 협성휴포레용황)",정상영업,1,01,0547775968,준대규모점포,401050.77541822     ,267236.833900143    ,경상북도 경주시 용강동 1611 협성휴포레용황,2021-07-26 11:51:49
5050000,2021505035207500005,2007-09-09,,영업/정상,,,,,0,,38095,롯데슈퍼 경주점,그 밖의 대규모점포,I,2025-12-15 16:15:28,경상북도 경주시 양정로 330(용강동),정상영업,1,01,0547445609,준대규모점포,400801.659691291    ,264740.573428483    ,경상북도 경주시 용강동 1329,2021-07-26 15:14:59
5050000,2021505035207500006,2009-06-01,,영업/정상,,,,,0,,38108,롯데슈퍼 동천점,그 밖의 대규모점포,I,2025-12-15 16:15:28,경상북도 경주시 동천로 70(동천동),정상영업,1,01,0547425603,준대규모점포,401109.495875639    ,263819.584364432    ,경상북도 경주시 동천동 825,2021-07-26 15:22:30
5050000,2021505035207500007,2013-07-24,,영업/정상,,,,,0,,38118,롯데슈퍼 보문점,그 밖의 대규모점포,I,2025-12-15 16:15:28,경상북도 경주시 보문로 529(천군동),정상영업,1,01,0547772224,준대규모점포,406426.947652826    ,262054.512570501    ,경상북도 경주시 천군동 205-46,2021-07-26 15:42:43
5050000,2021505035207500008,2011-06-28,,영업/정상,,,,,0,,38051,GS슈퍼 경주현곡점,그 밖의 대규모점포,I,2025-12-15 16:15:28,"경상북도 경주시 현곡면 안현로 8, gs슈퍼마켓",정상영업,1,01,0547748534,준대규모점포,398879.500226616    ,265357.666514351    ,경상북도 경주시 현곡면 금장리 442-1 gs슈퍼마켓,2021-07-26 15:52:28
5050000,2021505035207500009,2020-01-02,,영업/정상,,,,,0,,38090,노브랜드 경주 용강점,그 밖의 대규모점포,I,2025-12-15 16:15:28,경상북도 경주시 산업로 4506(용강동),정상영업,1,01,0547732012,준대규모점포,401338.911847126    ,266833.56343189     ,경상북도 경주시 용강동 425-1,2021-07-26 15:59:00
5050000,2021505035207500010,2018-11-12,,영업/정상,,,,,0,,38090,이마트에브리데이 경주용강점,그 밖의 대규모점포,I,2025-12-15 16:15:28,경상북도 경주시 다불로 9(용강동),정상영업,1,01,0547448000,준대규모점포,401171.791387621    ,266380.758678743    ,경상북도 경주시 용강동 1290-2,2021-07-26 15:58:31
5050000,2021505035207500001,2021-06-16,,폐업,2024-05-17,,,,990,,38093,탑마트 경주용강점,그 밖의 대규모점포,I,2025-12-15 16:15:28,"경상북도 경주시 산업로 4348, 탑마트 경주용강점 (용강동)",폐업처리,3,03,0513302583,준대규모점포,400844.63345574     ,265309.795358548    ,경상북도 경주시 용강동 900-1,2024-05-17 13:43:29
5050000,2004505010007500001,2004-07-19,,휴업,,,,,3820.8,,,하나마트,대형마트,I,2025-12-15 16:15:28,,휴업처리,2,02,0547490080,,400927.174799362    ,266625.858559194    ,경상북도 경주시 용강동 1276번지 7호   ,2007-07-21 10:52:34
5050000,2005505010007500001,2005-05-11,,영업/정상,,,,,3144.51,780-950,,홈플러스(주)경주점,대형마트,I,2025-12-15 16:15:28,경상북도 경주시  공단로  97 (용강동),정상영업,1,01,0547708000,대규모점포,400842.311928564    ,265950.991877537    ,경상북도 경주시 용강동 800번지 11호,2024-03-13 20:55:21
5050000,2013505021307500001,2013-10-30,,영업/정상,,,,,5133.82,780-020,,(주)준성공,백화점,I,2025-12-15 16:15:28,경상북도 경주시 계림로 101 (노동동),정상영업,1,01,,대규모점포,399897.502965733    ,262635.121193853    ,경상북도 경주시 노동동 140번지 6호,2014-10-06 13:57:52
5050000,2014505021307500001,2014-10-02,,영업/정상,,,,,1487.95,780-040,,탑마트 경주동부점,구분없음,I,2025-12-15 16:15:28,경상북도 경주시  중앙로  60 (동부동),정상영업,1,01,0547492007,준대규모점포,399781.468150029    ,262837.211916801    ,경상북도 경주시 동부동 105번지 1호,2025-04-28 13:57:39
5050000,2014505021307500002,2014-10-02,,영업/정상,,,,,1580.55,780-955,,탑마트 경주황성점,구분없음,I,2025-12-15 16:15:28,경상북도 경주시 용담로104번길 25 (황성동),정상영업,1,01,0547445588,준대규모점포,399650.194452188    ,265188.804677552    ,경상북도 경주시 황성동 903번지 8호,2025-04-28 13:50:53
5050000,2014505021307500003,2014-10-02,,영업/정상,,,,,1061.31,780-807,,탑마트 안강점,구분없음,I,2025-12-15 16:15:28,경상북도 경주시 안강읍 비화동길  41,정상영업,1,01,0547613113,준대규모점포,400640.60546017     ,278727.01233877     ,경상북도 경주시 안강읍 안강리 366번지 2호,2025-04-28 13:55:55
5050000,2019505035207500001,2019-02-27,,영업/정상,,,,,14558.83,,38117,모다아울렛 경주보문점,전문점,I,2025-12-15 16:15:28,"경상북도 경주시 보문로 452, 모다아울렛 경주보문점 (신평동)",영업개시전,5,01,03180600910,대규모점포,406640.745856422    ,262693.090896716    ,경상북도 경주시 신평동 375번지 4호,2019-02-27 17:40:19
5060000,2022506030707500001,2022-07-12,,영업/정상,,,,,772.72,,39629,김천농협 로컬푸드복합문화센터,구분없음,I,2026-05-05 22:00:12,경상북도 김천시 부곡길 91(부곡동),정상영업,1,01,0544202300,준대규모점포,298334.598256549    ,292267.789841371    ,경상북도 김천시 부곡동 874-12,2025-09-16 17:12:17
5060000,2014506010207500001,2014-04-01,,영업/정상,,,,2014-11-27,9111.86,,39544,롯데쇼핑(주)롯데마트김천점,대형마트,I,2026-05-05 22:00:12,"경상북도 김천시 시청로 80, 1층 (신음동)",정상영업,1,01,0221458000,대규모점포,300539.27821686     ,293407.852900489    ,경상북도 김천시 신음동 470,2026-04-30 10:18:39
5060000,2013506010207500001,2013-05-03,,영업/정상,,,,,12787,,39674,모다아울렛 김천구미점,쇼핑센터,I,2026-05-05 22:00:12,경상북도 김천시 아포읍 아포대로 1417,정상영업,1,01,0549106609,대규모점포,315259.441476919    ,295711.729369162    ,경상북도 김천시 아포읍 송천리 산 31번지 1호,2025-09-16 16:36:42
5060000,1998506001207500001,1998-07-29,,영업/정상,,,,,3679,,,김천농협 하나로마트,대형마트,I,2026-05-05 22:00:12,경상북도 김천시 자산로 147 (평화동),정상영업,1,01,0544202200,대규모점포,300544.530835278    ,292034.065172524    ,경상북도 김천시 평화동 28번지 8   호,2022-03-17 18:03:38
5060000,1997506001207500001,1997-12-22,,영업/정상,,,,,6318,,,(주)이마트 김천점,대형마트,I,2026-05-05 22:00:12,경상북도 김천시 시청로 75 (신음동),정상영업,1,01,0544201052,대규모점포,300454.619845122    ,293292.616281666    ,경상북도 김천시 신음동 990번지 1호,2024-04-16 09:55:50
5070000,2005507010207500001,2005-04-12,,휴업,,,,,6809.93,,,신세계이마트안동점,대형마트,I,2026-03-11 01:24:08,경상북도 안동시 옥동1길 2 (옥동),휴업처리,2,02,0548501250,,352071.498057006    ,341053.155066362    ,경상북도 안동시 옥동 796번지 1호   ,2007-06-23 10:20:20
5070000,2004507010207500001,2004-11-02,,휴업,,,,,6809.93,,,신세계 이마트 안동점,대형마트,I,2026-03-11 01:24:08,경상북도 안동시 옥동1길 2 (옥동),휴업처리,2,02,,,352071.498057006    ,341053.155066362    ,경상북도 안동시 옥동 796번지 1호   ,2007-06-23 10:20:20
5070000,2023507017807500001,2023-05-04,,영업/정상,,,,,247.3,,36719,GS THE FRESH 안동강변점,구분없음,I,2026-03-11 01:24:08,경상북도 안동시 중평길 107-27 (용상동),정상영업,1,01,,준대규모점포,356719.772420448    ,340829.538076125    ,경상북도 안동시 용상동 1517-155,2025-04-30 20:35:34
5070000,2005507010207500002,2005-04-12,,영업/정상,,,,,7639.69,,,(주)이마트 안동점,대형마트,I,2026-03-11 01:24:08,경상북도 안동시 옥동1길 2 (옥동),정상영업,1,01,0548501250,대규모점포,352071.498057006    ,341053.155066362    ,경상북도 안동시 옥동 796번지 1호,2024-04-25 13:43:42
5070000,2011507017807500001,2011-08-30,,영업/정상,,,,,4209.73,760-300,,안동봉화축산업협동조합 하나로마트,대형마트,I,2026-03-11 01:24:08,경상북도 안동시 경동로 220 (송현동),정상영업,1,01,,대규모점포,350799.243155088    ,342655.597379063    ,경상북도 안동시 송현동 564번지,2015-04-28 11:41:44
5070000,2012507017807500001,2012-05-10,,영업/정상,,,,,19660,760-110,,홈플러스(주) 안동점,대형마트,I,2026-03-11 01:24:08,경상북도 안동시 경동로 656 (운흥동),정상영업,1,01,0548408300,대규모점포,354764.104994681    ,341554.03301387     ,경상북도 안동시 운흥동 247번지 58호,2024-03-05 09:38:55
5070000,2012507017807500002,2012-05-10,,영업/정상,,,,,19660,,36706,홈플러스(주) 안동점,대형마트,I,2026-03-11 01:24:08,"경상북도 안동시 경동로 656, 홈플러스 (운흥동)",정상영업,1,01,0548408300,대규모점포,354764.104994681    ,341554.03301387     ,경상북도 안동시 운흥동 247-28 홈플러스,2021-02-20 11:15:07
5070000,2019507017807500001,2019-01-15,,폐업,2025-12-10,,,,142.23,,36695,노브랜드 안동구시장점,복합쇼핑몰,I,2026-03-11 01:24:08,경상북도 안동시 번영4길 15 (서부동),폐업처리,3,03,023809461,준대규모점포,354708.469102592    ,341870.144885659    ,경상북도 안동시 서부동 149번지 40호,2025-12-10 16:55:31
5080000,2012508013307500001,2012-02-16,,폐업,2014-06-12,,,,1053.1,730-020,,(주)지에스리테일 구미도량점,그 밖의 대규모점포,I,2025-12-15 16:15:28,,폐업처리,3,03,0547157015,준대규모점포,318425.458916983    ,294018.730370673    ,경상북도 구미시 도량동 226번지,2014-07-14 14:33:17
5080000,2011508013307500003,2011-09-26,,폐업,2020-03-09,,,,957.45,730-929,,롯데쇼핑(주)롯데슈퍼형곡점,그 밖의 대규모점포,I,2025-12-15 16:15:28,경상북도 구미시 형곡서로 74 (형곡동),폐업처리,3,03,0544515603,준대규모점포,320147.221331596    ,290613.237041108    ,"경상북도 구미시 형곡2동 252번지 ,252-1",2020-03-10 16:53:47
5080000,2011508013307500002,2011-09-16,,폐업,2020-03-03,,,,1073.22,,39294,(주)지에스리테일 GS수퍼 구미형곡점,구분없음,I,2025-12-15 16:15:28,경상북도 구미시 형곡중앙로 55 (형곡동),폐업처리,3,03,0544520100,준대규모점포,320398.906692341    ,291000.763134341    ,경상북도 구미시 형곡동 145번지 17호 외 2필지,2020-03-04 14:24:28
5080000,2008508013307500001,2008-12-10,,폐업,2022-12-31,,,,13562.72,730-011,,보성산업 주식회사(구미역사지점),쇼핑센터,I,2025-12-15 16:15:28,,폐업처리,3,03,0544445221,대규모점포,319791.670828281    ,292767.76066196     ,경상북도 구미시 원평동 1008번지 1호,2024-01-11 13:50:55
5080000,2005508013307500002,2005-12-09,,영업/정상,,,,,15376,,39347,홈플러스(주) 구미점,대형마트,I,2025-12-15 16:15:28,"경상북도 구미시 구미대로 174, 홈플러스 구미광평점 (광평동)",정상영업,1,01,0544598000,대규모점포,322735.286027559    ,290001.107358242    ,경상북도 구미시 광평동 792-21 홈플러스 구미광평점,2024-03-13 09:44:55
5080000,2024508034907500001,2024-08-26,,영업/정상,,,,,3027.82,,39146,HS식자재도매유통 구미점,대형마트,I,2025-12-15 16:15:28,경상북도 구미시 고아읍 들성로 119-11,정상영업,1,01,,대규모점포,319916.169862581    ,296003.377355709    ,경상북도 구미시 고아읍 원호리 223-3,2025-12-09 09:23:01
5080000,2017508013307500001,2017-06-07,,영업/정상,,,,,476.19,,39127,노브랜드 구미선산시장점,구분없음,I,2025-12-15 16:15:28,경상북도 구미시 선산읍 단계동길 24 (선산시장),정상영업,1,01,0544829633,준대규모점포,316890.209341724    ,305125.45113396     ,,2025-07-25 11:38:20
5080000,2015508013307500001,2015-09-23,,영업/정상,,,,,9932.33,,39421,해마루밸리,쇼핑센터,I,2025-12-15 16:15:28,경상북도 구미시 해마루공원로 21 (구포동),정상영업,1,01,0544758908,대규모점포,328477.262533758    ,293642.054135141    ,"경상북도 구미시 구포동 1079번지 1080, 1081",2016-03-22 09:40:02
5080000,2014508013307500001,2014-04-24,,영업/정상,,,,,406.91,,,(주)에이치앤지홀세일 에브리데이리테일 구미송정점,그 밖의 대규모점포,I,2025-12-15 16:15:28,경상북도 구미시 백산로 54 (송정동),정상영업,1,01,023805847,준대규모점포,320516.653079346    ,292082.162163155    ,,2015-06-17 17:38:26
5080000,2012508013307500002,2012-06-11,,영업/정상,,,,,11235.05,730-200,,금오G7 스퀘어,대형마트,I,2025-12-15 16:15:28,,정상영업,1,01,0544552022,대규모점포,318302.590491105    ,293930.748700857    ,경상북도 구미시 봉곡동 33번지 3호 외 7필지,2018-02-12 09:14:05
5080000,2011508013307500004,2011-09-27,,영업/정상,,,,,1595,730-927,,(주)이마트에브리데이 형곡동점,그 밖의 대규모점포,I,2025-12-15 16:15:28,"경상북도 구미시 경은로 88 (형곡동, 20,21)",정상영업,1,01,0544527007,준대규모점포,320332.482703667    ,291158.238362821    ,경상북도 구미시 형곡1동 143번지 19호 외 2필지,2021-05-14 09:25:32
5080000,2011508013307500001,2011-02-23,,영업/정상,,,,,12976.74,,39393,(주)이마트 동구미점,대형마트,I,2025-12-15 16:15:28,경상북도 구미시 이계북로 23 (임수동),정상영업,1,01,0544801234,대규모점포,326413.552127775    ,290452.303117835    ,경상북도 구미시 임수동 92-28,2024-04-18 15:17:34
5080000,2009508013307500001,1990-05-12,,영업/정상,,,,,5755.53,730-729,,동아백화점구미점,대형마트,U,2026-05-05 03:03:03,"경상북도 구미시 송원동로 28 (송정동, 동아백화점)",정상영업,1,01,0544590220,대규모점포,321336.908311758    ,291866.814770578    ,경상북도 구미시 송정동 60번지 동아백화점,2026-05-04 10:30:15
5080000,2005508013307500003,2005-12-21,,영업/정상,,,,,21521,,,롯데쇼핑(주)롯데마트구미점,복합쇼핑몰,U,2026-05-01 03:03:03,경상북도 구미시 구미대로22길 11 (신평동),정상영업,1,01,0544402501,대규모점포,322854.380277954    ,291225.602303128    ,경상북도 구미시 신평동 465호,2026-04-30 13:51:30
5080000,2005508010807500001,2002-04-17,,영업/정상,,,,,9551.12,,,(주)이마트 구미점,그 밖의 대규모점포,I,2025-12-15 16:15:28,경상북도 구미시 구미대로 256 (광평동),정상영업,1,01,0544671053,대규모점포,322824.51490748     ,290746.468249832    ,경상북도 구미시 광평동 65번지 1호,2024-04-19 11:14:31
5090000,2012509007907500004,1982-05-06,,영업/정상,,,,,2516.58,750-915,,영주종합시장,시장,I,2025-12-15 16:15:28,경상북도 영주시 선비로79번길 40-12 (휴천동),정상영업,1,01,0546311420,대규모점포,344677.084839061    ,369207.950589829    ,경상북도 영주시 휴천2동 305번지,2024-07-31 15:31:25
5090000,2012509007907500003,2012-05-21,,영업/정상,,,,,123.02,750-050,,영주농협남부지점 하나로마트,구분없음,I,2025-12-15 16:15:28,경상북도 영주시 번영로 62 (휴천동),정상영업,1,01,0546352857,준대규모점포,345274.041200316    ,369680.159668102    ,경상북도 영주시 휴천동 698번지 13호,2014-09-22 09:23:02
5090000,2012509007907500002,2012-05-21,,영업/정상,,,,,492.94,750-010,,영주농협하나로마트중앙점,구분없음,I,2025-12-15 16:15:28,경상북도 영주시 구성로 350 (영주동),영업개시전,5,01,0546369550,준대규모점포,344754.435402154    ,370337.910470637    ,경상북도 영주시 영주동 549번지 4호,2022-06-27 15:51:24
5090000,2012509007907500001,2012-04-23,,영업/정상,,,,,1628.33,750-050,,롯데쇼핑(주)롯데슈퍼 영주점,구분없음,I,2025-12-24 02:40:00,경상북도 영주시 구성로 256 (휴천동),정상영업,1,01,0546325601,준대규모점포,345200.857882274    ,369525.647407351    ,경상북도 영주시 휴천동 693번지 9호,2025-12-22 18:43:47
5090000,2009509007907500001,2009-04-06,,영업/정상,,,,,3096.69,750-802,,(사)풍기선비골인삼시장,그 밖의 대규모점포,I,2025-12-15 16:15:28,경상북도 영주시 풍기읍 소백로 2156,정상영업,1,01,0546363450,대규모점포,337271.366066649    ,377263.393452408    ,경상북도 영주시 풍기읍 산법리 446번지 4호  외 1필,2024-07-31 15:30:55
5090000,2026509018007500001,2026-04-24,,영업/정상,,,,,1628.33,,36161,롯데쇼핑(주)롯데슈퍼 영주점,대형마트,I,2026-04-24 21:50:43,"경상북도 영주시 구성로 256, 롯데마트 (휴천동)",정상영업,1,01,0546325601,준대규모점포,345200.857882274    ,369525.647407351    ,경상북도 영주시 휴천동 693-9 롯데마트,2026-04-22 14:54:18
5090000,2007509007907500001,2007-07-26,,영업/정상,,,,,3514,750-120,,영주농협 파머스마켓,대형마트,I,2025-12-15 16:15:28,경상북도 영주시 구성로 25 (조암동),정상영업,1,01,0546393000,대규모점포,345554.361214286    ,367260.361864504    ,경상북도 영주시 조암동 962번지 5호,2014-10-14 10:40:35
5090000,2003509001407500004,2003-09-08,,영업/정상,,,,,0,,,풍기인삼시장,그 밖의 대규모점포,I,2025-12-15 16:15:28,경상북도 영주시 풍기읍 인삼로 8,정상영업,1,01,0546367948,대규모점포,335778.940713231    ,375697.075772226    ,경상북도 영주시 풍기읍 서부리 145번지 3호,2013-12-25 15:44:45
5090000,2013509007907500002,2013-07-29,,영업/정상,,,,,6860,,,영주농산물종합시장,그 밖의 대규모점포,I,2025-12-15 16:15:28,경상북도 영주시 대학로261번길 30 (가흥동),정상영업,1,01,,대규모점포,,,,2013-07-30 08:58:22
5090000,2013509007907500001,2013-01-04,,영업/정상,,,,,4677.79,750-804,,소백산인삼시장,그 밖의 대규모점포,I,2025-12-15 16:15:28,경상북도 영주시 풍기읍 죽령로 1365,정상영업,1,01,,대규모점포,331898.639161569    ,376929.304750739    ,경상북도 영주시 풍기읍 창락리 160번지 6호,2013-01-04 12:59:31
5090000,2007509007907500002,2007-08-28,,영업/정상,,,,,9940,750-050,,홈플러스영주점,복합쇼핑몰,I,2025-12-15 16:15:28,경상북도 영주시 대학로 29 (휴천동),정상영업,1,01,,대규모점포,344613.93540275     ,368751.265419564    ,경상북도 영주시 휴천동 329번지 1호,2024-02-29 09:05:38
5100000,2000510007207500003,1958-09-20,,영업/정상,,,,,,,,신녕공설시장,그 밖의 대규모점포,I,2025-12-15 16:15:28,경상북도 영천시 신녕면 본관시장길 3,정상영업,1,01,0543320121,,361011.615812107    ,283877.590740345    ,경상북도 영천시 신녕면 화성리 866번지 1호   ,2007-07-21 10:35:06
5100000,2005510007207500001,2005-04-11,,영업/정상,,,,,4970.27,,,(주)이마트영천점,대형마트,I,2025-12-15 16:15:28,경상북도 영천시 최무선로 83 (오수동),정상영업,1,01,0543301252,대규모점포,372336.077241114    ,274785.0162073      ,경상북도 영천시 오수동 286호,2024-04-16 14:38:44
5100000,2012510012107500001,2012-04-24,,폐업,2015-12-30,,,,1658,770-906,,(주)에브리데이리테일 영천점,구분없음,I,2025-12-15 16:15:28,경상북도 영천시 완산로 64-34 (완산동),폐업처리,3,03,0543337300,준대규모점포,375014.171484032    ,275744.445433457    ,경상북도 영천시 완산동 1004번지,2015-12-30 16:14:50
5100000,2000510007207500005,1981-08-28,,영업/정상,,,,,,,,문화상가,그 밖의 대규모점포,I,2025-12-15 16:15:28,,정상영업,1,01,0543330598,,,,경상북도 영천시 야사동 187호   ,2007-07-21 10:35:06
5100000,2000510007207500004,1958-11-06,,영업/정상,,,,,,,,대창공설시장,그 밖의 대규모점포,I,2025-12-15 16:15:28,,정상영업,1,01,0543306611,,371220.748165433    ,265492.693937159    ,경상북도 영천시 대창면 대창리 1076번지 11호   ,2007-07-21 10:35:06
5100000,2000510007207500001,1955-05-01,,영업/정상,,,,,,,,영천공설시장,그 밖의 대규모점포,I,2025-12-15 16:15:28,경상북도 영천시 시장4길 52 (완산동),정상영업,1,01,0543311772,,374806.809412328    ,275505.133875124    ,경상북도 영천시 완산동 982번지 3호   ,2007-07-21 10:35:06
5100000,2000510007207500002,1955-12-10,,영업/정상,,,,,,,,금호공설시장,그 밖의 대규모점포,I,2025-12-15 16:15:28,,정상영업,1,01,,,368990.236370771    ,271781.123729464    ,경상북도 영천시 금호읍 교대리 167번지 35호   ,2007-07-21 10:35:06
5110000,2008511012407500001,2008-10-21,,폐업,2008-12-11,,,,8053,742-906,,홈플러스테스코(주) 상주점,그 밖의 대규모점포,I,2025-12-15 16:15:28,경상북도 상주시 삼백로 71 (무양동),폐업처리,3,03,,,303243.580883618    ,324856.00039883     ,경상북도 상주시 무양동 291번지,2009-05-03 11:09:15
5110000,2007511009507500001,2007-02-08,,폐업,2008-10-23,,,,1173.5,,,(주)이랜드리테일 홈에버 상주점,대형마트,I,2025-12-15 16:15:28,경상북도 상주시 삼백로 71 (무양동),폐업처리,3,03,0545329600,,303243.580883618    ,324856.00039883     ,경상북도 상주시 무양동 291호,2009-05-03 10:42:56
5110000,2007511017907500001,2007-06-30,,영업/정상,,,,,6771,,,(주)이마트 상주점,대형마트,I,2025-12-15 16:15:28,경상북도 상주시 경상대로 3141 (만산동),정상영업,1,01,0545371052,대규모점포,303160.698546531    ,325823.257676029    ,,2014-04-09 08:45:59
5110000,2007511012407500001,2007-04-02,,영업/정상,,,,,6771,742-260,,(주)이마트 상주점,대형마트,I,2025-12-15 16:15:28,경상북도 상주시 경상대로 3141 (만산동),정상영업,1,01,0545371052,대규모점포,303160.698546531    ,325823.257676029    ,경상북도 상주시 만산동 693번지 29호,2024-04-18 09:04:22
5110000,2007511009507500002,2007-02-12,,휴업,,,,,7596.9,,,허브아울렛,쇼핑센터,I,2025-12-15 16:15:28,경상북도 상주시 삼백로 71 (무양동),휴업처리,2,02,0545313600,,303243.580883618    ,324856.00039883     ,경상북도 상주시 무양동 291호   ,2007-06-30 11:57:40
5120000,2020512022107500001,2020-02-20,,영업/정상,,,,,473.48,,36954,노브랜드 문경시장점,복합쇼핑몰,I,2026-01-07 17:29:46,경상북도 문경시 중앙시장길 25 (점촌동),정상영업,1,01,0545556103,준대규모점포,307050.214759192    ,344344.79290796     ,경상북도 문경시 점촌동 195번지 9호,2025-11-26 17:41:28
5120000,2019512022107500001,2019-11-15,,영업/정상,,,,,297,,36986,노브랜드문경모전점,그 밖의 대규모점포,I,2026-01-07 17:29:46,경상북도 문경시 당교로 242 (모전동),정상영업,1,01,0545538899,준대규모점포,306400.55237364     ,343402.200302868    ,경상북도 문경시 모전동 862번지,2024-12-11 08:46:46
5120000,2008512001207500001,2008-09-22,,영업/정상,,,,,9503.99,745-883,,홈플러스(주) 문경점,그 밖의 대규모점포,I,2026-01-07 17:29:46,경상북도 문경시 모전로 65 (모전동),정상영업,1,01,0545598000,대규모점포,306449.794700085    ,343567.171140178    ,경상북도 문경시 모전동 859번지 2호,2024-02-29 10:03:29
5120000,2012512012007500001,2012-04-04,,영업/정상,,,,,1895,745-887,,(주)지에스리테일 문경점,그 밖의 대규모점포,I,2026-01-07 17:29:46,경상북도 문경시 영신로 12 (점촌동),정상영업,1,01,0545529573,준대규모점포,307308.791169901    ,344302.511877687    ,경상북도 문경시 점촌동 272번지 36호,2025-04-08 17:56:57
5130000,2021513018007500001,2021-10-25,,영업/정상,,,,,662.15,,38699,(주)이마트에브리데이 경산무학점,그 밖의 대규모점포,I,2025-12-15 16:15:28,경상북도 경산시 하양읍 서사도리4로 8,정상영업,1,01,023805930,준대규모점포,363181.924592778    ,270283.834577387    ,경상북도 경산시 하양읍 양지리 262,2024-07-31 17:28:32
5130000,2013513014807500002,2013-04-23,,영업/정상,,,,,23380.29,712-060,,홈플러스 경산점,대형마트,I,2025-12-15 16:15:28,경상북도 경산시 경안로 288 (중방동),정상영업,1,01,0537158124,대규모점포,356759.626317364    ,260575.764529063    ,경상북도 경산시 중방동 896번지,2024-02-29 11:42:00
5130000,2001513001707500001,2001-05-12,,영업/정상,,,,,12133,,,NC 경산점,쇼핑센터,U,2026-05-08 03:03:03,경상북도 경산시 중앙로 39 (중방동),정상영업,1,01,0220125805,대규모점포,356401.773686684    ,259344.674567842    ,경상북도 경산시 중방동 332번지 13호,2026-05-07 16:34:39
5130000,2012513013507500001,2012-01-06,,폐업,2024-09-19,,,,1630.5,712-902,,(주)이마트에브리데이 하양점,그 밖의 대규모점포,I,2025-12-15 16:15:28,경상북도 경산시 하양읍 대학로295길 2,폐업처리,3,03,0538578900,준대규모점포,364473.951877198    ,269325.259827528    ,경상북도 경산시 하양읍 금락리 401번지 1호 외 3필지,2024-09-26 13:03:29
5130000,2006513001707500001,2006-06-05,,영업/정상,,,,2006-06-05,15129,712-280,,(주)이마트경산점,대형마트,I,2025-12-15 16:15:28,경상북도 옥산로 227,정상영업,1,01,0539401052,대규모점포,355355.508106476    ,260760.335978186    ,경상북도 경산시 중산동 623번지,2024-04-19 11:11:56
5130000,2006513001707500002,2006-08-29,,영업/정상,,,,,4651.84,712-130,,조아아울렛,전문점,I,2025-12-15 16:15:28,경상북도 경산시 강변동로 278 (대평동),정상영업,1,01,0538114924,대규모점포,356547.495675322    ,260770.159857966    ,경상북도 경산시 대평동 439번지 7호,2012-09-14 16:15:09
5130000,2013513014807500001,2013-03-25,,영업/정상,,,,,2898,712-902,,하양공설시장,그 밖의 대규모점포,I,2025-12-15 16:15:28,경상북도 경산시 하양읍 대학로 1543,정상영업,1,01,0538105121,대규모점포,364169.904708067    ,269893.914956882    ,경상북도 경산시 하양읍 금락리 35번지 6호,2013-03-28 10:34:14
5190000,2011519005807500002,2011-10-20,,영업/정상,,,,,1054.62,714-803,,(주)서원유통 탐마트 청도점,그 밖의 대규모점포,I,2026-05-07 22:00:29,경상북도 청도군 청도읍 고수동4길 7-11,정상영업,1,01,0543738223,준대규모점포,358040.37973234     ,239478.769025543    ,경상북도 청도군 청도읍 고수8리 817번지 1호,2014-03-06 09:22:55
5190000,2011519005807500001,2011-10-20,,폐업,2021-01-08,,,,224.8,,38362,롯데슈퍼 청도금천가맹점,그 밖의 대규모점포,I,2026-05-07 22:00:29,경상북도 청도군 금천면 금천로 83,폐업처리,3,03,0543725454,준대규모점포,370810.921425777    ,245549.501196779    ,경상북도 청도군 금천면 동곡리 400번지 1호,2021-01-12 15:27:23
5210000,2012521006507500001,2012-05-11,,영업/정상,,,,,548.4,719-801,,롯데쇼핑(주)롯데슈퍼 성주점,복합쇼핑몰,I,2026-05-11 22:03:33,경상북도 성주군 성주읍 성주읍3길 41,정상영업,1,01,0549315605,준대규모점포,316238.703131911    ,269792.302708938    ,경상북도 성주군 성주읍 예산리 339번지 3호,2025-12-23 11:44:02
5210000,2012521006507500002,2012-06-11,,영업/정상,,,,,1359.7,719-804,,이마트에브리데이 성주점,복합쇼핑몰,I,2026-05-11 22:03:34,경상북도 성주군 성주읍 성주로 3246,정상영업,1,01,0549319710,준대규모점포,316256.794096928    ,269352.801332245    ,경상북도 성주군 성주읍 성산리 661번지 5호,2024-08-01 13:47:14
5240000,1980524000807500001,1980-09-24,,영업/정상,,,,,,,,봉화제1상설시장,그 밖의 대규모점포,I,2026-05-11 22:03:26,,정상영업,1,01,0546732516,,,,경상북도 봉화군 봉화읍 내성리 394-18호   ,2007-07-21 11:49:13
5240000,1989524000807500001,1989-11-28,,영업/정상,,,,,,,,봉화제2상설시장,그 밖의 대규모점포,I,2026-05-11 22:03:26,,정상영업,1,01,0546730061,,,,경상북도 봉화군 봉화읍 내성리 호 394-1  ,2007-07-21 11:49:13
5310000,2014531014307500002,2014-07-17,,영업/정상,,,,,9081,,52703,(주)서원유통 탑마트 서진주점,대형마트,I,2025-12-15 16:15:28,"경상남도 진주시 새평거로 136, 탑마트 진주평거점 (평거동)",정상영업,1,01,0513302553,대규모점포,296667.581907024    ,186203.859967488    ,경상남도 진주시 평거동 921 탑마트 진주평거점,2025-04-28 17:02:46
5310000,1997531000007500015,2014-09-18,,영업/정상,,,,,5845,,,삼전프라자상가,대형마트,I,2025-12-15 16:15:28,경상남도 진주시 도동로 251 (하대동),정상영업,1,01,0557580959,대규모점포,302039.942281779    ,188748.784334961    ,경상남도 진주시 하대동 315호,2025-09-01 15:48:48
5310000,2012531014307500004,2012-06-13,,영업/정상,,,,,382.5,660-844,,롯데쇼핑(주) 롯데슈퍼문산가맹점,구분없음,I,2025-12-15 16:15:28,경상남도 진주시 문산읍 월아산로 1080,정상영업,1,01,0557614977,준대규모점포,305904.34666491     ,185966.439494224    ,경상남도 진주시 문산읍 삼곡리 1279번지 1호,2015-03-12 14:20:46
5310000,2012531014307500003,2012-06-13,,영업/정상,,,,,186.8,660-290,,롯데쇼핑(주) 롯데슈퍼 주약가맹점,구분없음,I,2025-12-15 16:15:28,경상남도 진주시 진주대로 847 (주약동),정상영업,1,01,0557623756,준대규모점포,299405.466916425    ,186883.448711247    ,경상남도 진주시 주약동 156번지 5호,2015-03-12 14:18:29
5310000,2012531014307500001,2014-12-29,,영업/정상,,,,,23584,,52683,한화갤러리아(주) 진주점,백화점,I,2025-12-15 16:15:28,"경상남도 진주시 진주대로 1095, 한화갤러리아백화점 (평안동)",정상영업,1,01,0557911000,대규모점포,298496.244248712    ,189144.044742329    ,경상남도 진주시 평안동 195번지 한화갤러리아백화점,2023-11-29 17:53:38
5310000,2011531014307500001,2011-11-18,,영업/정상,,,,,1482,660-992,,(주)지에스리테일 진주평거점,구분없음,I,2025-12-15 16:15:28,경상남도 진주시 순환로 546 (평거동),정상영업,1,01,0557437464,준대규모점포,296568.70616118     ,186495.418965126    ,경상남도 진주시 평거동 204번지 1호,2025-04-23 14:00:19
5310000,2010531001307500001,2014-09-17,,영업/정상,,,,,10703,,52775,홈플러스 진주점,대형마트,I,2025-12-15 16:15:28,"경상남도 진주시 대신로 304, 홈플러스 (상대동)",정상영업,1,01,0557718121,대규모점포,301729.02108352     ,188168.815314509    ,경상남도 진주시 상대동 181-1 홈플러스,2021-06-16 17:11:06
5310000,2007531001307500001,2007-05-31,,영업/정상,,,,,10708.3,,,홈플러스 진주점,대형마트,I,2025-12-15 16:15:28,경상남도 진주시 대신로 181-1 (하대동),정상영업,1,01,0557718000,대규모점포,301729.02108352     ,188168.815314509    ,경상남도 진주시 상대동 181번지 1   호,2011-11-09 11:21:08
5310000,2005531001307500001,2020-04-29,,영업/정상,,,,,11028,660-020,,(주)이마트 진주점,대형마트,I,2025-12-15 16:15:28,경상남도 진주시 진양호로 477 (인사동),정상영업,1,01,0557491052,대규모점포,298054.527527208    ,188573.551987221    ,경상남도 진주시 인사동 3번지,2024-04-24 18:07:33
5310000,2004531001307500001,2012-04-23,,영업/정상,,,,,23584.44,660-725,,갤러리아백화점 진주점,백화점,I,2025-12-15 16:15:28,경상남도 진주시 진주대로 1095 (평안동),정상영업,1,01,0557911000,대규모점포,298496.244248712    ,189144.044742329    ,경상남도 진주시 평안동 195번지 한화갤러리아백화점,2013-07-25 14:49:41
5310000,2014531014307500001,2000-08-29,,영업/정상,,,,,10370,,,(주)이마트 진주점,대형마트,I,2025-12-15 16:15:28,경상남도 진주시 진양호로 477-0 (인사동),정상영업,1,01,0557491234,대규모점포,298054.527527208    ,188573.551987221    ,,2015-03-12 13:36:00
5310000,1996531000007500014,1996-12-11,,영업/정상,,,,,,,,상대동한보아파트단지내상가시장,그 밖의 대규모점포,I,2025-12-15 16:15:28,,정상영업,1,01,05917467474,,,,경상남도 진주시 상대동 304번지 4   호   ,2007-06-23 10:43:48
5310000,2005531001307500002,2005-06-14,,폐업,2010-03-29,,,,0,,,몰에이지일공삼공주식회사,쇼핑센터,I,2025-12-15 16:15:28,경상남도 진주시 진주대로 1057 (대안동),폐업처리,3,03,0557537552,대규모점포,298620.498895169    ,188831.385790328    ,경상남도 진주시 대안동 13번지 13호,2011-11-09 11:24:02
5310000,1993531000007500011,1993-09-22,,폐업,2012-06-18,,,,36,660-991,,평거한보타운 상가,그 밖의 대규모점포,I,2025-12-15 16:15:28,경상남도 진주시 진양호로97번길 19-6 (평거동),폐업처리,3,03,05917467474,준대규모점포,295565.996163516    ,186086.819692199    ,경상남도 진주시 평거동 737번지,2012-06-18 11:46:33
5310000,1995531000007500013,1995-10-18,,영업/정상,,,,,3120,,52678,평거한보하이타운상가,그 밖의 대규모점포,I,2025-12-15 16:15:28,"경상남도 진주시 순환로553번길 7 (평거동, 한보하이타운)",정상영업,1,01,0557480640,대규모점포,296424.923226344    ,186452.598636456    ,경상남도 진주시 평거동 301-1 한보하이타운,2023-09-20 10:55:16
5310000,1994531000007500012,1994-07-30,,영업/정상,,,,,9952,,,진주동성상가,그 밖의 대규모점포,I,2025-12-15 16:15:28,경상남도 진주시 진주대로 901 (강남동),정상영업,1,01,0557611789,대규모점포,299152.267196173    ,187400.955998922    ,경상남도 진주시 강남동 219호,2024-08-27 16:09:24
5310000,1993531000007500010,1993-05-01,,영업/정상,,,,,13322.2,,,이현종합시장,그 밖의 대규모점포,I,2025-12-15 16:15:28,경상남도 진주시 신안로 165 (이현동),정상영업,1,01,05917420343,준대규모점포,297025.718897576    ,188606.434663441    ,경상남도 진주시 이현동 21번지 3   호,2015-05-18 09:29:42
5310000,1992531000007500009,1992-09-09,,영업/정상,,,,,103.78,,,상봉한주타운상가,그 밖의 대규모점포,I,2025-12-15 16:15:28,경상남도 진주시 진주대로1208번길 20 (상봉동),정상영업,1,01,05917620150,준대규모점포,297481.979945963    ,189052.245134973    ,경상남도 진주시 상봉동 1096호,2011-11-09 15:18:00
5310000,1990531000007500008,1990-04-25,,영업/정상,,,,,150,660-290,,한주럭키상가,그 밖의 대규모점포,I,2025-12-15 16:15:28,경상남도 진주시 진주대로 859-1 (주약동),정상영업,1,01,05917620150,준대규모점포,299297.334638544    ,186900.608241316    ,경상남도 진주시 주약동 156번지,2011-11-09 15:22:48
5310000,1988531000007500007,1988-05-28,,영업/정상,,,,,5678.49,,,진주중앙지하도상가,그 밖의 대규모점포,I,2025-12-15 16:15:28,경상남도 진주시 진주대로 지하 1035 (대안동),정상영업,1,01,0557417014,대규모점포,298649.36747379     ,188906.282559174    ,경상남도 진주시 대안동 21호,2019-09-06 12:24:59
5310000,1981531000007500006,1981-12-24,,영업/정상,,,,,0,,,공단종합시장,그 밖의 대규모점포,I,2025-12-15 16:15:28,경상남도 진주시 상대로69번길 8 (하대동),정상영업,1,01,05917526652,준대규모점포,301952.964421895    ,187911.22694411     ,경상남도 진주시 하대동 70번지 2   호,2011-11-09 15:35:18
5310000,1980531000007500005,1980-07-31,,영업/정상,,,,,0,,,동부종합상가,그 밖의 대규모점포,I,2025-12-15 16:15:28,경상남도 진주시 대신로299번길 7 (상대동),정상영업,1,01,05917463377,준대규모점포,301592.519100528    ,188108.237829653    ,경상남도 진주시 상대동 193번지 1   호,2011-11-09 16:11:25
5310000,1979531000007500004,1979-08-24,,영업/정상,,,,,510,,,자유시장,그 밖의 대규모점포,I,2025-12-15 16:15:28,경상남도 진주시 도동천로 93 (상대동),정상영업,1,01,05917523095,준대규모점포,301039.754221287    ,187332.490330473    ,경상남도 진주시 상대동 276번지 17  호,2013-07-25 14:47:15
5310000,2012531014307500002,2012-05-09,,폐업,2026-01-01,,,,260,,52697,홈플러스(주)익스프레스 신안점,구분없음,I,2025-12-25 02:40:00,경상남도 진주시 진양호로 270 (신안동),폐업처리,3,03,,준대규모점포,296831.469799527    ,187012.515018214    ,경상남도 진주시 신안동 582-8,2025-12-23 16:45:47
5310000,2014531014307500003,2014-09-04,,영업/정상,,,,,13693,660-822,,모다아울렛 진주1호점,전문점,I,2025-12-15 16:15:28,경상남도 진주시 정촌면 삼일로95번길 46,정상영업,1,01,0559231191,대규모점포,300045.755290671    ,182016.059175772    ,경상남도 진주시 정촌면 예하리 1276번지 1호,2021-12-29 10:25:21
5310000,2014531014307500004,2014-09-04,,영업/정상,,,,,4803.48,660-822,,모다아울렛 진주2호점,전문점,I,2025-12-15 16:15:28,경상남도 진주시 정촌면 삼일로105번길 15,정상영업,1,01,0559231100,대규모점포,300034.548207885    ,181822.424910566    ,경상남도 진주시 정촌면 예하리 1277번지 3호,2024-05-03 11:52:02
5310000,2015531014307500001,2015-06-16,,영업/정상,,,,,34629.63,,52851,롯데몰 진주점,복합쇼핑몰,U,2026-04-08 03:03:03,경상남도 진주시 동진로 440 (충무공동),정상영업,1,01,0557912536,대규모점포,303762.559264618    ,187362.850391251    ,경상남도 진주시 충무공동 35번지,2026-04-07 10:31:56
5310000,2016531014307500001,2016-04-01,,영업/정상,,,,,234.55,,52697,(주)지에스리테일 진주신안점,구분없음,I,2025-12-15 16:15:28,경상남도 진주시 진양호로 302 (신안동),정상영업,1,01,0220063059,준대규모점포,296992.175715797    ,187280.490024175    ,경상남도 진주시 신안동 581번지 1호,2025-04-23 14:01:36
5310000,2024531031407500001,2024-04-23,,영업/정상,,,,,3240.46,,,진주남부농협 하나로마트,그 밖의 대규모점포,I,2025-12-15 16:15:28,,정상영업,1,01,,대규모점포,300211.354606774    ,181815.943424691    ,"경상남도 진주시 정촌면 예하리 1279-1 2, 9, 10",2024-07-20 14:43:52
5310000,2024531031407500002,2024-06-25,,영업/정상,,,,,38466.76,,,몰 오브 진주,복합쇼핑몰,I,2025-12-15 16:15:28,,영업개시전,5,01,0262637500,대규모점포,301327.787954106    ,185111.050350481    ,경상남도 진주시 호탄동 740 외 26필지,2024-06-25 17:11:48
5310000,1895531000007500001,1988-04-07,,영업/정상,,,,,12487,,,진주중앙시장,그 밖의 대규모점포,I,2025-12-15 16:15:28,경상남도 진주시 진양호로547번길 8-1 (대안동),정상영업,1,01,0557412151,대규모점포,298731.171755576    ,188837.704131431    ,경상남도 진주시 대안동 8번지 600호,2024-08-26 09:48:07
5310000,1945531000007500002,1988-04-07,,영업/정상,,,,,260,,,천전시장,그 밖의 대규모점포,I,2025-12-15 16:15:28,경상남도 진주시 진주대로 952-1 (칠암동),정상영업,1,01,05917521805,준대규모점포,299074.698991166    ,187857.939016909    ,경상남도 진주시 칠암동 306번지 1호,2013-07-25 14:47:50
5310000,1955531000007500003,1988-04-07,,영업/정상,,,,,540,660-040,,서부시장,그 밖의 대규모점포,I,2025-12-15 16:15:28,경상남도 진주시 촉석로 129 (봉곡동),정상영업,1,01,05917413176,준대규모점포,297947.479232592    ,188815.678231131    ,경상남도 진주시 봉곡동 31번지 1호,2013-07-25 14:48:14
5330000,2000533000007500000,1984-01-26,,영업/정상,,,,,0,,,서호전통시장,그 밖의 대규모점포,I,2026-05-04 22:00:45,경상남도 통영시 충렬안길 35-6 (서호동),정상영업,1,01,05576453024,대규모점포,329787.771178459    ,150296.717151054    ,경상남도 통영시 서호동 163호,2013-07-16 10:56:08
5330000,2020533022707500001,2019-02-08,,폐업,2024-01-24,,,,413.22,,53019,노브랜드 통영광도점,구분없음,I,2026-05-04 22:00:47,"경상남도 통영시 광도면 죽림2로 49-27, 알파문구",폐업처리,3,03,0556437432,준대규모점포,329571.03665245     ,154541.595517391    ,경상남도 통영시 광도면 죽림리 1575번지 7호 1층,2024-02-08 09:41:35
5330000,2000533000007500003,1984-01-28,,영업/정상,,,,,,,,충무데파트종합상설시장,그 밖의 대규모점포,I,2026-05-04 22:00:45,,정상영업,1,01,05576458976,,,,경상남도 통영시 태평동 409번지 1   호   ,2017-03-15 15:08:27
5330000,2000533000007500002,1980-10-18,,영업/정상,,,,,0,,,통영중앙시장사업협동조합,그 밖의 대규모점포,I,2026-05-04 22:00:45,,정상영업,1,01,05576458976,대규모점포,,,경상남도 통영시 중앙동 38-4호,2012-07-06 17:14:52
5330000,2020533022707500002,2020-04-23,,영업/정상,,,,,0,,53013,(주)이마트 통영점,쇼핑센터,I,2026-05-04 22:00:47,"경상남도 통영시 광도면 죽림4로 9, 이마트통영점",정상영업,1,01,0556401234,대규모점포,329522.977138462    ,155160.704055243    ,경상남도 통영시 광도면 죽림리 1566번지 2호 이마트통영점,2020-04-26 19:00:31
5330000,2012533010507500001,2014-09-18,,영업/정상,,,,,1397.71,650-140,,(주)서원유통 탑마트 통영점,구분없음,I,2026-05-04 22:00:47,경상남도 통영시 미수해안로 164-13 (봉평동),정상영업,1,01,0556488161,준대규모점포,329274.447429766    ,149066.277372449    ,경상남도 통영시 봉평동 156번지 10호,2016-07-20 09:54:51
5330000,2000533000007500004,1986-02-12,,영업/정상,,,,,0,650-805,,북신시장,시장,I,2026-05-04 22:00:46,경상남도 통영시 북신시장1길 66 (북신동),정상영업,1,01,0556412432,준대규모점포,330514.809190936    ,151564.555433784    ,경상남도 통영시 북신동 663번지 6   호,2014-12-30 11:17:32
5330000,2008533015707500001,2008-11-20,,영업/정상,,,,,0,,53017,탑마트 통영죽림점,구분없음,I,2026-05-04 22:00:47,경상남도 통영시 광도면 신죽1길 18,정상영업,1,01,0556435112,준대규모점포,329345.087263931    ,154002.19245445     ,경상남도 통영시 광도면 죽림리 1584번지 5호,2015-09-22 11:30:19
5330000,2007533009207500001,2007-05-07,,휴업,,2011-12-30,2014-06-30,,3251.48,,,대동GVZONE,쇼핑센터,I,2026-05-04 22:00:47,경상남도 통영시 원문로 27 (북신동),휴업처리,2,02,0556411202,대규모점포,330294.376288722    ,151877.485030261    ,경상남도 통영시 북신동 698번지 1호,2012-04-19 11:19:58
5330000,2005533006807500001,2005-06-17,,영업/정상,,,,,8958.72,,,(주) 이마트 통영점,복합쇼핑몰,I,2026-05-04 22:00:47,경상남도 통영시 광도면 죽림4로 9,정상영업,1,01,023805234,대규모점포,329522.977138462    ,155160.704055243    ,경상남도 통영시 광도면 죽림리 1566번지 2호,2024-04-29 16:44:15
5330000,2003533001507500001,2020-02-11,,영업/정상,,,,,8638.05,,,롯데쇼핑(주)롯데마트통영점,복합쇼핑몰,I,2026-05-04 22:00:46,경상남도 통영시 무전대로 65 (무전동),정상영업,1,01,0556402520,대규모점포,330528.677424652    ,152263.189898881    ,경상남도 통영시 무전동 1069호,2026-01-09 09:06:03
5330000,2000533000007500005,1993-03-25,,영업/정상,,,,,,,,사단법인삼성타워프라자,그 밖의 대규모점포,I,2026-05-04 22:00:46,경상남도 통영시 통영해안로 398 (정량동),정상영업,1,01,05576441744,,330786.410723326    ,150526.9883686      ,경상남도 통영시 정량동 1158번지 35호   ,2010-08-09 13:26:28
5330000,2010533010507500001,2010-04-01,,영업/정상,,,,,9415,650-800,,대백아울렛 통영점,그 밖의 대규모점포,I,2026-05-04 22:00:47,경상남도 통영시 안개로 37 (무전동),정상영업,1,01,0556408891,대규모점포,330722.011290641    ,152093.427869446    ,경상남도 통영시 무전동 986번지,2015-08-07 11:31:35
5340000,2022534021407500002,2022-07-05,,영업/정상,,,,,0,,52521,(주)서원유통 탑마트 사천점,복합쇼핑몰,I,2026-05-08 22:02:24,"경상남도 사천시 정동면 옥산로 38, 서원유통(주)탑마트사천점",정상영업,1,01,0558525988,준대규모점포,299058.889772556    ,176135.018080545    ,경상남도 사천시 정동면 고읍리 438-5 서원유통(주)탑마트사천점,2025-04-28 14:18:50
5340000,2022534021407500001,2022-05-10,,영업/정상,,,,,693,,52551,롯데슈핑(주)롯데슈퍼 삼천포점,그 밖의 대규모점포,I,2026-05-08 22:02:24,"경상남도 사천시 주공로 41, 롯데슈퍼 (벌리동)",정상영업,1,01,0558358062,준대규모점포,299165.438921971    ,160901.717285061    ,경상남도 사천시 벌리동 270-3 롯데슈퍼,2023-06-22 19:48:15
5340000,2014534001607500001,2014-04-15,,영업/정상,,,,,6659.99,,,(주)이마트 사천점,구분없음,I,2026-05-08 22:02:24,경상남도 사천시 삼천포대교로 591 (좌룡동),정상영업,1,01,,대규모점포,298325.164351214    ,161845.029914848    ,,2024-04-16 17:46:27
5340000,2012534001607500001,2012-05-09,,영업/정상,,,,,1349.13,664-230,,(주)서원유통 탑마트 삼천포점,복합쇼핑몰,I,2026-05-08 22:02:24,경상남도 사천시 새시장길 19 (동금동),정상영업,1,01,0558354115,준대규모점포,298477.346461359    ,159786.940020628    ,경상남도 사천시 동금동 88번지 4호,2025-04-28 14:23:11
5340000,2010534001607500001,2010-07-23,,영업/정상,,,,,6659.99,664-130,,(주)이마트 사천점,대형마트,I,2026-05-08 22:02:24,경상남도  삼천포대교로 591 (외 9필지),정상영업,1,01,023829426,대규모점포,298325.164351214    ,161845.029914848    ,경상남도 사천시 좌룡동 388번지 10호 외 9필지,2013-01-02 15:42:11
5340000,2007534001607500002,2016-01-28,,영업/정상,,,,,13008,664-160,,홈플러스 삼천포점,대형마트,I,2026-05-08 22:02:24,경상남도 사천시 중앙로 165 (벌리동),정상영업,1,01,0558318131,대규모점포,298587.268961901    ,160715.237733786    ,경상남도 사천시 벌리동 58번지 3호,2024-02-26 13:34:52
5340000,2007534001607500001,2007-08-03,,영업/정상,,,,,13008,664-834,,홈플러스 삼천포점,대형마트,I,2026-05-08 22:02:24,경상남도 사천시 중앙로 165 (벌리동),정상영업,1,01,0558318124,대규모점포,298587.268961901    ,160715.237733786    ,경상남도 사천시 벌리동 58번지 3호,2016-01-26 15:43:16
5340000,2000534001607500003,1997-03-26,,영업/정상,,,,,,,,완사시장,그 밖의 대규모점포,I,2026-05-08 22:02:24,,정상영업,1,01,0558304501,,,,경상남도 사천시 곤명면 정곡리 4B호   ,2007-07-14 11:45:51
5340000,2000534001607500002,2005-07-20,,영업/정상,,,,,2717,,,(사단법인)사천읍시장 번영회,그 밖의 대규모점포,I,2026-05-08 22:02:24,경상남도 사천시 사천읍 시장1길 16,정상영업,1,01,0550000000,대규모점포,299178.592821795    ,176672.740296306    ,경상남도 사천시 사천읍 정의리 394호,2014-03-18 17:13:31
5340000,2000534001607500001,2007-07-14,,영업/정상,,,,,7662.42,,,삼천포종합시장번영회,그 밖의 대규모점포,I,2026-05-08 22:02:24,경상남도 사천시 동금2길 15 (동금동),정상영업,1,01,0558330662,대규모점포,298477.346461359    ,159786.940020628    ,경상남도 사천시 동금동 88-4호,2025-09-01 16:04:54
5340000,2021534021407500001,2017-01-17,,폐업,2021-05-04,,,,0,,52547,롯데슈퍼 사천남양점,구분없음,I,2026-05-08 22:02:24,경상남도 사천시 진삼로 138-1 (송포동),폐업처리,3,03,0558322555,준대규모점포,297057.637779977    ,163896.209076432    ,경상남도 사천시 송포동 279-1,2021-05-12 09:39:41
5350000,1977535001407500001,1977-04-21,,영업/정상,,,,,,,,사단법인김해시장번영회,그 밖의 대규모점포,I,2025-12-15 16:15:28,,정상영업,1,01,0553364070,,,,경상남도 김해시 동상동 881호   ,2007-07-07 10:38:36
5350000,1990535001407500002,1990-12-11,,영업/정상,,,,,,,,김해어방동성상가,그 밖의 대규모점포,I,2025-12-15 16:15:28,,정상영업,1,01,,,373839.122629774    ,195784.889288604    ,경상남도 김해시 삼방동 189호   ,2007-07-07 10:38:36
5350000,1991535001407500003,1991-10-28,,영업/정상,,,,,,,,한덕한신타워아파트상가,그 밖의 대규모점포,I,2025-12-15 16:15:28,,정상영업,1,01,0553378682,,,,경상남도 창원시 외동 916호   ,2007-07-07 10:38:36
5350000,1991535001407500004,1991-10-28,,영업/정상,,,,,,,,한일아파트종합상가,그 밖의 대규모점포,I,2025-12-15 16:15:28,,정상영업,1,01,0553348711,,,,경상남도 김해시 삼방동 691번지 2   호   ,2007-07-07 10:38:36
5350000,1992535001407500005,1992-02-25,,영업/정상,,,,,,,,화인상가,그 밖의 대규모점포,I,2025-12-15 16:15:28,,정상영업,1,01,,,373828.422807137    ,196390.702531138    ,경상남도 김해시 삼방동 692호   ,2007-07-07 10:38:36
5350000,1992535001407500006,1992-11-17,,영업/정상,,,,,,,,대우유토피아상가,그 밖의 대규모점포,I,2025-12-15 16:15:28,,정상영업,1,01,0553355013,,372991.9686119      ,195432.347859223    ,경상남도 김해시 어방동 499호   ,2007-07-07 10:38:36
5350000,1992535001407500007,1992-12-28,,영업/정상,,,,,,,,광남백조아파트상가,그 밖의 대규모점포,I,2025-12-15 16:15:28,,정상영업,1,01,0553346501,,,,경상남도 김해시 구산동 호 구획정리지구 20블럭  ,2007-07-07 10:38:36
5350000,1993535001407500009,1993-04-30,,영업/정상,,,,,,,,호성상가,그 밖의 대규모점포,I,2025-12-15 16:15:28,,정상영업,1,01,,,,,경상남도 김해시 삼정동 589번지 1   호   ,2007-07-07 10:38:36
5350000,1993535001407500010,1993-06-19,,영업/정상,,,,,,,,대동종합상가,그 밖의 대규모점포,I,2025-12-15 16:15:28,,정상영업,1,01,0553242533,,369632.600409243    ,194295.359792307    ,경상남도 김해시 외동 1251호   ,2007-07-07 10:38:36
5350000,1993535001407500011,1993-10-06,,영업/정상,,,,,,,,백제종합상가,그 밖의 대규모점포,I,2025-12-15 16:15:28,,정상영업,1,01,0553361581,,,,경상남도 김해시 삼정동 76번지 1   호   ,2007-07-07 10:38:36
5350000,1993535001407500012,1993-10-06,,영업/정상,,,,,,,,국제타운상가,그 밖의 대규모점포,I,2025-12-15 16:15:28,경상남도 김해시 활천로267번길 13 (삼방동),정상영업,1,01,0553210486,,373609.137957081    ,195525.950832808    ,경상남도 김해시 삼방동 179번지 1호   ,2007-07-07 10:38:36
5350000,1997535001407500014,1997-03-24,,영업/정상,,,,,,,,어방종합시장,그 밖의 대규모점포,I,2025-12-15 16:15:28,,정상영업,1,01,0553333944,,,,경상남도 김해시 어방동 502번지 7   호   ,2007-07-07 10:38:36
5350000,1997535001407500015,1997-04-11,,영업/정상,,,,,,,,한국그랜드쇼핑,쇼핑센터,I,2025-12-15 16:15:28,,정상영업,1,01,0553343039,,,,경상남도 김해시 외동 1291번지 9   호   ,2007-07-07 10:38:36
5350000,2000535001407500016,2000-05-12,,영업/정상,,,,,,,,노바가구,대형마트,I,2025-12-15 16:15:28,,정상영업,1,01,0553430100,,,,경상남도 김해시 한림면 신천리 736번지 1   호   ,2007-07-07 10:38:36
5350000,2000535016407500001,2000-10-21,,영업/정상,,,,,31040.36,621-746,,홈플러스(주) 김해점,대형마트,I,2025-12-15 16:15:28,경상남도 김해시 김해대로 2078 (내동),정상영업,1,01,0553208023,대규모점포,370158.843415118    ,195217.779643226    ,경상남도 김해시 내동 1131-2,2024-02-27 14:02:52
5350000,2001535008707500001,2001-11-22,,영업/정상,,,,,9986,,,자어언트가구프라자,전문점,I,2025-12-15 16:15:28,경상남도 김해시 한림면 김해대로 1591,정상영업,1,01,0553431231,,367827.085312216    ,198885.087624095    ,경상남도 김해시 한림면 신천리 170번지 1호,2007-09-03 10:11:50
5350000,2004535010107500002,2004-08-12,,영업/정상,,,,,11125.31,,51004,롯데쇼핑(주) 롯데마트장유점,대형마트,U,2026-05-07 03:03:03,"경상남도 김해시 번화1로56번길 15, 롯데마트 (대청동)",정상영업,1,01,0553112500,대규모점포,363984.907414338    ,189687.574572712    ,경상남도 김해시 대청동 300 롯데마트,2026-05-06 18:02:20
5350000,2008535016407500001,2008-12-02,,영업/정상,,,,,45952,621-832,,롯데쇼핑(주) 프리미엄아울렛김해점,쇼핑센터,U,2026-04-30 03:03:03,경상남도 김해시 장유로 469 (신문동),정상영업,1,01,0559002209,대규모점포,366527.647820362    ,188848.193746372    ,경상남도 김해시 장유면 신문리 1B 4L,2026-04-29 11:21:44
5350000,2012535019607500002,2012-06-19,,영업/정상,,,,,816.53,,50954,메가마트 외동점,구분없음,U,2026-05-07 03:03:03,"경상남도 김해시 함박로101번길 23, 대동아파트 주상가 111동 109호 (외동)",정상영업,1,01,,준대규모점포,369632.600409243    ,194295.359792307    ,경상남도 김해시 외동 1251 대동아파트 주상가 111동 109호,2026-05-06 18:20:20
5350000,2012535019607500003,2012-07-31,,영업/정상,,,,,14842,,50935,메가마트 김해점,대형마트,U,2026-05-07 03:03:03,경상남도 김해시 김해대로2492번길 20 (삼정동),정상영업,1,01,028208524,대규모점포,372941.32985139     ,193521.212396072    ,경상남도 김해시 삼정동 426번지 메가마트 김해점,2026-05-06 18:21:00
5350000,2012535019607500004,2012-11-27,,영업/정상,,,,,0,621-708,,(주)프리마건설,그 밖의 대규모점포,I,2025-12-15 16:15:28,,정상영업,1,01,,대규모점포,,,경상남도 김해시 외동 1249번지,2012-11-27 08:51:43
5350000,2013535019607500001,2013-07-03,,영업/정상,,,,,11249.63,621-010,,롯데쇼핑(주) 롯데마트 김해점,대형마트,U,2026-04-30 03:03:03,경상남도 김해시 김해대로 2330 (부원동),정상영업,1,01,0553402802,대규모점포,371275.452046503    ,193430.416033372    ,경상남도 김해시 부원동  부원역세권지구 A-1블럭,2026-04-29 11:35:56
5350000,2014535019607500001,2005-03-10,,영업/정상,,,,,17300.07,,,휴앤락몰,쇼핑센터,I,2025-12-15 16:15:28,경상남도 김해시 내외중앙로 137 (내동),정상영업,1,01,,대규모점포,370012.372982264    ,195252.446912028    ,,2020-12-07 20:34:50
5350000,2014535023407500001,2014-12-24,,영업/정상,,,,,4368.39,621-801,,"넥스틸(주), (주)대성철강",전문점,I,2025-12-15 16:15:28,경상남도 김해시 진영읍 서부로 76,정상영업,1,01,0553424700,대규모점포,360244.0266089      ,200344.093352932    ,경상남도 김해시 진영읍 내룡리 76번지,2016-06-23 14:07:42
5350000,2015535023407500001,2015-07-23,,영업/정상,,,,,34745.36,621-010,,아이스퀘어몰,쇼핑센터,I,2025-12-15 16:15:28,경상남도 김해시 김해대로 2342 (부원동),정상영업,1,01,0553299000,대규모점포,371384.790228704    ,193381.006626705    ,경상남도 김해시 부원동 1043번지,2017-10-31 14:12:01
5350000,2016535023407500001,2016-05-16,,영업/정상,,,,,55890,,50958,김해터미널쇼핑센터,쇼핑센터,I,2025-12-15 16:15:28,경상남도 김해시 김해대로 2232 (외동),정상영업,1,01,023809470,대규모점포,370364.763087449    ,193812.296089474    ,경상남도 김해시 외동 1264번지,2024-04-23 17:42:56
5350000,2017535029207500001,2017-12-13,,영업/정상,,,,,3372,,,캐슬아리스타궁,그 밖의 대규모점포,I,2025-12-15 16:15:28,,영업개시전,5,01,0512050491,대규모점포,371586.650743855    ,194970.613063528    ,경상남도 김해시 동상동 1117번지,2017-12-14 09:30:03
5350000,2019535030107500001,2019-10-31,,영업/정상,,,,,5713.83,,50818,일등마트,그 밖의 대규모점포,I,2025-12-15 16:15:28,경상남도 김해시 활천로267번길 31 (삼방동),정상영업,1,01,0553230085,대규모점포,373601.142514243    ,195717.233837676    ,경상남도 김해시 삼방동 175번지 홈플러스,2023-12-20 16:26:12
5350000,2021535030107500001,2021-04-14,,영업/정상,,,,,13218.95,,51025,코스트코 홀세일 김해점,대형마트,I,2025-12-15 16:15:28,경상남도 김해시 주촌면 선천남로 16,영업개시전,5,01,0226302671,대규모점포,367301.545291311    ,194456.567656158    ,경상남도 김해시 주촌면 천곡리 1522,2023-01-05 14:17:08
5350000,2023535033007500001,2023-08-24,,영업/정상,,,,,528.5,,51001,GS THE FRESH 장유신문점,구분없음,I,2025-12-15 16:15:28,경상남도 김해시 장유로334번길 58 (신문동),정상영업,1,01,,준대규모점포,364926.532307183    ,189762.181181905    ,경상남도 김해시 신문동 1283-3,2024-02-12 10:58:29
5350000,2024535033007500001,2024-03-21,,영업/정상,,,,,19737.39,,,장유여객터미널 상업시설,그 밖의 대규모점포,I,2025-12-15 16:15:28,,영업개시전,5,01,0553282088,대규모점포,365633.869413856    ,190545.90625481     ,경상남도 김해시 무계동 77,2024-03-21 16:47:50
5350000,2024535033007500002,2012-03-20,,영업/정상,,,,,341,,50862,홈플러스 익스프레스 김해진영점,구분없음,I,2025-12-15 16:15:28,경상남도 김해시 진영읍 장등로19번길 39,정상영업,1,01,0553438546,준대규모점포,357326.500691161    ,202364.159509301    ,경상남도 김해시 진영읍 진영리 1612-1,2024-03-26 15:22:05
5350000,2024535037407500001,2024-12-27,,영업/정상,,,,,14842,,50935,메가마트 김해점,대형마트,I,2025-12-15 16:15:28,"경상남도 김해시 김해대로2492번길 20, 메가마트 김해점 (삼정동)",정상영업,1,01,0553716000,대규모점포,372941.32985139     ,193521.212396072    ,경상남도 김해시 삼정동 941 메가마트 김해점,2024-12-27 10:09:20
5350000,2024535037407500005,2024-09-11,,영업/정상,,,,,709.4,,51019,GS THE FRESH 김해율하점,구분없음,I,2025-12-15 16:15:28,경상남도 김해시 율하2로97번길 34 (율하동),정상영업,1,01,0553303416,준대규모점포,365223.320079331    ,187479.680724965    ,경상남도 김해시 율하동 1333-4,2025-01-13 16:35:14
5350000,2025535037407500001,2025-02-19,,영업/정상,,,,,139.8,,51001,롯데슈퍼 김해신문점,구분없음,I,2025-12-15 16:15:28,"경상남도 김해시 장유로334번길 19, 1층 (신문동)",영업개시전,5,01,,준대규모점포,365234.115430595    ,189991.977884807    ,경상남도 김해시 신문동 506-4,2025-02-20 10:04:15
5350000,2025535037407500002,2001-06-03,,영업/정상,,,,,1265.9,,50981,GS THE FRESH 장유점,구분없음,I,2025-12-15 16:15:28,경상남도 김해시 능동로167번길 7 (부곡동),영업개시전,5,01,,준대규모점포,364626.145566326    ,190853.956405169    ,경상남도 김해시 부곡동 1160-2,2025-04-16 16:41:43
5350000,2025535037407500004,2004-06-17,,영업/정상,,,,,1226.19,,50818,탑마트 김해삼방점,구분없음,I,2025-12-15 16:15:28,"경상남도 김해시 활천로255번길 16, 1층 (삼방동)",정상영업,1,01,,준대규모점포,373547.369632847    ,195538.305245632    ,경상남도 김해시 삼방동 178-1,2025-04-29 16:14:00
5350000,2025535037407500005,1988-09-07,,영업/정상,,,,,651.21,,50916,탑마트 김해점,구분없음,I,2025-12-15 16:15:28,"경상남도 김해시 가락로 83, 1층 (서상동)",정상영업,1,01,0553366847,준대규모점포,371153.503674885    ,194379.983251428    ,경상남도 김해시 서상동 73-4,2025-04-29 16:22:55
5350000,2025535037407500006,1997-04-03,,영업/정상,,,,,991.8,,50908,탑마트 구산점,구분없음,I,2025-12-15 16:15:28,"경상남도 김해시 구산로 50, 1층 (구산동)",정상영업,1,01,0553256283,준대규모점포,370504.565612363    ,195968.93245642     ,경상남도 김해시 구산동 294-1,2025-04-29 16:26:19
5350000,2025535037407500007,2007-11-29,,영업/정상,,,,,1261.13,,50960,탑마트 김해외동점,구분없음,I,2025-12-15 16:15:28,경상남도 김해시 분성로 104 (외동),정상영업,1,01,0553395900,준대규모점포,369095.360190715    ,193951.15676439     ,경상남도 김해시 외동 529-4,2025-04-29 17:22:06
5350000,2025535037407500008,1996-05-14,,영업/정상,,,,,846.85,,50868,탑마트 김해진영점,구분없음,I,2025-12-15 16:15:28,경상남도 김해시 진영읍 진영로 221,정상영업,1,01,0553450388,준대규모점포,357925.974034946    ,201767.002377374    ,경상남도 김해시 진영읍 여래리 454-10,2025-04-29 17:26:22
5350000,1993535001407500008,1993-01-19,,폐업,2014-04-28,,,,1164.3,,,내외덕산상가,그 밖의 대규모점포,I,2025-12-15 16:15:28,,폐업처리,3,03,,,,,경상남도 김해시 외동 호 내외지구 덕산아파트 내,2014-04-29 12:04:15
5350000,1994535001407500013,1996-03-16,,폐업,2018-09-16,,,,4826.3,,,홈플러스(주)동김해점,대형마트,I,2025-12-15 16:15:28,경상남도 김해시 활천로267번길 31 (삼방동),폐업처리,3,03,0553212943,대규모점포,373601.142514243    ,195717.233837676    ,경상남도 김해시 삼방동 175호,2018-09-18 22:21:56
5350000,2004535010107500001,2004-05-01,,폐업,2011-06-29,2011-05-13,2012-05-12,,7058,621-801,,삼영맘모스가구프라자,전문점,I,2025-12-15 16:15:28,경상남도 김해시 진영읍 서부로298번길 22,폐업처리,3,03,0553423030,,359917.588125961    ,198501.857336482    ,경상남도 김해시 진영읍 의전리 23번지 1호,2011-07-04 16:56:04
5350000,2012535019607500001,2012-06-05,,폐업,2017-04-19,,,,11234,621-831,,롯데마트 장유점,대형마트,I,2025-12-15 16:15:28,,폐업처리,3,03,0553112500,대규모점포,,,경상남도 김해시 장유면 대청리 300번지,2021-12-27 10:04:01
5350000,2024535033007500003,2011-11-08,,폐업,2025-05-01,,,,323.8,,50836,홈플러스 익스프레스 김해어방점,구분없음,I,2025-12-15 16:15:28,"경상남도 김해시 인제로 165, 대우유토피아아파트상가 B102호 (어방동)",폐업처리,3,03,0553368545,준대규모점포,372991.9686119      ,195432.347859223    ,경상남도 김해시 어방동 499 대우유토피아아파트상가 B102호,2025-05-12 15:15:56
5350000,2025535037407500003,2008-04-24,,폐업,2025-05-20,,,,426.6,,50983,GS THE FRESH 장유삼문점,구분없음,I,2025-12-15 16:15:28,경상남도 김해시 월산로 3 (부곡동),폐업처리,3,03,0557243001,준대규모점포,364869.833042472    ,190643.314316385    ,경상남도 김해시 부곡동 1163-1,2025-08-20 14:28:44
5360000,2009536008207500001,2006-07-10,,영업/정상,,,,,8136.4,627-802,,홈플러스(주) 밀양점,대형마트,I,2025-12-15 16:15:28,경상남도 밀양시 점필재로 45 (내이동),정상영업,1,01,0553598121,대규모점포,357864.797458156    ,222457.808113413    ,경상남도 밀양시 내이동 1403번지 11호,2024-02-27 17:39:10
5360000,2012536008207500001,2012-05-04,,영업/정상,,,,,1670.02,627-150,,(주)서원유통 탑마트 밀양삼문점,쇼핑센터,I,2025-12-15 16:15:28,경상남도 밀양시 삼문중앙로 13 (삼문동),정상영업,1,01,0553532220,준대규모점포,359081.873966844    ,221911.869424814    ,경상남도 밀양시 삼문동 203번지 12호,2025-04-28 15:01:47
5360000,2025536020007500001,2025-02-07,,영업/정상,,,,,365.03,,50438,노브랜드 밀양삼문점,대형마트,I,2025-12-15 16:15:28,경상남도 밀양시 미리벌로 30 (삼문동),정상영업,1,01,0554756900,준대규모점포,358708.763727428    ,221641.904197922    ,경상남도 밀양시 삼문동 720-24,2025-03-18 15:40:31
5360000,2006536005507500001,2006-07-10,,휴업,,,,,7936,,,삼성테스코(주),대형마트,I,2025-12-15 16:15:28,경상남도 밀양시 점필재로 45 (내이동),휴업처리,2,02,05503560795,,357864.797458156    ,222457.808113413    ,경상남도 밀양시 내이동 1403번지 11호   ,2007-07-14 11:16:31
5370000,2011537016507500001,2011-07-26,,영업/정상,,,,2009-08-10,2167,656-130,,(주)서원유통 탑마트 거제 옥포점,구분없음,I,2025-12-15 16:15:28,경상남도 거제시 옥포대첩로 62 (옥포동),정상영업,1,01,0513302583,준대규모점포,354809.000928396    ,156307.929239522    ,경상남도 거제시 옥포동 533번지 3호 외 5필지,2025-04-24 10:23:58
5370000,2008537011107500001,2008-03-31,,영업/정상,,,,,41597.88,656-305,,디큐브거제백화점,백화점,I,2025-12-15 16:15:28,경상남도 거제시 장평로 12 (장평동),정상영업,1,01,,대규모점포,347704.205856611    ,155893.001589544    ,경상남도 거제시 장평동 1211번지,2017-02-01 16:21:14
5370000,2006537001007500001,2006-09-19,,영업/정상,,,,,7936,656-928,,홈플러스거제점,대형마트,I,2025-12-15 16:15:28,경상남도 거제시 장평로 12 (장평동),정상영업,1,01,0556868100,대규모점포,347704.205856611    ,155893.001589544    ,경상남도 거제시 장평동 1211번지 외 1,2024-02-26 09:32:12
5370000,2001537001007500008,1997-06-17,,영업/정상,,,,,3862.1,,,신부시장,그 밖의 대규모점포,I,2025-12-15 16:15:28,경상남도  장승포로 49,정상영업,1,01,0556356001,대규모점포,358076.163113185    ,153475.827008107    ,경상남도 거제시 장승포동 283번지 99호,2023-12-12 10:41:28
5370000,2001537001007500007,1996-08-28,,영업/정상,,,,,2100.22,,,회원프라자,그 밖의 대규모점포,I,2025-12-15 16:15:28,경상남도 거제시 고현로11길 18 (고현동),정상영업,1,01,0556374649,대규모점포,348460.463122398    ,155679.543784035    ,경상남도 거제시 신현읍 고현리 961번지 59호,2021-08-19 16:16:37
5370000,2001537001007500006,1996-04-12,,영업/정상,,,,,551.72,656-304,,한라프라자,그 밖의 대규모점포,I,2025-12-15 16:15:28,경상남도 거제시 거제중앙로 1906 (고현동),정상영업,1,01,0556371195,대규모점포,348344.507100256    ,155586.071155516    ,경상남도 거제시 고현동 961번지 153호,2012-02-10 10:45:33
5370000,2001537001007500005,1995-10-18,,영업/정상,,,,,4569.54,,,장평종합시장,그 밖의 대규모점포,I,2025-12-15 16:15:28,경상남도 거제시 장평로 37 (장평동),정상영업,1,01,0556372197,대규모점포,348662.053432762    ,155453.743442308    ,경상남도 거제시 신현읍 고현리 56번지 1호,2012-02-10 10:47:08
5370000,2001537001007500004,1994-02-18,,영업/정상,,,,,1403.9,,,옥현상가,그 밖의 대규모점포,I,2025-12-15 16:15:28,경상남도 거제시 옥포로 250 (옥포동),정상영업,1,01,0556881949,대규모점포,354396.150911237    ,156653.997524302    ,경상남도 거제시 옥포동 1293번지 1호,2023-02-09 10:59:03
5370000,2001537001007500003,1984-11-08,,영업/정상,,,,,,,,옥수동새시장,그 밖의 대규모점포,I,2025-12-15 16:15:28,경상남도 거제시 능포로16길 28 (능포동),정상영업,1,01,,,359036.111099787    ,155366.935257818    ,경상남도 거제시 능포동 68호   ,2012-02-10 10:50:23
5370000,2000537000007500002,1984-09-20,,영업/정상,,,,,429.8,,,옥포중앙시장,그 밖의 대규모점포,I,2025-12-15 16:15:28,경상남도 거제시 옥포로 215 (옥포동),정상영업,1,01,0556878659,대규모점포,354467.24185873     ,156326.740280182    ,경상남도 거제시 옥포동 529번지 8   호,2024-09-09 17:22:53
5370000,2000537000007500001,1980-06-05,,영업/정상,,,,,780,,,고현종합시장,그 밖의 대규모점포,I,2025-12-15 16:15:28,경상남도 거제시 거제중앙로 1883-2 (고현동),정상영업,1,01,0556326636,대규모점포,348356.340179447    ,155369.208634849    ,경상남도 거제시 신현읍 고현리 98번지 27호,2023-02-09 10:14:30
5370000,2011537016507500004,2011-07-26,,폐업,2023-02-09,,,,1128,,53252,(주)지에스리테일거제신현점,구분없음,I,2025-12-15 16:15:28,경상남도 거제시 서문로 51 (고현동),폐업처리,3,03,0557365001,준대규모점포,348155.835262682    ,155727.366439313    ,경상남도 거제시 고현동 970번지 10호,2023-02-09 09:47:26
5370000,2015537016507500001,2015-01-21,,영업/정상,,,,,10876.03,,53227,롯데쇼핑(주) 롯데마트 거제점,대형마트,I,2026-01-07 21:48:10,"경상남도 거제시 서간도길 9-9 (옥포동, 거제엘크루랜드마크,롯데마트)",정상영업,1,01,0556805801,대규모점포,354141.686293625    ,155958.799201757    ,경상남도 거제시 옥포동 443번지 옥포아파트,2026-01-06 13:44:04
5370000,2012537016507500003,2012-03-29,,영업/정상,,,,,237.9,656-304,,홈플러스(주)익스프레스 거제고현점,구분없음,I,2025-12-15 16:15:28,경상남도 거제시 중곡로 35 (고현동),정상영업,1,01,0556338548,준대규모점포,348904.411249269    ,156456.627400832    ,경상남도 거제시 고현동 988번지 32호,2024-03-20 09:43:09
5370000,2011537016507500002,2011-07-26,,영업/정상,,,,2010-04-10,1128,656-304,,(주)지에스리테일거제신현점,구분없음,I,2025-12-15 16:15:28,경상남도 거제시 서문로 51 (고현동),정상영업,1,01,0557365001,준대규모점포,348155.835262682    ,155727.366439313    ,경상남도 거제시 고현동 970번지 10호,2025-04-10 10:41:32
5370000,2011537016507500003,2011-07-26,,영업/정상,,,,,2167,,53229,(주)지에스리테일거제옥포점,구분없음,I,2025-12-15 16:15:28,"경상남도 거제시 옥포대첩로 62 (옥포동, 영남실업㈜)",정상영업,1,01,0557365070,준대규모점포,354809.000928396    ,156307.929239522    ,,2023-02-09 09:42:54
5370000,2012537016507500004,2012-04-09,,폐업,2019-07-23,,,,1588.4,656-304,,(주)GS리테일 거제고현점,구분없음,I,2025-12-15 16:15:28,경상남도 거제시 중곡로7길 12 (고현동),폐업처리,3,03,0557365401,준대규모점포,348319.113345478    ,155780.329061989    ,경상남도 거제시 고현동 978번지 5호,2019-07-26 08:43:20
5370000,2012537016507500002,2012-03-29,,영업/정상,,,,,283.47,656-300,,홈플러스(주)익스프레스 거제상동점,구분없음,I,2025-12-15 16:15:28,경상남도 거제시 상동1길 15-3 (상동동),정상영업,1,01,0556368551,준대규모점포,349907.467655471    ,152962.824753176    ,경상남도 거제시 상동동 34번지,2024-03-20 09:45:13
5370000,2012537016507500001,2012-03-26,,영업/정상,,,,,909.69,656-910,,(주)서원유통 탑마트 장승포점,구분없음,I,2025-12-15 16:15:28,경상남도 거제시 신부로 42-15 (장승포동),정상영업,1,01,0556825485,준대규모점포,358142.03376799     ,153849.147466411    ,경상남도 거제시 장승포동 342번지,2025-04-24 10:24:34
5380000,2015538018707500002,2015-10-13,,영업/정상,,,,,272.16,,50625,GS더프레시 양산중부점,구분없음,I,2025-12-15 16:15:28,"경상남도 양산시 양주로 156, 123동 101호 (중부동, 대동황토방아파트)",정상영업,1,01,0220063053,준대규모점포,384840.106810764    ,206210.196079308    ,,2025-05-08 12:04:21
5380000,2019538024907500001,2019-03-12,,영업/정상,,,,,53212.23,,50653,라피에스타 양산,그 밖의 대규모점포,I,2025-12-15 16:15:28,"경상남도 양산시 물금읍 증산역로 177, 라피에스타",정상영업,1,01,,대규모점포,382680.011475879    ,203015.651868728    ,경상남도 양산시 물금읍 가촌리 1292번지 라피에스타,2019-03-18 16:22:48
5380000,2026538032007500001,2026-02-09,,영업/정상,,,,,257.4,,50603,노브랜드 양산가촌점,구분없음,I,2026-02-10 21:48:10,"경상남도 양산시 물금읍 황산로 527, 외 5필지 1층 102호",영업개시전,5,01,,준대규모점포,381423.484538491    ,204238.792533089    ,경상남도 양산시 물금읍 가촌리 836-8,2026-02-09 10:15:52
5380000,2012538014507500002,2012-03-27,,폐업,2022-06-22,,,,1400.47,626-110,,(주)지에스리테일 양산북정점,대형마트,I,2025-12-15 16:15:28,경상남도 양산시 삼성5길 4 (북정동),폐업처리,3,03,0553849927,준대규모점포,385611.05609752     ,208381.298351891    ,경상남도 양산시 북정동 893번지 13호 외 10필지,2022-06-27 11:40:45
5380000,2012538014507500003,2012-03-29,,폐업,2015-08-27,,,,197.2,626-758,,홈플러스(주)익스프레스 중부점,대형마트,I,2025-12-15 16:15:28,경상남도 양산시 양주로 156 (중부동),폐업처리,3,03,0553678525,준대규모점포,384840.106810764    ,206210.196079308    ,경상남도 양산시 중부동 696번지 1호,2015-08-27 18:05:07
5380000,2021538027707500001,2020-03-12,,폐업,2021-11-02,,,,320,,50538,이마트에브리데이양산덕계점,그 밖의 대규모점포,I,2025-12-15 16:15:28,"경상남도 양산시 신덕계3길 36, 302동 107호 (덕계동, 양산두산위브)",폐업처리,3,03,0553871300,준대규모점포,396411.454229991    ,210319.731857467    ,경상남도 양산시 덕계동 1589 양산두산위브,2021-11-02 09:42:32
5380000,2015538018707500001,2015-02-12,,영업/정상,,,,,3599.19,,,박스스토어,그 밖의 대규모점포,I,2025-12-15 16:15:28,경상남도 양산시 동면 수질정화공원로 40,정상영업,1,01,0553804800,대규모점포,384040.051012233    ,202516.471968794    ,,2015-02-20 15:50:08
5380000,2013538012907500001,2013-04-19,,영업/정상,,,,,8027.66,,50548,트레이더스 홀세일클럽 양산점,그 밖의 대규모점포,I,2025-12-15 16:15:28,경상남도 양산시 평산로 16 (평산동),정상영업,1,01,0553718050,대규모점포,395549.598198962    ,211323.657984759    ,경상남도 양산시 평산동 96번지,2024-04-15 10:19:23
5380000,2012538014507500005,2012-04-18,,영업/정상,,,,,1334.88,626-110,,(주)서원유통 탑마트 양산북정점,대형마트,I,2025-12-15 16:15:28,경상남도 양산시 삼성5길 11-12 (북정동),정상영업,1,01,0553634477,준대규모점포,385482.440665996    ,208270.248373131    ,경상남도 양산시 북정동 903번지 3호,2025-05-08 09:52:42
5380000,2012538014507500004,2012-04-18,,영업/정상,,,,,897.23,626-800,,(주)서원유통 탑마트 양산북부점,복합쇼핑몰,I,2025-12-15 16:15:28,경상남도 양산시 북안북7길 28 (북부동),정상영업,1,01,0553844991,준대규모점포,385593.085018014    ,207449.17681185     ,경상남도 양산시 북부동 228번지 8호,2025-05-08 09:41:43
5380000,2012538014507500001,2012-03-13,,영업/정상,,,,,16634.8,626-050,,(주)모다이노칩 양산점,전문점,I,2025-12-15 16:15:28,경상남도 중부로 2 (모다아울렛),정상영업,1,01,0559117003,대규모점포,384263.902549483    ,206290.29117804     ,경상남도 양산시 중부동 685번지 2호,2024-05-17 16:50:06
5380000,2012538012907500002,2012-04-18,,영업/정상,,,,,360,,50533,홈플러스(주) 익스프레스 삼호점,전문점,I,2025-12-15 16:15:28,"경상남도 양산시 삼호로 74, 116동 101호 (삼호동, 웅상신도시푸르지오아파트주상가)",정상영업,1,01,0553888545,준대규모점포,397307.133426963    ,213959.897488594    ,경상남도 양산시 삼호동 861번지 웅상신도시푸르지오 116(주상가)동 101호,2024-03-21 14:24:41
5380000,2012538012907500001,2012-04-17,,영업/정상,,,,,2636.7,626-240,,(주)메가마트 덕계점,구분없음,U,2026-05-05 03:03:03,경상남도 양산시 덕계로 60 (덕계동),정상영업,1,01,0553887770,준대규모점포,395434.324833665    ,210384.571380568    ,경상남도 양산시 덕계동 732번지,2026-05-04 15:08:46
5380000,2004538012907500001,2004-12-24,,영업/정상,,,,,8595.08,626-270,,롯데쇼핑(주) 롯데마트 웅상점,대형마트,U,2026-04-29 03:03:03,경상남도 양산시 삼호1길 34 (삼호동),정상영업,1,01,0553792500,대규모점포,396764.399355907    ,214721.460538956    ,경상남도 양산시 삼호동 7B-1L외18필지,2026-04-28 17:43:04
5380000,2004538001007500005,2004-12-24,,영업/정상,,,,,0,,,롯데쇼핑(주)롯데마트 웅상점,대형마트,I,2025-12-15 16:15:28,,정상영업,1,01,0553792500,,,,경상남도 양산시 삼호동 7B-1L호,2012-03-15 17:24:15
5380000,2004538001007500004,2004-06-16,,영업/정상,,,,,10936,,,(주)이마트 양산점,대형마트,I,2025-12-15 16:15:28,경상남도 양산시 양산역6길 12 (중부동),정상영업,1,01,023805678,대규모점포,384162.859309528    ,206040.977485389    ,경상남도 양산시 중부동 705호,2024-05-03 15:16:36
5380000,2004538001007500001,1993-09-22,,영업/정상,,,,,0,,,덕계종합상설시장,그 밖의 대규모점포,I,2025-12-15 16:15:28,,정상영업,1,01,0553877414,,,,경상남도 양산시 덕계동 745-1호,2010-07-21 10:23:09
5380000,2000538001007500014,2000-01-20,,영업/정상,,,,,,,,양산신도시 대동황토방아파트상가,그 밖의 대규모점포,I,2025-12-15 16:15:28,,정상영업,1,01,,,,,경상남도 양산시 중부동 696-1호   ,2007-07-14 13:41:39
5380000,2000538001007500013,1997-02-04,2010-08-02,취소/말소/만료/정지/중지,,,,,2417.11,,,웅상상가시장,그 밖의 대규모점포,I,2025-12-15 16:15:28,,직권취소,4,04,,,,,경상남도 양산시 덕계동 718-45호,2010-08-13 17:18:33
5380000,2000538001007500012,1994-11-18,,영업/정상,,,,,,,,대우마리나 아파트상가 시장,그 밖의 대규모점포,I,2025-12-15 16:15:28,,정상영업,1,01,,,,,경상남도 양산시 상북면 소토리 1287-27외2필지호   ,2007-07-14 13:41:39
5380000,2000538001007500011,1994-02-22,,영업/정상,,,,,,,,황전범어타운 상가시장,그 밖의 대규모점포,I,2025-12-15 16:15:28,,정상영업,1,01,,,,,   호   ,2007-07-14 13:41:39
5380000,2000538001007500010,1993-11-30,,영업/정상,,,,,,,,대승하이아트 상가 시장,그 밖의 대규모점포,I,2025-12-15 16:15:28,,정상영업,1,01,,,395968.842299988    ,210655.868653986    ,경상남도 양산시 덕계동 362호   ,2007-07-14 13:41:39
5380000,2000538001007500009,1993-09-15,,영업/정상,,,,,,,,봉우아파트 상가시장,그 밖의 대규모점포,I,2025-12-15 16:15:28,,정상영업,1,01,,,,,경상남도 양산시 평산동 570외 15필지호   ,2007-07-14 13:41:39
5380000,2000538001007500008,1993-09-15,,영업/정상,,,,,,,,태원아파트 상가시장,그 밖의 대규모점포,I,2025-12-15 16:15:28,,정상영업,1,01,,,,,경상남도 양산시 평산동 산23-3외 12필지호   ,2007-07-14 13:41:39
5380000,2000538001007500007,1993-09-22,,영업/정상,,,,,3194.95,,,덕계종합상설시장,그 밖의 대규모점포,I,2025-12-15 16:15:28,,정상영업,1,01,0553877414,,,,경상남도 양산시 덕계동 745-1호,2010-07-21 10:26:00
5380000,2000538001007500006,1993-07-05,,영업/정상,,,,,,,,범어대동상가,그 밖의 대규모점포,I,2025-12-15 16:15:28,,정상영업,1,01,,,,,경상남도 양산시 물금읍 범어리 502-1호   ,2007-07-14 13:41:39
5380000,2000538001007500005,1993-02-12,,영업/정상,,,,,,,,한마음상가 시장,그 밖의 대규모점포,I,2025-12-15 16:15:28,,정상영업,1,01,,,,,경상남도 양산시 신기동 436-2호   ,2007-07-14 13:41:39
5380000,2000538001007500004,1991-10-19,,영업/정상,,,,,,,,협성상가시장,그 밖의 대규모점포,I,2025-12-15 16:15:28,,정상영업,1,01,,,,,경상남도 양산시 교동 산85호   ,2007-07-14 13:41:39
5380000,2000538001007500001,1980-08-26,,영업/정상,,,,,,,,남부시장,그 밖의 대규모점포,I,2025-12-15 16:15:28,,정상영업,1,01,0553853464,,,,경상남도 양산시 중부동 423-5호   ,2007-07-14 13:41:39
5380000,2000538001007500003,1988-07-25,,영업/정상,,,,,,,,북부시장,그 밖의 대규모점포,I,2025-12-15 16:15:28,,정상영업,1,01,0553821800,,,,경상남도 양산시 북부동 148-3호   ,2007-07-14 13:41:39
5400000,2000540000907500001,1962-01-01,,영업/정상,,,,,,,,아라시장,그 밖의 대규모점포,I,2026-05-11 22:01:19,,정상영업,1,01,0555844050,,,,경상남도 함안군 가야읍 말산리 420-2호   ,2007-07-07 10:28:57
5400000,2000540000907500003,1962-01-01,,영업/정상,,,,,,,,칠원시장,그 밖의 대규모점포,I,2026-05-11 22:01:19,,정상영업,1,01,0555802674,,,,경상남도 함안군 칠원면 구성리 732호   ,2007-07-07 10:28:57
5400000,2000540000907500002,1960-01-01,,영업/정상,,,,,,,,군북시장,그 밖의 대규모점포,I,2026-05-11 22:01:19,,정상영업,1,01,0555802624,,,,경상남도 함안군 군북면 중암리 83-10호   ,2007-07-07 10:28:57
5410000,2014541009107500001,2009-06-18,,영업/정상,,,,,759.55,635-807,,탑마트 창녕점,복합쇼핑몰,I,2026-03-30 21:48:59,경상남도 창녕군 창녕읍 술정동탑길 4,정상영업,1,01,0555334664,준대규모점포,335591.640835764    ,227470.7830844      ,경상남도 창녕군 창녕읍 술정리 137번지,2025-04-28 13:39:27
5420000,2014542007907500001,2014-09-23,,영업/정상,,,,,951,,,(주)서원유통탑마트고성점,복합쇼핑몰,I,2026-03-26 22:45:48,경상남도 고성군 고성읍 성내로 28,정상영업,1,01,0556748131,준대규모점포,319767.803449326    ,164933.797478029    ,,2025-04-28 16:10:36
5430000,2011543008507500001,2011-10-31,,폐업,2022-01-18,,,,812.5,668-803,,롯데슈퍼남해가맹점,대형마트,I,2026-05-07 22:00:26,경상남도 남해군 남해읍 화전로96번가길 22,폐업처리,3,03,,준대규모점포,281802.499814618    ,149613.256759402    ,경상남도 남해군 남해읍 북변리 284번지 27호,2022-01-18 17:48:28
5430000,2005543004507500001,2010-08-23,,영업/정상,,,,,2589,,,남해전통시장,그 밖의 대규모점포,I,2026-05-07 22:00:26,경상남도 남해군 남해읍 화전로 110,정상영업,1,01,0558643592,대규모점포,281725.527169139    ,149528.417258255    ,경상남도 남해군 남해읍 북변리 282번지 11호,2023-07-11 10:38:17
5430000,1996543000807500001,1996-06-10,,영업/정상,,,,,,,,남해공용여객터미널상가,그 밖의 대규모점포,I,2026-05-07 22:00:26,,정상영업,1,01,0558647102,,,,경상남도 남해군 남해읍 북변리 316호   ,2007-07-14 10:37:55
5440000,2011544009807500001,2011-11-14,,폐업,2013-08-28,,,,894.8,667-804,,롯데슈퍼 하동가맹점,그 밖의 대규모점포,I,2026-04-01 22:03:20,경상남도 하동군 하동읍 시장1길 15,폐업처리,3,03,,준대규모점포,268274.286142261    ,174749.425183127    ,경상남도 하동군 하동읍 읍내리 244번지,2013-10-10 10:51:38
5440000,2023544022207500001,2023-12-20,,영업/정상,,,,,654.54,,52303,롯데슈퍼 화개장터 가맹점,그 밖의 대규모점포,I,2026-04-01 22:03:21,"경상남도 하동군 화개면 섬진강대로 4028, 지하층 B101호",영업개시전,5,01,0558828820,준대규모점포,256883.571774541    ,187744.995324822    ,경상남도 하동군 화개면 탑리 763-2,2023-12-20 15:10:20
5460000,2022546011607500001,2022-04-20,,영업/정상,,,,,0,,50038,테스트,그 밖의 대규모점포,I,2026-05-06 22:00:52,"경상남도 함양군 함양읍 고운로 85, 롯데슈퍼 3층",정상영업,1,01,0559605000,준대규모점포,266225.364892468    ,224872.16641259     ,경상남도 함양군 함양읍 교산리 167-2 롯데슈퍼,2022-04-20 10:10:40
5460000,2011546007107500001,2011-10-17,,폐업,2025-04-28,,,,716.1,676-801,,롯데쇼핑(주)롯데슈퍼함양점,복합쇼핑몰,I,2026-05-06 22:00:52,경상남도 함양군 함양읍 고운로 85,폐업처리,3,03,0559625602,준대규모점포,266225.364892468    ,224872.16641259     ,경상남도 함양군 함양읍 교산리 167번지 2호,2025-05-15 18:25:47
5480000,2012548006907500001,2012-05-08,,영업/정상,,,,2010-10-09,849.1,678-807,,롯데쇼핑(주)롯데슈퍼 합천점,그 밖의 대규모점포,I,2025-12-15 16:15:28,경상남도 합천군 합천읍 충효로 39,정상영업,1,01,0559315601,준대규모점포,305153.751800343    ,229962.575861394    ,경상남도 합천군 합천읍 합천리 698번지 2호,2022-05-09 10:19:00
5480000,2023548011807500001,2023-05-17,,영업/정상,,,,,849.1,,50236,롯데슈퍼(주) 롯데슈퍼 합천점,쇼핑센터,U,2026-04-25 03:03:03,경상남도 합천군 합천읍 충효로 39,정상영업,1,01,0559315601,준대규모점포,305136.426578472    ,229969.058372692    ,경상남도 합천군 합천읍 합천리 698,2026-04-24 17:50:25
5530000,2021553038907500001,2021-02-25,,영업/정상,,,,,14828.36,,18481,트레이더스 홀세일 클럽 동탄점,대형마트,I,2026-02-01 10:52:12,경기도 화성시 동탄구 동탄대로 451(오산동),정상영업,1,01,023809429,대규모점포,208551.191176942    ,410187.304225812    ,경기도 화성시 동탄구 오산동 1022,2024-04-23 09:24:01
5530000,2020553038907500001,2020-05-08,,영업/정상,,,,,76978.9,,18478,롯데백화점 동탄점,백화점,U,2026-04-25 03:03:03,"경기도 화성시 동탄구 동탄역로 160, 동탄역 롯데캐슬 (여울동)",정상영업,1,01,0313204298,대규모점포,208569.642431686    ,410949.263462028    ,경기도 화성시 동탄구 여울동 967-157 동탄역 롯데캐슬,2026-04-24 09:59:45
5530000,2008553018707500001,2008-12-17,,폐업,2025-12-31,,,,5233,445-893,,하나로마트 봉담점,복합쇼핑몰,I,2026-02-01 10:52:12,경기도 화성시 효행구 봉담읍 동화길 81-16,폐업처리,3,03,03180126613,대규모점포,196298.667303854    ,412856.90918779     ,경기도 화성시 효행구 봉담읍 동화리 597번지 1호,2026-01-07 09:07:51
5530000,2011553023207500001,2011-11-25,,폐업,2018-12-31,,,,313.4,445-926,,롯데쇼핑(주)롯데슈퍼신향남점,그 밖의 대규모점포,I,2026-02-01 10:52:12,경기도 화성시 만세구 향남읍 행정중앙1로 14,폐업처리,3,03,03180595601,준대규모점포,192470.655401076    ,402684.622341628    ,경기도 화성시 만세구 향남읍 행정리 462번지 5호,2019-01-23 17:59:22
5530000,1995412001207500001,1995-02-10,,영업/정상,,,,,,,,우정프라자(주),그 밖의 대규모점포,I,2026-02-01 10:52:12,,정상영업,1,01,0312938405,,,,경기도 화성군 봉담읍 상리 31-3호   ,2007-07-21 09:58:51
5530000,2005553012207500001,2004-08-05,,영업/정상,,2025-07-18,2026-07-17,2026-07-18,10066,,,롯데쇼핑(주)VIC마켓 신영통점,대형마트,U,2026-04-29 03:03:03,경기도 화성시 병점구 삼성1로 333 (반월동),정상영업,1,01,0316952522,대규모점포,205829.064603504    ,414278.001961156    ,경기도 화성시 병점구 반월동 123-5호,2026-04-28 17:24:28
5530000,2005553012207500002,2005-05-02,,휴업,,,,,19250.39,,,(주)평해종합건설,대형마트,I,2026-02-01 10:52:12,,휴업처리,2,02,0314215504,,,,경기도 화성시 효행구 봉담읍 동화리 139-1호   ,2007-07-21 09:58:51
5530000,2005553012207500003,2005-10-20,,휴업,,,,,0,,,화성공구유통밸리(주),그 밖의 대규모점포,I,2026-02-01 10:52:12,,휴업처리,2,02,0312309442,,,,경기도 화성시 효행구 봉담읍 동화리 139-1호   ,2007-07-21 09:58:51
5530000,2006553018707500001,2006-01-20,,영업/정상,,,,,13591.83,,,홈플러스(주) 병점점,대형마트,I,2026-02-01 10:52:12,경기도 화성시 병점구 경기대로 985 (병점동),정상영업,1,01,0312832080,대규모점포,203188.196856075    ,411313.309756104    ,경기도 화성시 병점구 병점동 399번지 4호 외2필지,2025-06-26 18:07:49
5530000,2007553016707500001,2007-01-18,,취소/말소/만료/정지/중지,,,,,0,,,마도공구유통상가,전문점,I,2026-02-01 10:52:12,,직권취소,4,04,025755434,준대규모점포,181324.988086745    ,409385.427774213    ,경기도 화성시 만세구 마도면 쌍송리 662호,2012-12-17 17:22:59
5530000,2007553018707500001,2007-12-18,,영업/정상,,,,,16336.64,445-170,,(주)이마트 스타필드 마켓 동탄점,대형마트,I,2026-02-01 10:52:12,경기도 화성시 동탄구 동탄중앙로 376 (석우동),정상영업,1,01,023805234,대규모점포,207005.769592372    ,412503.434111401    ,경기도 화성시 동탄구 석우동 44번지,2025-08-27 15:26:30
5530000,2010553021407500001,2021-02-10,,휴업,,2026-04-15,2027-04-14,,7668.62,445-160,,홈플러스(주)화성동탄점,대형마트,U,2026-04-21 03:03:03,경기도 화성시 동탄구 동탄중앙로 200 (반송동),휴업처리,2,02,03180157000,대규모점포,206007.25472163     ,411214.942059565    ,경기도 화성시 동탄구 반송동 98번지,2026-04-20 10:53:42
5530000,2010553021407500002,2010-12-22,,영업/정상,,,,,36585.2,445-160,,타임테라스(TIMES TERRACE),복합쇼핑몰,I,2026-02-01 10:52:12,경기도 화성시 동탄구 동탄중앙로 220 (반송동),정상영업,1,01,0313717000,대규모점포,,,"경기도 화성시 동탄구 반송동 96, 98번지",2023-12-14 10:44:52
5530000,2011553021407500001,2011-02-07,,영업/정상,,,,,16403,445-926,,홈플러스(주) 화성향남점,대형마트,I,2026-02-01 10:52:12,경기도 화성시 만세구 향남읍 향남로 402,정상영업,1,01,03180598722,대규모점포,192983.340400871    ,403222.825363217    ,경기도 화성시 만세구 향남읍 행정리 487번지 1호,2024-03-13 11:11:00
5530000,2012553023207500001,2012-04-20,,영업/정상,,,,,10611.17,445-893,,이마트 봉담점,대형마트,I,2026-02-01 10:52:12,,정상영업,1,01,023809414,대규모점포,,,경기도 화성시 효행구 봉담읍 동화리 133번지 1호 외 25필지,2012-04-20 17:50:23
5530000,2012553023207500002,2012-04-20,,영업/정상,,,,,10611.17,,,(주)이마트 봉담점,대형마트,I,2026-02-01 10:52:12,효행로  278,정상영업,1,01,0312281252,대규모점포,,,133번지 1호,2013-01-15 17:38:21
5530000,2013553023207500001,2012-04-20,,영업/정상,,,,,10611.17,,,이마트 화성봉담점,대형마트,I,2026-02-01 10:52:12,효행로  278,정상영업,1,01,0312281234,대규모점포,,,133번지 1호,2024-04-23 09:49:17
5530000,2017553035707500001,2017-04-17,,영업/정상,,,,,27586,,18476,카림애비뉴,그 밖의 대규모점포,I,2026-02-01 10:52:12,"경기도 화성시 동탄구 동탄대로시범길 134 (청계동, 동탄역시범반도유보라아이비파크4.0)",정상영업,1,01,0230112762,대규모점포,210075.319585403    ,410817.645865226    ,경기도 화성시 동탄구 청계동 536 동탄역시범반도유보라아이비파크4.0,2023-11-21 15:09:30
5530000,2017553035707500002,2017-04-28,,영업/정상,,,,,313.4,,18603,롯데쇼핑(주)롯데슈퍼 신향남점,구분없음,I,2026-02-01 10:52:12,경기도 화성시 만세구 향남읍 행정중앙1로 14 (제이에스플라자),정상영업,1,01,03180595601,준대규모점포,,,,2017-04-28 23:00:59
5530000,2017553037107500001,2017-12-13,,영업/정상,,,,,34780,,18478,라스플로레스,복합쇼핑몰,I,2026-02-01 10:52:12,경기도 화성시 동탄구 동탄대로 537 (오산동),정상영업,1,01,0313785331,대규모점포,208624.936086903    ,411151.948385108    ,경기도 화성시 동탄구 오산동 1019,2023-11-21 16:07:50
5530000,2019553038907500001,2019-11-11,,영업/정상,,,,,24653.29,,18497,레이크꼬모,그 밖의 대규모점포,I,2026-02-01 10:52:12,"경기도 화성시 동탄구 동탄대로 181 (송동, 동탄린스트라우스더레이크)",정상영업,1,01,15889707,대규모점포,209253.387443815    ,407725.114639407    ,경기도 화성시 동탄구 송동 694 동탄린스트라우스더레이크,2023-12-14 10:36:18
5530000,2023553047907500001,2023-01-09,,영업/정상,,,,,5850.02,,,이지바이 봉담,대형마트,I,2026-02-01 10:52:12,,정상영업,1,01,,대규모점포,,,경기도 화성시 효행구 봉담읍 상리 691,2025-09-04 13:27:11
5540000,2009554012307500001,2009-09-15,,폐업,2013-03-19,,,,6259.17,464-801,,신세계 이마트 경기 광주점,그 밖의 대규모점포,I,2026-03-26 22:01:54,경기도 광주시 광주대로 30 (경안동),폐업처리,3,03,03180261234,대규모점포,223061.389182349    ,434193.70905707     ,경기도 광주시 경안동 20번지 46호,2023-12-11 10:57:11
5540000,2011554012307500001,2011-09-19,,폐업,2021-12-30,,,,887.6,464-807,,DISCOUNT STORE 광주 역동점,대형마트,I,2026-03-26 22:01:54,경기도 광주시 경안로25번길 43 (역동),폐업처리,3,03,,준대규모점포,222633.617392729    ,433785.581476378    ,경기도 광주시 역동 50번지 36호 외 1필지,2021-12-30 15:30:35
5540000,2021554025007500001,2021-11-03,,영업/정상,,,,,11697.53,,12760,광주 금호 리첸시아 센트럴 스퀘어,그 밖의 대규모점포,I,2026-03-26 22:01:54,경기도 광주시 경안로41번길 6(경안동),정상영업,1,01,0317678324,대규모점포,222618.188936667    ,434045.266636268    ,경기도 광주시 경안동 447,2023-04-28 09:39:57
5540000,2012554012307500002,2012-09-21,,영업/정상,,,,,3227,464-861,,(주)모다이노칩 곤지암점,전문점,I,2026-03-26 22:01:54,경기도 광주시 초월읍 경충대로 907,정상영업,1,01,,대규모점포,227621.408059678    ,429073.295091928    ,경기도 광주시 초월읍 산이리 77번지 6호,2024-05-07 17:41:33
5540000,2012554012307500001,2012-04-13,,영업/정상,,,,,5942.38,464-040,,TOP PRICE WHOLESALE,대형마트,I,2026-03-26 22:01:54,경기도 광주시 순암로 535 (삼동),영업개시전,5,01,0317976514,대규모점포,217232.530606995    ,434341.475496054    ,"경기도 광주시 삼동 443번지 외 3필지(440,441,442-1)",2023-12-11 11:11:31
5540000,2009554012307500003,2009-09-11,,영업/정상,,,,,6673.32,464-801,,(주) 이마트 경기광주점,대형마트,I,2026-03-26 22:01:54,경기도 광주시 광주대로 30 (경안동),정상영업,1,01,80261052,대규모점포,223061.389182349    ,434193.70905707     ,경기도 광주시 경안동 20번지 46호,2024-04-16 14:01:40
5540000,2009554012307500002,2009-09-23,,영업/정상,,,,,3977.2,464-801,,광주터미널이프라자,그 밖의 대규모점포,I,2026-03-26 22:01:54,경기도 광주시 광주대로 30 (경안동),정상영업,1,01,0317997991,대규모점포,223061.389182349    ,434193.70905707     ,경기도 광주시 경안동 25번지 3호,2022-11-28 10:08:29
5570000,2005557001707500001,2005-04-28,,휴업,,,,,0,,,증평장뜰재래시장,그 밖의 대규모점포,I,2026-05-06 22:48:24,,휴업처리,2,02,,,,,충청북도 증평군 증평읍 신동리 호   ,2007-06-30 10:50:44
5570000,2012557003107500001,2012-04-23,,영업/정상,,,,,1651.69,368-907,,(주)지에스리테일 증평점,그 밖의 대규모점포,I,2026-05-06 22:48:24,충청북도 증평군 증평읍 창신로 54,정상영업,1,01,0438366711,준대규모점포,251564.053333333    ,364572.511333334    ,충청북도 증평군 증평읍 신동리 424번지,2025-04-16 11:36:12
5580000,2007558000907500001,2007-12-26,,영업/정상,,,,,7521,321-900,,홈플러스 주식회사(계룡점),대형마트,I,2025-12-15 16:15:28,충청남도 계룡시 계룡대로 304 (금암동),정상영업,1,01,0425508114,대규모점포,223032.827784192    ,308171.543487808    ,충청남도 계룡시 금암동 21번지 5호,2024-02-27 16:21:20
5590000,2005559004007500001,2005-04-02,,휴업,,,,,8889.61,,,(주)신세계 이마트,대형마트,I,2025-12-15 16:15:28,,휴업처리,2,02,0318600053,,,,경기도 양주시 회정동 98번지 5호   ,2007-07-14 10:52:12
5590000,2005559001407500001,2005-01-12,,영업/정상,,,,,8925.62,,,골드마트,대형마트,I,2025-12-15 16:15:28,경기도 양주시 평화로 1547 (회정동),정상영업,1,01,,대규모점포,204558.385732362    ,480550.606085097    ,경기도 양주시 회정동 351번지 2호 외 2필지,2024-03-07 16:06:16
5590000,2004559001407500001,2004-06-07,,영업/정상,,,,,8889.61,,,(주)이마트 양주점,대형마트,I,2025-12-15 16:15:28,경기도 양주시 평화로 1713 (회정동),정상영업,1,01,0318600123,대규모점포,,,경기도 양주시 회정동 98번지 5호,2024-04-18 16:18:49
5590000,1997410001307500001,1997-04-26,,영업/정상,,,,,7154.16,,,리치마트 양주점,대형마트,I,2025-12-15 16:15:28,경기도 양주시 평화로1413번길 48 (덕계동),정상영업,1,01,0318647200,대규모점포,203707.728341001    ,479401.14588968     ,경기도 양주시 덕계동 694호,2025-05-15 08:57:01
5590000,2013559014807500001,2013-02-22,,영업/정상,,,,,24798,482-170,,(주)LF네트웍스 양주점,쇼핑센터,I,2025-12-15 16:15:28,경기도 양주시 평화로 1593 (회정동),정상영업,1,01,0318942500,대규모점포,204539.305721776    ,480980.761356539    ,경기도 양주시 회정동 453번지 19호,2013-02-22 15:25:47
5600000,2007560004507500001,2007-03-12,,영업/정상,,,,,10845,,,홈플러스(주),그 밖의 대규모점포,I,2026-04-01 22:05:13,경기도 포천시 소흘읍 솔모루로 9,정상영업,1,01,0315407182,,212370.178657853    ,480201.182904       ,경기도 포천시 소흘읍 송우리 730번지 60호,2011-04-27 11:54:07
5600000,2010560008907500001,2013-01-07,,영업/정상,,,,,8889.96,487-030,,(주)이마트 포천점,대형마트,I,2026-04-01 22:05:14,경기도 포천시 호국로 915 (설운동),정상영업,1,01,0315401201,대규모점포,214023.590086578    ,482831.746228286    ,경기도 포천시 설운동 2번지,2024-04-18 09:36:16
5600000,2011560008907500001,2007-03-12,,영업/정상,,,,2007-07-21,10845,487-823,,홈플러스(주)송우점,복합쇼핑몰,I,2026-04-01 22:05:15,경기도 포천시 소흘읍 솔모루로 9,정상영업,1,01,0315407121,대규모점포,212370.178657853    ,480201.182904       ,경기도 포천시 소흘읍 송우리 760번지 60호,2024-02-27 16:34:32
5600000,2026560022907500001,2026-01-12,,영업/정상,,,,,756.39,,11117,롯데쇼핑(주)롯데슈퍼 포천일동점,그 밖의 대규모점포,I,2026-04-01 22:05:16,"경기도 포천시 일동면 화동로 1072, 롯데슈퍼 포천일동점",정상영업,1,01,0315335601,준대규모점포,227943.019194804    ,495179.808446276    ,경기도 포천시 일동면 기산리 82-33,2026-01-12 11:30:37
5600000,2011560012907500001,2011-01-21,2022-01-05,취소/말소/만료/정지/중지,,,,,716,,11116,롯데슈퍼 일동점,그 밖의 대규모점포,I,2026-04-01 22:05:15,경기도 포천시 일동면 화동로 1079,직권취소,4,04,0315365601,준대규모점포,227938.673401934    ,495257.859851673    ,경기도 포천시 일동면 기산리 82-26,2022-01-12 15:27:15
5600000,2012560008907500001,2012-03-28,,영업/정상,,,,,643.4,487-892,,(주)이마트에브리데이 영북점,구분없음,I,2026-04-01 22:05:16,경기도 포천시 영북면 영북로 178,정상영업,1,01,0315325327,준대규모점포,224070.86410856     ,509736.119699549    ,경기도 포천시 영북면 운천리 345번지 6호,2024-07-25 10:37:36
5600000,2011560008907500002,2011-10-04,,영업/정상,,,,,716.03,487-851,,롯데쇼핑(주) 롯데슈퍼 포천일동점,그 밖의 대규모점포,I,2026-04-01 22:05:15,경기도 포천시 일동면 화동로 1072,정상영업,1,01,0315335601,준대규모점포,227973.976182363    ,495167.132130244    ,경기도 포천시 일동면 기산리 82번지 35호,2025-05-12 10:33:35
5670000,2014567046507500002,2009-07-09,,영업/정상,,,,,649.6,,51449,농협 하나로마트 사파점,전문점,I,2026-04-30 22:00:15,"경상남도 창원시 성산구 동산로 156, 삼익종합상가 지하 1층 (사파동)",정상영업,1,01,0552830455,준대규모점포,354106.484714682    ,192692.678529828    ,경상남도 창원시 성산구 사파동 141 삼익종합상가,2025-02-11 12:17:26
5670000,2014567046507500003,1996-03-08,,영업/정상,,,,,699.93,,,농협 하나로마트 남양점,그 밖의 대규모점포,I,2026-04-30 22:00:15,"경상남도 창원시 성산구 대암로 40-18 (남양동, 남양동농협)",정상영업,1,01,0552798122,준대규모점포,354804.564724267    ,191785.543736737    ,,2026-01-20 09:17:07
5670000,2015567047107500001,2011-04-01,2017-07-24,취소/말소/만료/정지/중지,,,,,72,,51218,내서농협상곡지점,구분없음,I,2026-04-30 22:00:15,경상남도 창원시 마산회원구 내서읍 상곡로 22,직권취소,4,04,0552313961,준대규모점포,336735.622136942    ,194760.065788554    ,,2018-07-27 17:01:10
5670000,2015567047107500002,2011-04-01,,영업/정상,,,,,2459.5,,51236,롯데마트 삼계점,그 밖의 대규모점포,I,2026-04-30 22:00:15,경상남도 창원시 마산회원구 내서읍 경남대로 927 (롯데마트 삼계점),정상영업,1,01,0557195213,준대규모점포,336854.926637507    ,193664.997477032    ,,2026-04-28 15:40:09
5670000,2015567047107500003,2011-04-01,,영업/정상,,,,,286.65,,51237,서창원농업협동조합 삼계지점,구분없음,I,2026-04-30 22:00:15,경상남도 창원시 마산회원구 내서읍 삼계로 13 (내서농협),정상영업,1,01,0552328980,준대규모점포,336799.865560792    ,193535.088102868    ,,2025-09-11 16:52:32
5670000,2015567047107500004,2011-04-01,,영업/정상,,,,,166.16,,51214,내서농협 호계지점,구분없음,I,2026-04-30 22:00:15,경상남도 창원시 마산회원구 내서읍 호원로 307 (내서농협),정상영업,1,01,0552315005,준대규모점포,338496.366235131    ,196791.994015258    ,,2016-03-28 19:06:03
5670000,2015567057407500001,2015-11-27,,영업/정상,,,,,586,,51628,GS THE FRESH 진해풍호점,그 밖의 대규모점포,I,2026-04-30 22:00:15,"경상남도 창원시 진해구 충장로657번길 35 (풍호동, 창원 마린 푸르지오 2단지)",정상영업,1,01,0555439340,준대규모점포,355532.334699694    ,182681.549065923    ,경상남도 창원시 진해구 풍호동 305-17 창원 마린 푸르지오 2단지,2025-04-21 16:22:01
5670000,2016567055907500001,2016-09-06,,영업/정상,,,,,6365.43,,51370,킹덤시티,그 밖의 대규모점포,I,2026-04-30 22:00:15,경상남도 창원시 의창구 평산로207번길 4 (서상동),영업개시전,5,01,0552668005,대규모점포,347886.71935506     ,196863.11405067     ,경상남도 창원시 의창구 서상동 666번지 5호,2018-04-02 11:46:35
5670000,2017567057207500001,2017-05-17,,영업/정상,,,,,910.97,630-011,,김기민,대형마트,I,2026-04-30 22:00:15,경상남도 창원시 마산회원구 양덕옛2길 13 (석전동),정상영업,1,01,0513302553,준대규모점포,343435.097356108    ,193337.905151911    ,경상남도 창원시 마산회원구 석전동 259번지 4호,2017-05-17 18:05:25
5670000,2018567056807500001,2018-09-20,,영업/정상,,,,,439,,51498,노브랜드 창원대동점,그 밖의 대규모점포,I,2026-04-30 22:00:15,"경상남도 창원시 성산구 원이대로 730, 대동백화점 1층 (상남동)",정상영업,1,01,0552128795,준대규모점포,353660.889782198    ,192440.577505521    ,경상남도 창원시 성산구 상남동 44번지 1호 대동백화점,2024-04-26 10:48:18
5670000,2020567056607500001,2020-03-02,,영업/정상,,,,,208.25,,51382,(주)지에스리테일 창원유니시티점,그 밖의 대규모점포,I,2026-04-30 22:00:15,"경상남도 창원시 의창구 중동로 33, 105~109호 (중동, 창원중동유니시티2단지)",정상영업,1,01,0515104646,준대규모점포,347988.104340174    ,196439.124667683    ,경상남도 창원시 의창구 중동 785번지 창원중동유니시티2단지,2025-04-29 13:15:37
5670000,2020567057007500001,2019-08-20,,영업/정상,,,,2019-08-20,381,,51778,노브랜드 현동점 주식회사,그 밖의 대규모점포,I,2026-04-30 22:00:15,"경상남도 창원시 마산합포구 현동4길 10, 코끼리주차빌딩 105호 (우산동)",정상영업,1,01,,준대규모점포,341401.546770057    ,184716.666833596    ,경상남도 창원시 마산합포구 우산동 99,2021-05-03 15:22:42
5670000,2021567056807500001,2021-09-16,,영업/정상,,,,,860.7,,51471,(주)이마트에브리데이 창원더스퀘어점,구분없음,I,2026-04-30 22:00:15,"경상남도 창원시 성산구 대암로 247, 더 스퀘어 제1층 제씨101호, 111호 (성주동)",정상영업,1,01,023805042,준대규모점포,355800.178264689    ,190741.564492406    ,경상남도 창원시 성산구 성주동 100 더 스퀘어,2024-08-13 11:42:14
5670000,2021567057007500001,2021-04-06,,영업/정상,,,,,305.88,,51771,(주)지에스리테일 마산월영점,대형마트,I,2026-04-30 22:00:15,"경상남도 창원시 마산합포구 월영남로 42, 대동아파트 제상가동 제2층 201~203호 (월영동)",정상영업,1,01,0515104646,준대규모점포,341862.565103268    ,187325.561449479    ,경상남도 창원시 마산합포구 월영동 703-2 대동아파트,2025-04-15 14:06:03
5670000,2021567057007500002,2021-04-06,,영업/정상,,,,,163.92,,51754,(주)지에스리테일 월영마린점,대형마트,I,2026-04-30 22:00:15,"경상남도 창원시 마산합포구 가포순환로 33, 2동상가동 1층 101,102,104호 (월영동, 마린애시앙부영)",정상영업,1,01,0220062364,준대규모점포,342459.419901498    ,187235.520692451    ,경상남도 창원시 마산합포구 월영동 738 마린애시앙부영,2025-04-15 14:03:45
5670000,2021567057407500001,2019-10-19,,영업/정상,,,,,322.42,,51593,노브랜드 진해자은점,그 밖의 대규모점포,I,2026-04-30 22:00:15,"경상남도 창원시 진해구 장복대로 171, 1층 (자은동)",정상영업,1,01,0555467773,준대규모점포,355989.583845141    ,185340.131413016    ,경상남도 창원시 진해구 자은동 143-1,2021-05-10 15:09:27
5670000,2022567057007500001,2022-02-21,,영업/정상,,,,,726,,51754,(주)이마트에브리데이 월영마린애시앙점,그 밖의 대규모점포,I,2026-04-30 22:00:15,"경상남도 창원시 마산합포구 가포순환로 33, 제상가1동 101, 105, 106호 (월영동, 마린애시앙부영)",정상영업,1,01,023805042,준대규모점포,342459.419901498    ,187235.520692451    ,경상남도 창원시 마산합포구 월영동 738 마린애시앙부영,2024-08-09 15:03:05
5670000,2022567057407500001,2022-04-06,,영업/정상,,,,,1219.7,,51667,탑마트 진해경화점,그 밖의 대규모점포,I,2026-04-30 22:00:15,경상남도 창원시 진해구 충장로 281-9 (경화동),정상영업,1,01,0555441501,준대규모점포,353241.977997001    ,185120.55817638     ,경상남도 창원시 진해구 경화동 1174-3,2025-04-28 17:00:46
5670000,2023567074607500001,2023-10-11,,영업/정상,,,,,73115.91,,,스타필드 창원,복합쇼핑몰,I,2026-04-30 22:00:15,,영업개시전,5,01,0269211681,대규모점포,347646.533693363    ,196223.110487206    ,경상남도 창원시 의창구 중동 792,2023-10-11 17:22:37
5670000,2024567056607500001,2024-11-21,,영업/정상,,,,,231.4,,51170,GS THE FRESH 창원명서점,그 밖의 대규모점포,I,2026-04-30 22:00:15,"경상남도 창원시 의창구 도계로 135, 상가동 106~107호,113호 (명서동, 두산위브아파트)",정상영업,1,01,,준대규모점포,349592.74182334     ,196068.969651688    ,경상남도 창원시 의창구 명서동 27 두산위브아파트,2025-04-29 13:12:59
5670000,2024567056807500001,2024-09-30,,영업/정상,,,,,716.19,,51415,GS THE FRESH 창원대원점,그 밖의 대규모점포,I,2026-04-30 22:00:15,"경상남도 창원시 성산구 대원로 87, 에일린의 뜰 상가 지하층 B101호 (대원동)",정상영업,1,01,,준대규모점포,350289.15406655     ,194044.129488862    ,경상남도 창원시 성산구 대원동 36-5,2025-08-05 08:38:09
5670000,2024567057407500001,2024-04-29,,영업/정상,,,,,246.96,,51618,GS THE FRESH 진해남문점,그 밖의 대규모점포,I,2026-04-30 22:00:15,"경상남도 창원시 진해구 웅천동로 13, 상가동 1층 105호~111호 (남문동, 리젠시빌란트더웰)",정상영업,1,01,,준대규모점포,360141.456258912    ,179926.033757916    ,경상남도 창원시 진해구 남문동 1275-1 리젠시빌란트더웰 상가동,2025-04-16 09:46:20
5670000,2024567074607500001,2024-03-04,,영업/정상,,,,,30100,,51393,홈플러스 창원점,대형마트,I,2026-04-30 22:00:15,"경상남도 창원시 의창구 창원대로 415, 삼성홈플러스 (팔용동)",정상영업,1,01,0552708124,대규모점포,349554.531300316    ,193997.823602934    ,경상남도 창원시 의창구 팔용동 30-3 삼성홈플러스,2024-03-04 18:19:11
5670000,2024567074607500002,2024-03-04,,영업/정상,,,,,12780,,51687,홈플러스 진해점,대형마트,I,2026-04-30 22:00:15,"경상남도 창원시 진해구 충장로 356, 홈플러스진해점 (이동)",정상영업,1,01,0555408122,대규모점포,354027.572779734    ,185091.047013466    ,경상남도 창원시 진해구 이동 536-10 홈플러스진해점,2024-03-04 18:30:11
5670000,2024567074607500003,2024-03-04,,영업/정상,,,,,27684.74,,51320,홈플러스 마산점,대형마트,I,2026-04-30 22:00:15,"경상남도 창원시 마산회원구 삼호로 56, 삼성홈플러스 (양덕동)",정상영업,1,01,0552598120,대규모점포,344300.256802514    ,192639.515073523    ,경상남도 창원시 마산회원구 양덕동 151-1 삼성홈플러스,2024-03-04 18:22:34
5670000,2024567074607500004,2024-03-26,,영업/정상,,,,,5720,,51462,성원3차종합상가,그 밖의 대규모점포,I,2026-04-30 22:00:15,"경상남도 창원시 성산구 대암로 80, 성원3차아파트상가 (대방동)",정상영업,1,01,0552828142,대규모점포,355345.158946828    ,191953.984254067    ,경상남도 창원시 성산구 대방동 355 성원3차아파트상가,2024-03-26 16:37:10
5670000,2024567074607500005,2024-04-24,,영업/정상,,,,,10909,,51515,이마트 창원점,대형마트,I,2026-04-30 22:00:15,"경상남도 창원시 성산구 원이대로 608, 창원이마트 (중앙동)",정상영업,1,01,0552111052,대규모점포,352870.655048828    ,193192.657445858    ,경상남도 창원시 성산구 중앙동 91 창원이마트,2024-04-24 13:40:14
5670000,2024567074607500006,2024-04-24,,영업/정상,,,,,11192,,51735,이마트 마산점,대형마트,I,2026-04-30 22:00:15,"경상남도 창원시 마산합포구 서성로 3, 이마트 (중앙동3가)",정상영업,1,01,,대규모점포,342886.064848583    ,189864.336045851    ,경상남도 창원시 마산합포구 중앙동3가 4-1 이마트,2024-04-24 13:35:35
5670000,2024567074607500007,2024-05-13,,영업/정상,,,,,26674.69,,51330,(주)신세계 마산점,백화점,I,2026-04-30 22:00:15,"경상남도 창원시 마산합포구 합포로 251, 신세계백화점 (산호동)",정상영업,1,01,0552401041,대규모점포,344361.357213009    ,192302.09720122     ,경상남도 창원시 마산합포구 산호동 10-3 신세계백화점,2024-05-13 10:19:33
5670000,2025567056807500001,2025-03-26,,영업/정상,,,,,198.3,,,GS THE FRESH 창원가음점,대형마트,I,2026-04-30 22:00:15,,정상영업,1,01,0515104672,준대규모점포,354143.956530041    ,191337.32237551     ,"경상남도 창원시 성산구 가음동 14-12 단지상가101호~105호,106호",2025-08-05 08:38:31
5670000,2025567056807500002,2025-12-11,,영업/정상,,,,,191.7,,51519,GS THE FRESH 창원더퍼스트점,그 밖의 대규모점포,I,2026-04-30 22:00:15,"경상남도 창원시 성산구 대상중앙로 10, 창원더퍼스트(아)상가동 1층 106동~110호 (중앙동)",정상영업,1,01,,준대규모점포,,,경상남도 창원시 성산구 중앙동 528,2026-01-23 09:55:29
5670000,1996528000007500028,1996-03-04,,영업/정상,,,,,,,,프라자1번가시장,그 밖의 대규모점포,I,2026-04-30 22:00:14,경상남도 창원시 마산합포구 오동동10길 73 (오동동),정상영업,1,01,05512221301,,343931.914789962    ,190905.665723726    ,경상남도 마산시 오동동 12번지 3호   ,2007-06-30 10:28:07
5670000,1997527002207500001,1997-06-03,,영업/정상,,,,,5651,,,창원코아상가,그 밖의 대규모점포,I,2026-04-30 22:00:14,경상남도 창원시 성산구 상남로 71 (상남동),정상영업,1,01,0552820435,대규모점포,352838.701430316    ,192537.638974684    ,경상남도 창원시 상남동 73-4호,2018-05-09 11:11:17
5670000,1997528000007500001,1997-08-11,,영업/정상,,,,,,,,(주)기산프라쟈,대형마트,I,2026-04-30 22:00:14,경상남도 창원시 마산합포구 오동동14길 29 (오동동),정상영업,1,01,05512434577,,343880.183849584    ,190702.50942653     ,경상남도 마산시 오동동 18번지 61호   ,2007-06-30 10:28:07
5670000,1997528000007500029,1997-03-06,,영업/정상,,,,,,,,워너비마산점시장,그 밖의 대규모점포,I,2026-04-30 22:00:14,경상남도 창원시 마산합포구 아구찜길 7 (동성동),정상영업,1,01,05512432105,,343640.357498817    ,190776.85343931     ,경상남도 마산시 동성동 50호   ,2007-06-30 10:28:07
5670000,19975670570075,1997-07-01,,영업/정상,,,,,396,,51261,롯데슈퍼 마산자산점,그 밖의 대규모점포,I,2026-04-30 22:00:13,"경상남도 창원시 마산합포구 자산솔밭로 51, 하얀집 (자산동)",정상영업,1,01,0552240426,준대규모점포,341877.6268526      ,190288.093378016    ,경상남도 창원시 마산합포구 자산동 330-1 하얀집,2021-05-03 16:50:26
5670000,2000527002207500001,2000-08-23,,영업/정상,,,,,0,,,(주)아람마트 창원점,대형마트,I,2026-04-30 22:00:14,경상남도 창원시 성산구 원이대로393번길 25 (반지동),정상영업,1,01,0552763535,,351260.497721082    ,194674.701177344    ,경상남도 창원시 반지동 78호,2009-05-15 15:18:15
5670000,2000527002207500002,2000-09-19,,영업/정상,,,,,24036.6,641-832,,상남시장,그 밖의 대규모점포,I,2026-04-30 22:00:14,경상남도 창원시 성산구 마디미로 28 (상남동),정상영업,1,01,0552621494,대규모점포,353189.423782494    ,192735.097969597    ,경상남도 창원시 상남동 16번지,2026-04-20 15:45:43
5670000,2000527002207500003,2000-10-06,,영업/정상,,,,,9663,,51492,가음시장대상가,그 밖의 대규모점포,I,2026-04-30 22:00:14,"경상남도 창원시 성산구 원이대로883번길 15-24 (가음동, 가음시장대상가)",정상영업,1,01,0552645920,대규모점포,354464.882255751    ,191175.033160605    ,경상남도 창원시 성산구 가음동 21-20번지,2017-06-29 08:33:21
5670000,2000527002207500004,2000-10-06,,영업/정상,,,,,30100,641-847,,홈플러스 창원점,대형마트,I,2026-04-30 22:00:14,경상남도 창원시 의창구 창원대로 415 (팔용동),정상영업,1,01,0552708124,대규모점포,349554.531300316    ,193997.823602934    ,경상남도 창원시 의창구 팔용동 30번지 3호,2021-06-15 09:47:01
5670000,2001527018207500001,2001-12-24,,영업/정상,,,,,27497.64,,,롯데백화점 창원점,백화점,I,2026-04-30 22:00:14,경상남도 창원시 성산구 중앙대로 124 (상남동),정상영업,1,01,0552792500,대규모점포,353052.944834244    ,192993.337825028    ,경상남도 창원시 상남동 79호,2025-12-31 07:50:22
5670000,2001528011707500001,2001-12-07,,휴업,,,,,3.27,,,코오롱타운상가,그 밖의 대규모점포,I,2026-04-30 22:00:14,,휴업처리,2,02,,,338761.968966371    ,197499.570390955    ,경상남도 마산시 내서읍 호계리 10호   ,2007-06-30 10:28:07
5670000,2001528015507500020,2001-03-26,,영업/정상,,,,,26674.69,,,(주)신세계 마산점,백화점,I,2026-04-30 22:00:14,경상남도 창원시 마산합포구 합포로 251 (산호동),정상영업,1,01,0552401041,대규모점포,344361.357213009    ,192302.09720122     ,경상남도 마산시 산호동 10번지 3 호,2022-04-26 15:41:41
5670000,2002527002207500001,2002-03-15,,영업/정상,,,,,10909,642-845,,(주) 이마트 창원점,대형마트,I,2026-04-30 22:00:14,경상남도 창원시 성산구 원이대로 608 (중앙동),정상영업,1,01,0552111052,대규모점포,352870.655048828    ,193192.657445858    ,경상남도 창원시 성산구 중앙동 91번지,2023-07-04 17:31:23
5670000,2002528011707500001,2002-04-13,,영업/정상,,,,,9420.86,,,롯데쇼핑(주) 롯데마트 마산점,구분없음,I,2026-05-07 21:48:19,경상남도 창원시 마산합포구 신마산시장길 33 (창포동3가),정상영업,1,01,0552302523,대규모점포,342094.201087284    ,188019.880247417    ,경상남도 마산시 창포동1가 8번지 1호,2025-12-31 07:24:32
5670000,2002528011707500002,2002-12-10,,휴업,,,,,10264,,,월마트슈퍼센타,대형마트,I,2026-04-30 22:00:14,경상남도 창원시 마산합포구 서성로 3 (중앙동3가),휴업처리,2,02,0552209190,,342886.064848583    ,189864.336045851    ,경상남도 마산시 중앙동3가 4번지 1호   ,2007-06-30 10:28:07
5670000,2002528011707500003,2002-12-10,,휴업,,,,,10264,,,월마트슈퍼센타,대형마트,I,2026-04-30 22:00:14,경상남도 창원시 마산합포구 서성로 3 (중앙동3가),휴업처리,2,02,0552209190,,342886.064848583    ,189864.336045851    ,경상남도 마산시 중앙동3가 4번지 1호   ,2007-06-30 10:28:07
5670000,2002528011707500006,2002-12-13,,휴업,,,,,0,,,월마트코리아(주),대형마트,I,2026-04-30 22:00:14,경상남도 창원시 마산합포구 서성로 3 (중앙동3가),휴업처리,2,02,0552209190,,342886.064848583    ,189864.336045851    ,경상남도 마산시 중앙동3가 4번지 1호   ,2007-06-30 10:28:07
5670000,2003527018207500001,2003-06-23,,영업/정상,,,,,8123,,51498,대동백화점,백화점,I,2026-04-30 22:00:14,"경상남도 창원시 성산구 원이대로 730, 대동백화점 1층 (상남동)",정상영업,1,01,0552128063,대규모점포,353660.889782198    ,192440.577505521    ,경상남도 창원시 성산구 상남동 44번지 1호 대동백화점,2018-09-20 20:31:26
5670000,2004527009307500001,2004-05-06,,영업/정상,,,,,0,,,신세계 이마트 창원점,대형마트,I,2026-04-30 22:00:14,경상남도 창원시 성산구 원이대로 608 (중앙동),정상영업,1,01,0552111053,,352870.655048828    ,193192.657445858    ,경상남도 창원시 중앙동 91호,2008-11-19 10:50:59
5670000,2004527009307500002,2004-05-06,,영업/정상,,,,,10909,,,신세계 이마트 창원점,대형마트,I,2026-04-30 22:00:14,경상남도 창원시 성산구 원이대로 608 (중앙동),정상영업,1,01,0552111053,,352870.655048828    ,193192.657445858    ,경상남도 창원시 중앙동 91호,2008-11-19 14:12:45
5670000,2004527009307500003,2004-11-08,,영업/정상,,,,2006-09-02,18434,,51393,뉴코아아울렛 창원점,그 밖의 대규모점포,I,2026-05-08 22:04:13,"경상남도 창원시 의창구 창원대로397번길 6, 뉴코아아울렛 (팔용동)",정상영업,1,01,0552707000,대규모점포,349399.970745622    ,194048.334675704    ,경상남도 창원시 의창구 팔용동 30-1 뉴코아아울렛,2024-12-06 17:08:30
5670000,2004567074607500001,2004-11-08,,영업/정상,,,,,18434,,51393,뉴코아 아울렛 창원점,그 밖의 대규모점포,I,2026-04-30 22:00:14,"경상남도 창원시 의창구 창원대로397번길 6, 뉴코아아울렛 (팔용동)",정상영업,1,01,0552707131,대규모점포,349399.970745622    ,194048.334675704    ,경상남도 창원시 의창구 팔용동 30-1 뉴코아아울렛,2024-12-12 13:17:24
5670000,2005527012907500001,2005-04-13,,영업/정상,,,,,10909,,,신세계 이마트 창원점,대형마트,I,2026-04-30 22:00:14,경상남도 창원시 성산구 원이대로 608 (중앙동),정상영업,1,01,0552111053,,352870.655048828    ,193192.657445858    ,경상남도 창원시 중앙동 91호,2008-11-19 11:36:46
5670000,2005532006207500001,2005-03-04,,영업/정상,,,,,11630.56,,,롯데쇼핑(주)롯데마트진해점,대형마트,U,2026-05-07 03:03:03,경상남도 창원시 진해구 진해대로 762 (석동),정상영업,1,01,0555407050,대규모점포,354711.697540492    ,185657.659582022    ,경상남도 진해시 석동 543-5호,2026-05-06 18:07:03
5670000,2006527012907500002,2006-11-25,,영업/정상,,,,,3382.79,642-818,,반송아이필프라자,그 밖의 대규모점포,I,2026-04-30 22:00:14,"경상남도 창원시 성산구 반송로 148-9 (반림동,10호)",정상영업,1,01,,,352078.381388973    ,194234.704691712    ,경상남도 창원시 성산구 반림동 17번지 9호 10호,2011-06-15 10:25:46
5670000,2006528015507500001,2006-02-09,,휴업,,,,,9776,,,삼성테스코(주),대형마트,I,2026-04-30 22:00:14,경상남도 창원시 마산회원구 삼호로 56 (양덕동),휴업처리,2,02,0552598000,,344300.256802514    ,192639.515073523    ,경상남도 마산시 양덕동 151번지 1호   ,2007-06-30 10:28:07
5670000,2007528015507500001,2007-02-06,,영업/정상,,,,,5335.55,,,서창원농협 하나로마트,대형마트,I,2026-04-30 22:00:14,경상남도 창원시 마산회원구 내서읍 유통단지로 23,정상영업,1,01,0552320114,대규모점포,337551.466399911    ,196032.212570051    ,경상남도 마산시 내서읍 중리 695호,2025-09-05 21:10:20
5670000,2007528015507500003,2007-07-27,,영업/정상,,,,,813.19,630-520,,동마산시장,그 밖의 대규모점포,I,2026-04-30 22:00:14,,정상영업,1,01,,,,,경상남도 마산시 합성동 326-1번지,2007-07-27 15:35:38
5670000,2008527018207500001,2008-06-02,,영업/정상,,,,,10040.05,,51408,롯데쇼핑(주) 롯데마트 시티세븐점,대형마트,I,2026-05-07 21:48:19,"경상남도 창원시 성산구 원이대로 320, 더시티세븐 (대원동)",정상영업,1,01,0553852500,대규모점포,350381.455011533    ,194669.203835745    ,경상남도 창원시 성산구 대원동 121 더시티세븐,2025-12-31 07:26:57
5670000,2008527018207500002,2008-06-02,,영업/정상,,,,,25143.94,,51408,City7 Mall,그 밖의 대규모점포,I,2026-04-30 22:00:14,"경상남도 창원시 성산구 원이대로 320, 더시티세븐 (대원동)",정상영업,1,01,0556005100,대규모점포,350381.455011533    ,194669.203835745    ,경상남도 창원시 성산구 대원동 121 더시티세븐,2025-05-16 09:21:55
5670000,2008528017007500001,2006-10-16,,영업/정상,,,,,0,631-423,,(주)신세계마트 이마트 마산점,대형마트,I,2026-04-30 22:00:14,경상남도 창원시 마산합포구 서성로 3 (중앙동3가),정상영업,1,01,0557111052,,342886.064848583    ,189864.336045851    ,경상남도 마산시 중앙동3가 4번지 1호,2008-01-24 17:29:43
5670000,2008528017007500002,2008-02-11,,영업/정상,,,,,11192,631-870,,(주) 이마트 마산점,구분없음,I,2026-04-30 22:00:14,경상남도 창원시 마산합포구 서성로 3 (중앙동3가),정상영업,1,01,0557111052,대규모점포,342886.064848583    ,189864.336045851    ,경상남도 창원시 마산합포구 중앙동3가 4번지 1호,2023-07-04 17:30:37
5670000,2008528017007500003,2007-02-02,,영업/정상,,,,,0,631-712,,(주)대우인터내서널 대우백화점,백화점,I,2026-04-30 22:00:14,"경상남도 창원시 마산합포구 동서동로 18 (신포동2가,대우백화점)",정상영업,1,01,,,343212.800421554    ,190266.65987154     ,경상남도 마산시 신포동2가 28번지 대우백화점,2008-09-24 17:17:11
5670000,2008532011007500001,2008-06-11,,영업/정상,,,,,12780,645-808,,홈플러스 진해점,대형마트,I,2026-04-30 22:00:14,경상남도 창원시 진해구 충장로 356 (이동),정상영업,1,01,0555408124,대규모점포,354027.572779734    ,185091.047013466    ,경상남도 창원시 진해구 이동 536번지 10호,2021-06-15 09:49:42
5670000,2008567057407500002,2008-07-03,,영업/정상,,,,,1209,,51647,(주)지에스리테일 GS더프레시 진해자은점,그 밖의 대규모점포,I,2026-04-30 22:00:14,경상남도 창원시 진해구 덕산로61번길 31 (자은동),영업개시전,5,01,0803457700,준대규모점포,355375.865963172    ,184627.955500469    ,경상남도 창원시 진해구 자은동 924-2,2025-04-08 15:58:13
5670000,1970528000007500005,1970-09-12,,영업/정상,,,,,0,,,태화종합시장,그 밖의 대규모점포,I,2026-04-30 22:00:13,,,BBBB,01,05512481770,,343050.245820733    ,192325.42924622     ,경상남도 마산시 회원동 49번지 1호   ,2007-06-30 10:28:07
5670000,1974528000007500006,1974-01-29,,영업/정상,,,,,,,,자유시장,그 밖의 대규모점포,I,2026-04-30 22:00:13,경상남도 창원시 마산합포구 교방천북길 272 (오동동),정상영업,1,01,05512469634,,343823.920891633    ,191110.635107571    ,경상남도 마산시 오동동 290호   ,2007-06-30 10:28:07
5670000,1976528000007500003,1976-11-13,,영업/정상,,,,,,,,북마산중앙시장,그 밖의 대규모점포,I,2026-04-30 22:00:13,경상남도 창원시 마산합포구 상남시장로 3 (상남동),정상영업,1,01,05512460824,,342982.471963683    ,191886.973197579    ,경상남도 마산시 상남동 40번지 1호   ,2007-06-30 10:28:07
5670000,1978528000007500007,1978-08-14,,영업/정상,,,,,,,,산호시장,그 밖의 대규모점포,I,2026-04-30 22:00:13,,정상영업,1,01,05512410829,,343968.944768579    ,192153.492701261    ,경상남도 마산시 산호동 28번지 28호   ,2007-06-30 10:28:07
5670000,1978528000007500009,1978-09-06,,영업/정상,,,,,,,,구암시장,그 밖의 대규모점포,I,2026-04-30 22:00:13,경상남도 창원시 마산회원구 구암남14길 8 (구암동),정상영업,1,01,05512924603,,345514.769619205    ,195643.250507979    ,경상남도 마산시 구암동 88번지 2호   ,2007-06-30 10:28:07
5670000,1978528000007500017,1978-10-16,,영업/정상,,,,,,,,동마산시장,그 밖의 대규모점포,I,2026-04-30 22:00:13,경상남도 창원시 마산회원구 합성남8길 76 (합성동),정상영업,1,01,05512563261,,344437.453458786    ,194579.625751237    ,경상남도 마산시 합성동 326번지 1호   ,2007-06-30 10:28:07
5670000,1979528000007500004,1979-06-25,,영업/정상,,,,,,,,회원상가시장,그 밖의 대규모점포,I,2026-04-30 22:00:13,경상남도 창원시 마산회원구 북성로 153-1 (회원동),정상영업,1,01,05512486833,,342910.928678369    ,192428.835214619    ,경상남도 마산시 회원동 362번지 17호   ,2007-06-30 10:28:07
5670000,1979528000007500015,1979-06-02,,영업/정상,,,,,,,,역전시장,그 밖의 대규모점포,I,2026-04-30 22:00:13,경상남도 창원시 마산회원구 석전동6길 32 (석전동),정상영업,1,01,05512567661,,343296.944159885    ,193485.411897112    ,경상남도 마산시 석전동 257번지 1호   ,2007-06-30 10:28:07
5670000,1980527002207500001,1980-03-03,,영업/정상,,,,,0,641-370,,양곡시장,그 밖의 대규모점포,I,2026-04-30 22:00:13,경상남도 창원시 성산구 신촌로 102 (신촌동),정상영업,1,01,0552862458,,348222.799321586    ,190253.486955771    ,경상남도 창원시 신촌동 33번지 2호,2019-01-15 11:06:51
5670000,1980527002207500002,1980-10-21,,영업/정상,,,,,0,,,중앙시장,그 밖의 대규모점포,I,2026-04-30 22:00:13,,정상영업,1,01,0552827009,,,,경상남도 창원시 중앙동 69-1호,2009-05-15 15:49:20
5670000,1980528000007500016,1980-04-25,,영업/정상,,,,,,,,양덕종합시장,그 밖의 대규모점포,I,2026-04-30 22:00:13,경상남도 창원시 마산회원구 양덕시장길 7 (양덕동),정상영업,1,01,05512569347,,344796.243924801    ,192558.949578752    ,경상남도 마산시 양덕동 164번지 20호   ,2007-06-30 10:28:07
5670000,1980528000007500018,1980-11-17,,영업/정상,,,,,,,,구암형대시장,그 밖의 대규모점포,I,2026-04-30 22:00:13,,정상영업,1,01,05512565246,,344787.449833932    ,195494.977517053    ,경상남도 마산시 구암동 18번지 1호   ,2007-06-30 10:28:07
5670000,1981527002207500001,1981-07-30,,영업/정상,,,,,0,641-818,,반송종합시장,그 밖의 대규모점포,I,2026-04-30 22:00:13,,정상영업,1,01,0552827987,,,,경상남도 창원시 반림동,2008-11-19 14:27:28
5670000,1981527002207500002,1981-08-07,,영업/정상,,,,,0,641-370,,유신종합상가,그 밖의 대규모점포,I,2026-04-30 22:00:13,경상남도 창원시 성산구 신촌로 21 (신촌동),정상영업,1,01,0552861096,,348061.032221028    ,191024.375916164    ,경상남도 창원시 신촌동 15번지 6호,2009-05-15 15:46:40
5670000,1981528000007500001,1981-05-16,,영업/정상,,,,,,,,부림시장,그 밖의 대규모점포,I,2026-04-30 22:00:13,,정상영업,1,01,,,,,경상남도 마산시 부림동 87호   ,2007-06-30 10:28:07
5670000,1981528000007500010,1981-01-29,,영업/정상,,,,,,,,서마시장,그 밖의 대규모점포,I,2026-04-30 22:00:13,경상남도 창원시 마산회원구 구암남14길 8 (구암동),정상영업,1,01,05512560937,,345514.769619205    ,195643.250507979    ,경상남도 마산시 구암동 88번지 2호   ,2007-06-30 10:28:07
5670000,1981528000007500011,1981-08-05,,영업/정상,,,,,,,,회성종합시장,,I,2026-04-30 22:00:13,경상남도 창원시 마산회원구 회성시장2길 54 (회성동),정상영업,1,01,05512556051,,341837.673668667    ,193752.501324744    ,경상남도 마산시 회성동 450번지 1호   ,2007-06-30 10:28:07
5670000,1981528000007500020,1981-04-16,,영업/정상,,,,,,,,역전통합시장,그 밖의 대규모점포,I,2026-04-30 22:00:13,경상남도 창원시 마산회원구 석전동15길 23 (석전동),정상영업,1,01,05512991033,,343700.76237444     ,194126.336570704    ,경상남도 마산시 석전동 226번지 2호   ,2007-06-30 10:28:07
5670000,2012567035807500001,2012-05-02,,영업/정상,,,,,15537.26,,51322,롯데쇼핑(주) 롯데마트 양덕점,대형마트,I,2026-05-07 21:48:19,경상남도 창원시 마산회원구 삼호로 80 (양덕동),정상영업,1,01,0221458473,대규모점포,344258.629103871    ,192909.719460689    ,경상남도 창원시 마산회원구 양덕동 84번지 14호,2025-12-31 07:46:58
5670000,2012567035807500002,2012-12-20,,영업/정상,,,,,20536.26,642-831,,롯데백화점 창원점 신관,백화점,I,2026-04-30 22:00:15,경상남도 창원시 성산구 상남로 121 (상남동),정상영업,1,01,0552792702,대규모점포,353152.773639216    ,192998.728028448    ,경상남도 창원시 성산구 상남동 80번지,2025-12-31 07:52:17
5670000,2014567042707500001,1996-12-10,,영업/정상,,,,,7033.22,,,농협하나로마트창원점,대형마트,I,2026-04-30 22:00:15,경상남도 창원시 의창구 지귀로12번길 31 (봉곡동),정상영업,1,01,0552108800,대규모점포,350325.470568789    ,195042.161344855    ,,2021-07-23 10:19:42
5670000,2014567046507500001,1999-05-27,,영업/정상,,,,,602.28,642-768,,농협 하나로마트 반림점,복합쇼핑몰,I,2026-04-30 22:00:15,"경상남도 창원시 성산구 반송로 177-0 (반림동, 현대아파트상가)",정상영업,1,01,0552754437,준대규모점포,352378.974082944    ,194366.627904443    ,경상남도 창원시 성산구 반림동 4번지 1호 현대2차아파트,2026-01-20 09:18:13
5670000,2000527002207500005,2000-11-04,,폐업,2021-10-18,,,,23014,,,케이프타운,그 밖의 대규모점포,I,2026-04-30 22:00:14,경상남도 창원시 성산구 원이대로393번길 25 (반지동),폐업처리,3,03,0552761412,대규모점포,351260.497721082    ,194674.701177344    ,경상남도 창원시 반지동 78호,2021-10-18 17:41:58
5670000,2007528015507500002,2007-02-07,,폐업,2012-11-15,,,,8481.78,,,성지아울렛,전문점,I,2026-04-30 22:00:14,경상남도 창원시 마산합포구 해안대로 51 (해운동),폐업처리,3,03,0552499000,대규모점포,342378.579896692    ,188083.159055956    ,경상남도 마산시 해운동 68호,2012-11-16 10:53:22
5670000,2008528017007500004,2008-11-26,,폐업,2024-06-30,,,,29243.56,631-712,,롯데백화점 마산점,백화점,I,2026-04-30 22:00:14,경상남도 창원시 마산합포구 동서동로 18 (신포동2가),폐업처리,3,03,,대규모점포,343212.800421554    ,190266.65987154     ,경상남도 마산시 신포동2가 28번지 대우백화점,2024-07-16 14:45:09
5670000,2011567024107500001,2011-06-29,,폐업,2021-02-25,,,,229,,51771,홈플러스(주) 익스프레스 월영점,그 밖의 대규모점포,I,2026-04-30 22:00:14,"경상남도 창원시 마산합포구 월영남로 42, 상가동 201~203호 (월영동)",폐업처리,3,03,0552218545,준대규모점포,341862.565103268    ,187325.561449479    ,경상남도 창원시 마산합포구 월영동 703번지 2호 대동아파트,2021-02-25 20:51:35
5670000,2011567024107500007,2011-08-09,,폐업,2020-03-21,,,,872,641-848,,(주)지에스리테일창원팔용점,그 밖의 대규모점포,I,2026-04-30 22:00:15,"경상남도 창원시 의창구 팔용로 438 (팔용동,팔용종합상가)",폐업처리,3,03,,준대규모점포,346765.107975381    ,196304.368084454    ,경상남도 창원시 의창구 팔용동 101번지 팔용종합상가,2020-09-04 17:45:38
5670000,2011567024107500009,2011-08-09,,폐업,2018-08-29,,,,977,642-803,,(주)지에스리테일 창원남양점,그 밖의 대규모점포,I,2026-04-30 22:00:15,"경상남도 창원시 성산구 가음로15번길 50 (남양동, 성원2차아파트 운동시설)",폐업처리,3,03,0552665560,준대규모점포,355035.945871211    ,191663.616439782    ,경상남도 창원시 성산구 남양동 22번지 운동시설동,2018-08-29 10:14:51
5670000,2011567024107500013,2011-09-23,,폐업,2017-11-15,,,,982,641-500,,롯데쇼핑(주)롯데슈퍼서상점,복합쇼핑몰,I,2026-04-30 22:00:15,경상남도 창원시 의창구 서상로 46 (서상동),폐업처리,3,03,0552565601,준대규모점포,347160.254548975    ,197200.75106049     ,경상남도 창원시 의창구 서상동 349번지 1호,2017-11-15 17:36:42
5670000,2011567024107500017,2011-09-28,,폐업,2012-10-31,,,,998.38,631-442,,(주)서원유통 탑마트 마산어시장점,그 밖의 대규모점포,I,2026-04-30 22:00:15,경상남도 창원시 마산합포구 어시장1길 22 (신포동2가),폐업처리,3,03,0552453124,준대규모점포,343324.514841371    ,190269.963139943    ,경상남도 창원시 마산합포구 신포동2가 27번지 8호,2012-11-01 09:48:10
5670000,2014567046207500001,2014-06-24,,폐업,2017-11-15,,,,982,,,롯데쇼핑(주)롯데슈퍼 서상점,그 밖의 대규모점포,I,2026-04-30 22:00:15,경상남도 창원시 의창구 서상로 46 (서상동),폐업처리,3,03,0552565601,준대규모점포,347160.254548975    ,197200.75106049     ,,2018-01-02 13:08:05
5670000,2018567056607500001,2018-07-02,,폐업,2023-12-25,,,,342.59,,51157,GS리테일 창원봉림점,그 밖의 대규모점포,I,2026-04-30 22:00:15,경상남도 창원시 의창구 대봉로 14 (봉림동),폐업처리,3,03,0550000000,준대규모점포,351665.623945297    ,195846.17716445     ,경상남도 창원시 의창구 봉림동 713번지 4호,2024-02-02 14:06:14
5670000,2019567057207500001,2019-03-18,,폐업,2022-09-27,2020-06-23,2022-12-31,,846.2,,51215,롯데슈퍼 마산호계점,그 밖의 대규모점포,I,2026-04-30 22:00:15,경상남도 창원시 마산회원구 내서읍 호계본동로 5,폐업처리,3,03,0222905702,준대규모점포,338451.660651047    ,196737.468215993    ,경상남도 창원시 마산회원구 내서읍 호계리 407번지,2022-09-14 09:41:18
5670000,2009528017007500001,2009-02-16,,영업/정상,,,,,0,631-870,,(주)신세계이마트마산점,대형마트,I,2026-04-30 22:00:14,경상남도 창원시 마산합포구 서성로 3 (중앙동3가),정상영업,1,01,,,342886.064848583    ,189864.336045851    ,경상남도 마산시 중앙동3가 4번지 1호,2009-02-16 18:28:32
5670000,2009528017007500002,2003-03-20,,영업/정상,,,,2014-04-01,5515.51,630-816,,(주)대현프리몰 창원점,쇼핑센터,I,2026-04-30 22:00:14,경상남도 창원시 마산회원구 3·15대로 지하 758 (합성동),정상영업,1,01,,대규모점포,343996.417072118    ,194413.871669486    ,경상남도 창원시 마산회원구 합성1동 586번지,2014-04-02 09:21:15
5670000,2009528017007500003,2009-04-27,,영업/정상,,,,,27678.74,630-811,,홈플러스 마산점,대형마트,I,2026-04-30 22:00:14,경상남도 창원시 마산회원구 삼호로 56 (양덕동),정상영업,1,01,0552598124,대규모점포,344300.256802514    ,192639.515073523    ,경상남도 창원시 마산회원구 양덕2동 151번지 1호,2021-06-15 10:01:48
5670000,2010567002307500001,2010-12-15,,영업/정상,,,,,13646,642-030,,롯데쇼핑(주) 롯데마트맥스 창원중앙점,복합쇼핑몰,I,2026-05-07 21:48:19,경상남도 창원시 성산구 중앙대로 123 (중앙동),정상영업,1,01,0552402500,대규모점포,352898.792946041    ,193096.389570807    ,경상남도 창원시 성산구 중앙동 92번지,2025-12-31 07:31:40
5670000,2010567024107500001,2010-07-30,,영업/정상,,,,,390.8,630-811,,홈플러스(주)익스프레스 마산양덕점,구분없음,I,2026-04-30 22:00:14,경상남도 창원시 마산회원구 율림교로 12 (양덕동),정상영업,1,01,0552978593,준대규모점포,344191.811954823    ,193346.155529709    ,경상남도 창원시 마산회원구 양덕2동 59번지 1호,2024-03-19 14:49:24
5670000,2011567024107500002,2011-06-29,,영업/정상,,,,,363.3,630-807,,홈플러스(주) 익스프레스 석전점,구분없음,I,2026-04-30 22:00:14,경상남도 창원시 마산회원구 양덕서8길 10 (석전동),정상영업,1,01,0552558545,준대규모점포,343608.326889913    ,193632.616766862    ,경상남도 창원시 마산회원구 석전2동 245번지 3호,2024-03-19 14:57:38
5670000,2011567024107500003,2011-06-29,,영업/정상,,,,,479.7,630-856,,홈플러스(주) 익스프레스 마산호계점,구분없음,I,2026-04-30 22:00:15,경상남도 창원시 마산회원구 내서읍 광려천북로 198-2,정상영업,1,01,0552328052,준대규모점포,338565.952032288    ,197423.081824261    ,경상남도 창원시 마산회원구 내서읍 호계리 65번지,2024-03-19 14:43:35
5670000,2011567024107500004,2011-08-04,,영업/정상,,,,,1474,642-915,,지에스 더프레시(GS THE FRESH) 토월점,구분없음,I,2026-04-30 22:00:15,"경상남도 창원시 성산구 동산로 124 (상남동, 성원종합상가)",정상영업,1,01,0552672853,준대규모점포,353991.929834837    ,192136.233221503    ,경상남도 창원시 성산구 상남동 45번지 1호 성원주상가,2025-04-11 09:09:07
5670000,2011567024107500005,2011-08-09,,영업/정상,,,,,1795,631-872,,(주)서원유통 탑마트 마산해운점,그 밖의 대규모점포,I,2026-04-30 22:00:15,경상남도 창원시 마산합포구 월영동서로 20 (해운동),정상영업,1,01,,준대규모점포,342105.127165045    ,187860.660953508    ,경상남도 창원시 마산합포구 해운동 34번지,2026-02-11 17:26:48
5670000,2011567024107500006,2011-08-09,,영업/정상,,,,,677,630-820,,(주)GS지에스리테일 마산회원점,구분없음,I,2026-04-30 22:00:15,"경상남도 창원시 마산회원구 북성로 138, 101호 (회원동, 천지리치빌)",정상영업,1,01,0557157030,준대규모점포,342974.493761506    ,192263.611428005    ,경상남도 창원시 마산회원구 회원동 50번지 5호 천지리치빌,2025-04-17 11:28:48
5670000,2011567024107500008,2011-08-09,,영업/정상,,,,,1543.2,642-805,,(주)지에스리테일 대방점,그 밖의 대규모점포,I,2026-04-30 22:00:15,경상남도 창원시 성산구 가양로124번길 5-12 (대방동),정상영업,1,01,0552634665,준대규모점포,355398.667712291    ,191281.336947593    ,경상남도 창원시 성산구 대방동 363번지 2호,2025-04-11 10:10:43
5670000,2011567024107500010,2011-08-09,,영업/정상,,,,,958.37,645-806,,(주)GS지에스리테일 진해여좌점,그 밖의 대규모점포,I,2026-04-30 22:00:15,경상남도 창원시 진해구 충장로 87 (여좌동),정상영업,1,01,0555528867,준대규모점포,351335.420325117    ,185009.790493375    ,경상남도 창원시 진해구 여좌동 761번지 46호,2025-04-16 09:44:37
5670000,2011567024107500011,2011-08-30,,영업/정상,,,,,3169.54,642-818,,반송아이필프라자,그 밖의 대규모점포,I,2026-04-30 22:00:15,경상남도 창원시 성산구 반송로 148-9 (반림동),정상영업,1,01,0552743413,대규모점포,352078.381388973    ,194234.704691712    ,경상남도 창원시 성산구 반림동 17번지 9호,2023-04-12 10:25:59
5670000,2011567024107500012,2011-09-27,,영업/정상,,,,,1693,642-829,,롯데쇼핑(주)롯데슈퍼상남점,구분없음,I,2026-04-30 22:00:15,"경상남도 창원시 성산구 동산로 122-0 (상남동, 스카이웰빙파크)",정상영업,1,01,0552675601,준대규모점포,353991.929834837    ,192136.233221503    ,경상남도 창원시 성산구 상남동 45번지 1호 스카이웰빙파크,2026-04-16 11:33:08
5670000,2011567024107500014,2011-09-28,,영업/정상,,,,,1368.84,,51423,탑마트 창원반지점,그 밖의 대규모점포,I,2026-04-30 22:00:15,"경상남도 창원시 성산구 창원천로 288, 대동그린코아상가 (반지동)",정상영업,1,01,0552768600,준대규모점포,351929.36688523     ,195209.158068687    ,경상남도 창원시 성산구 반지동 23 대동아파트,2025-04-28 09:42:10
5670000,2011567024107500015,2011-09-28,,영업/정상,,,,,948,,51215,(주)서원유통 탑마트 마산호계점,그 밖의 대규모점포,I,2026-04-30 22:00:15,경상남도 창원시 마산회원구 내서읍 호계안길 97,정상영업,1,01,0552310031,준대규모점포,338421.757901572    ,196551.121147378    ,경상남도 창원시 마산회원구 내서읍 호계리 385번지 2호 외 1필지,2025-05-01 13:16:17
5670000,2011567024107500016,2011-09-28,,영업/정상,,,,,1566,631-859,,(주)서원유통 탑마트 마산점,그 밖의 대규모점포,I,2026-04-30 22:00:15,"경상남도 창원시 마산합포구 오동동14길 29 (오동동,기산프라자)",정상영업,1,01,0552228944,준대규모점포,343880.183849584    ,190702.50942653     ,경상남도 창원시 마산합포구 오동동 18번지 61호 기산프라자,2025-05-01 13:53:34
5670000,2011567024107500018,2011-09-30,,영업/정상,,,,,874,,51375,(주)서원유통 탑마트 뉴창원점,복합쇼핑몰,I,2026-04-30 22:00:15,경상남도 창원시 의창구 사화로17번길 3(팔용동),정상영업,1,01,0552991991,준대규모점포,346397.156571353    ,196542.664422481    ,경상남도 창원시 의창구 팔용동 164-13,2025-05-08 11:21:59
5670000,2011567024107500019,2011-09-29,,영업/정상,,,,,910.97,630-805,,(주)서원유통 탑마트 마산석전점,그 밖의 대규모점포,I,2026-04-30 22:00:15,경상남도 창원시 마산회원구 양덕옛2길 13 (석전동),정상영업,1,01,0552553223,준대규모점포,343435.097356108    ,193337.905151911    ,경상남도 창원시 마산회원구 석전1동 259번지 4호,2025-05-01 13:15:47
5670000,2011567024107500020,2009-02-19,,영업/정상,,,,,696,,51132,(주)서원유통 탑마트 동읍점,그 밖의 대규모점포,I,2026-04-30 22:00:15,경상남도 창원시 의창구 동읍 동읍로 1-10,정상영업,1,01,0552991991,준대규모점포,353068.491917347    ,198881.48638142     ,경상남도 창원시 의창구 동읍 용잠리 418번지 3호,2025-05-08 11:24:35
5670000,2011567024107500021,2011-09-30,,영업/정상,,,,,240.4,,51482,홈플러스익스프레스 창원남양점,구분없음,I,2026-04-30 22:00:15,"경상남도 창원시 성산구 대정로 80, 지하1층 (남양동, 피오르빌아파트상가)",정상영업,1,01,0552898546,준대규모점포,354886.357417343    ,191364.363381491    ,경상남도 창원시 성산구 남양동 24번지 피오르빌아파트상가 지하1층,2024-03-26 11:02:50
5670000,2018567056607500002,2018-12-20,,폐업,2026-01-05,,,,578.51,,51143,(주)이마트에브리데이 창원사림점,그 밖의 대규모점포,I,2026-04-30 22:00:15,경상남도 창원시 의창구 사림로45번길 8 (사림동),폐업처리,3,03,0557148291,준대규모점포,352662.39135862     ,195573.118375138    ,경상남도 창원시 의창구 사림동 106번지 6호,2026-01-05 16:03:51
5670000,1982527002207500001,1982-01-16,,영업/정상,,,,,0,,,낙원상가,그 밖의 대규모점포,I,2026-04-30 22:00:13,,정상영업,1,01,0552823871,,,,경상남도 창원시 반림동 10-5호,2009-05-15 15:45:06
5670000,1982527002207500002,1982-12-14,,영업/정상,,,,,0,,,경창상가,그 밖의 대규모점포,I,2026-04-30 22:00:13,,정상영업,1,01,0552850550,,,,경상남도 창원시 상남동 73-5호,2018-05-03 10:15:27
5670000,1982528000007500002,1982-06-05,,영업/정상,,,,,,,,부림상시장,그 밖의 대규모점포,I,2026-04-30 22:00:13,,정상영업,1,01,05512230025,,,,경상남도 마산시 부림동 83호   ,2007-06-30 10:28:07
5670000,1982528000007500008,1982-06-28,,영업/정상,,,,,,,,양덕중앙시장,그 밖의 대규모점포,I,2026-04-30 22:00:13,경상남도 창원시 마산회원구 양덕북10길 23 (양덕동),정상영업,1,01,05512992577,,344137.784185973    ,193745.731782616    ,경상남도 마산시 양덕동 15번지 1호   ,2007-06-30 10:28:07
5670000,1984527002207500001,1984-08-20,,영업/정상,,,,,0,,,소계시장,그 밖의 대규모점포,I,2026-04-30 22:00:13,,정상영업,1,01,0552560285,,,,경상남도 창원시 소계동 724-4호,2009-05-15 15:51:06
5670000,1984528000007500014,1984-11-20,,영업/정상,,,,,,,,합성시장,그 밖의 대규모점포,I,2026-04-30 22:00:13,,정상영업,1,01,05512930666,,,,경상남도 마산시 회원동 654번지 8호   ,2007-06-30 10:28:07
5670000,1985527002207500001,1985-02-04,,영업/정상,,,,,0,641-784,,롯데종합상가,그 밖의 대규모점포,I,2026-04-30 22:00:13,,정상영업,1,01,0552813705,,,,경상남도 창원시 용호동 63번지 롯데아파트,2009-05-15 15:40:50
5670000,1985528000007500013,1985-06-01,,영업/정상,,,,,,,,교방주공시장(주),그 밖의 대규모점포,I,2026-04-30 22:00:13,,정상영업,1,01,05512432200,,,,경상남도 마산시 회원동 654번지 8호   ,2007-06-30 10:28:07
5670000,1991527002207500001,1991-06-04,,영업/정상,,,,,0,641-769,,대동그린코아상가,그 밖의 대규모점포,I,2026-04-30 22:00:14,,정상영업,1,01,0552770999,,351929.36688523     ,195209.158068687    ,경상남도 창원시 반지동 23번지 대동아파트,2009-05-15 15:39:10
5670000,1992527002207500001,1992-01-14,,영업/정상,,,,,7366,,,토월복합상가,그 밖의 대규모점포,I,2026-04-30 22:00:14,,정상영업,1,01,0552843720,,,,경상남도 창원시 신월동 68-1호,2010-02-05 11:04:06
5670000,1992527002207500002,1992-08-08,,영업/정상,,,,,0,641-804,,대방덕산상가,그 밖의 대규모점포,I,2026-04-30 22:00:14,,정상영업,1,01,0552848262,,355319.149222522    ,191727.210958567    ,경상남도 창원시 대방동 356번지,2009-05-15 15:36:47
5670000,1992527002207500003,1992-09-29,,영업/정상,,,,,0,641-804,,대동훼미리종합상가,그 밖의 대규모점포,I,2026-04-30 22:00:14,,정상영업,1,01,0552663096,,355532.690138971    ,191537.615415523    ,경상남도 창원시 대방동 358번지,2009-05-15 15:35:38
5670000,1992527002207500004,1992-12-09,,영업/정상,,,,,5720,642-804,,성원3차종합상가,그 밖의 대규모점포,I,2026-04-30 22:00:14,경상남도 창원시 성산구 대암로 80 (대방동),정상영업,1,01,0552828142,대규모점포,355345.158946828    ,191953.984254067    ,경상남도 창원시 성산구 대방동 355번지,2022-07-28 08:24:34
5670000,1992528000007500023,1992-09-30,,영업/정상,,,,,,,,(주)화인주택,그 밖의 대규모점포,I,2026-04-30 22:00:14,,정상영업,1,01,05512213160,,341598.060051788    ,187442.891934775    ,경상남도 마산시 월영동 593호   ,2007-06-30 10:28:07
5670000,1993527002207500001,1993-02-08,,영업/정상,,,,,0,,,사파동성종합상가,그 밖의 대규모점포,I,2026-04-30 22:00:14,,정상영업,1,01,0552614439,대규모점포,355105.928564878    ,192476.072037181    ,경상남도 창원시 사파동 93호,2023-04-25 15:45:55
5670000,1993527002207500002,1993-03-15,,영업/정상,,,,,0,641-845,,동성올림픽타운,그 밖의 대규모점포,I,2026-04-30 22:00:14,경상남도 창원시 성산구 중앙대로 77 (중앙동),정상영업,1,01,0552685605,,352674.65906455     ,192733.124488156    ,경상남도 창원시 중앙동 97번지 2호,2009-05-15 15:31:23
5670000,1993527002207500003,1993-07-05,,영업/정상,,,,,7446,,,창원기계공구상가,그 밖의 대규모점포,I,2026-04-30 22:00:14,경상남도 창원시 의창구 창원대로 400 (팔용동),정상영업,1,01,0552380598,대규모점포,349308.666401516    ,193974.505754164    ,경상남도 창원시 팔용동 16-1호,2017-07-20 09:16:59
5670000,1993527002207500004,1993-09-27,,영업/정상,,,,,0,641-849,,대동중앙상가,그 밖의 대규모점포,I,2026-04-30 22:00:14,경상남도 창원시 의창구 반계로 95 (팔용동),정상영업,1,01,0552974582,,347001.185926747    ,196266.657999601    ,경상남도 창원시 팔용동 124번지 2호,2009-05-15 15:26:12
5670000,1993527002207500005,1993-09-27,,영업/정상,,,,,0,,,창원캔버라타운,그 밖의 대규모점포,I,2026-04-30 22:00:14,,정상영업,1,01,0552685260,,,,경상남도 창원시 중앙동 97-6호,2009-05-15 15:24:42
5670000,1993528000007500024,1993-04-23,,휴업,,,,,,,,대현프리몰마산점,그 밖의 대규모점포,I,2026-04-30 22:00:14,경상남도 창원시 마산회원구 3·15대로 지하 758 (합성동),휴업처리,2,02,05512927988,,343996.417072118    ,194413.871669486    ,경상남도 마산시 합성동 586호   ,2007-06-30 10:28:07
5670000,1994527002207500001,1994-01-29,,영업/정상,,,,,4959.95,,,봉곡진보프라자상가,그 밖의 대규모점포,I,2026-04-30 22:00:14,,정상영업,1,01,0552651237,,,,"경상남도 창원시 봉곡동 호 61-10,16,17번지",2010-04-06 10:11:47
5670000,1994527002207500002,1994-06-21,,영업/정상,,,,,25297,,,성원그랜드종합상가,그 밖의 대규모점포,I,2026-04-30 22:00:14,경상남도 창원시 성산구 동산로 124 (상남동),정상영업,1,01,0552673196,대규모점포,353991.929834837    ,192136.233221503    ,경상남도 창원시 상남동 45-1호,2016-02-23 14:56:57
5670000,1994528000007500002,1994-12-03,,취소/말소/만료/정지/중지,,,,,0,,,한백마리나타운,그 밖의 대규모점포,I,2026-04-30 22:00:14,경상남도 창원시 마산합포구 해안대로 331 (남성동),직권취소,4,04,05512440700,대규모점포,343494.627654055    ,190294.066276347    ,경상남도 마산시 남성동 246번지 1호,2014-02-26 11:52:16
5670000,1994528000007500025,1994-02-15,,영업/정상,,,,,,,,대동씨코아종합상가시장,그 밖의 대규모점포,I,2026-04-30 22:00:14,경상남도 창원시 마산합포구 월영동로 8 (해운동),정상영업,1,01,05512234955,,342254.943847155    ,187846.078472269    ,경상남도 마산시 해운동 37번지 4호   ,2007-06-30 10:28:07
5670000,1994528000007500026,1994-06-15,,영업/정상,,,,,,,,자산경남상가시장,그 밖의 대규모점포,I,2026-04-30 22:00:14,,정상영업,1,01,,,342430.153163399    ,190800.908543699    ,경상남도 마산시 자산동 17번지 1호 9브록 1롯트  ,2007-06-30 10:28:07
5670000,1995527002207500001,1995-06-28,,영업/정상,,,,,4360,,,명곡종합상가,그 밖의 대규모점포,I,2026-04-30 22:00:14,,정상영업,1,01,0552650852,,,,경상남도 창원시 명서동 75-16호,2009-05-15 13:09:42
5670000,1996527002207500001,1996-05-30,,영업/정상,,,,,0,641-851,,서원유통(탑마트),그 밖의 대규모점포,I,2026-04-30 22:00:14,경상남도 창원시 의창구 남산로17번길 28 (팔용동),정상영업,1,01,0552515311,,346839.932141499    ,196888.256309731    ,경상남도 창원시 팔용동 190번지,2010-03-25 10:05:03
5670000,1996527002207500002,1996-12-27,,영업/정상,,,,,0,,,창원그린피아상가,그 밖의 대규모점포,I,2026-04-30 22:00:14,,정상영업,1,01,0552790045,,,,경상남도 창원시 중앙동 98-6호,2009-05-15 15:21:09
5670000,1996528000007500027,1996-03-04,,영업/정상,,,,,,,,정우새어시장,그 밖의 대규모점포,I,2026-04-30 22:00:14,경상남도 창원시 마산합포구 어시장7길 126 (동성동),정상영업,1,01,05512414420,,343693.165459163    ,190571.102877168    ,경상남도 마산시 동성동 313호   ,2014-05-28 17:27:44
5680000,2008463008007500001,1998-07-06,,영업/정상,,,,,0,343-816,,삽교호수산물특화시장,전문점,I,2026-05-08 22:46:57,충청남도 당진군 신평면 삽교천2길 16,정상영업,1,01,,대규모점포,184214.782743796    ,376331.403193782    ,충청남도 당진군 신평면 운정리 884번지 1호,2011-10-30 13:24:43
5680000,2008463008007500002,2008-11-10,,영업/정상,,,,,10356.86,343-090,,롯데쇼핑(주) 롯데마트 당진점,대형마트,U,2026-05-08 03:03:03,충청남도 당진시 정안로 20 (원당동),정상영업,1,01,0413507021,대규모점포,168374.445833845    ,378301.437167256    ,충청남도 당진시 원당동 824번지,2026-05-07 09:43:51
5680000,2020568031607500001,2020-01-10,,폐업,2021-10-22,,,,978.42,,31776,(주)이마트에브리데이 당진읍내점,구분없음,I,2026-05-08 22:46:57,"충청남도 당진시 당진중앙2로 226-12, 가원웨딩장 (읍내동)",폐업처리,3,03,,준대규모점포,167483.00543761     ,377316.648389576    ,충청남도 당진시 읍내동 25번지 9호 가원웨딩장,2021-10-22 09:45:06
5680000,2016568029207500001,2016-07-06,,영업/정상,,,,,403.3,,31777,노브랜드,구분없음,I,2026-05-08 22:46:57,충청남도 당진시 당진시장길 100 (읍내동),정상영업,1,01,023809394,준대규모점포,166912.556167912    ,376553.835449822    ,,2024-04-25 09:01:24
5680000,2015568022207500001,2015-05-07,,영업/정상,,,,,14785.41,,31750,(주)모다이노칩 행담도점,전문점,I,2026-05-08 22:46:57,충청남도 당진시 신평면 서해안고속도로 276 (모다아울렛),정상영업,1,01,0419702408,대규모점포,182853.447608493    ,382877.61678826     ,충청남도 당진시 신평면 매산리 516번지 4호,2024-06-05 16:14:48
5680000,2012568014007500001,2012-04-06,,영업/정상,,,,,1435.05,343-921,,(주)지에스리테일 당진점,복합쇼핑몰,I,2026-05-08 22:46:57,충청남도 당진시 당진중앙2로 185-50 (읍내동),정상영업,1,01,0413578260,준대규모점포,167312.546069733    ,377339.497043944    ,충청남도 당진시 읍내동 250번지,2025-04-24 10:04:44
5690000,2014569002107500001,2014-07-25,,영업/정상,,,,,23716,,30102,홈플러스(주) 세종점,대형마트,I,2026-03-26 22:01:15,세종특별자치시 절재로 154 (어진동),정상영업,1,01,0447158124,대규모점포,223118.17941601     ,334063.124365711    ,세종특별자치시 어진동 503번지 홈플러스 세종점,2025-08-19 15:25:09
5690000,2015569013607500001,2015-01-09,,영업/정상,,,,,13996.41,,30065,이마트 세종점,대형마트,I,2026-03-26 22:01:15,"세종특별자치시 금송로 687, 이마트세종점 (가람동)",정상영업,1,01,0449021234,대규모점포,222425.493016349    ,330046.389124869    ,세종특별자치시 가람동 406번지 이마트세종점,2018-07-06 15:27:28
5690000,201556902920750001,2015-01-09,,영업/정상,,,,,13996.41,,30065,이마트 세종점,대형마트,I,2026-03-26 22:01:15,"세종특별자치시 금송로 687, 이마트세종점 (가람동)",정상영업,1,01,0449021234,대규모점포,222425.493016349    ,330046.389124869    ,세종특별자치시 가람동 970번지 이마트세종점,2024-04-15 13:29:34
5690000,2016569013607500003,2016-06-15,,영업/정상,,,,,13750.56,,30154,코스트코 홀세일 세종점,대형마트,I,2026-03-26 22:01:15,"세종특별자치시 종합운동장1로 14, 코스트코 세종점 (대평동)",정상영업,1,01,18999900,대규모점포,224057.825004564    ,329646.154691509    ,세종특별자치시 대평동 584번지 7호 코스트코 세종점,2018-10-30 10:59:35
5690000,2018569020007500001,2018-07-06,,영업/정상,,,,,13122.66,,30116,KT&G Mall 세종A관,그 밖의 대규모점포,I,2026-03-26 22:01:15,세종특별자치시 한누리대로 411 (어진동),정상영업,1,01,0234044941,대규모점포,223120.094210618    ,333376.484678264    ,세종특별자치시 어진동 539번지,2019-02-12 18:04:31
5690000,2018569020007500002,2018-07-06,,영업/정상,,,,,11320.61,,,KT&G Mall 세종B관 / C관,그 밖의 대규모점포,I,2026-03-26 22:01:15,,영업개시전,5,01,,대규모점포,222931.318889738    ,333304.116319079    ,세종특별자치시 어진동 521번지 외 1필지,2024-06-10 17:53:55
5690000,2022569029207500001,2022-11-22,,폐업,2025-08-27,,,,250,,30153,GS THE FRESH 세종대평점,복합쇼핑몰,I,2026-03-26 22:01:15,"세종특별자치시 대평로 34, 제1상가동 1층 105~111호 (대평동, 해들마을4단지)",폐업처리,3,03,0448684981,준대규모점포,225249.365054833    ,330129.16710604     ,세종특별자치시 대평동 704 해들마을4단지,2025-08-27 14:22:02
5690000,2020569029207500001,2020-02-04,,영업/정상,,,,,13324.75,,30116,엠브릿지,그 밖의 대규모점포,I,2026-03-26 22:01:15,"세종특별자치시 도움3로 19, 외 1필지 엠브릿지 (어진동)",영업개시전,5,01,0448608500,대규모점포,223042.626330734    ,333554.40787071     ,세종특별자치시 어진동 510번지 엠브릿지,2020-02-14 16:04:15
5690000,2020569029207500002,2020-07-10,,영업/정상,,,,,185.95,,30083,노브랜드 대평시장점,복합쇼핑몰,I,2026-03-26 22:01:15,세종특별자치시 금남면 용포로 116,정상영업,1,01,0238094361,준대규모점포,225133.445008568    ,329803.178323135    ,세종특별자치시 금남면 용포리 213-1,2024-04-24 11:02:31
5690000,2008456001007500001,2008-05-09,,영업/정상,,2026-04-15,2026-10-14,,8459.4,339-804,,홈플러스(주) 조치원점,대형마트,U,2026-04-12 03:03:03,세종특별자치시 조치원읍 허만석로 60,정상영업,1,01,0448618124,대규모점포,226564.668968332    ,342839.206240872    ,세종특별자치시 조치원읍 번암리 53번지,2026-04-11 12:31:22
5690000,2025569040807500002,2025-10-24,,영업/정상,,,,,317.9,,30141,GS THE FRESH 세종새나루점,그 밖의 대규모점포,I,2026-03-26 22:01:15,"세종특별자치시 집현동로 77, 105~110호 (집현동)",영업개시전,5,01,0448632230,준대규모점포,,,세종특별자치시 집현동 1129,2025-12-29 14:32:55
5690000,2025569040807500001,2025-08-21,,영업/정상,,,,,262.14,,30146,GS THE FRESH 세종반곡로점,그 밖의 대규모점포,I,2026-03-26 22:01:15,"세종특별자치시 한누리대로 1820, 왕관빌딩 1층 119~124호 (반곡동)",영업개시전,5,01,,준대규모점포,227994.844558214    ,333056.408656317    ,세종특별자치시 반곡동 862 왕관빌딩,2025-11-11 19:04:00
5690000,2024569040807500001,2024-10-30,,영업/정상,,,,,275.87,,30152,GS THE FRESH 세종리버파크점,구분없음,I,2026-03-26 22:01:15,"세종특별자치시 한누리대로 2236, 해들마을 6단지 상가동 A133~A138호 (대평동)",영업개시전,5,01,0448652538,준대규모점포,224884.45757913     ,330481.151715342    ,세종특별자치시 대평동 668 해들마을 6단지 상가동,2025-10-30 16:06:37
5690000,2019569020007500001,2019-04-17,,폐업,2026-02-13,,,,457.32,,30151,(주)이마트에브리데이 세종신동아점,그 밖의 대규모점포,I,2026-03-26 22:01:15,"세종특별자치시 한누리대로 2200, 호려울마을3단지 근린생활시설 1층 101-112호 (보람동)",폐업처리,3,03,,준대규모점포,225200.242050323    ,330681.871250214    ,세종특별자치시 보람동 730 호려울마을3단지 근린생활시설,2026-02-13 16:21:46
5700000,2007411000907500001,2007-05-22,,영업/정상,,,,,53948,,,(주)신세계사이먼 여주점,전문점,I,2026-03-11 01:22:21,경기도 여주시 명품로 360,정상영업,1,01,0318801242,대규모점포,254263.945020146    ,415664.62885435     ,경기도 여주시 상거동 15-1번지,2023-01-25 13:46:21
5700000,2017570003507500001,2017-09-18,,영업/정상,,,,,339.14,,12622,노브랜드 여주한글시장점,전문점,I,2026-03-11 01:22:21,"경기도 여주시 세종로14번길 18 (창동, 여주중앙프라자)",정상영업,1,01,023809461,준대규모점포,256240.063248575    ,421904.586508473    ,,2024-04-23 09:40:02
5700000,2007411000907500002,2007-11-20,,영업/정상,,,,,7955.23,469-806,,(주)이마트 여주점,복합쇼핑몰,I,2026-03-11 01:22:21,경기도 여주시 세종로 151,정상영업,1,01,0318876052,대규모점포,256448.248498212    ,420406.438944007    ,경기도 여주시 홍문동 384-1번지 외 9필지,2024-04-22 13:40:15
5710000,2025571029307500001,2025-06-11,,영업/정상,,,,,632,,28425,노브랜드 청주복대2점,구분없음,I,2026-05-06 22:48:34,"충청북도 청주시 흥덕구 대농로 49-1, 에스와이스타몰 비동 101호 (복대동)",정상영업,1,01,0430000000,준대규모점포,238209.279586088    ,349098.999807594    ,충청북도 청주시 흥덕구 복대동 288-125 에스와이스타몰,2025-07-08 17:44:02
5710000,1997436020307500001,1997-06-09,,취소/말소/만료/정지/중지,,,,,9517,361-202,,(주)이마트청주점,대형마트,I,2026-05-06 22:48:23,충청북도 청주시 서원구 청남로 1853 (미평동),직권취소,4,04,0432101051,대규모점포,242399.096913115    ,344542.716935815    ,충청북도 청주시 서원구 미평동 123-1번지 ,2014-04-10 17:06:54
5710000,1999436000907500004,1999-06-05,,영업/정상,,,,,6409.18,,,롯데쇼핑(주)롯데마트 청주점,대형마트,I,2026-05-06 22:48:23,충청북도 청주시 흥덕구 풍산로 15 (가경동),정상영업,1,01,0432362500,대규모점포,238567.758443885    ,347375.787333102    ,충청북도 청주시 흥덕구 가경동 1416-2번지,2026-01-16 16:14:06
5710000,2000436000907500000,1981-12-30,,영업/정상,,,,,0,,,신라쇼핑쎈타,그 밖의 대규모점포,I,2026-05-06 22:48:24,충청북도 청주시 서원구 사직대로144번길 34 (사창동),정상영업,1,01,0432744437,대규모점포,241325.88088399     ,348141.884346319    ,충청북도 청주시 서원구 사창동 269-11번지 ,2014-04-02 14:55:46
5710000,2000436000907500001,1964-12-30,,영업/정상,,,,,0,,,서문공설시장,그 밖의 대규모점포,I,2026-05-06 22:48:24,,정상영업,1,01,0432598959,대규모점포,,,충청북도 청주시 상당구 서문동 150-8번지 ,2014-04-02 14:45:45
5710000,2000436000907500002,1971-05-11,,영업/정상,,,,,0,,,북부시장,그 밖의 대규모점포,I,2026-05-06 22:48:24,,정상영업,1,01,0432563170,준대규모점포,,,충청북도 청주시 청원구 우암동 346-2번지 ,2014-04-02 14:42:20
5710000,2000436000907500003,1980-05-20,,영업/정상,,,,,0,,,남부상가시장,그 밖의 대규모점포,I,2026-05-06 22:48:25,,정상영업,1,01,0432682235,대규모점포,,,충청북도 청주시 서원구 모충동 88-4번지 ,2014-04-02 14:38:43
5710000,2000436000907500010,1987-12-04,,폐업,2018-12-07,,,,0,,,대현지하상가,그 밖의 대규모점포,I,2026-05-06 22:48:27,충청북도 청주시 상당구 사직대로 지하 368-2 (영동),폐업처리,3,03,0432523125,대규모점포,243436.86527854     ,348513.040076121    ,충청북도 청주시 상당구 영동 104-13번지,2018-12-07 18:23:03
5710000,2000436000907500012,1991-03-07,,폐업,2015-08-06,,,,4896.08,,,흥업백화점,백화점,I,2026-05-06 22:48:28,충청북도 청주시 상당구 성안로 19-2 (북문로1가),폐업처리,3,03,0432582233,대규모점포,243688.99000906     ,348309.294177297    ,충청북도 청주시 상당구 북문로1가 70-1번지,2015-08-10 13:38:27
5710000,2007436000907500001,2007-01-26,,폐업,2020-05-25,,,,6008.88,,,롯데쇼핑(주)청주 영플라자,백화점,I,2026-05-06 22:48:30,충청북도 청주시 상당구 상당로 55 (남문로2가),폐업처리,3,03,0432551611,대규모점포,243779.902916027    ,348124.186559157    ,충청북도 청주시 상당구 남문로2가 1-2번지,2020-05-25 16:17:04
5710000,2011436020307500001,2011-06-27,,폐업,2022-10-05,,,,942.45,,,롯데슈퍼강서점,구분없음,I,2026-05-06 22:48:30,충청북도 청주시 흥덕구 서현동로 20 (강서동),폐업처리,3,03,0432326580,준대규모점포,238386.711216501    ,347101.987654595    ,,2022-10-06 09:50:37
5710000,2012436012407500005,2012-04-10,,폐업,2017-11-24,2016-12-31,2017-12-31,,821.11,361-856,,(주)농협충북유통 하나로 클럽 봉명점,구분없음,I,2026-05-06 22:48:30,충청북도 청주시 흥덕구 덕암로 39 (봉명동),폐업처리,3,03,0432924500,준대규모점포,240934.145579015    ,350342.936351418    ,충청북도 청주시 흥덕구 봉명동 2467번지,2017-11-27 13:51:28
5710000,2012436012407500012,2012-04-19,,폐업,2023-01-07,,,,1686.23,360-820,,(주)지에스리테일 청주율량점,구분없음,I,2026-05-06 22:48:31,충청북도 청주시 청원구 율봉로 131 (율량동),폐업처리,3,03,0432183333,준대규모점포,243180.41296803     ,352003.579724036    ,충청북도 청주시 청원구 율량동 1242번지,2023-01-26 17:14:36
5710000,2016571011507500001,2016-01-11,,폐업,2020-02-10,2019-07-03,2020-07-02,2019-07-18,563.21,,,농협하나로클럽 성화점,구분없음,I,2026-05-06 22:48:33,"충청북도 청주시 서원구 신성화로 35-0, 101호 (성화동)",폐업처리,3,03,0432900114,준대규모점포,240915.938605131    ,346413.737204004    ,,2020-02-10 09:19:59
5710000,2011436012407500001,2011-06-10,,폐업,2017-05-01,,,,15531,,,홈플러스(주) 동청주점,대형마트,I,2026-05-06 22:48:30,충청북도 청주시 청원구 충청대로 114 (율량동),폐업처리,3,03,0432908000,대규모점포,244184.944567344    ,351834.595747257    ,충청북도 청주시 청원구 율량동 500-3번지,2026-01-09 17:16:33
5710000,2000436000907500004,1980-06-02,,영업/정상,,,,,0,,,중앙시장,그 밖의 대규모점포,I,2026-05-06 22:48:26,충청북도 청주시 상당구 중앙로 26 (북문로2가),정상영업,1,01,0432567657,대규모점포,243677.170030091    ,348799.109417842    ,충청북도 청주시 상당구 북문로2가 95-2번지 ,2014-04-02 14:29:19
5710000,2000436000907500005,1980-10-31,2014-04-02,취소/말소/만료/정지/중지,,,,,0,,,삼주상가,그 밖의 대규모점포,I,2026-05-06 22:48:27,충청북도 청주시 서원구 사운로 81 (사직동),직권취소,4,04,0432744309,대규모점포,242755.908331287    ,348445.48198638     ,충청북도 청주시 서원구 사직동 265-36번지 ,2014-04-03 15:11:23
5710000,2000436000907500006,1980-11-28,,영업/정상,,,,,0,,,복대시장,그 밖의 대규모점포,I,2026-05-06 22:48:27,충청북도 청주시 흥덕구 사직대로11번길 14 (복대동),정상영업,1,01,0432720307,준대규모점포,240071.145545466    ,348294.072697145    ,충청북도 청주시 흥덕구 복대동 634번지 ,2014-04-02 14:04:35
5710000,2000436000907500007,1981-08-17,,영업/정상,,,,,0,,,사직종합시장,그 밖의 대규모점포,I,2026-05-06 22:48:27,충청북도 청주시 서원구 사운로85번길 31,정상영업,1,01,0432666650,대규모점포,242648.855730663    ,348457.962907069    ,충청북도 청주시 서원구 사직동 265-19번지 ,2014-04-02 14:03:38
5710000,2000436000907500009,1986-10-16,2004-02-19,취소/말소/만료/정지/중지,,,,,0,,,후생사,그 밖의 대규모점포,I,2026-05-06 22:48:27,충청북도 청주시 상당구 중앙로 33 (북문로2가),직권취소,4,04,0432667002,대규모점포,243600.9188041      ,348872.700291747    ,충청북도 청주시 상당구 북문로2가 1309번지 ,2014-02-27 18:25:36
5710000,2000436000907500011,1989-07-05,2007-01-26,취소/말소/만료/정지/중지,,,,,0,,,(주)청주패밀리,백화점,I,2026-05-06 22:48:28,,직권취소,4,04,0432532222,대규모점포,,,충청북도 청주시 상당구 남문로2가 1-2번지 ,2014-01-10 17:27:49
5710000,2000436000907500013,1991-10-17,,영업/정상,,,,,0,,,봉명상가,그 밖의 대규모점포,I,2026-05-06 22:48:28,충청북도 청주시 흥덕구 천석로 73 (봉명동),정상영업,1,01,0432794228,대규모점포,241530.785906701    ,349080.726358766    ,충청북도 청주시 흥덕구 봉명동 826번지 ,2014-04-02 15:58:09
5710000,2000436000907500014,1991-10-17,,영업/정상,,,,,0,,,현대종합상가,그 밖의 대규모점포,I,2026-05-06 22:48:28,충청북도 청주시 상당구 중고개로337번길 23 (금천동),정상영업,1,01,0432210980,대규모점포,244914.383657786    ,347624.978281364    ,충청북도 청주시 상당구 금천동 199-1번지,2015-10-21 20:24:26
5710000,2000436000907500015,1993-03-30,2005-03-03,취소/말소/만료/정지/중지,,,,,0,,,새한주택상가시장,그 밖의 대규모점포,I,2026-05-06 22:48:29,"충청북도 청주시 흥덕구 가경로 158 (가경동, 형석1차아파트)",직권취소,4,04,0432310011,대규모점포,239041.369922427    ,347639.360353286    ,충청북도 청주시 흥덕구 가경동 1189번지 ,2014-02-27 18:19:29
5710000,2000436000907500016,1995-07-15,,영업/정상,,,,,0,,,금관시장,그 밖의 대규모점포,I,2026-05-06 22:48:29,충청북도 청주시 흥덕구 사직대로 14 (복대동),정상영업,1,01,0432759400,대규모점포,240082.370474204    ,348165.958733582    ,충청북도 청주시 흥덕구 복대동 849-4번지 ,2014-04-02 16:13:35
5710000,2000436000907500017,1996-03-08,2014-04-02,취소/말소/만료/정지/중지,,,,,0,,,와이에스케이개발,그 밖의 대규모점포,I,2026-05-06 22:48:29,충청북도 청주시 서원구 사직대로 140 (사창동),직권취소,4,04,0432736562,대규모점포,241311.716659959    ,348256.458841603    ,충청북도 청주시 서원구 사창동 261-4번지 ,2014-04-03 15:13:34
5710000,2000436000907500018,1997-06-09,,영업/정상,,,,,9517,,,(주)이마트청주점,대형마트,I,2026-05-06 22:48:29,충청북도 청주시 서원구 청남로 1853 (미평동),정상영업,1,01,0432101234,대규모점포,,,충청북도 청주시 서원구 미평동 123-1번지,2024-04-29 16:07:00
5710000,2000436000907500019,1999-03-13,,영업/정상,,,,,0,,,(주)건영상가시장,그 밖의 대규모점포,I,2026-05-06 22:48:29,"충청북도 청주시 상당구 중흥로 71 (용암동, 건영아파트)",정상영업,1,01,0432947746,대규모점포,244989.781943442    ,345848.992476668    ,충청북도 청주시 상당구 용암동 2099번지 ,2014-04-02 17:21:04
5710000,2000436000907500020,1999-06-05,,취소/말소/만료/정지/중지,,,,,0,,,롯데마그넷청주점,대형마트,I,2026-05-06 22:48:29,,직권취소,4,04,0432301050,대규모점포,238449.433440246    ,347396.698510935    ,충청북도 청주시 흥덕구 가경동 1416-2번지 ,2014-05-19 16:56:05
5710000,2000436000907500021,1999-06-10,,영업/정상,,,,,15387.06,,,대우메가폴리스시장,쇼핑센터,I,2026-05-06 22:48:29,충청북도 청주시 흥덕구 풍산로 15 (가경동),정상영업,1,01,0432362000,대규모점포,238449.433440246    ,347396.698510935    ,충청북도 청주시 흥덕구 가경동 1416-2번지,2017-03-14 11:38:34
5710000,2000436000907500022,2000-05-02,,영업/정상,,,,,3990,,,쥬네쓰시장,그 밖의 대규모점포,I,2026-05-06 22:48:29,충청북도 청주시 상당구 상당로81번길 33 (북문로1가),정상영업,1,01,0432585000,대규모점포,243582.088026347    ,348339.218504478    ,충청북도 청주시 상당구 북문로1가 170-1번지,2021-09-24 15:11:41
5710000,2000436000907500029,1999-06-05,,취소/말소/만료/정지/중지,,,,,0,,,롯데마그넷청주점,대형마트,I,2026-05-06 22:48:29,,직권취소,4,04,0432301050,대규모점포,238449.433440246    ,347396.698510935    ,충청북도 청주시 흥덕구 가경동 1416-2번지 ,2014-04-10 16:57:24
5710000,2002436000907500001,2002-05-22,,영업/정상,,,,,14012,,,충북산업용재유통단지,전문점,I,2026-05-06 22:48:29,충청북도 청주시 청원구 2순환로 364 (사천동),정상영업,1,01,0432186900,대규모점포,,,충청북도 청주시 청원구 사천동 48-1번지,2026-04-08 09:13:26
5710000,2002436000907500002,2002-08-22,,영업/정상,,,,,7957.09,,,엘지마트 상당점,그 밖의 대규모점포,I,2026-05-06 22:48:30,충청북도 청주시 상당구 용암북로84번길 13-2  (용암동),,BBBB,01,0220062679,,245406.566833259    ,346480.868334899    ,충청북도 청주시 상당구 용암동 2419번지 ,2007-07-21 10:53:51
5710000,2002436000907500003,2002-09-12,2016-01-05,취소/말소/만료/정지/중지,,,,,0,,,주식회사글로리아,대형마트,I,2026-05-06 22:48:30,충청북도 청주시 상당구 중흥로 17 (용암동),직권취소,4,04,0431111111,대규모점포,244812.178450948    ,345318.85442766     ,충청북도 청주시 상당구 용암동 1587번지 ,2014-02-27 18:33:01
5710000,2002436000907500004,2002-11-11,,영업/정상,,,,,9830.56,,,홈플러스(주) 청주성안점,대형마트,I,2026-05-06 22:48:30,충청북도 청주시 상당구 사직대로 346  (서문동),정상영업,1,01,0432592080,대규모점포,243392.101658257    ,348454.159533439    ,충청북도 청주시 상당구 서문동 157-14번지,2024-03-06 11:24:48
5710000,2004436000907500001,2004-02-09,,영업/정상,,,,,25130.88,,,드림플러스,복합쇼핑몰,I,2026-05-06 22:48:30,충청북도 청주시 흥덕구 2순환로 1233 (가경동),정상영업,1,01,0432369933,대규모점포,238501.339424579    ,347307.952095035    ,충청북도 청주시 흥덕구 가경동 1416-3번지,2022-01-12 11:31:25
5710000,2004436000907500002,2004-02-09,,취소/말소/만료/정지/중지,,,,,11690.18,,,드림플러스,백화점,I,2026-05-06 22:48:30,충청북도 청주시 흥덕구 2순환로 1233 (가경동),직권취소,4,04,0432369933,준대규모점포,238501.339424579    ,347307.952095035    ,충청북도 청주시 흥덕구 가경동 1416-3번지 ,2014-04-09 15:23:08
5710000,2004436000907500003,2004-05-20,,취소/말소/만료/정지/중지,,,,,0,,,삼성테스코(주)홈플러스청주점,대형마트,I,2026-05-06 22:48:30,"충청북도 청주시 흥덕구 서부로 1291 (가경동,4지구 3블럭)",직권취소,4,04,0432338557,대규모점포,239497.206513638    ,346120.918099259    ,충청북도 청주시 흥덕구 가경동 1696번지 4지구 3블럭 ,2014-04-10 16:51:18
5710000,2004436000907500004,2004-05-20,,영업/정상,,,,,22763,361-803,,홈플러스(주)청주점,대형마트,I,2026-05-06 22:48:30,충청북도 청주시 흥덕구 서부로 1291  (가경동),정상영업,1,01,0432498106,대규모점포,239497.206513638    ,346120.918099259    ,충청북도 청주시 흥덕구 가경동 1696번지,2024-03-06 11:33:26
5710000,2006436000907500001,2006-04-10,,영업/정상,,,,,48731,360-817,,엔포드,복합쇼핑몰,U,2026-05-09 03:03:03,충청북도 청주시 청원구 충청대로 114  (율량동),정상영업,1,01,0432901000,대규모점포,244184.944567344    ,351834.595747257    ,충청북도 청주시 청원구 율량동 500-3번지,2026-05-08 11:02:37
5710000,2006436000907500002,2006-05-22,,휴업,,,,,3284.44,,,에이피엠,그 밖의 대규모점포,I,2026-05-06 22:48:30,충청북도 청주시 상당구 상당로59번길 37-1  (남문로2가),휴업처리,2,02,,,243634.980121389    ,348136.333182883    ,충청북도 청주시 상당구 남문로2가 81번지 ,2007-07-21 10:53:51
5710000,2007436009207500001,2007-10-29,,영업/정상,,,,,13694,361-300,,청주파비뇽아울렛,쇼핑센터,I,2026-05-06 22:48:30,충청북도 청주시 흥덕구 월명로 212  (봉명동),정상영업,1,01,,,240618.093580519    ,350373.725552173    ,충청북도 청주시 흥덕구 봉명동 2449번지 ,2016-02-17 14:23:40
5710000,2008436012407500001,2008-12-04,,취소/말소/만료/정지/중지,,,,,4885.58,360-011,,씨유 쇼핑몰,그 밖의 대규모점포,I,2026-05-06 22:48:30,충청북도 청주시 상당구 성안로 13 (북문로1가),직권취소,4,04,0432249650,준대규모점포,243706.729688486    ,348414.0138691      ,충청북도 청주시 상당구 북문로1가 90-1번지 ,2014-04-10 16:09:42
5710000,2008441006707500001,2008-09-24,,영업/정상,,,,,10672,363-883,,홈플러스(주) 오창점,대형마트,I,2026-05-06 22:48:30,충청북도 청주시 청원구 오창읍 중심상업1로 8-11,정상영업,1,01,0432498124,대규모점포,238188.127636011    ,356944.128244481    ,충청북도 청주시 청원구 오창읍 양청리 820번지,2024-03-06 11:24:02
5710000,2009436012407500001,2009-06-11,,영업/정상,,,,,4885.58,360-011,,씨유쇼핑몰,그 밖의 대규모점포,I,2026-05-06 22:48:30,충청북도 청주시 상당구 성안로 13 (북문로1가),정상영업,1,01,22325867,대규모점포,243706.729688486    ,348414.0138691      ,충청북도 청주시 상당구 북문로1가 90-1번지 ,2014-06-13 14:20:23
5710000,2010436012407500001,2002-08-22,,영업/정상,,,,,7957,360-100,,롯데쇼핑(주) 롯데마트상당점,그 밖의 대규모점포,I,2026-05-06 22:48:30,충청북도 청주시 상당구 용암북로160번길 60 (용암동),정상영업,1,01,0432907000,대규모점포,246099.20063665     ,346706.33715352     ,충청북도 청주시 상당구 용암동 2634번지,2026-01-16 16:12:17
5710000,2012436012407500001,2011-06-27,,취소/말소/만료/정지/중지,,,,,942.45,,,롯데슈퍼 강서점,구분없음,I,2026-05-06 22:48:30,충청북도 청주시 흥덕구 서현동로 20 (강서동),직권취소,4,04,0432326580,준대규모점포,238386.711216501    ,347101.987654595    ,,2018-04-05 16:25:09
5710000,2012436012407500002,2012-04-06,,영업/정상,,,,,1796,360-818,,롯데쇼핑(주)롯데슈퍼율량점,구분없음,I,2026-05-06 22:48:30,충청북도 청주시 청원구 율봉로 169 (율량동),정상영업,1,01,0432120125,준대규모점포,243591.025047865    ,352120.922826857    ,충청북도 청주시 청원구 율량동 883번지,2026-01-16 16:01:35
5710000,2012436012407500003,2012-04-10,,영업/정상,,,,,1090.97,361-160,,(주)농협유통 하나로마트 산남점,구분없음,I,2026-05-06 22:48:30,충청북도 청주시 서원구 산남로 12 (산남동),정상영업,1,01,0432924500,준대규모점포,242192.250534495    ,345759.337294906    ,충청북도 청주시 서원구 산남동 492번지,2022-03-24 08:58:26
5710000,2012436012407500004,2012-04-10,,영업/정상,,,,,1661.96,361-823,,(주)농협유통 하나로마트 분평점,구분없음,I,2026-05-06 22:48:30,충청북도 청주시 서원구 분평로 26 (분평동),정상영업,1,01,0432845500,준대규모점포,243587.810118344    ,345323.531018119    ,충청북도 청주시 서원구 분평동 1387번지 1층,2022-03-31 18:55:00
5710000,2012436012407500006,2012-04-10,,영업/정상,,,,,977.3,360-081,,(주)이마트에브리데이 탑동점,구분없음,I,2026-05-06 22:48:30,충청북도 청주시 상당구 용담로82번길 16 (탑동),정상영업,1,01,0432548601,준대규모점포,244718.133719497    ,347969.158970147    ,충청북도 청주시 상당구 탑동 34-8번지,2024-07-29 17:09:47
5710000,2012436012407500007,2012-04-10,,영업/정상,,,,,1340.1,361-806,,(주)이마트에브리데이 모충동점,구분없음,I,2026-05-06 22:48:30,충청북도 청주시 서원구 남들로 44 (모충동),정상영업,1,01,0432870480,준대규모점포,243318.996124728    ,346873.954541843    ,충청북도 청주시 서원구 모충동 128-1번지,2024-07-29 17:11:15
5710000,2012436012407500008,2012-04-10,,취소/말소/만료/정지/중지,,,,,2034.53,360-820,,(주)지에스리테일 GS수퍼 청주율량점,구분없음,I,2026-05-06 22:48:31,충청북도 청주시 청원구 율봉로 131 (율량동),직권취소,4,04,0432183333,준대규모점포,243180.41296803     ,352003.579724036    ,충청북도 청주시 청원구 율량동 1242번지,2018-04-05 16:28:38
5710000,2012436012407500009,2012-04-10,,취소/말소/만료/정지/중지,,,,,1664.77,361-816,,(주)지에스리테일 청주봉명점,구분없음,I,2026-05-06 22:48:31,충청북도 청주시 흥덕구 1순환로 576 (봉명동),직권취소,4,04,0432654612,준대규모점포,241169.834205813    ,349069.347197866    ,충청북도 청주시 흥덕구 봉명동 189-1번지,2018-04-05 16:28:02
5710000,2012436012407500010,2012-04-19,,영업/정상,,,,,450.1,361-805,,홈플러스(주)익스프레스 청주개신점,구분없음,I,2026-05-06 22:48:31,충청북도 청주시 서원구 경신로 45 (개신동),정상영업,1,01,04332318574,준대규모점포,239909.181050241    ,346766.003515133    ,충청북도 청주시 서원구 개신동 616번지,2024-04-04 09:11:08
5710000,2012436012407500011,2012-04-19,,영업/정상,,,,,319.4,361-835,,홈플러스(주)익스프레스 수곡점,구분없음,I,2026-05-06 22:48:31,충청북도 청주시 서원구 구룡산로 321 (수곡동),정상영업,1,01,0432868541,준대규모점포,242885.946249057    ,346498.361995886    ,충청북도 청주시 서원구 수곡동 334번지,2024-04-04 09:13:16
5710000,2012436012407500013,2012-04-19,,영업/정상,,,,,1119.48,361-816,,(주)지에스리테일 청주봉명점,구분없음,I,2026-05-06 22:48:31,충청북도 청주시 흥덕구 1순환로 576 (봉명동),정상영업,1,01,0432654612,준대규모점포,241169.834205813    ,349069.347197866    ,충청북도 청주시 흥덕구 봉명동 189-1번지,2025-04-22 10:41:31
5710000,2012436012407500014,2012-04-19,,영업/정상,,,,,316.5,360-823,,홈플러스 익스프레스 청주 용암점,구분없음,I,2026-05-06 22:48:31,충청북도 청주시 상당구 월평로 174 (용암동),정상영업,1,01,0432918451,준대규모점포,244992.345882879    ,345596.933252567    ,충청북도 청주시 상당구 용암동 1592-2번지 1층,2018-04-05 16:21:38
5710000,2012436012407500015,2012-08-17,,영업/정상,,,,,42018.02,361-270,,현대백화점 충청점,백화점,I,2026-05-06 22:48:32,충청북도 청주시 흥덕구 직지대로 308 (복대동),정상영업,1,01,0439092233,대규모점포,238047.286714699    ,349368.880808052    ,충청북도 청주시 흥덕구 복대동 3380번지,2024-05-02 15:40:39
5710000,2012436012407500016,2012-10-08,,영업/정상,,,,,34418.15,361-370,,롯데쇼핑(주)롯데쇼핑프라자 청주점,복합쇼핑몰,I,2026-05-06 22:48:32,"충청북도 청주시 흥덕구 2순환로 1004 (비하동,외21필지)",정상영업,1,01,0432570521,대규모점포,237628.527550704    ,349407.675724406    ,충청북도 청주시 흥덕구 비하동 332-1번지 외21필지,2026-01-16 16:08:34
5710000,2014436020307500001,2014-04-23,,영업/정상,,,,,13983,361-810,,지웰시티몰 Ⅱ,복합쇼핑몰,I,2026-05-06 22:48:32,충청북도 청주시 흥덕구 대농로 47-1 (복대동),정상영업,1,01,0432398004,대규모점포,238310.202218021    ,349177.645947792    ,충청북도 청주시 흥덕구 복대동 288-14번지,2025-10-28 13:32:06
5710000,2014436020307500002,2011-07-05,,영업/정상,,,,,980.28,361-151,,(주)지에스리테일 청주점,구분없음,I,2026-05-06 22:48:33,충청북도 청주시 서원구 구룡산로 242 (수곡동),정상영업,1,01,0432921888,준대규모점포,242170.204013064    ,346191.916777315    ,충청북도 청주시 서원구 수곡동 904번지,2025-04-22 10:37:47
5710000,2014436020307500003,2011-07-05,,영업/정상,,,,,447.1,361-833,,(주)지에스리테일 청주사직점,구분없음,I,2026-05-06 22:48:33,충청북도 청주시 서원구 창직로55번길 7 (사창동),정상영업,1,01,0432634600,준대규모점포,241739.269410736    ,347853.672122816    ,충청북도 청주시 서원구 사창동 357-8번지,2025-04-22 10:49:25
5710000,2019571018307500001,2019-01-14,,영업/정상,,,,,379.2,,28787,GS수퍼마켓 청주방서점,구분없음,I,2026-05-06 22:48:33,"충청북도 청주시 상당구 단재로 316, 102~105호 (방서동, 청주센트럴자이)",정상영업,1,01,0432878374,준대규모점포,244759.908068828    ,344574.244837769    ,충청북도 청주시 상당구 방서동 247번지 9호 청주센트럴자이 102~1호,2025-04-22 10:51:33
5710000,2019571018307500002,2019-09-26,,폐업,2026-02-19,,,,15841,,28501,원더아리아,쇼핑센터,I,2026-05-06 22:48:33,충청북도 청주시 청원구 상당로 314 (내덕동),폐업처리,3,03,0432410601,대규모점포,243762.803672115    ,350640.306254882    ,충청북도 청주시 청원구 내덕동 201번지 1호,2026-02-20 08:48:33
5710000,2020571018307500001,2020-09-23,,영업/정상,,,,,6835.73,,28109,주식회사 아산마트오창점,대형마트,I,2026-05-06 22:48:33,충청북도 청주시 청원구 오창읍 공항로 1033-23,정상영업,1,01,0432154200,대규모점포,240180.478406721    ,359898.219890676    ,충청북도 청주시 청원구 오창읍 창리 64-4,2024-04-04 09:05:06
5710000,2020571018307500002,2020-11-23,,영업/정상,,,,,10859.11,,28293,다농엘마트,대형마트,I,2026-05-06 22:48:33,충청북도 청주시 흥덕구 엘지로 34 (화계동),정상영업,1,01,0432686553,대규모점포,238982.031354431    ,351205.893661209    ,충청북도 청주시 흥덕구 화계동 196,2020-11-20 16:56:39
5710000,2021571018307500001,2021-06-07,,영업/정상,,,,,694,,28117,이마트에브리데이 오창산단점,구분없음,I,2026-05-06 22:48:33,충청북도 청주시 청원구 오창읍 주성1길 18-6,정상영업,1,01,023805042,준대규모점포,240295.502596486    ,359246.119843978    ,충청북도 청주시 청원구 오창읍 주성리 584,2024-07-29 17:06:32
5710000,2023571023607500001,2023-08-02,,영업/정상,,,,,489.58,,28425,롯데프레시 청주지웰가맹점,구분없음,I,2026-05-06 22:48:33,"충청북도 청주시 흥덕구 대농로 47-1, 지웰시티2몰 지하1층 (복대동)",정상영업,1,01,,준대규모점포,238310.202218021    ,349177.645947792    ,충청북도 청주시 흥덕구 복대동 3381,2024-08-06 17:37:34
5710000,2024571023607500001,2024-05-28,,영업/정상,,,,,47307.68,,28396,청주센트럴시티,쇼핑센터,I,2026-05-06 22:48:34,"충청북도 청주시 흥덕구 2순환로 1225, 청주센트럴시티(터미널복합) (가경동)",정상영업,1,01,0432233458,대규모점포,238449.433440246    ,347396.698510935    ,충청북도 청주시 흥덕구 가경동 1416 청주센트럴시티(터미널복합),2026-01-12 17:34:33
6510000,1954549000007500002,1954-11-09,,영업/정상,,,,,3748,690-819,,서문공설시장,시장,I,2025-12-15 16:15:28,제주특별자치도 제주시 서문로4길 13-2 (용담일동),정상영업,1,01,0647507357,,155133.551842727    ,1761.62326108472    ,제주특별자치도 제주시 용담1동 135번지 9호,2010-06-23 13:04:23
6510000,2004549012307500001,2004-05-24,,폐업,2006-03-31,,,,3963,,,제이갤러리,전문점,I,2025-12-15 16:15:28,제주특별자치도 제주시 관덕로11길 17 (일도일동),폐업처리,3,03,0647551400,대규모점포,155796.698946473    ,2121.53276606539    ,제주특별자치도 제주시 일도일동 1298번지 28호,2014-09-19 11:40:02
6510000,2002549007507500003,2002-04-25,,폐업,2006-09-18,,,,0,,,(주)뉴월드,대형마트,I,2025-12-15 16:15:28,제주특별자치도 제주시 연북로 1 (노형동),폐업처리,3,03,,,151724.182129656    ,-1426.12446748641   ,제주특별자치도 제주시 노형동 708호,2010-07-28 15:38:30
6510000,2002549007507500001,2002-03-19,,폐업,2002-11-11,,,,6747,,,동대문패션몰 대규모점포(시장)개설등록 수리,그 밖의 대규모점포,I,2025-12-15 16:15:28,제주특별자치도 제주시 노연로 100 (연동),폐업처리,3,03,,,152608.497386254    ,-1090.32833329682   ,제주특별자치도 제주시 연동 274번지 16호,2010-07-29 10:58:17
6510000,2001549007507500001,2001-07-28,,폐업,2001-11-20,,,,0,,,(주)부귀,쇼핑센터,I,2025-12-15 16:15:28,제주특별자치도 제주시 신광로 52 (연동),폐업처리,3,03,0647130500,,152495.151347759    ,-885.089142987237   ,제주특별자치도 제주시 연동 262번지 5호,2010-07-29 10:32:27
6510000,2001549000007500001,2001-01-30,,폐업,2016-01-20,,,,3136,,,(주)뉴월드 삼화점,쇼핑센터,I,2025-12-15 16:15:28,제주특별자치도 제주시 일주동로 233 (화북일동),폐업처리,3,03,0647264600,대규모점포,160005.882138562    ,2662.09187626899    ,제주특별자치도 제주시 화북일동 1244번지 1호,2016-01-20 15:20:02
6510000,2002549007507500002,2002-04-25,,영업/정상,,,,,0,,,(주)뉴월드,대형마트,I,2025-12-15 16:15:28,제주특별자치도 제주시 연북로 1 (노형동),,BBBB,01,,,151724.182129656    ,-1426.12446748641   ,제주특별자치도 제주시 노형동 708호   ,2007-06-30 13:46:00
6510000,2001549007507500003,2001-11-29,,영업/정상,,,,,5071,,,셀비즈백화점,백화점,I,2025-12-15 16:15:28,제주특별자치도 제주시 신광로 52 (연동),정상영업,1,01,0647130500,,152495.151347759    ,-885.089142987237   ,제주특별자치도 제주시 연동 262번지 5호,2010-07-29 10:38:31
6510000,2001549007507500002,2001-08-27,,휴업,,,,,6836,,,(주)금보유통 LG 신제주점,대형마트,I,2025-12-15 16:15:28,제주특별자치도 제주시 1100로 3348 (노형동),휴업처리,2,02,0647116300,,151626.960526165    ,-1123.90701929614   ,제주특별자치도 제주시 노형동 919호   ,2007-06-30 13:46:00
6510000,1999549000007500001,1999-06-11,,영업/정상,,,,,,,,상록프라자,대형마트,I,2025-12-15 16:15:28,,정상영업,1,01,0647201530,,,,제주특별자치도 제주시 이도일동 1292번지 3 호   ,2007-06-30 13:46:00
6510000,1999549000007500000,1999-12-29,,영업/정상,,,,,,,,이마트,대형마트,I,2025-12-15 16:15:28,제주특별자치도 제주시 탑동로 38 (삼도이동),정상영업,1,01,0647291050,,155386.294321155    ,2511.37601255475    ,제주특별자치도 제주시 삼도이동 1259호   ,2007-06-30 13:46:00
6510000,1998549000007500001,1998-11-22,,영업/정상,,,,,18067,690-241,,제주시민속오일시장,시장,I,2025-12-15 16:15:28,제주특별자치도 제주시 오일장서길 26 (도두일동),정상영업,1,01,0647435985,,151170.975392618    ,152.937303781074    ,제주특별자치도 제주시 도두1동 1212번지,2010-06-23 13:32:03
6510000,1996549000007500004,1996-04-17,2001-07-23,취소/말소/만료/정지/중지,,,,,0,,,롯데참피온백화점,백화점,I,2025-12-15 16:15:28,제주특별자치도 제주시 신광로 52 (연동),직권취소,4,04,0647464962,,152495.151347759    ,-885.089142987237   ,제주특별자치도 제주시 연동 262번지 5 호,2010-07-28 17:32:08
6510000,1996549000007500003,1996-10-31,,영업/정상,,,,,12437,,,성지유니코,시장,I,2025-12-15 16:15:28,제주특별자치도 제주시 탑동로 38 (삼도이동),정상영업,1,01,0647246172,,155386.294321155    ,2511.37601255475    ,제주특별자치도 제주시 삼도이동 1259호,2010-07-28 17:27:56
6510000,1996549000007500002,1996-10-22,,영업/정상,,,,,,,,뉴월드마트,대형마트,I,2025-12-15 16:15:28,,정상영업,1,01,0647444600,,,,제주특별자치도 제주시 연동 303번지 17  호   ,2007-06-30 13:46:00
6510000,1996549000007500001,1996-05-16,,영업/정상,,,,,5567,,,대유대림상가,그 밖의 대규모점포,I,2025-12-15 16:15:28,,정상영업,1,01,0647240089,,158209.897880665    ,805.534761921796    ,제주특별자치도 제주시 일도이동 113번지 7 호,2010-07-28 16:42:40
6510000,1995549000007500001,1995-07-03,,영업/정상,,,,,3059,,,연동시장,그 밖의 대규모점포,I,2025-12-15 16:15:28,제주특별자치도 제주시 삼무로11길 16 (연동),정상영업,1,01,0647490329,,153051.715057891    ,-357.23581699094    ,제주특별자치도 제주시 연동 290번지 51  호,2010-07-28 16:48:44
6510000,2002549007507500004,2002-11-26,,휴업,,,,,4065,,,(주)에프샵,백화점,I,2025-12-15 16:15:28,,휴업처리,2,02,,,,,제주특별자치도 제주시 일도일동 1298-28호   ,2007-06-30 13:46:00
6510000,2004549012307500002,2004-11-22,,휴업,,,,,3963,,,(주)제이인터내셔날,대형마트,I,2025-12-15 16:15:28,,휴업처리,2,02,,,,,제주특별자치도 제주시 일도일동 호   ,2007-06-30 13:46:00
6510000,2005549012307500001,1999-12-29,,영업/정상,,,,,8014.22,,,(주)이마트 제주점,대형마트,I,2025-12-15 16:15:28,제주특별자치도 제주시 탑동로 38 (삼도이동),정상영업,1,01,0647291053,대규모점포,155386.294321155    ,2511.37601255475    ,제주특별자치도 제주시 삼도이동 1259호,2024-04-30 09:04:39
6510000,2005549012307500002,2004-04-09,,영업/정상,,,,,8014,690-802,,(주)신세계 이마트 신제주점,대형마트,I,2025-12-15 16:15:28,제주특별자치도 제주시 1100로 3348 (노형동),정상영업,1,01,0647291053,대규모점포,151626.960526165    ,-1123.90701929614   ,제주특별자치도 제주시 노형동 919번지,2014-09-19 11:21:36
6510000,2005549012307500003,2005-04-08,,취소/말소/만료/정지/중지,,,,,0,,,(주)신세계 이마트 신제주점,대형마트,I,2025-12-15 16:15:28,,직권취소,4,04,0647291053,,,,제주특별자치도 제주시 삼도이동 919호,2010-07-28 13:46:16
6510000,2007651001907500002,2007-08-08,,영업/정상,,,,,11235.53,,,롯데쇼핑(주) 롯데마트제주점,대형마트,I,2026-01-08 22:48:10,"제주특별자치도 제주시 연북로 1 (노형동,외 2필지)",정상영업,1,01,0647982500,대규모점포,151724.182129656    ,-1426.12446748641   ,제주특별자치도 제주시 노형동 708번지 외 2필지,2026-01-07 15:11:05
6510000,2010651001907500001,1954-11-09,,영업/정상,,,,,2322,690-836,,동문공설시장,시장,I,2025-12-15 16:15:28,제주특별자치도 제주시 동문로4길 9 (일도일동),정상영업,1,01,,,156088.878168927    ,1851.22998266475    ,제주특별자치도 제주시 일도1동 1103번지,2010-06-23 11:40:29
6510000,2010651001907500002,2002-09-24,,영업/정상,,,,,2900,695-925,,한림민속오일시장,시장,I,2025-12-15 16:15:28,제주특별자치도 제주시 한림읍 한수풀로4길 10,정상영업,1,01,0647968830,,132399.520321752    ,-8185.09501195922   ,제주특별자치도 제주시 한림읍 대림리 1698번지 4호,2010-06-23 13:50:57
6510000,2010651001907500003,1965-01-15,,영업/정상,,,,,3183,695-973,,세화민속오일시장,시장,I,2025-12-15 16:15:28,제주특별자치도 제주시 구좌읍 해맞이해안로 1412,정상영업,1,01,0647287762,,186675.245612835    ,3289.29449285164    ,제주특별자치도 제주시 구좌읍 세화리 1500번지 5호,2010-06-23 14:03:02
6510000,2011651001907500001,2011-05-31,,영업/정상,,,,,7148.4,,,(주)이마트 신제주점,대형마트,I,2025-12-15 16:15:28,제주특별자치도 제주시 1100로 3348 (노형동),정상영업,1,01,,대규모점포,151626.960526165    ,-1123.90701929614   ,,2024-04-29 13:19:24
6510000,2021651021607500001,2021-07-26,,영업/정상,,,,,8942.96,,63082,제주드림타워,그 밖의 대규모점포,I,2025-12-15 16:15:28,"제주특별자치도 제주시 노연로 12, 제주 드림타워 복합리조트 (노형동)",정상영업,1,01,0647950000,대규모점포,151732.711618361    ,-1108.97482994933   ,제주특별자치도 제주시 노형동 925 제주 드림타워 복합리조트,2021-07-26 12:24:39
6510000,1954549000007500001,1954-11-09,,영업/정상,,,,,,,,동문공설시장,그 밖의 대규모점포,I,2025-12-15 16:15:28,제주특별자치도 제주시 동문로4길 9 (일도일동),정상영업,1,01,0647507357,,156088.878168927    ,1851.22998266475    ,제주특별자치도 제주시 일도일동 1103호   ,2007-06-30 13:46:00
6510000,2005549012307500004,2005-11-28,,폐업,2006-03-31,,,,0,,,제이갤러리,그 밖의 대규모점포,I,2025-12-15 16:15:28,제주특별자치도 제주시 관덕로11길 17 (일도일동),폐업처리,3,03,0647551400,,155796.698946473    ,2121.53276606539    ,제주특별자치도 제주시 일도일동 1298번지 28호,2010-07-28 13:37:52
6510000,1965549000007500001,1965-04-26,,영업/정상,,,,,2314,,,(주)동문시장,시장,I,2025-12-15 16:15:28,,정상영업,1,01,0647223284,,,,제주특별자치도 제주시 일도이동 1148번지 2호,2010-06-23 12:55:56
6510000,1972549000007500001,1975-03-06,,영업/정상,,,,,2613,,,보성시장,시장,I,2025-12-15 16:15:28,제주특별자치도 제주시 동광로1길 32 (이도일동),정상영업,1,01,0647587622,,156045.576839467    ,866.1177608316      ,제주특별자치도 제주시 이도일동 1289번지 5호,2012-09-21 13:14:16
6510000,1980549000007500001,1980-03-10,,휴업,,,,,,,,신제주종합시장,그 밖의 대규모점포,I,2025-12-15 16:15:28,제주특별자치도 제주시 신대로16길 44 (연동),휴업처리,2,02,0647426060,,152675.710114148    ,-913.935584082179   ,제주특별자치도 제주시 연동 273번지 34호   ,2007-06-30 13:46:00
6510000,1983549000007500001,1983-12-31,,영업/정상,,,,,3895,690-780,,중앙지하상가,시장,I,2025-12-15 16:15:28,"제주특별자치도 제주시 중앙로 지하 60 (일도일동,중앙지하상가)",정상영업,1,01,0647520011,대규모점포,155762.040239116    ,1970.72363201141    ,제주특별자치도 제주시 일도1동 1425번지 3호 중앙지하상가,2014-09-24 11:47:25
6510000,1986549000007500001,1986-04-26,,영업/정상,,,,,996.51,,,흥원시장,그 밖의 대규모점포,I,2025-12-15 16:15:28,제주특별자치도 제주시 관덕로14길 10 (이도일동),정상영업,1,01,0647222367,,155902.344207547    ,1857.52175702082    ,제주특별자치도 제주시 이도일동 1349번지 5   호,2010-07-28 17:00:00
6510000,1991549000007500001,1991-06-13,,영업/정상,,,,,,,,중앙하이츠시장,그 밖의 대규모점포,I,2025-12-15 16:15:28,,정상영업,1,01,0647220249,,,,제주특별자치도 제주시 삼도일동 108번지 17  호   ,2007-06-30 13:46:00
6510000,1991549000007500002,1991-06-14,,영업/정상,,,,,3220,,,도남시장,시장,I,2025-12-15 16:15:28,제주특별자치도 제주시 신성로 91 (도남동),정상영업,1,01,0647578805,대규모점포,156143.670161049    ,104.871920474574    ,제주특별자치도 제주시 도남동 923번지 13호,2022-10-13 11:02:22
6510000,1992549000007500001,1992-04-24,,영업/정상,,,,,1429.74,,,신산시장,시장,I,2025-12-15 16:15:28,제주특별자치도 제주시 고마로17길 11 (일도이동),정상영업,1,01,0647570153,,157365.481432509    ,1163.5170207328     ,제주특별자치도 제주시 일도이동 377번지 11  호,2010-07-29 10:27:36
6510000,1992549000007500002,1992-05-14,,영업/정상,,,,,,,,삼성프라자,그 밖의 대규모점포,I,2025-12-15 16:15:28,,정상영업,1,01,0647467664,,,,제주특별자치도 제주시 연동 2628호   ,2007-06-30 13:46:00
6510000,1992549000007500003,1992-05-20,,영업/정상,,,,,,,,화북종합시장,그 밖의 대규모점포,I,2025-12-15 16:15:28,제주특별자치도 제주시 청풍길 14 (화북일동),정상영업,1,01,0647561052,,159592.619274843    ,2994.30406001583    ,제주특별자치도 제주시 화북일동 1947호   ,2007-06-30 13:46:00
6510000,1992549000007500004,1992-02-18,,영업/정상,,,,,,,,로얄쇼핑,그 밖의 대규모점포,I,2025-12-15 16:15:28,,정상영업,1,01,0647472095,,,,제주특별자치도 제주시 연동 272번지 33  호   ,2007-06-30 13:46:00
6510000,1993549000007500001,1993-09-11,,영업/정상,,,,,,,,서사라시장,그 밖의 대규모점포,I,2025-12-15 16:15:28,,정상영업,1,01,0647574643,,155181.355897923    ,574.952588879066    ,제주특별자치도 제주시 삼도일동 520호   ,2007-06-30 13:46:00
6510000,1994549000007500001,1994-01-19,,영업/정상,,,,,2057.49,,,세기신산시장,그 밖의 대규모점포,I,2025-12-15 16:15:28,제주특별자치도 제주시 동광로19길 22 (일도이동),정상영업,1,01,0647589439,,157277.876720252    ,1635.54726449611    ,제주특별자치도 제주시 일도이동 326번지 1호,2010-07-28 16:24:44
6520000,2010652001607500002,1984-04-19,,영업/정상,,,,,825,699-901,,고성오일시장,시장,I,2026-05-02 22:48:39,제주특별자치도 서귀포시 성산읍 고성오조로 93,정상영업,1,01,0647604282,,191903.647929481    ,-4926.38041366583   ,제주특별자치도 서귀포시 성산읍 고성리 1188번지 2호,2010-06-23 11:00:50
6520000,2010652001607500003,1964-12-29,,영업/정상,,,,,513,699-903,,성산오일시장,시장,I,2026-05-02 22:48:39,,정상영업,1,01,0647604282,,193700.827673408    ,-3622.69137104228   ,제주특별자치도 서귀포시 성산읍 성산리 181번지 6호,2010-06-24 18:21:31
6520000,2006550001307500001,2006-05-19,,영업/정상,,,,,7537.19,,63572,(주)이마트 서귀포점,대형마트,I,2026-05-02 22:48:39,"제주특별자치도 서귀포시 일주동로 9209, 이마트서귀포점 (법환동)",정상영업,1,01,0647971051,대규모점포,154149.891505173    ,-27413.998305054    ,제주특별자치도 서귀포시 법환동 841-2 이마트서귀포점,2024-04-22 16:50:20
6520000,2005550001307500002,2005-12-27,,영업/정상,,,,,6441,,,홈플러스(주) 서귀포점,대형마트,I,2026-05-02 22:48:39,제주특별자치도 서귀포시 중앙로 180 (동홍동),정상영업,1,01,0647318000,대규모점포,158926.90550064     ,-26074.3935350279   ,제주특별자치도 서귀포시 동홍동 1560번지 1호,2024-03-08 10:44:03
6520000,2005550001307500001,2005-04-28,,휴업,,,,,1880,,,(주)서귀포상설시장,그 밖의 대규모점포,I,2026-05-02 22:48:39,제주특별자치도 서귀포시 중앙로42번길 26 (서귀동),휴업처리,2,02,0647623142,,159345.349472114    ,-27404.3676122491   ,제주특별자치도 서귀포시 서귀동 273번지 4호   ,2007-06-30 12:02:53
6520000,2000550000007500005,1995-09-29,,영업/정상,,,,,10916,,,서귀포향토오일시장,시장,I,2026-05-02 22:48:39,제주특별자치도 서귀포시 토평서로11번길 150 (동홍동),정상영업,1,01,0647630965,,160229.829931364    ,-25330.59852385     ,제주특별자치도 서귀포시 동홍동 774번지 3호,2010-06-23 12:57:29
6520000,2000550000007500004,1978-05-15,,취소/말소/만료/정지/중지,,,,,0,,,목화백화점,그 밖의 대규모점포,I,2026-05-02 22:48:39,제주특별자치도 서귀포시 중앙로42번길 32 (서귀동),직권취소,4,04,0647625411,대규모점포,,,제주특별자치도 서귀포시 서귀동 273번지 3호,2018-06-27 10:28:56
6520000,2000550000007500003,1975-05-06,,휴업,,,,,,,,(주)서귀포상설시장,그 밖의 대규모점포,I,2026-05-02 22:48:39,제주특별자치도 서귀포시 중앙로42번길 26 (서귀동),휴업처리,2,02,0647623142,,159345.349472114    ,-27404.3676122491   ,제주특별자치도 서귀포시 서귀동 273번지 4호   ,2007-06-30 12:02:53
6520000,2000550000007500002,1975-05-01,,영업/정상,,,,,,,,동명백화점,백화점,I,2026-05-02 22:48:39,제주특별자치도 서귀포시 중정로 69 (서귀동),정상영업,1,01,0647623122,,159271.535417339    ,-27435.1082417437   ,제주특별자치도 서귀포시 서귀동 274번지 6호   ,2007-06-30 12:02:53
6520000,2000550000007500001,1965-01-15,,영업/정상,,,,,3529,,,중문오일시장,시장,I,2026-05-02 22:48:39,제주특별자치도 서귀포시 천제연로188번길 12 (중문동),정상영업,1,01,0647386831,,146264.580403636    ,-27094.1879642057   ,제주특별자치도 서귀포시 중문동 2123번지 1호,2010-06-23 11:04:40
6520000,1999552000007500001,1999-07-09,,영업/정상,,,,,500,,,한아름유통,대형마트,I,2026-05-02 22:48:39,,정상영업,1,01,0641231234,,,,제주특별자치도 서귀포시 남원읍 남원리 호   ,2007-06-30 12:02:53
6520000,2025652017807500001,2025-06-05,,영업/정상,,,,,444.65,,,노브랜드 서귀포서홍점,구분없음,I,2026-05-02 22:48:39,,영업개시전,5,01,0647024867,준대규모점포,158919.327259372    ,-26519.9921763733   ,제주특별자치도 서귀포시 서홍동 397-7,2025-06-05 14:12:36
6520000,2020652017807500001,2020-11-25,,영업/정상,,,,,8834.54,,63522,제주 프리미엄 전문점,쇼핑센터,I,2026-05-02 22:48:39,제주특별자치도 서귀포시 안덕면 신화역사로304번길 38,정상영업,1,01,0649086013,대규모점포,136356.94232239     ,-20780.8074935676   ,제주특별자치도 서귀포시 안덕면 서광리 산 24,2026-04-27 13:56:21
6520000,2018652014107500001,2018-08-10,,영업/정상,,,,,7537.19,,63572,(주)이마트 서귀포점,대형마트,I,2026-05-02 22:48:39,"제주특별자치도 서귀포시 일주동로 9209, 이마트서귀포점 (법환동)",정상영업,1,01,,대규모점포,154149.891505173    ,-27413.998305054    ,제주특별자치도 서귀포시 법환동 841번지 2호 이마트서귀포점,2018-09-27 14:39:50
6520000,2010652001607500005,1978-05-01,,영업/정상,,,,,1000,699-935,,모슬포중앙시장,시장,I,2026-05-02 22:48:39,,정상영업,1,01,0647604081,,130462.896817333    ,-30205.3173253909   ,제주특별자치도 서귀포시 대정읍 하모리 822번지 7호,2010-06-23 10:58:08
6520000,2010652001607500004,1985-06-07,,영업/정상,,,,,508,699-915,,표선오일시장,시장,I,2026-05-02 22:48:39,제주특별자치도 서귀포시 표선면 표선동서로 203-1,정상영업,1,01,0647604471,,184118.074424658    ,-19294.8267949501   ,제주특별자치도 서귀포시 표선면 표선리 1001번지 1호,2010-06-23 10:59:57
6520000,2010652001607500001,1983-10-01,,영업/정상,,,,,7548,699-935,,대정오일시장,시장,I,2026-05-02 22:48:39,제주특별자치도 서귀포시 대정읍 신영로36번길 65,정상영업,1,01,0647604081,,129854.290023191    ,-30355.065016785    ,제주특별자치도 서귀포시 대정읍 하모리 1089번지 15호,2010-06-23 11:01:41
